seq,name,uscc,pdf_page
1,佐医凯尔（三亚）健康科技有限公司,91460000MAEN3J386Y,1
2,遵义市中湘建筑工程有限公司海南分公司,91460000MACJK3D068,1
3,纵达（三亚）科技有限公司,91460000MA7H7DTQ6L,1
4,棕锂科技实业（海南）有限公司,91460106MAA91QH16L,1
5,紫气东来投资股份有限公司,91460200MA5REQ016H,1
6,紫木柯瑶（海南三亚）信息科技有限责任公司,91460000MA7H526221,1
7,梓选（海南）投资有限公司,91460000MAEN100921,1
8,子悦华庭企业管理（三亚）有限公司,91460000MAD86KB99T,1
9,子若国际贸易（海南）有限公司,91460000MACFKA4477,1
10,子成科技（海南）有限公司,91460000MACNBCFQ07,1
11,卓世科技（海南）有限公司,91110228MA01G2297M,1
12,卓霖世纪（三亚）科技有限公司,91460000MAG0HDW327,1
13,卓聚润承（海南）投资有限公司,91460000MAE7M4M93C,1
14,卓津固（三亚）商贸有限公司,91460000MA7K7AHQ4T,1
15,卓辉（海南）科技开发有限公司,91469025MA5U127X9D,1
16,卓傲（海南）文化传媒有限公司,91460000MA5U27QL0X,1
17,庄润臻农生态农业科技（海南）有限公司,91460107MADMXRF420,1
18,竹夭文化科技发展（海南）有限公司,91460000MACRUC4M5Q,1
19,珠海市丹田物业管理股份有限公司三亚分公司,91460000MAEQM0HF77,1
20,宙世科技（海南）合伙企业（有限合伙）,91460000MACEQQWWXM,1
21,舟恒海洋科技（海南）有限公司,91460106MAA9AKLD27,1
22,周唐气候环境治理（海南）集团有限公司,91460105MAA9AA8H51,1
23,周唐蓝晟海洋能源开发（海南）集团有限公司,91460108MAA9AABJ0Y,1
24,周唐海洋生态环境建设管理（海南）有限公司,91460000MAC0TC4M5G,1
25,重视（海南）投资有限公司,91460000MAECBND33A,1
26,重庆元欧电子工程有限公司海南分公司,91460000MAC9FPLL2J,1
27,重庆赛迪工程咨询有限公司三亚分公司,91460200MA5TN2P290,1
28,重庆帆格科技有限公司海南分公司,91460107MADTRBUD13,1
29,重庆八骏祥集实业有限公司海南分公司,91460000MAE85HLFX2,1
30,众智云（海南）科技管理合伙企业（有限合伙）,91460400MAC604RD3A,1
31,众元传动技术（海南）有限公司,91460000MAE7DTJJ5U,1
32,众鑫博业（海南）投资有限公司,91460106MADLNBEF7Q,1
33,众欣融智（三亚）科技发展有限公司,91460000MAEJ6JGT3Y,1
34,众祺（海南）建筑工程有限公司,91460000MA5T8HJH23,1
35,众客诚（海南）国际贸易有限公司,91460203MACHDXKF57,1
36,众驰（海南）种子生物科技有限公司,91460203MADCYUUQ23,1
37,仲智（海南）控股有限公司,91460200MA5TY21W13,1
38,中铸国丰（海南）能源有限公司,91469034MA5T5PJ686,1
39,中之芹（海南）国际科技有限公司,91460105MAA956NT0N,1
40,中证数维（海南）投资中心（有限合伙）,91460000MAA930EM9P,1
41,中证数维（海南）科技有限公司,91469025MAA93R8UX5,1
42,中正（海南）科技有限公司,91460108MA7JX6BJ9M,1
43,中泽赛奥（海南）生物科技有限公司,91460000MACTW17P1A,1
44,中泽能（海南）投资有限公司,91460108MADX585H0W,2
45,中瓒（海南）投资有限公司,91469025MADXX0QJ1T,2
46,中运汇智国际能源（海南）有限公司,91460000MA5TUJ3Y5Y,2
47,中云网络信息技术（三亚）有限责任公司,91460000MAE9T8XP57,2
48,中元科建（海南）环境技术有限公司,91460000MAEJ2TGYXE,2
49,中誉乾通电子商务有限公司,91469001MA5TJ87F56,2
50,中育（海南）职业技能培训学校有限公司,91460105MAA9AE4U7P,2
51,中聿博呈投资（海南）有限公司,91460100MAD4MW4FX7,2
52,中宇鸿新（海南）股权投资合伙企业（有限合伙）,91469034MA5TK7E776,2
53,中渝动能（海南）工贸发展有限公司,91460300MA5U0K2M0Q,2
54,中油中铝（海南）能源有限公司,91460105MAA98FA95Q,2
55,中油兆泰能源（海南）有限公司,91460000MA5TYFA88T,2
56,中油伊尔曼新能源（海南）有限公司,91460000MAA8YJDR34,2
57,中油燕山国际能源（三亚）有限公司,91469033MA5TTNDM60,2
58,中油联鑫石化（海南）有限公司,91460000MA5U2C111Y,2
59,中油嘉润国际贸易（海南）有限公司,91460107MA5TUTEE9D,2
60,中永福一三七生物科技（海南）有限公司,91460000MA5TWCUW28,2
61,中瀛检验技术服务（海南）有限公司,91460000MACLCPFR83,2
62,中因生命科学（海南）有限公司,91460000MAA8YCM003,2
63,中镒（海南）国际贸易有限公司,91460000MAE2NPFP8C,2
64,中益道禾（海南）生物科技有限公司,91460000MAC67LQK9J,2
65,中毅洺（海南）国际进出口贸易有限责任公司,91460000MAD6J89E3A,2
66,中亿源石油（海南）有限公司,91460000MA5TW2LH56,2
67,中移铁通有限公司三亚崖州区营业厅,91460200MA5TL7AMXC,2
68,中邺生物科技（三亚）有限公司,91460000MABRD4HG2P,2
69,中燕科技（海南）有限公司,91460000MAA909U09M,2
70,中燕国际投资发展（海南）有限公司,91460000MAEJ0NC847,2
71,中研环能能源科技（海南）有限公司,91460000MA5U043704,2
72,中星和睿（海南）科技有限公司,91460000MAEWEBE07A,2
73,中鑫通链（海南）科技集团有限公司,91460108MAA9ANK67C,2
74,中鑫堂（海南）大健康产业有限公司,91460000MADFTQ8N2J,2
75,中鑫良田（海南）商贸有限公司,91460000MADGK6NY5X,2
76,中芯产投（海南）投资有限公司,91460000MAEBXHBJ46,2
77,中欣安泰商务服务有限公司,91210245559843527X,2
78,中显（海南）科技有限公司,91460000MACCMYNX9M,2
79,中玺文晟（海南）企业管理有限公司,91460000MA5TT2QW3J,2
80,中玺盛硕（海南）商贸有限公司,91460000MACRDBB8XR,2
81,中未华夏（海南）医学研究发展有限公司,91460000MAD7TTP2XG,2
82,中伟鑫业（海南）科技有限公司,91460108MACEWBQP6C,2
83,中微（海南）企业服务有限公司,91460000MADC3CWL6X,2
84,中投海源（三亚）古城开发有限公司,91460200090522151W,2
85,中通服海洋科技（上海）有限公司海南分公司,91469027MADT22X380,2
86,中铁铁龙（三亚）国际物流港有限公司,91460100MA5TA4YD0K,2
87,中铁十一局集团有限公司三亚分公司,91460200MA5TR9BN2L,2
88,中铁十六局集团有限公司三亚分公司,91460200MA5TNQKT3E,2
89,中铁十八局集团有限公司三亚分公司,91460200MA5TLBYL5F,3
90,中铁建海南建设发展有限公司,91460200MA5TF0X71R,3
91,中铁国安（海南）控股集团有限公司,91460000MA5TR0PL05,3
92,中铁二十二局集团第三工程有限公司三亚分公司,91460200MA5TUQ1W57,3
93,中天得一融资担保（海南）有限公司,91460000MACBGRG955,3
94,中腾石油化工（海南）有限公司,91460000MA5TTBEN84,3
95,中涛国海（海南）石油化工国际能源集团有限公司,91460100MA5U0ML58B,3
96,中唐国泰有限公司,91460200MA5T786A29,3
97,中泰建业（成都）建筑劳务有限公司三亚分公司,91460108MADQC158X4,3
98,中宿（海南）石油物资有限公司,91460000MA5U1XQG5G,3
99,中硕立华科技（海南）有限公司,91460000MA5U0PH938,3
100,中水晨海（海南）智慧渔业有限公司,91460000MAE92H6735,3
101,中水（海南）种业有限公司,91460000MAEXB58QX5,3
102,中数未来（海南）系统集成有限公司,91460105MAA9A6L75X,3
103,中枢库企业管理（海南）有限责任公司,91460000MAEE3H729W,3
104,中试（海南）传动技术有限公司,91460100MAA98ACD72,3
105,中实能源（海南）有限公司,91460100MA5U1P4Y0P,3
106,中实（三亚）进出口贸易有限公司,91460000MA5TLCAJ95,3
107,中十建设（河南）有限公司三亚分公司,91460000MAEF2DG8X2,3
108,中升佳美（海南）清洁能源有限公司,91460000MA5TYM5348,3
109,中升（海南）石油化工有限公司,91460000MA5TUNN13K,3
110,中商国源（海南）投资集团有限公司,91460000MA5TT5JL7A,3
111,中色矿业开发建设（海南）有限公司,91460108MAA9APGG93,3
112,中闰建设集团第三工程有限公司三亚分公司,91460000MA7MUB353U,3
113,中润志航（海南）科技有限公司,91460000MAER6PQ89J,3
114,中润逸雅（海南）投资有限公司,91460204MADD3YK33Q,3
115,中润金元（海南）石化有限公司,91460000MA5U1K8552,3
116,中瑞诚会计师事务所（特殊普通合伙）三亚分所,91460000MAG09E134D,3
117,中荣国誉集团有限公司三亚分公司,91460000MACHRN6TXP,3
118,中热科（海南）海洋与农业研究院有限公司,91460100069661050T,3
119,中燃中泰（海南）实业有限公司,91460000MAA94ADT2H,3
120,中燃联储石油（海南）有限公司,91460000MAA92LWJ01,3
121,中趣云海（海南）投资有限公司,91460000MAD7BRDX3P,3
122,中庆粮安（海南）农业科技有限公司,91460000MAC6KERA54,3
123,中庆澳龙（海南）能源发展有限公司,91460108MAD7WDNDXG,3
124,中青（海南）康养有限公司,91460000MAEET1RAXP,3
125,中且（三亚）科技有限公司,91510700MADXH7F16T,3
126,中侨（海南）文旅发展有限公司,91460000MAEPPANEXU,3
127,中乾立源工程咨询有限公司海南分公司,91460000MAC1P6H43J,3
128,中乾立源工程咨询（海南）有限公司,91460000MAA98BMY5J,3
129,中启明（三亚）投资控股有限公司,91460000MAEM6XNH0M,3
130,中谱智装（海南）科技有限公司,91469033MA5TKMKK26,3
131,中璞软件（海南）有限公司,91460100348098686L,3
132,中诺辉迪国际贸易（海南）有限公司,91460106MAD4KM2Y4J,3
133,中农国商（海南）产业发展集团有限公司,91469001MA5TLKX609,3
134,中农动科（三亚）技术有限公司,91460100MA5TKQUM3A,4
135,中农春天（海南）产业投资有限公司,91460000MAK2CHH80M,4
136,中能九泰能源（海南）有限公司,91460000MA5U1R5F7W,4
137,中能恒泰（海南）低碳科技有限公司,91460000MAA90G9T14,4
138,中能海明泰石油化工（海南）有限公司,91460000MA5U2RU5XB,4
139,中铭集团（海南）股份有限公司,91460000MAA91J9Y6X,4
140,中明领航（海南）投资发展有限公司,91460000MAD5K8AA1T,4
141,中民市政工程（海南）有限公司,91460000MA5U2R710U,4
142,中民生物科技（海南）有限公司,91460000MA5TH4H552,4
143,中贸物流（海南）有限公司,91460000MA5TUJ5N8B,4
144,中连讯科（海南）光电科技有限公司,91460000MAD6C19CXP,4
145,中联油国际能源（海南）有限公司,91460108MAA93YPYXK,4
146,中联未来（海南）控股有限公司,91460106MA5TY80W1A,4
147,中利武芝（海南）建筑工程有限公司,91460000MAC4PQ6H7P,4
148,中利瑞智（三亚）置业投资有限公司,91460200MA5RF1FK4L,4
149,中丽通达（海南）科技有限公司,91460000MAEG7CDE5Y,4
150,中冷（海南）种子科技有限公司,91460000MA5U23YP3F,4
151,中蓝科技（三亚）有限责任公司,91460000MAC4G2C01G,4
152,中坤（海南经济特区）商贸有限责任公司,91469007MA5TK9L50U,4
153,中矿（海南）能源有限公司,91460000MACJXELM8Q,4
154,中克龙邦（三亚）贸易有限公司,91460107MADLXE358D,4
155,中科智远（海南）科技有限公司,91460000MA5TQU073R,4
156,中科智远（海南）创新科技有限公司,91460000MA7KG42337,4
157,中科通用（三亚）医疗科技有限公司,91460000MADACY585E,4
158,中科通用（海南）科技有限公司,91410105MA9M406J9G,4
159,中科泰成石油科技（海南）有限公司,91460000MA5TR33T4U,4
160,中科曙光信息产业（海南）有限公司,91460200MA5U0JX13A,4
161,中科联拓海洋科技（海南）有限公司,91460000MAEDPWEG8P,4
162,中科康健（海南）投资有限公司,91460000MAD3NCUN0K,4
163,中科开采夫（海南）空天信息研究院有限公司,91460000MA5TDEEB01,4
164,中科国研（海南）投资集团有限公司,91469030MA5TLT1G3G,4
165,中科国瑞科技（海南）集团有限公司,91460000MA7KGY3D33,4
166,中科国富（海南）投资集团有限公司,91460000MA5TL8JR01,4
167,中科产业集团（海南）有限公司,91460000MA5TGQ3D6N,4
168,中康组学（海南）生物科技有限公司,91460000MA5U14L2X1,4
169,中开总局建筑工程（海南）有限公司,91460000MA5TQFCW3W,4
170,中开建装修设计（海南）有限公司,91460108MA5TYWM72C,4
171,中钧（海南）实业有限公司,91460200798725026F,4
172,中聚供应链管理（海南）有限公司,91460000MA5TY8DJ8K,4
173,中景德企服（海南）科技有限公司,91460108MAD8WNN1XP,4
174,中鲸（海南）投资集团有限公司,91460000MABPAW44X6,4
175,中京建实业（海南）有限公司,91460100MA5TY74H1P,4
176,中京地产实业有限公司,91430000576557020F,4
177,中晋泽石油化工（三亚）有限公司,91460000MA5TT7T048,4
178,中锦集团（海南）有限公司,91460000MAC3Q5AB0E,4
179,中锦恒业建设集团有限公司三亚分公司,91460000MACEXDLP50,5
180,中金国融（海南）投资集团有限公司,91460000MA5TLQ9W7A,5
181,中金产业集团（海南）有限公司,91460000MA5TGFDK7P,5
182,中金（海南）经贸发展有限公司,91460000MA5TGXEP3A,5
183,中洁（海南）新能源有限公司,91460000MACDJ5BR9R,5
184,中胶（海南）文化有限公司,91460000MA5U0DWN0J,5
185,中建三局第三建设工程有限责任公司海南分公司,91460100567995870J,5
186,中建六局水利水电建设集团有限公司海南分公司,914602003480710614,5
187,中建二局第一建筑工程有限公司三亚分公司,91460200MA5TQGLB14,5
188,中健智康健康产业发展（海南）有限公司,91460200MADN0LA53M,5
189,中健华夏（海南）医学研究发展有限公司,91460000MAD9648F6W,5
190,中检科信（三亚）信息技术有限公司,91460000MA5TJXFG25,5
191,中佳智慧科技（三亚）有限公司,91460000MAA99T044H,5
192,中纪科创（海南）有限公司,91460000MAK0PJYT5Q,5
193,中技科转（海南）科技发展有限公司,91460000MACP1T1Q5H,5
194,中机联投科技（海南）有限责任公司,91460000MACHH5RC0J,5
195,中汇信科（海南）智能科技有限公司,91460000MADAYK4B5P,5
196,中汇鸿铭投资（海南）有限责任公司,91460107MACKBG7PX2,5
197,中环能（海南）智能科技有限公司,91460000MA5TMGGD47,5
198,中寰海商贸（海南）有限公司,91460108MAA9AFLU88,5
199,中化学（海南）有限公司,91460100MA5U2KMF1N,5
200,中化现代农业（广西）有限公司海南分公司,91460106MACRXQAB8U,5
201,中化金茂物业管理（北京）有限公司三亚分公司,91460200MA5TKAKX6E,5
202,中化（海南）农业生态有限公司,91460200MA5U2X899W,5
203,中化（海南）财资管理有限公司,91460000MAEH001T1G,5
204,中狐传媒（海南）有限公司,91460000MACH63WE3B,5
205,中厚实业发展（海南）有限公司,91460000MA5TYTJT51,5
206,中鸿通建（海南）科技投资有限公司,91460000MAE07FW56A,5
207,中弘盛澜农渔发展（海南）有限公司,91460000MACFXP1N5X,5
208,中宏新智（海南）科技有限公司,91460000MACLYDAF56,5
209,中宏勘探装备科技（海南）有限公司,91460000MAA96LMQ61,5
210,中宏大（海南）国际投资有限公司,91460108MAD67PLD2L,5
211,中宏盛世（海南）投资有限公司,91460000MAEBRCA22N,5
212,中恒农科（海南）农业科技有限公司,91460100MA5TUN0T6Y,5
213,中恒路桥建设（海南）有限公司,91469027MACQ3W7Y9A,5
214,中恒创（海南）科技有限公司,91460000MACCPQD34C,5
215,中禾耀（海南）农业集团有限公司,91460000MACD7HYD8P,5
216,中邯投资集团（海南）有限公司,91460100MAA97FBX2R,5
217,中海首建（北京）建筑工程有限公司三亚第一分公司,91460000MAC7UTRBXN,5
218,中海科技（海南）有限公司,91460100MAA9AQYM5Y,5
219,中海建安建设有限公司三亚分公司,91460108MAC107BF1K,5
220,中海（三亚）农业科技发展有限公司,91460105MAA9AC14XL,5
221,中哈（海南）能源科技有限公司,91460000MAEU00130F,5
222,中国种子集团有限公司三亚分公司,91460200760383243H,5
223,中国种子集团有限公司,91110000100000438C,5
224,中国有线电视网络有限公司三亚崖城营业厅,91460200MA5RH0E61G,6
225,中国邮政集团有限公司三亚市崖城支局,91460200693158053C,6
226,中国邮政集团有限公司三亚市南滨邮政支局,91460204MAD9XU7D12,6
227,中国邮政储蓄银行股份有限公司三亚市崖州大道支行,91460200552772412M,6
228,中国邮政储蓄银行股份有限公司三亚市崖城营业所,91460200552767314J,6
229,中国银行股份有限公司三亚崖州支行,91460200MA5T7W8F17,6
230,中国图书进出口（集团）有限公司海南分公司,91460000MAEGB5BX00,6
231,中国通用航空有限责任公司,91120116710921648C,6
232,中国石化销售股份有限公司海南三亚中心渔港加油站,91460200MAA92M9M1W,6
233,中国石化销售股份有限公司海南三亚崖州大道加能站,91460000MAE6TJL44X,6
234,中国石化销售股份有限公司海南三亚崖城加油站,91460200MA5RCC1A7D,6
235,中国石化销售股份有限公司海南三亚崖城高速南加油站,91460000MA7KMW5K0K,6
236,中国石化销售股份有限公司海南三亚南山港加油站,91460200395976613A,6
237,中国人民财产保险股份有限公司三亚市崖州支公司,91460200MA5RCG0269,6
238,中国平安人寿保险股份有限公司三亚中心支公司崖城营销服务部,91460200578718991D,6
239,中国农业银行股份有限公司三亚崖州科技支行,91460000MAD7ETJY1D,6
240,中国农业银行股份有限公司三亚南繁支行,91460200348082246U,6
241,中国美术学院风景建筑设计研究总院有限公司海南分公司,91460100594945617K,6
242,中国联合网络通信有限公司三亚市分公司崖州湾科技城营业店,91460000MAC2U93B81,6
243,中国联合网络通信有限公司三亚市分公司崖州南滨营业部,91460000MA7M5TXM6B,6
244,中国建筑一局（集团）有限公司三亚崖州区分公司,91460200MA5TQGKA70,6
245,中国建筑第八工程局有限公司三亚分公司,91460200MA5TMKLP5B,6
246,中国建设银行股份有限公司三亚崖州湾科技支行,91460200MADQ2K317K,6
247,中国国际农业投资有限公司三亚分公司,91460000MAEBUKPJ5C,6
248,中国工商银行股份有限公司三亚崖城支行,9146020005107734XR,6
249,中国东方航空股份有限公司海南分公司,91460200MAA907K93T,6
250,中国船舶重工集团公司第七六〇研究所海南分部,91460200MABMN7C404,6
251,中规院（北京）规划设计有限公司海南分公司,91460100MA5T3D9T9G,6
252,中格芸（海南）商贸有限公司,91460000MAE8KCD398,6
253,中赣昌（三亚）装饰有限公司,91460000MAK0GF2558,6
254,中福源经贸国际（海南）有限公司,91460107MA5TWEBF8B,6
255,中孚能源（海南）有限公司,91460000MA5TWEMX5Y,6
256,中发投医疗器械（海南）有限公司,91460000MA7J01DX29,6
257,中发投新能源（海南）有限公司,91460000MA7H9ARY1F,6
258,中发投旅游发展（海南）有限公司,91460000MAA98KQB70,6
259,中发投控股集团（海南）有限公司,91460000MA5TU3L08D,6
260,中发投科技（海南）有限公司,91460000MAA9846H5D,6
261,中发投地产经纪（海南）有限公司,91469027MA5TMQUN26,6
262,中发投传媒（海南）有限公司,91460000MA7JF6MPXC,6
263,中发投（海南）进出口贸易中心（有限合伙）,91460400MA5TU2JJ82,6
264,中多亿（海南）能源国际贸易有限公司,91460000MAA96XGR90,6
265,中都亿博科技（海南）有限公司,91460000MAK01TEN59,6
266,中道合健康生物科技（三亚）有限公司,91460000MAE20YGM9B,6
267,中创睿安（海南）科技有限公司,91460000MA5TWEH97R,6
268,中创启投（海南）医疗科技集团有限公司,91460000MACHEKDC6Y,6
269,中创嘉能（海南）新能源科技有限公司,91460000MA5TRTC48T,7
270,中创汇科（海南）科技有限公司,91460000MAD8LHM098,7
271,中船重工申海装备（海南）有限公司,91460200MA5T4P2B52,7
272,中船重工瑞利海洋信息与装备保障（海南）有限公司,91460200MA5T4UA0XB,7
273,中船重工鹏程海洋装备（海南）有限公司,91460200MA5T59AX8X,7
274,中船重工海洋装备（海南）有限公司,91460200MA5T4PL060,7
275,中船投资集团（海南）有限公司,91460000MA5TMLT63J,7
276,中船海目测试技术（海南）有限公司,91460200MA5T4QKL40,7
277,中船电子科技（三亚）有限公司,91460200MA5RH1QT9X,7
278,中船（海南）科技发展有限公司,91460200MA5T4PNH83,7
279,中珹投资（海南）有限公司,91460000MAE9N84E8A,7
280,中晟希润工程咨询有限公司,91460000MA5TN2QJ4C,7
281,中晟泰鑫（海南）商贸有限公司,91460000MAEJ201J2D,7
282,中成联控（海南）国际贸易有限公司,91460000MA5TX912XF,7
283,中城投（海南）科技有限公司,91460000MABLHPPF9R,7
284,中城创景运营管理有限公司,91460000MA7LPL5D0M,7
285,中称（海南）会计师事务所（个人独资）,91469001MAD8HGGW85,7
286,中辰进出口有限公司,91460000MAA96JXWXB,7
287,中昌泰（海南）进出口贸易有限公司,91460000MAEWBAHG8G,7
288,中昌宏（陕西）工程设计集团有限公司海南分公司,91460000MABLX1QL69,7
289,中测智能（海南）装备制造有限公司,91460000MAA93MR87A,7
290,中测顺徕（海南）科技有限公司,91460000MAK10UTP5G,7
291,中财（海南）园区运营有限公司,91460108MAA99YRW9D,7
292,中碧城汽车租赁（海南经济特区）有限公司,91460106MAA9A1M35R,7
293,中倍投资（海南）有限公司,91460108MA5TXLWE8C,7
294,中北颐和黄金珠宝销售（海南）有限公司,91460000MAA94T1780,7
295,中邦（三亚）投资有限公司,91460108MADP71TA0A,7
296,中佰腾（海南经济特区）国际贸易有限公司,91460000MA5TW2LT39,7
297,中佰联（海南经济特区）国际贸易有限公司,91460100MA5TLYK23C,7
298,中佰（海南）数字科技有限公司,91460108MAA9AQ0D50,7
299,中安永泰（海南）经济技术合作有限公司,91469006MA5RF02T2G,7
300,中安能石化（海南）有限公司,91460000MA5U2CU59F,7
301,质新科技（海南）有限公司,91460000MADMCDMF4Y,7
302,致悦信息技术（海南）有限公司,91460000MA5TQG8A0H,7
303,致通振业（海南）税务师事务所有限公司,91460000MA5TMJL40N,7
304,致灏（海南）科技有限公司,91460000MAC6L60U06,7
305,至那数字产业投资发展（海南）有限公司,91460000MAEWW5W54N,7
306,至那科技（海南）有限公司,91460000MAE7REL83W,7
307,治海驰象科技（海南）有限公司,91460000MA5TMCRN5R,7
308,智真海洋科技（三亚）有限公司,91460000MAD75D3D5F,7
309,智宇信科技（海南）有限公司,91460000MAC444128B,7
310,智研会（海南）科技有限公司,91460000MAE75M25XU,7
311,智枢（海南）项目管理有限公司,91460000MAEM20RW77,7
312,智农三六一（三亚）科贸有限公司,91460000MA5TPXWG3Q,7
313,智能时空（海南）数字科技有限公司,91460108MAD9MCFG8J,7
314,智能农人（海南）科技有限公司,91460000MABY6GLX86,8
315,智能矩阵（海南）网络科技有限公司,91460000MA5TWNPX9G,8
316,智明序达生物科技（海南）有限公司,91460000MAD6F97P12,8
317,智灵芯科（海南）科技有限责任公司,91460000MAEXXYJ576,8
318,智联商策科技投资（海南）工作室（个人独资）,91469036MACNJGED24,8
319,智力劳务（海南）有限公司,91460106MA5TX0002Y,8
320,智科博纳（海南）科技有限公司,91460000MA7NER887T,8
321,智绘山河（海南）文化科技有限公司,91460000MAERNW982P,8
322,智慧领航（海南）国际技术转移有限公司,91460000MA5TX02485,8
323,智海鲲鹏（海南）科技有限公司,91460000MA5TKKH398,8
324,智海（三亚）软件有限公司,91510124MADR0TNU6J,8
325,智本元通（海南）科技发展有限公司,91460000MA5TXME36R,8
326,志库科技（海南）有限公司,91460000MAEGBL450U,8
327,指南针（海南）科技有限公司,91460000MA5TPT8U40,8
328,知涯（三亚）科技有限公司,91469002MADJK1R791,8
329,知成（海南）知识产权服务有限公司,91460000MAEB1TY462,8
330,枝繁现代农业科技（海南）有限公司,91460106MADT3NLC8N,8
331,证聚科技（海南）有限责任公司,91460000MAEPNEWM2N,8
332,正中堂（海南）健康管理有限公司,91460000MACBUC8A89,8
333,正林（三亚）建筑劳务有限公司,91469027MAD92FQC4J,8
334,正加能（海南）科技有限公司,91460000MA7HR5AXXP,8
335,正华博智（海南）投资有限公司,91460000MAE7G4NE80,8
336,正合艺（海南）文化发展控股有限公司,91460000MABMN1NT9R,8
337,正孚能源（海南）有限公司,91460000MA5TY59W0Q,8
338,正德厚生（海南经济特区）科技有限公司,91460000MA5TU4W6X9,8
339,正畅石化（海南）有限公司,91460000MA5U0P239F,8
340,争优（海南）国际贸易服务管理有限公司,91460000MAD0UMJ64C,8
341,振乡兴农业科技（海南）有限公司,91460100MA5RCK9LXN,8
342,臻御康源（三亚）健康产业有限公司,91460000MAEMCWB3XR,8
343,臻山（三亚）装饰工程有限责任公司,91460107MADMXRHK67,8
344,臻禾（海南）生物科技有限公司,91610201MAB254170M,8
345,臻工坊（三亚）实业有限公司,91460000MAD86MQ301,8
346,真卓科技（海南）合伙企业（有限合伙）,91469033MA5U0FQ93F,8
347,真缘（海南）科技有限公司,91460200MADMNM7Y90,8
348,真奥农业科技（三亚）有限公司,91460000MAEL7GPA4P,8
349,浙水（海南）投资有限公司,91469005MADP2D2L4P,8
350,浙江浙大新宇物业集团有限公司三亚分公司,91460200MA5TMLB42J,8
351,浙江宇众环境科技有限公司海南分公司,91460108MACK4MB41T,8
352,浙江首通快运有限公司三亚崖州区分公司,91460200MA5REWUW7N,8
353,浙江华东工程建设管理有限公司海南分公司,91460100MAA966H35H,8
354,找值（三亚）科技有限公司,91460000MA5TXRXKXK,8
355,昭珩（三亚）投资有限责任公司,91460000MAERWX810A,8
356,招商银行股份有限公司三亚崖州湾科技城支行,91460000MAE8YBMK94,8
357,招商蛇口三亚发展有限公司,91460200082500948B,8
358,招商三亚崖州湾发展有限公司崖州酒店分公司,91460000MACP7RBH21,8
359,招商三亚崖州湾发展有限公司,91460200MA5TEQA03J,9
360,招商三亚深海科技城开发有限公司,91460200MA5T7PXN74,9
361,招商局物业管理有限公司三亚分公司,91460200MA5TGYNC7A,9
362,招商局深海装备研究院（三亚）有限公司,91460200MA5TALGU1E,9
363,招商国金（海南）投资集团有限公司,91460000MA5TN7J40K,9
364,招商（三亚）深海装备产业园有限公司,91460000MA5TPQA546,9
365,彰利建筑工程有限公司三亚分公司,91460000MAEMGFFU1K,9
366,张农种业科技（海南）有限公司,91460000MAE70AEEX3,9
367,展途科技迁安有限公司,91130283MA0CW9KK8C,9
368,瞻土创生（三亚）装饰设计有限公司,91460000MAEK1BFYX7,9
369,泽智（三亚）企业服务有限公司,91460000MAE3NUY41P,9
370,泽曦（三亚）供应链管理有限公司,91460000MAERHFC156,9
371,泽通石化（海南）有限公司,91460000MA5TWRW120,9
372,泽三实业（海南省）有限责任公司,91460000MAA99UPP8B,9
373,泽润斯特农业科学研究（海南）有限公司,91460000MAEWHXBD0A,9
374,泽润（海南）教育咨询服务有限责任公司,91460107MADQ0FH38U,9
375,泽壤数字科技（海南）有限公司,91460000MAEGCH6X7P,9
376,泽凝贸易（海南）有限公司,91460000MAC7TT0615,9
377,泽莱科技（三亚）有限公司,91460000MAC3Y0B07Q,9
378,韵畅（海南省）医疗器械有限公司,91460000MA5TJMXM6C,9
379,运势达（海南）供应链管理有限公司,91469002MABPUWE77X,9
380,运筹帷幄（海南）数据智能科技有限公司,91460000MAEBMFLW9N,9
381,雲起龙襄产业投资（海南）有限公司,91460000MADK2QYT4A,9
382,匀宁时代（海南）投资集团有限公司,91460000MACY4DAJ6W,9
383,云芝锦（海南）生物科技有限公司,91460105MAA9A87JX8,9
384,云真生物科技（三亚）有限责任公司,91460000MAE1N8MB0A,9
385,云肴科技（三亚）有限公司,91460000MAG1P2T2X0,9
386,云养鱼海洋科技有限公司,91370100MA3QQBAT96,9
387,云上企服（海南）科技有限公司,91460000MAA936UFXL,9
388,云山树（海南）信息服务有限公司,91460000MA5TL8L456,9
389,云桥科技（海南）有限公司,91460106MAA90JWC7E,9
390,云派智农（海南）科技有限公司,91460000MAK1RM4A9Q,9
391,云检科技（海南）有限公司,91469027MA5TN6ET00,9
392,云辉融电（海南）数字科技有限公司,91460000MAK149BL2U,9
393,云辉（海南）控股集团有限公司,91460108MAA9A4TG43,9
394,云环（三亚）科技合伙企业（有限合伙）,91460202MAD0NK3BXU,9
395,云汉科技（海南）有限公司,91460000MAE74C089W,9
396,云海熙（海南）新能源科技有限公司,91460200MA5T30G78Q,9
397,云驰网络科技（海南）有限公司,91460000MA5TWBRP3K,9
398,云仓农投（海南）管理有限责任公司,91460105MAA99Y1YXR,9
399,跃嘉科技（海南）有限公司,91460000MAE7GT0B5M,9
400,越程茂嘉（海南）农业发展有限公司,91460000MACLKEDF0R,9
401,粤民天海创新投资（三亚）有限公司,91460000MAEWCG49XK,9
402,粤桂通（三亚）企业管理有限公司,91460000MAA91XGL2E,9
403,远洋（海南）产业发展有限公司,91460000MAA90GXQXA,9
404,远师教育（海南）有限公司,91460105MAA9AKBF51,10
405,远程盛世科技有限公司,911101143443153722,10
406,远舶投资（海南）有限公司,91460000MABT7TY66N,10
407,缘博（海南）石化有限公司,91460000MA5U2KET5H,10
408,源宏康健康管理（三亚）有限公司,91460108MAD0HFX472,10
409,元漾医疗美容（三亚）有限责任公司,91460000MAELYC1574,10
410,元昕（三亚）科技有限公司,91460000MAEQ7QEUXP,10
411,元斯（海南）食品科技有限公司,91460000MAEU9NJM2D,10
412,元朔（海南）投资控股有限公司,91460000MAE6301D7G,10
413,元始科技（三亚）有限公司,91460000MA5TK7QG7G,10
414,元圈科技（海南）有限公司,91460000MA7GYKY6XT,10
415,元满（海南省）企业管理合伙企业（普通合伙）,91469036MAA9077K02,10
416,元宏集团有限公司海南分公司,91460200MA5RET9B34,10
417,元果（海南）贸易有限公司,91460000MACG7JG216,10
418,豫园慕苒（三亚）科技有限公司,91460106MADX80R578,10
419,裕云生物科技（海南）有限公司,91460108MADPYLA933,10
420,裕见生物（海南）有限公司,91460000MABRF7KG02,10
421,裕厚堂（海南）文创有限公司,91460000MAEAHFUKXH,10
422,育娃科技（三亚）有限公司,91469001MAD8WPJYXB,10
423,育科（海南）国际教育科技有限公司,91460000MAEFYAJK3B,10
424,育方道（海南）农业科技有限公司,91460000MADCMTK08W,10
425,玉衡（三亚）咨询服务合伙企业（有限合伙）,91469035MA5TQ1C46E,10
426,煜意（三亚）咨询有限公司,91460000MAE8NJL19G,10
427,煜林工程项目管理（三亚）有限公司,91460000MAK0GFMF4B,10
428,毓泽生物科技发展（海南）有限公司,91460000MA5TYHEDX6,10
429,昱鑫坤泰（海南）投资有限公司,91460000MAEGDELL1D,10
430,御霖国际贸易（海南）有限公司,91460000MAE2NFTU0C,10
431,喻义（海南）科技有限公司,91460000MAE4G6UL2N,10
432,雨泽万物（三亚）种业发展有限公司,91460106MAA986KT84,10
433,雨燕（海南）热作农业科学有限公司,91469005MADLNC5N83,10
434,雨夫（海南）信息咨询中心（个人独资）,91460000MAEN1QK58Q,10
435,羽笺华绶（三亚）电子商务有限公司,91460203MAD9UXY41U,10
436,禹创教育科技（海南）有限责任公司,91469036MA5TAQ8P3A,10
437,宇逸（海南）科技中介服务有限公司,91460000MA5TWKF747,10
438,宇斯隆（海南）投资发展有限公司,91460000MAE28QUH98,10
439,宇辉智绘（海南）勘测设计有限公司,91460000MAERT86R63,10
440,宇峰机械工程（海南）有限公司,91460200MA5RHMHE61,10
441,宇帆科技（三亚崖州）有限公司,91460000MAEHGEHU70,10
442,与天（海南）药用生物育种有限责任公司,91460000MACWUUMR4E,10
443,与君同行（海南）农业科技有限公司,91460000MAE7ETF50M,10
444,与辉同行（海南）科技有限公司,91469001MAD7KY2E63,10
445,鱼喔喔（三亚）生态农业科技有限公司,91460000MAEG12C39K,10
446,渝商宗权实业（海南）有限公司,91460000MA5TYMUY7A,10
447,佑康达（海南）医疗器械有限公司,91460000MACGL6YE5C,10
448,友缘体育（三亚）有限公司,91460000MACAKLH88K,10
449,游研酱（三亚）教育科技有限公司,91460000MAEL7KQXX4,11
450,油亮能源（海南）有限公司,91460000MA5TNYUP63,11
451,优态绿洲（海南）农业科技有限公司,91460000MADY9LPFXA,11
452,优莎（海南）生物科技有限公司,91460000MAE6QKX8XA,11
453,优茂（海南）餐饮管理有限公司,91460000MAC3981W0E,11
454,优寰选（三亚）跨境电商有限公司,91460000MAERJ0WQ7A,11
455,优财智税（海南）物联网技术服务有限公司,91460000MA5TMWGM1W,11
456,永温投资（海南经济特区）合伙企业（有限合伙）,91460000MAE8B25U2P,11
457,永琪科技（海南）有限公司,91460000MAE1Q8DD61,11
458,永联仪器（海南）有限公司,91460000MAA8YY3MXE,11
459,永富（海南）食品科技有限公司,91460000MACD8KX25K,11
460,埇呗畅贸易（海南省）有限公司,91460000MA5TJLFRX1,11
461,勇胜（海南）农业科技有限公司,91460000MACEP2RQ8Q,11
462,映山湖（海南）农业有限公司,91460000MAK0NE5GX6,11
463,赢鼎石化（海南）有限公司,91460000MA5TYRXB1C,11
464,瀛享科技（海南）有限公司,91310230MA1JTG3X7X,11
465,英业禾君管理咨询（海南）有限公司,91460000MA5U270895,11
466,英才高技术产业促进中心（海南）有限公司,91460000MAE0BB7G8N,11
467,引力波（三亚）文化科技有限公司,91460000MACHT29563,11
468,银拓诚帆国际贸易（三亚）有限公司,91460000MAK1BJCG3P,11
469,音创蜗牛（海南）网络科技有限公司,91460106MADAW6FU1Q,11
470,薏乡种源农业科技（三亚）有限公司,91469001MADHH3066N,11
471,艺云（三亚）科技有限公司,91460000MADBTNBYXN,11
472,艺搏耘添（海南）文化科技有限公司,91460106MADM6LQKXH,11
473,翼能（海南）无人机科技有限公司,91460000MAEMFW79XG,11
474,绎德装饰（海南）有限公司,91460000MA5TA4QM3X,11
475,益通数科科技股份有限公司,91460000MAA979K62Y,11
476,益普（三亚）中药科技有限公司,91460000MAEEWLE819,11
477,益农时代农业科技（海南）有限公司,91460000MA5TURE178,11
478,益明康（海南）医疗科技有限公司,91460000MAK0CLE805,11
479,益链（海南）生物科技有限公司,91460000MAE8QT9F0X,11
480,益晋通建工程有限公司海南分公司,91460000MADJN0C0XH,11
481,益海（海南）食品科技有限公司,91460000MAD2X06T86,11
482,溢泯（海南）投资有限公司,91460000MA5U09M673,11
483,毅昌信息咨询（海南省）有限公司,91460000MA5TJMX57Y,11
484,易职（三亚）安保人力资源外包有限公司,91460000MABWFWDE2K,11
485,易站物联网科技（海南）有限公司,91460000MA5TJ52Q5F,11
486,易洋鸿达供应链服务（海南）有限公司,91460000MA5TYJBBXA,11
487,易言九鼎科技（海南）有限公司,91410100MA481JLP71,11
488,易拍（海南）拍卖有限公司,91460000MAA99AE84H,11
489,易能智丰机器人科技（海南）有限公司,91460000MAK2G6818K,11
490,易迈渔（海南）科技有限公司,91460000MABRGRJY1P,11
491,易建网（海南）数字技术有限公司,91460000MACY4X9GX0,11
492,易鸿石油化工（海南）有限公司,91460000MA5TW35W90,11
493,易德煊（海南）文化传播有限公司,91460105MACWKQXP2D,11
494,易创通（海南）网络科技有限公司,91460000MACHKUN87H,12
495,易盛达投资（海南）有限公司,91460000MAEA398G4D,12
496,懿华（三亚）农业投资有限公司,91460000MADAGLP2XF,12
497,意邦（海南）传媒科技有限公司,91140100MA0H1ERQ0J,12
498,屹峰建设有限公司三亚分公司,91460200MA5TNGQ74G,12
499,屹晟（海南）石油化工有限公司,91460000MA5TW1N06U,12
500,奕境智能科技（三亚）有限公司,91469033MADHWGFD6H,12
501,亿筑生物科技（海南）有限公司,91460000MA7KF7C3XE,12
502,亿金源智能科技（海南）有限公司,91460000MAE998UC0D,12
503,亿恒物流（海南）有限公司,91460000MAD6XMR59H,12
504,亿鼎永盛（海南）投资有限公司,91469025MA5U2HY070,12
505,亿迪达进出口（海南）有限公司,91460108MADGQP97X1,12
506,亦舒林（海南省三亚市）科技有限公司,91460000MA5U07PL32,12
507,义光投资（三亚）有限公司,91460000MACEQ1X30H,12
508,蚁聘（三亚）企业管理有限公司,91460000MAEX14FB4D,12
509,以色列格沃科有限公司三亚代表处,91460000MA7J11UH5D,12
510,以凯星（海南）信息科技中心（有限合伙）,91469034MAD088866G,12
511,颐禾臻品（海南）科技有限公司,91460000MAETN2L540,12
512,移路有我（海南）科技有限公司,91460000MAEU544L55,12
513,怡恒维贸易（三亚）有限公司,91460000MAE55FMN38,12
514,宜资环岛投资（三亚）有限公司,91460000MADBC1Y48J,12
515,壹壹（三亚市）投资咨询有限公司,91460000MAK1444N0U,12
516,壹修哥（海南）投资有限公司,91460000MAEXQ42D4P,12
517,壹图商贸（三亚）有限公司,91460000MAEGHX3D5D,12
518,医智源健康科技（海南）有限公司,91469025MAA977254U,12
519,伊诺丰华（海南）种子科技有限公司,91460000MACBG89U0M,12
520,伊克斯丹国际贸易（三亚）有限公司,91460000MAE6XY5R39,12
521,伊彼萨（三亚）咨询有限公司,91460000MAA997JA4L,12
522,一然家政服务（三亚）有限责任公司,91460000MACJUE3P15,12
523,一起种地（海南）农业科技有限公司,91469033MADWG6QU44,12
524,一起爱健康科技（海南）有限公司,91460000MAEH548R8G,12
525,一墨（海南）贸易有限公司,91460000MA5TX4QC74,12
526,一茗菁人（海南）贸易有限公司,91460000MAC7DDY32W,12
527,一茗菁人（海南）茶业有限公司,91460000MAA92CCU9H,12
528,一米文化传播（海南）有限公司,91460000MA5TK6YC2P,12
529,一米投资（海南）有限公司,91469028MA5TK810XT,12
530,一米（海南）实业有限公司,91460000MA5TK7P42Y,12
531,一路繁花（三亚）投资有限公司,91460000MA5TY5Q82F,12
532,一九零（三亚）文化发展有限公司,91460000MA5TU9EA1B,12
533,一飞智控（海南）科技有限公司,91460100MA5TEJAA6M,12
534,一吨文化传播（海南）有限公司,91460000MABTQ15K3U,12
535,一本智能（海南）制造有限公司,91469033MAA955PJ9L,12
536,烨兴科技（海南）有限责任公司,91460000MAK09X9H9P,12
537,业盛达（海南）科技发展有限公司,91460105MAC9BKLF8H,12
538,也人（三亚）餐饮管理有限公司,91460000MADG9X4Y8R,12
539,药食种源（三亚）生物科技有限公司,91460200MADPHRJG1J,13
540,耀晨石化（海南）有限公司,91460000MA5U1KTC6J,13
541,垚植健康管理服务（海南）有限公司,91460000MAG06BLH1H,13
542,垚鑫汇通（海南）供应链有限公司,91460000MAE04YTH0X,13
543,幺柒知识产权（海南）有限公司,91460000MAC57T3L1C,13
544,仰山（海南）生物科技有限公司,91460108MACHM5HT3L,13
545,阳明（海南）税务师事务所有限公司,91460000MAEB6XDB8B,13
546,阳光电源（三亚）有限公司,91460108MAA99Y4275,13
547,洋山建设集团有限公司海南分公司,91460000MAEA1HTD4T,13
548,扬程科技（海南）有限公司,91460000MAD12JBR5N,13
549,砚泽（海南）投资有限公司,91460000MAEM526H26,13
550,焱垚创科（海南）新能源科技有限公司,91460000MAK14CPP2Q,13
551,焱晟（海南）能源科技合伙企业（有限合伙）,91460000MAED8ATBXH,13
552,闫氏控股集团（海南）有限公司,91460000MA5TUMC88A,13
553,言谨控股集团有限公司,91411502341581915U,13
554,研思（三亚）教育科技有限公司,91460000MAER856P73,13
555,研墨生物科技（海南）有限公司,91460000MADJUQP1X5,13
556,炎垚创科新能源（海南）有限公司,91460000MAENXM6D8A,13
557,延荣（海南）企业管理中心（有限合伙）,91469006MAA93Q414E,13
558,妍诗美社（海南）医美健康科技有限公司,91460100MAA903K84T,13
559,呀克那（海南）医药科技有限公司,91460000MA5U08F43B,13
560,呀克那（海南）投资发展有限公司,91460000MACFP9DH59,13
561,呀克那（海南）国际贸易有限公司,91460200MA5T4E9J50,13
562,亚亚电子竞技（海南）有限公司,91460000MA5TM2032N,13
563,亚讯网络科技（三亚）有限公司,91460000MAE7AKWH0A,13
564,亚星锚链（海南）有限公司,91460000MADY0U3J8P,13
565,亚贸馆（海南）国际贸易有限公司,91460200MADW7G2G5J,13
566,亚联新地城科置业（海南）有限公司,91420106MA49GACF60,13
567,亚联美育（海南）教育科技集团有限公司,91420106MA49DCP48G,13
568,亚联美愈（海南）医疗科技有限公司,91460000MA5TM85X6M,13
569,亚联美华（海南）教育科技有限公司,91460106MA5TLMN2XK,13
570,亚丰渔业科技（海南）有限责任公司,91460106MA5TQGGQ2F,13
571,亚布农业科技（海南）有限公司,91460000MADH91XD42,13
572,雅选（海南）艺术品有限公司,91460000MACXP12U6J,13
573,雅布伦国际众创空间（海南）有限公司,91460108MAC5920T5Q,13
574,崖实（海南）生物科技有限公司,91460000MAELTBJW2N,13
575,崖城民谣集（三亚）餐饮有限公司,91460000MAEF2GGJ81,13
576,迅易（北京）科技有限公司三亚分公司,91460000MAD5WC0H1U,13
577,迅雅建设有限公司,91320803MA1XQW3B7Y,13
578,迅玮（三亚）能源有限公司,91460000MA5TWA2159,13
579,迅凝体育（三亚）有限公司,91460000MAG0XQJAXM,13
580,迅科电子（海南）有限公司,91460000MAEQPR5C61,13
581,寻梦岛（三亚）投资集团有限公司,91460000MA5TW42E5B,13
582,寻梦岛（海南）投资有限公司,91460108MAA9APY294,13
583,雪松（三亚）商业管理有限公司,91460200MA5RJCBL95,13
584,雪弗龙（海南）投资有限公司,91460000MAE8CTEW5A,14
585,玄德商务咨询（海南）有限公司,91460000MA5TNXFJ9U,14
586,轩智和创（三亚）科技有限公司,91460000MAE824B366,14
587,轩杰（海南）投资有限公司,91469027MA5TMGHJX3,14
588,旭静（海南）咨询有限公司,91460000MAA94UER7G,14
589,旭化研（海南）新材料有限公司,91460000MAE0A8WU8U,14
590,旭城（海南经济特区）康养有限公司,91460108MAA9A3P3XT,14
591,幸福肽（海南）生物科技集团有限公司,91460108MACK979K60,14
592,幸福家（海南）健康养老服务有限公司,91460000MAE9DAWW4D,14
593,星洲管理咨询（海南）有限公司,91460000MAEH2AF28L,14
594,星泽（海南）投资有限公司,91460000MA5U0T4Q0A,14
595,星耀智科（海南）信息科技有限公司,91460000MAECQ0574R,14
596,星耀世嘉（海南）科技有限公司,91460000MAD9MQL11P,14
597,星耀八方（三亚）文化传媒有限公司,91460108MADHQ60R5X,14
598,星璇数字科技（三亚）有限公司,91460000MAG0HBBD5U,14
599,星天科技（三亚）有限公司,91460000MAEXYG6H97,14
600,星宿商社（海南）贸易有限公司,91460108MA5TQFN79B,14
601,星融（海南）海事科技有限公司,91460108MADAER624Y,14
602,星芒博远（三亚）贸易有限公司,91460000MAG0ER8M77,14
603,星路影视器材租赁（海南）有限公司,91460000MA5TN6QP4E,14
604,星空探索（海南）科技有限公司,91460000MAEUEDD20W,14
605,星辉绿能（三亚）科技有限公司,91460000MAEKFRX81T,14
606,星禾种业（海南）有限公司,91460100MACTPUN429,14
607,星核物种生命科学（海南）有限公司,91460000MAE4WT1W8B,14
608,星光科技（三亚）有限公司,91460000MADEQKCR7M,14
609,兴业宝（海南）信息技术有限公司,91460000MAEK6YDF1M,14
610,兴望源（海南）石油化工有限公司,91460000MA5U0LAK8L,14
611,兴泰云智生物科技（海南）有限责任公司,91460000MAE67DD478,14
612,兴瑞珠宝（海南）有限公司,91469025MAA98QW1XB,14
613,兴瑞聚盈科技（海南）集团有限公司,91460107MAA98NNF9Y,14
614,兴瑞家园科技（海南）集团有限公司,91460106MAA99DFDXB,14
615,兴辉（海南）国际农业科技发展有限公司,91460000MAET80DA7U,14
616,信阳大别尖茶叶有限公司海南分公司,91460000MAD949X131,14
617,信念（海南）贸易有限公司,91460000MA5TWCQ05K,14
618,信立金启（海南）贸易有限公司,91460000MAE86GNQ5W,14
619,信安锐达（三亚）科技有限公司,91460000MAD96UKK4F,14
620,馨园美居（海南）装修设计建设工程有限公司,91460106MAD50W1330,14
621,馨盛智联科技（三亚）有限责任公司,91460000MAK2219G75,14
622,锌能远（海南）科技有限公司,91460000MACHN26T06,14
623,鑫喆（海南）再生资源利用有限公司,91460000MAEN9F521D,14
624,鑫苑科技服务集团有限公司三亚分公司,91460200395606460W,14
625,鑫怡（三亚）科技有限公司,91460000MAC5NH881F,14
626,鑫泰（三亚）农业科技有限责任公司,91460000MADFRQTR8N,14
627,鑫顺通（海南）汽车租赁有限责任公司,91460000MA5U1C9K2A,14
628,鑫锐数科（海南）技术有限公司,91460200MA5TXJL16E,14
629,鑫壤投资（三亚）有限公司,91460000MAEHPQ7T7L,15
630,鑫欧锴（海南）科技有限公司,91460000MAE78QYH96,15
631,鑫牛开泰投资（三亚）有限公司,91460000MAK236GK3F,15
632,鑫沐禾种业（海南）有限公司,91460000MA5TY9KC8N,15
633,鑫慧达（海南经济特区）科技有限公司,91460000MAEGKX0R7E,15
634,鑫弘正（海南）企业管理服务中心（有限合伙）,91460000MAE7Q4QG8B,15
635,鑫弘宇（三亚）商贸有限公司,91460108MADPG2A694,15
636,鑫港投资控股（海南）有限公司,91460000MACQA3KK6P,15
637,鑫迪未来（海南）生物科技发展有限公司,91460000MAEJP07T8W,15
638,鑫柏穗（海南）农业发展有限公司,91460000MAECY5R98C,15
639,鑫博海（海南）生物医疗科技有限公司,91460000MABN09W9XA,15
640,辛玮科技控股（海南）有限公司,91460000MABRC4B91K,15
641,辛德瑞拉（三亚）科技有限公司,91220105081848088U,15
642,芯强种业科技（海南）有限公司,91460000MAE905LK1L,15
643,芯纪时代（三亚）电子科技有限公司,91469005MADW4G8L88,15
644,歆溯（海南）科技有限公司,91460108MAD97D1J4K,15
645,欣业睿通（海南）贸易有限公司,91460000MAE8DH8166,15
646,欣欣鹿饮（海南）生物科技有限公司,91460000MA5TYR4C5U,15
647,欣婷投资控股（海南）有限公司,91460106MADB9FX78R,15
648,欣婷投资（三亚）有限公司,91460106MADBLAQ40J,15
649,欣淼辰（三亚崖州）企业管理有限公司,91460000MAEJL0RN4B,15
650,昕娜（三亚）科技有限公司,91460000MAEU62EL9K,15
651,新跃科技发展（海南）有限公司,91460000MACKB0189L,15
652,新誉时代工程咨询有限公司三亚分公司,91460108MACR4P070A,15
653,新银海（海南）供应链管理有限公司,91460000MA5TX7YX8G,15
654,新世代装饰装修工程（海南）有限公司,91460000MAE73NMX87,15
655,新锐恒丰（海南）农业科技有限公司,91460100MA5T9WJ77L,15
656,新仟意全电智慧科技（海南）集团有限责任公司,91460108MACT5BL498,15
657,新农科（海南）农业科技有限公司,91460000MAE9DHNQ73,15
658,新能绿谷（三亚）科技有限公司,91460000MAEA6CJF0M,15
659,新鸿（海南）化工科技有限公司,91460000MAA8YM26X8,15
660,新恒城（海南）石油化工有限公司,91460000MA5U029D24,15
661,新行星房产中介（三亚崖州）有限责任公司,91460000MAEXU4AL2D,15
662,新道科技股份有限公司,91460000573058760F,15
663,新达世联科技（海南）有限公司,91460000MA5U24D671,15
664,新骠尚实业（海南）集团股份公司,91460000MA5T89DB3R,15
665,新澳家投资（三亚）有限公司,91460000MAE7W6A114,15
666,忻悦（三亚）管理咨询有限公司,91460108MAC4RLY118,15
667,肖歆然（海南）美容培训服务有限公司,91460108MA5TW82G2R,15
668,校友之星（海南）创业服务集团有限公司,91460108MAA9A1PE4A,15
669,孝武电子商务（三亚崖州）有限公司,91460000MAEQXNFY2Q,15
670,晓海（海南）科技有限公司,91460000MA5TRK1HX8,15
671,小鲸速充（海南）科技有限公司,91460000MAE2XU2J44,15
672,小红伞防水修缮（海南）有限公司,91460000MAEURWJF81,15
673,箫雅（海南）商贸有限公司,91460000MAERW3915K,15
674,潇湘宏道（海南）管理咨询有限公司,91460000MA7HY1EW4R,16
675,向幸福出发（海南）共享科技有限公司,91460000MA5TD8CM1P,16
676,向蕙科技（海南）有限责任公司,91460000MAENMNXD2K,16
677,翔奕金（海南）国际贸易有限公司,91469030MA5U2D456Q,16
678,翔龙智能科技集团（海南）有限公司,91460000MA5TM3BD76,16
679,翔麟国际贸易（海南）有限公司,91460000MAE8LFMJ0N,16
680,祥源智联（海南）科技有限公司,91460000MAD1HPW9X9,16
681,祥瑞泰（海南）税务师事务所有限公司,91460000MADA7J9316,16
682,祥雷巽通（海南）技术有限公司,91460000MADLUTXD99,16
683,祥禾现代农业科技（海南）有限公司,91460107MAC6N03B91,16
684,香橙（海南）科技有限公司,91460000MA5TLPBN3U,16
685,襄裕（海南）投资有限公司,91460000MAELTY9R0K,16
686,襄研生物科技（三亚）有限公司,91460106MADW2G8567,16
687,相如（三亚）企业管理咨询有限公司,91460000MAEGGG5J58,16
688,乡屿文旅（海南）有限公司,91460108MAA9AC8R2R,16
689,鲜生优选（三亚）供应链有限公司,91460108MADT27DQ2H,16
690,鲜农汇（海南）农业科技有限公司,91460108MAA9AG5L5R,16
691,夏能（海南）科技有限公司,91460108MACHJYRP7Q,16
692,喜泰应急安全咨询（三亚）有限公司,91460000MAE8EF2MX9,16
693,喜宝智能科技（海南）有限公司,91460000MAE37UW680,16
694,西部资信（海南）科技有限公司,91110108089692081E,16
695,西北媳妇（海南）投资有限公司,91460000MAE5Q32W1Q,16
696,西北（海南）投资有限公司,91460108MAC2114R5H,16
697,西安山德士生物科技有限公司三亚分公司,91460200069673457J,16
698,熙杰能源（海南）有限公司,91460000MA5TWXCC1A,16
699,希策贸易（海南）有限公司,91460000MADKJ83F64,16
700,物誉（三亚）咨询服务有限公司,91460000MADH9YEC5G,16
701,物际（三亚）投资有限公司,91460108MADG6KGG5F,16
702,武理创（海南）新材料科技有限公司,91460000MAEJB2GY5C,16
703,武汉中品至尚建筑工程有限公司海南分公司,91460108MADUK8DNXG,16
704,武汉旭正科技有限公司海南分公司,91460000MAD14D7971,16
705,武汉鑫弘志建设有限公司三亚分公司,91460200MA5U0DL7XR,16
706,武汉理工大设计研究院有限公司海南分院,91460000MACWT5M69K,16
707,武汉汇曼联合科技有限公司海南分公司,91460000MAETJBWM66,16
708,武汉华中南电力电器有限公司三亚分公司,91460200MA5RHLWH32,16
709,武汉和润实业有限公司三亚分公司,91460000MAE4912HXY,16
710,武汉博理建筑工程质量检测有限公司海南分公司,91460000MAEUP2PA2A,16
711,武风新能源（海南）有限公司,91460000MA5TW7T78B,16
712,五十五十企业管理咨询（海南经济特区）有限公司,91460000MACBPUNX3A,16
713,五矿力拓勘探有限责任公司,91460200MA5TCB5R09,16
714,五行山（三亚）健康食品科技有限公司,91460000MAA98R6T6H,16
715,五尺道投资集团（海南）有限公司,91460108MAC5UDJR4M,16
716,无讼律众法律咨询服务（三亚）有限公司,91460000MA5TG2F78U,16
717,无讼律速法律咨询服务（三亚）有限公司,91460000MA5TG2FA2C,16
718,无讼教育咨询（三亚）有限责任公司,91460100MA5TG8DN2X,16
719,无不为数智科技（海南）有限公司,91460000MAE8X22AX4,17
720,沃田（三亚）农业服务有限公司,91460000MAERR6T64L,17
721,沃腾（海南）生物科技有限公司,91460000MACP7PDW29,17
722,沃力士维他命饮料（海南）有限公司,91460000MACBJD9R6R,17
723,沃宏实业（海南）有限公司,91460000MA5TJAG64D,17
724,我的田（海南）农业信息科技有限公司,91460100MA5RJ7505Q,17
725,嗡嗡翁（三亚）企业管理合伙企业（有限合伙）,91460000MAEHYKRL14,17
726,嗡嗡翁（海南）科技有限公司,91460200MADXTEGU4H,17
727,闻宇（海南）工程有限公司,91460000MADEP82Y2B,17
728,文喜熠跨境电子商务（海南经济特区）有限公司,91460000MAEDRNR14E,17
729,文澜科技（三亚市）有限公司,91460000MAEM4QX99D,17
730,文迪智造科技（海南省）有限公司,91469001MADPLL2G97,17
731,蔚之晨（海南）农业科技有限公司,91460000MAD9QQFY5W,17
732,蔚蓝时空新材料（海南）有限公司,91460106MAA9A6JN3A,17
733,蔚华艾龙投资（海南）有限公司,91460000MAC4YTT79R,17
734,未占有孚生物科技（三亚）有限公司,91460000MAG1FNMK5D,17
735,未农智能（海南）科技有限公司,91460000MAEG8H7YXK,17
736,未名（三亚）咨询服务有限公司,91469036MA5TKETH3P,17
737,未米生物科技（海南）有限公司,91469027MA5U1WU07K,17
738,未蓝营地（海南）教育科技有限公司,91469030MA5U2DGCXB,17
739,未来之籽投资（海南）合伙企业（有限合伙）,91469036MACMEWAY4A,17
740,未来噼啪星球（海南）投资集团有限公司,91460000MAA8YPUY53,17
741,未来海工智能装备（海南）有限公司,91460000MA5TLPWW09,17
742,未来场域（三亚）科技有限公司,91460000MACRUY2K6G,17
743,卫南国际投资（海南）有限公司,91460000MAE902UX7K,17
744,伟高达（海南）投资有限公司,91460000MAD82ADJ40,17
745,伟达伟乐（海南）实业有限公司,91469025MAA94U7Q45,17
746,唯禔熙祥投资（海南）有限公司,91460000MAENG22D5C,17
747,唯拓尔（海南）农业科技有限公司,91460106MAA9AF3G9J,17
748,为民科技（三亚）有限公司,91460000MAEEYK1J7L,17
749,为福（海南）工程项目管理有限公司,91460000MA5TW9EK4M,17
750,微医（三亚）生命科技有限公司,91460000MAEMP7JD5Y,17
751,微熵科技（海南）有限公司,91460000MAEPBKTG5E,17
752,微光智控（海南）科技有限公司,91460000MAE7Q1EE7P,17
753,威斯特物流供应链（海南）有限公司,91460000MAC2KW3KXM,17
754,威派斯（三亚）投资有限公司,91460000MAEP4RDQ65,17
755,威派斯（海南）科技有限公司,91460000MAEPN3XK2T,17
756,威机贸易（三亚市）有限责任公司,91460000MAEFD3CJ7E,17
757,望村（三亚市）飞行器有限责任公司,91469001MADFW59T70,17
758,旺宅（海南）房地产信息咨询有限公司,91460000MACGU7145T,17
759,万智通（海南）商务有限公司,91460100MA5TMEX78X,17
760,万振投资（海南）有限公司,91460000MAA98MP49P,17
761,万有瘾力（海南）文化有限公司,91460100MAA92C12XC,17
762,万义成供应链管理（海南）有限公司,91460000MA5TYK811F,17
763,万田康生物科技（海南）有限公司,91460000MAEKDRYE6N,17
764,万仞慧农智能科技（海南）有限公司,91460000MAE5TC841J,18
765,万加乐杰（海南）生物科技有限公司,91460000MAE99X050L,18
766,万加乐杰（海南）干细胞有限公司,91460000MAE7PWBK64,18
767,万合（三亚）出租车客运有限公司,91460000MA5TA3B72B,18
768,万海石油化工（海南）有限公司,91460000MA5TWJDNXH,18
769,万海恒齐（三亚）企业管理合伙企业（有限合伙）,91469036MA5TNJTL68,18
770,万盾（海南）物业管理有限公司,91460200MA5RH3KX93,18
771,万陈（海南）供应链有限责任公司,91460000MAEFK2CW96,18
772,万保农牧集团有限公司,9146020059490652XG,18
773,万邦慧通（海南）科技有限公司,91460000MAE8KBXC7Y,18
774,土能（三亚）生物工程有限公司,91460000MAA973R877,18
775,土能（三亚）集团有限公司,91460000MACGGNKQ3N,18
776,土能（海南）实业有限公司,91460000MABW81X10H,18
777,土豆数据（海南）国际科技集团有限公司,91460108MACMLLNM77,18
778,土巴农科（海南）生物科技有限公司,91460000MACBXFGL3N,18
779,途洋（海南）科技有限公司,91460000MADBNN1M5B,18
780,途安网络科技（海南）有限公司,91460000MA5TTUBB2Q,18
781,涂涂鸦聪明宝（三亚）科技有限公司,91110105MA00DXN129,18
782,童烨电子商务（三亚）有限公司,91460000MAENEP9G6J,18
783,同心和盛（海南）管理咨询有限公司,91460106MAA9AJR1XK,18
784,同声盛德（海南）海洋科技有限公司,91460203MADL2MXG1K,18
785,同开（海南）科技有限公司,91460000MAC1R9JW49,18
786,同创硕丰国际贸易（三亚）有限公司,91460000MACHXB549W,18
787,同创丰隆（海南）融资租赁有限公司,91460000MADCK9224P,18
788,同成共赢（海南）科技有限公司,91460000MAEWUADL7N,18
789,通图达运输服务（海南省）有限公司,91460000MA5TJLYBXP,18
790,通极致（海南）科技有限公司,91460000MAD9EAMX22,18
791,通宏集团（海南）股份有限公司,91460000MAA90B3D99,18
792,通合（三亚）贸易有限公司,91460108MACFUR325C,18
793,铁岭先锋种子研究有限公司三亚分公司,914602005730540302,18
794,跳鲨体育（三亚）有限公司,91460000MAE1GWYJXG,18
795,天羽澜金（海南）供应链服务有限公司,91460000MAERMLGQ94,18
796,天佑石油化工（海南）有限公司,91460000MA5U10J18N,18
797,天翼云科技有限公司三亚分公司,91460000MAE1U31B1E,18
798,天一辉远（海南）生物科技有限公司,91460000MAD38KUY02,18
799,天涯旅购（海南）电子商务有限公司,91460107MA5TPHN441,18
800,天威恒通电气（海南）有限公司,91460100MA5TR75M0P,18
801,天同（三亚）咨询管理合伙企业（有限合伙）,91460203MA5TW1843W,18
802,天思科技（海南经济特区）有限公司,91460100MAA9A12A5E,18
803,天枢海图（海南）科技有限公司,91460000MAK1M3QG9F,18
804,天能璟秀（海南）生物科技有限公司,91460000MAE3R9WM00,18
805,天玲新铎（三亚）电力投资有限公司,91460000MAEPMR7Q6N,18
806,天聚缘能源发展（海南）有限公司,91460000MA5U06JJ6M,18
807,天津智汇海洋科技有限公司海南分公司,91460000MAEWW4UJ34,18
808,天津正方建设工程监理有限公司海南分公司,91460200MA5TK1WF0F,18
809,天津泰丰工程建设监理有限公司海南分公司,91460000MAC2BWGC89,19
810,天津市政工程设计研究总院有限公司三亚分公司,91460200MA5TM8223R,19
811,天津市建设工程监理公司海南分公司,91460000MAC48CHJ2W,19
812,天津市华泰建设监理有限公司海南分公司,91460200MA5TK0WA7Q,19
813,天津创丰投资管理有限公司海南分公司,91460108MAA9AJYA85,19
814,天津城通工程管理有限公司海南分公司,91460000MAC20EPC6G,19
815,天津贝恒建投建筑有限公司海南分公司,91460000MAE97K812C,19
816,天健君（海南）生态科技有限公司,91460000MAEG02854P,19
817,天珩星（三亚）医疗科技有限公司,91460000MAEJGXLR1B,19
818,天贺（海南省）环保科技有限责任公司,91460000MA5TMHHC56,19
819,天宸（三亚）综合服务有限公司,91460108MA5U1L4J7Y,19
820,天彻（三亚）跨境电子商务有限责任公司,91460000MAEP0J6L7T,19
821,天保（海南）经济技术投资有限公司,91460000MA5TUG5W3K,19
822,天安宝业（海南）投资有限公司,91469025MA5U0R277J,19
823,腾霄科技（三亚）有限公司,91460000MAG0QJ1T33,19
824,腾喜（海南）投资有限公司,91460000MAE0AD5UXE,19
825,腾狮软件（海南）有限公司,91460000MAD6DKRE8D,19
826,腾美经贸（海南）有限公司,91460000MA5TWQU68T,19
827,腾晟富维汽车电子科技（三亚）有限公司,91460000MAD70XTT9Q,19
828,堂前燕食品（海南）有限公司,91460000MAENQ6490Y,19
829,堂前燕（海南）生物科技有限公司,91460108MACAQK2D3C,19
830,唐小零（海南）食品科技有限公司,91460000MAE94GGE2A,19
831,泰卓（海南）科技发展有限公司,91460000MACX0A3N3Q,19
832,泰熙（海南）企业管理合伙企业（有限合伙）,91469031MAA94KJ865,19
833,泰祺（海南）环保技术开发有限公司,91460000MA5U2KRHX1,19
834,泰美康生物科技（三亚）有限公司,91460000MAEMKME947,19
835,泰励生物医药（海南）有限公司,91460000MA7LG87B28,19
836,泰富能源有限公司,91460000MA5U1MPE2M,19
837,太原鼎鑫地基工程股份有限公司海南分公司,91460000MAE6MNER0B,19
838,太一（三亚）科技有限公司,91460108MADM25UL84,19
839,拓新药业（三亚）有限公司,91460107MACDDQNA0R,19
840,塔希娜智学（三亚）教育科技有限公司,91460000MAD996GD2H,19
841,塔沃（海南）深海科技有限公司,91460000MAA9011D9M,19
842,索睿邦（海南）科技发展有限公司,91460000MAEU6YLB9N,19
843,索能科技（海南）有限公司,91460000MAC8TG4J9B,19
844,缩地千里（海南）科技有限公司,91460000MAEUT0CE9E,19
845,速洗洗（三亚）汽车美容有限公司,91469031MADRJGUDX7,19
846,速洁（海南）科技有限公司,91460000MAE6Q0KX7R,19
847,速捷（三亚崖州）税务代理有限公司,91460000MAE8TWK293,19
848,苏州市软件评测中心有限公司三亚分公司,91460000MAC362536B,19
849,苏莫托利（海南）科技管理有限公司,91460000MADYY5CJ2H,19
850,肆玩江湖（海南）科技有限公司,91350582MA8TGEW74A,19
851,寺域（海南）文化科技有限公司,91460107MADXJAG465,19
852,四美（海南）供应链科技有限公司,91460108MAA9AHXT13,19
853,四方坤明（海南）生物科技有限公司,91460000MAE6G53H7Q,19
854,四川正天创意建筑设计有限公司海南分公司,91460105MAD8G0YD89,20
855,四川湘联建设工程有限公司海南分公司,91460000MAC2RCXG1A,20
856,四川万达建设集团有限公司海南分公司,91460200573060027H,20
857,四川省祥福建设工程有限公司三亚分公司,91460105MAA9ADW585,20
858,四川尚道宇合建筑劳务有限公司三亚崖州分公司,91460000MAEBCULX36,20
859,四川金地亚美科技有限公司海南分公司,91460000MAE374PP8Y,20
860,四川华域恒庭建设工程有限公司三亚崖州分公司,91460000MACN76L32R,20
861,四川华域恒庭建设工程有限公司三亚分公司,91460000MAE9EF5K3A,20
862,四川鼎顺坤建筑工程有限公司三亚分公司,91460000MAE92EEU4L,20
863,四川德桑物业管理有限公司三亚崖州分公司,91460107MACRGAJ25B,20
864,嗣瑧（三亚）房地产开发有限公司,91460200MA5RHEKN75,20
865,斯特恩国际投资（海南）有限公司,91460000MAE5R5KW72,20
866,斯巴达体育（海南）有限责任公司,91460000MA5TUB6201,20
867,丝投（三亚）国际贸易进出口有限公司,91460000MAD0NH8R4K,20
868,硕通新能源科技（海南）有限公司,91460000MAD72J43X2,20
869,顺天冠桦（海南）投资有限公司,91460100MABP6MDL79,20
870,顺控（海南）发展控股中心（有限合伙）,91460000MAC7JQH591,20
871,顺捷瑞（海南）贸易有限公司,91460000MAE47W5K7H,20
872,顺诚国际贸易（海南）有限公司,91469028MADKF9QT8Y,20
873,舜丰生物科技（海南）有限公司,91460108MAA9020Y7B,20
874,水燃宝（海南）新能源有限公司,91460200MADQ58GA7E,20
875,水明治（三亚）美业科技有限公司,91460000MAEM46385A,20
876,水灵灵文化传媒（三亚）有限公司,91460000MAEKW6B01P,20
877,水科智能技术（三亚）合伙企业（有限合伙）,91460000MACRF1FA5F,20
878,双控投资（海南）集团有限公司,91460000MABWK2DB3N,20
879,双河（海南）种子有限公司,91460000MACEEL2C60,20
880,双辰教育科技（海南）有限公司,91460107MADQY5TLXH,20
881,数字孪生（海南）科技有限公司,91460108MA5TWL5816,20
882,数字官（海南）科技有限公司,91460106MAA97BH50N,20
883,数智云采（三亚）科技有限公司,91460000MADPQ8330X,20
884,数网数矿生态大数据（三亚）中心（特殊普通合伙）,91460000MAEWXTKWX8,20
885,数网人力资源（三亚）中心（特殊普通合伙）,91460000MAEQYU9E5B,20
886,数网大市场（三亚）中心（特殊普通合伙）,91460000MAEJJT977N,20
887,书来（海南）管理服务有限公司,91460108MABQ6QYG1Y,20
888,首北国际建设（河南）集团有限公司三亚分公司,91460000MAEFQCCL9W,20
889,视欣（三亚）影视文化传播有限公司,91460000MA5T9C8H44,20
890,视康明医疗科技（海南）有限公司,91460000MAE69TLG04,20
891,世远（海南）投资有限公司,91460108MADJ30D74N,20
892,世纪何氏（三亚）投资有限责任公司,91460000MAC29W4E7L,20
893,世浩（海南）科技发展有限公司,91460000MACNCUPT34,20
894,世汗国际新能源（海南）有限公司,91460106MADFXDT63Y,20
895,食叶草灵芝饲料（海南）集团有限公司,91460000MACAXA1U7E,20
896,食叶草控股有限公司,91460000MA7MPRK4XC,20
897,食叶草今歌特殊食品（海南）集团有限公司,91460000MAC7AFA473,20
898,食叶草共享农庄（海南）集团有限公司,91460106MAC87AQC5P,20
899,食控置业投资顾问（三亚）有限公司,91460000MAE6KN7N27,21
900,食控旅居（海南）有限公司,91469028MADQ526W7L,21
901,识界旅修（海南）文化传播有限公司,91460000MAE5BNG790,21
902,石文海洋科技（海南）有限公司,91460000MAC8Q95555,21
903,石炭纪（海南）科技有限公司,91460000MA7GU5PJ6U,21
904,石上山水（海南）生态农业科技发展有限公司,91460107MACBXEX66E,21
905,时节生物科技（海南）有限公司,91460000MACDGTAR1K,21
906,时光方舟（三亚）健康管理有限公司,91460000MAEUF73BXK,21
907,时代骐骥新能源科技（三亚）有限公司,91460000MAEW72GC5L,21
908,时代蓝图（海南）文化科技有限公司,91460000MAECQ3L07N,21
909,拾易坊（海南）生物科技有限公司,91460000MAEPN3Y80Y,21
910,拾忆人生科技（三亚）有限责任公司,91460000MA5TG1YF1C,21
911,诗莱恩（海南）种业科技有限责任公司,91460000MAEHCX5Q89,21
912,狮王（海南）投资有限公司,91460200MA5TW10K3K,21
913,施普乐农品（海南）进出口有限公司,91460000MAD4G17T6D,21
914,胜禾鼎琉（海南）贸易有限公司,91460000MAE6XDNF2H,21
915,圣因丰果教育科技（三亚）有限公司,91460000MAEXD9LW39,21
916,圣言口才艺术培训学校（海南）有限公司,91460000MAEQ742E22,21
917,圣木（三亚）投资咨询有限公司,91460000MAE9NUN47C,21
918,生命之光（三亚）健康科技合伙企业（有限合伙）,91460000MAEUEYXH8T,21
919,生工生物工程（三亚）有限公司,91460000MAD72N3D6C,21
920,昇锐（海南）投资合伙企业（有限合伙）,91469033MADY48NL35,21
921,升维知识产权服务（海南）有限公司,91460000MACEJG842F,21
922,神芯科技（海南）有限公司,91460107MAD9XX3163,21
923,神铁供应链（海南）有限公司,91460203MAD0MMJW37,21
924,神戎（海南）生物科技院（有限合伙）,91469031MACWCYHT1D,21
925,神秘车库（三亚）汽车租赁有限公司,91460000MAA91Y6XXR,21
926,神龙绳业（海南）有限公司,91460000MAE0799L4C,21
927,申鑫晋美（海南）实业有限公司,91460000MAA96G7W6Q,21
928,申能科技管理（海南）有限公司,91460000MAA91E5A03,21
929,申磊（三亚）建筑安装工程有限公司,91460000MAEELHL261,21
930,深圳市赢时通汽车服务有限公司三亚分公司,91460200MA5T21049D,21
931,深圳市心连心餐饮管理有限公司三亚分公司,91460200MA5T755578,21
932,深圳市万唯房地产咨询有限公司三亚分公司,91460200MA5TLK7X63,21
933,深圳市万科物业服务有限公司海南分公司,91460200557390480C,21
934,深圳市前海公共安全科学研究院有限公司海南分公司,91460000MAERXUTQ64,21
935,深圳市绿盾建材科技有限公司海南分公司,91460200MA5RDTG02M,21
936,深圳市建工集团股份有限公司海南分公司,91469002MA5TWM7K54,21
937,深圳市甲骨文智慧实验室建设有限公司海南分公司,91460107MADQY4HD5M,21
938,深圳市航天物业管理有限公司三亚分公司,91460200051063052H,21
939,深蓝拓维（三亚）科技有限公司,91460000MAEEM91Y4R,21
940,深蓝家园海洋科技（海南）有限公司,91460200MADX0W6X6W,21
941,深蓝浩海（三亚）科技有限公司,91460400MA5TXW0F2H,21
942,深蓝国际建设有限公司,91320803MA1XRQYP8J,21
943,尚擎（海南）企业管理有限公司,91460000MAD04JK01T,21
944,尚汇新媒科技（海南）有限公司,91460000MAE8M7WQ52,22
945,尚法维德（海南）咨询服务有限公司,91460000MA7M1AUT00,22
946,尚佰易社（三亚）企业管理有限公司,91460000MAE6WGYK6D,22
947,上海专利商标事务所有限公司海南分公司,91460000MAC1QEET63,22
948,上海远上船舶科技有限公司三亚分公司,91460200MA5TPAE3XD,22
949,上海印能达科技有限公司三亚分公司,91460000MAEKMD0E01,22
950,上海逸敏杰机电工程有限公司海南分公司,91460000MAD0MGG49U,22
951,上海水为裳文化创意服务有限公司崖州区分公司,91460000MAE26RX86Q,22
952,上海市机械施工集团有限公司三亚分公司,91460000MAC46RF04K,22
953,上海深万北戴建筑工程有限公司海南分公司,91460203MAD1YAJEX2,22
954,上海赛儿生物科技有限公司海南分公司,91460108MACD7F9K08,22
955,上海科精蓝企业服务有限公司海南分公司,91460000MAERM20C0Y,22
956,上海勘测设计研究院有限公司海南分公司,91460000MAC38FPF8H,22
957,上海建工四建集团有限公司三亚分公司,91469007MAA91N781X,22
958,上海电子工程设计研究院有限公司海南分公司,91460200MA5TT3X41H,22
959,上海德卡实验室系统科技有限公司海南分公司,91469002MACR3EWU7E,22
960,上德元庚（海南）投资管理有限公司,91460000MAC3Q5QG3C,22
961,上承国际投资（海南）有限公司,91460108MADQX3D3XE,22
962,熵基（三亚）科技有限责任公司,91460000MAEW3E6F7W,22
963,商圣科技（海南）有限公司,91460108MA5TUJNR5E,22
964,商圭科技（三亚）有限公司,91460106MA5TR8Y327,22
965,陕西中科同创实业有限公司三亚分公司,91460106MAA9A06Q9F,22
966,陕西盈郡建设工程有限公司海南分公司,91460105MAD0E8CM5P,22
967,陕西圣远建设工程有限公司三亚分公司,91460108MACX1N410N,22
968,陕西绿享纯电汽车租赁有限公司三亚分公司,91460200MA5T4AQE1P,22
969,陕西安康福兴建设集团有限公司海南分公司,91460203MADCRHPL6M,22
970,陕外经贸（海南）有限公司,91460108MADDQ52U6W,22
971,陕地建（海南）生物科技有限公司,91460000MAE92G7G0K,22
972,闪鸟（三亚）再生资源回收有限公司,91460000MAD1U46X4P,22
973,山西维度空间信息科技有限公司海南分公司,91460000MAER47E4XG,22
974,山西君实种业科技有限公司三亚分公司,91460000MACB1NCC1B,22
975,山土贸易（海南）有限公司,91460000MAE821RPXU,22
976,山容海色文旅（海南）有限公司,91460204MAD9N3W14J,22
977,山能能源发展（三亚）有限公司,91460000MA5TT9C87Q,22
978,山海智航（海南）科技有限公司,91460000MAK2TX636P,22
979,山海国际文化科技（海南）有限公司,91460000MAD78161XY,22
980,山东宇宸建设工程有限公司海南分公司,91460108MADGUPNE88,22
981,山东渔创实业有限公司三亚分公司,91460000MA7HPTDT04,22
982,山东三和项目管理咨询有限公司海南分公司,91460106MADC02EH5L,22
983,山东绿色果园果蔬股份有限公司海南分公司,91460000MAA91Y4M72,22
984,山东聚润生源生物科技有限公司海南分公司,91460000MAK11AAQ3D,22
985,山东金来种业有限公司海南分公司,91460000MAEQ6M4123,22
986,山东华特拓疆智能装备有限公司海南分公司,91460000MAELCCQM5M,22
987,山东创乾海洋科技有限公司三亚分公司,91460000MAA98BH3XA,22
988,厦门锋之锐文化传媒有限公司三亚分公司,91460200MA5THYT535,22
989,沙索科技（海南）有限公司,91469033MA5U1D3M3X,23
990,森榆投资（海南）有限公司,91460000MAC1K72HXK,23
991,森亚贸易（海南）有限公司,91460000MAEMGGC425,23
992,森瑞尔环境工程技术（海南）有限公司,91460000MAEWQFDT4G,23
993,森林顺亿（海南）工程建筑有限公司,91460000MAEW775U6W,23
994,桑沃农业科技（海南）有限公司,91460000MACWAEA04L,23
995,叁生万物投资（海南）有限公司,91460000MAET3Q8Y5L,23
996,叁陆伍旅行居住健康管理（海南省三亚市）有限责任公司,91460000MA5TW42D7G,23
997,三亚宗氏投资有限公司,91460108MAA9AFAA4H,23
998,三亚紫翼科技有限公司,91460000MABQR0BN6M,23
999,三亚紫清消防技术有限公司,91460000MACM3C7E7L,23
1000,三亚紫荆文旅企业管理合伙企业（有限合伙）,91460000MACCUR12XT,23
1001,三亚梓赫一商贸有限公司,91460000MAC9AP9T4R,23
1002,三亚子其商贸有限公司,91460000MAK1J7090R,23
1003,三亚子峻瀚网络科技有限公司,91460000MA5TF7XG4L,23
1004,三亚子珩商贸有限公司,91460000MAE8PHDY3L,23
1005,三亚资通科技有限公司,91460000MAD803B57E,23
1006,三亚咨思悦商贸有限公司,91460000MACA19X08L,23
1007,三亚卓越青凡网络科技有限公司,91350200MA347DG521,23
1008,三亚卓友贸易有限公司,91460000MAEUH9998G,23
1009,三亚卓桐汽车租赁服务有限责任公司,91460000MADGGGFQ4X,23
1010,三亚卓荣电商有限公司,91460000MAEM5Q6842,23
1011,三亚卓迈驰汽车有限公司,91460000MAELU0873K,23
1012,三亚卓伦装饰工程有限公司,91460200MA5T74P00C,23
1013,三亚卓发金属制品有限公司,91460000MAC6J57N4E,23
1014,三亚卓达家政服务有限公司,91460000MAET71ME4K,23
1015,三亚卓盛商务服务有限公司,91460000MA5TJJ9C3J,23
1016,三亚壮彤露报刊零售有限公司,91460000MA5TGUYT50,23
1017,三亚筑巢生物科技有限公司,91460000MAEFMALFXD,23
1018,三亚筑安通达工程服务有限公司,91460000MAEWREA35B,23
1019,三亚助创科技投资有限公司,91460000MAEBHH589C,23
1020,三亚竹驰映汽车有限公司,91460000MAETEQD5XN,23
1021,三亚珠峰影业文化传媒有限公司,91460000MA5TX8BB4W,23
1022,三亚朱瑞生废品回收场,91460000MA5TL1WF6F,23
1023,三亚宙合实业有限公司,91460000MACU6MTM33,23
1024,三亚州全电器有限公司,91460000MAE86MYK20,23
1025,三亚周华劳务有限公司,91460000MABML3K58Y,23
1026,三亚周华建筑工程有限公司,91460200MA5T3DU05L,23
1027,三亚重装科技有限公司,91460000MACGWYQ65D,23
1028,三亚重即羲健康管理咨询合伙企业（有限合伙）,91460000MAEFKADL77,23
1029,三亚众智财务咨询有限公司,91460000MACB7P451C,23
1030,三亚众志启航企业管理合伙企业（有限合伙）,91469028MACU5TXF5J,23
1031,三亚众心达商贸有限责任公司,91460000MACN3CU69N,23
1032,三亚众蹄蓬莱马术有限公司,91460000MAA8YL5U24,23
1033,三亚众顺房地产营销策划有限公司,91460200399799722N,23
1034,三亚众书百货商店（个人独资）,91460000MAA94L2M5F,24
1035,三亚众瑞地产有限公司,91460000MAEXFAUM2D,24
1036,三亚众千贸易有限公司,91460000MAEBY3WN8R,24
1037,三亚众沐企业咨询合伙企业（有限合伙）,91460000MAEAA3M12C,24
1038,三亚众检机动车鉴定评估有限公司,91460000MAERNMTY5M,24
1039,三亚众汇达传媒文化有限公司,91460200MA5RHTWP0A,24
1040,三亚众恒现代农业科技有限公司,91460200MA5RH5CP8G,24
1041,三亚众合科技有限公司,91460000MADBWT6L4Y,24
1042,三亚众房置业有限公司,91460200MA5RD6CX4J,24
1043,三亚众铖企业管理咨询有限公司,91460100MADW55R45L,24
1044,三亚种与种科技有限公司,91460000MAE7AL326N,24
1045,三亚衷延茼网络科技有限公司,91460000MA5TGBKW9C,24
1046,三亚忠行餐饮管理有限公司,91460200MA5T2PKP39,24
1047,三亚中悦企服信息科技有限公司,91469036MA5TQXX8X3,24
1048,三亚中钰汽车服务有限公司,91460000MA5TB0W81U,24
1049,三亚中曜网络信息科技有限公司,91460000MAEWEKGL61,24
1050,三亚中兴置地有限公司,91460200693155426K,24
1051,三亚中兴智源科技有限公司,91460200681167614F,24
1052,三亚中兴睿海投资有限公司崖州湾人才培训分公司,91460200075725970Y,24
1053,三亚中兴睿海投资有限公司崖州湾度假村希尔顿格芮精选酒店,91460200MA5RF6W88K,24
1054,三亚中兴睿海投资有限公司,91460200681187324Y,24
1055,三亚中兴软件有限责任公司,91460200687270102Q,24
1056,三亚中兴国际投资有限公司,914602006710817108,24
1057,三亚中鑫投资有限公司,91469002MAA90RE228,24
1058,三亚中泰源国际贸易有限公司,91460000MACL09P602,24
1059,三亚中税普华税务师事务所有限公司,91460200MA5T5N3A31,24
1060,三亚中数全语通股权投资基金合伙企业（有限合伙）,91460200MA5TUA5D1W,24
1061,三亚中锐图文广告有限公司,91460000MA5T9HEQXY,24
1062,三亚中青旅旅行社有限公司,91460000MA5TRNQP23,24
1063,三亚中蔻企业管理合伙企业（有限合伙）,91469006MADN0YCP5X,24
1064,三亚中凯能源科技发展有限公司,91460000MAA9568590,24
1065,三亚中间农业科技有限公司,91460000MACB387H0B,24
1066,三亚中汇供应链管理有限公司,91460000MA5TELTT8G,24
1067,三亚中惠思艾文化传播有限公司,91460200MA5RD6K808,24
1068,三亚中核科技城开发有限公司,91460200671079362Y,24
1069,三亚中改院教育文化产业发展投资有限公司,91460200589282222P,24
1070,三亚中范进出口贸易有限公司,91460000MAE7M4YH5X,24
1071,三亚中帆船舶技术有限公司,91460000MA5TM2K21E,24
1072,三亚中道合和技术服务有限公司,91370103MA3Q7AWT27,24
1073,三亚中博智企业管理有限公司,91460000MAEBCBXP2C,24
1074,三亚致远冈网络科技有限公司,91460000MA5TFCMFXP,24
1075,三亚至爱农林科技投资有限公司,91460000MADGHQWA4T,24
1076,三亚治清茼网络科技有限公司,91460000MA5TF63P41,24
1077,三亚智舟进出口贸易有限公司,91460000MAG15X223Y,24
1078,三亚智元玉种实业投资合伙企业（有限合伙）,91469027MAD1947Q90,24
1079,三亚智煜科技有限公司,91469026MADL8M126K,25
1080,三亚智遥贸易有限公司,91460000MAE7PBHB3R,25
1081,三亚智象天诚网络运营有限公司,91460000MAE7UUFXX4,25
1082,三亚智投国际咨询服务有限公司,91460000MAC4NGBH0W,25
1083,三亚智数生物科技有限公司,91460204MAD9PPXP8K,25
1084,三亚智尚未来广告传媒有限公司,91460000MAEEWNQ596,25
1085,三亚智赛能源科技有限公司,91460000MAE9T7XAXW,25
1086,三亚智企连科技服务有限公司,91460000MA5TK0DH34,25
1087,三亚智谱仪器有限公司,91460000MABY4CAR7R,25
1088,三亚智谱生物科技有限公司,91460000MAG00RU00B,25
1089,三亚智领装饰科技有限公司,91460000MAC3035Q4K,25
1090,三亚智骏数字科技有限公司,91340200MA2RT8HY18,25
1091,三亚智境科技有限公司,91460000MAEL226T3Q,25
1092,三亚智嘉一号企业管理合伙企业（有限合伙）,91469031MACRLCGD97,25
1093,三亚智荟海洋工程科技有限公司,91460000MAEXE02U75,25
1094,三亚智汇谷科技有限公司,91469036MA5TK3J35J,25
1095,三亚智惠曲辰科技有限责任公司,91460000MACLGAF32T,25
1096,三亚智行齐合科技有限公司,91460000MAC4QXH29Q,25
1097,三亚智航科技有限公司,91460000MAEXG4W558,25
1098,三亚智岛科技有限公司,91460000MAG0JTP24M,25
1099,三亚志优实业有限公司,91460000MAE5TDX27H,25
1100,三亚志稳诚远保洁有限公司,91460000MAEG9T0W7E,25
1101,三亚志妙商贸有限公司,91460000MA5TJ5BD6A,25
1102,三亚志恒科技有限公司,91460000MAE9MUUK7G,25
1103,三亚志高点房地产中介服务有限公司,91460200MA5T6URT6K,25
1104,三亚志盛农业科技开发有限公司,91460000MADBUA2K88,25
1105,三亚芷宁曦网络科技有限公司,91460000MA5TF7X624,25
1106,三亚祉猷并茂建材有限公司,91460000MADDJ607X4,25
1107,三亚植德文化传媒有限公司,91460000MAD40BPP8P,25
1108,三亚蜘蛛网络科技有限公司,91210242MA106YA835,25
1109,三亚知一二生物科技有限公司,91460105MADXPDCE3Y,25
1110,三亚知研未来教育科技有限公司,91460000MAECDANU3Y,25
1111,三亚知为文化传媒有限公司,91460000MACG18LG51,25
1112,三亚知天下教育科技有限公司,91460000MAG06T5MXK,25
1113,三亚知升网络科技有限公司,91460000MAETR1DQ4U,25
1114,三亚知宁国际贸易有限公司,91460000MAEXJ20521,25
1115,三亚知行装饰设计有限公司,91460000MAE5NLXK3A,25
1116,三亚之莱家商贸商行（个人独资）,91460000MAA94KY65P,25
1117,三亚郑商海亚投资有限公司,91460000MAE13E235X,25
1118,三亚正庄实业有限责任公司,914602005730921091,25
1119,三亚正仲建筑装饰工程有限公司,91460200MA5T7PHE15,25
1120,三亚正拓企业管理服务有限公司,91460108MAC0XDA40Q,25
1121,三亚正清和雅汽车租赁有限公司,91460200MA5RJQWA06,25
1122,三亚正广投资有限公司,91460000MAA97HMH7Y,25
1123,三亚正稻种业有限公司,91460000MA5TUX68X3,25
1124,三亚正爱实业有限公司,91460200MA5T26B77W,26
1125,三亚政兴实业有限公司,91460200069672227W,26
1126,三亚征一生物科技有限公司,91460000MAE26JE75W,26
1127,三亚征南建筑装饰工程有限公司,91460200MA5RD9JX7K,26
1128,三亚振欣科技服务有限责任公司,91460000MACAU35J7R,26
1129,三亚振新种业科技有限公司,91460000MADE03WJ06,26
1130,三亚振新农业有限公司,91460000MACWKQKC3Y,26
1131,三亚振农农业科技服务有限公司,91460100MADPJFCP9T,26
1132,三亚振农机械服务有限公司,91460000MADQ551284,26
1133,三亚振乐江网络科技有限公司,91460000MA5TFCMD35,26
1134,三亚贞吉嘉网络科技有限公司,91460000MA5TDYR40U,26
1135,三亚贞德投资有限公司,91460000MACMFYHK5B,26
1136,三亚臻希科技有限公司,91460000MAET0TY71L,26
1137,三亚臻礼农业发展有限公司,91460000MAE5JM975T,26
1138,三亚臻行商旅服务有限公司,91460108MADQP8RL6J,26
1139,三亚真诚亿家贸易有限公司,91460200MA5RCRDD9Q,26
1140,三亚甄志成房产经纪有限公司,91460000MAELGD9B10,26
1141,三亚珍宇农业服务有限公司,91460000MACL5ML92P,26
1142,三亚蔗行企业管理合伙企业（有限合伙）,91460000MAE5GDRF4H,26
1143,三亚柘之源生物科技有限公司,91460000MAE6TBEQ8A,26
1144,三亚喆辰广告有限公司,91460000MAC5YW4F4N,26
1145,三亚哲轲诚网络科技有限公司,91460000MA5TF03U99,26
1146,三亚哲昊财务咨询有限公司,91460000MA5TKJC77J,26
1147,三亚哲豪坤网络科技有限公司,91460000MA5TF7X38K,26
1148,三亚赵宁网络科技有限公司,91460000MAA9335L1G,26
1149,三亚召宝商业管理有限公司,91460000MACPDWFPXM,26
1150,三亚兆鹏志炜科技开发有限公司,912301100780787727,26
1151,三亚兆敬安商贸有限公司,91460000MA5TGT8J5K,26
1152,三亚兆亨元投资有限公司,91460108MADKDA701C,26
1153,三亚兆和弘资投资咨询有限公司,91460300MA5TJBUFX9,26
1154,三亚兆恩翰思企业管理合伙企业（有限合伙）,91469033MA5TQA4W97,26
1155,三亚朝鑫科技有限公司,91460105MAA9AEQT9E,26
1156,三亚昭易咨询服务有限公司,91460000MAK1PM633T,26
1157,三亚招商臻园开发有限公司,91460000MAC4PRR558,26
1158,三亚招商深海产业发展有限公司,91460000MAC6UE3G6E,26
1159,三亚招商港口发展有限公司,91460200MAA8YAMEX7,26
1160,三亚招汇管理有限公司,91460000MAET3FCJ87,26
1161,三亚招采电子信息服务有限公司,91460000MAA97L6U2A,26
1162,三亚章休寻网络科技有限公司,91460000MA5TF6430M,26
1163,三亚张育农业科技有限责任公司,91460000MACAJHU33A,26
1164,三亚张祥子餐饮服务有限责任公司,91460000MAC51XWG3K,26
1165,三亚张士伟再生资源有限公司,91460000MA7HHJ4L78,26
1166,三亚张路再生资源回收场（个人独资）,91460000MAA98NU358,26
1167,三亚张标废品回收场（个人独资）,91460000MAA99A6X86,26
1168,三亚战神易网吧活动网咖（个人独资）,91460000MA7JE31WXJ,26
1169,三亚展扬科技有限公司,91460000MAEU0AAR1L,27
1170,三亚展网信息科技有限公司,91431000MA4Q3WA80K,27
1171,三亚展丰农业开发有限公司,91460000MAD5H5JN0C,27
1172,三亚展成商贸有限公司,91460000MAE7TDU89P,27
1173,三亚增智体育发展有限公司,91460105MAA9AH5064,27
1174,三亚增信种子技术研究有限公司,91460000MA5TX5RE2K,27
1175,三亚泽育农业科技有限公司,91460000MAEWUA7N5G,27
1176,三亚泽艺文化有限公司,91460000MADP18609M,27
1177,三亚泽兴一贸易有限公司,91460000MAEW7BK58Q,27
1178,三亚泽润商贸有限公司,91460000MAEUM7Q12B,27
1179,三亚泽泓农业科技有限公司,91460000MAK03XYKXG,27
1180,三亚泽宏物业管理有限公司,91460000MAEHR6984H,27
1181,三亚泽瀚农业开发有限公司,91460000MAEMW9BD8M,27
1182,三亚择栖酒店管理有限公司,91460200MA5T1TCJ9W,27
1183,三亚造极影视传媒有限公司,91460000MAG0816W2P,27
1184,三亚仔仔贸易有限公司,91460000MA5TH1L01U,27
1185,三亚韵视文化有限公司,91460000MAE1N6PW6B,27
1186,三亚运维智能科技有限公司,91460000MADD6UG410,27
1187,三亚运道供应链有限公司,91460000MA5TWJ092N,27
1188,三亚运创工程建设有限公司,91460000MAEANBUWXL,27
1189,三亚允洲海洋技术服务有限公司,91460000MAEU7KY76A,27
1190,三亚允乐投资有限公司,91460000MAEQPFA584,27
1191,三亚耘勇生物科技合伙企业（有限合伙）,91460000MADJKQ7K6P,27
1192,三亚匀敏瑶商贸有限公司,91460000MA5TGT9497,27
1193,三亚匀成科技服务有限公司,91460000MAEP6LD671,27
1194,三亚云众信息技术有限公司,91460000MAEG25W137,27
1195,三亚云英月子健康管理有限公司崖州店,91460000MAE5XNYU1N,27
1196,三亚云英月子健康管理有限公司,91460000MAD33H591D,27
1197,三亚云伊点投资有限公司,91460000MAE67C6A9M,27
1198,三亚云鑫科技有限公司,91460000MAEBC6151K,27
1199,三亚云熙投资有限公司,91469005MA5TGGHK57,27
1200,三亚云图华晨贸易有限公司,91460000MAE4Y6X67F,27
1201,三亚云天教育咨询服务有限公司,91460107MABM09AJ0B,27
1202,三亚云若目沙科技有限公司,91460200MA5RHTXJ8K,27
1203,三亚云麒晟安信息技术有限公司,91460000MAEWKPBT6E,27
1204,三亚云栖逸海康养有限公司,91460000MAG1CLW97B,27
1205,三亚云栖幸福里民宿有限公司,91460000MAELPQQH37,27
1206,三亚云栖汀海酒店管理有限公司,91460000MAENRHPL86,27
1207,三亚云澜信息科技有限公司,91460000MAELR73H6X,27
1208,三亚云际进出口贸易有限公司,91460000MAG1HLKB4P,27
1209,三亚云极科技有限公司,91460200562434687H,27
1210,三亚云海新程汽车服务有限公司,91460000MAG1LUNY8J,27
1211,三亚云海农业开发有限公司,914602006872699372,27
1212,三亚云凡盛世装饰装修工程有限公司,91460000MAEPT2906R,27
1213,三亚云帆科技有限公司,91460000MAEXB8XA6C,27
1214,三亚云帆餐饮管理有限公司,91460000MAEXDCED17,28
1215,三亚云迪财务咨询有限公司,91460000MADK3YWQ40,28
1216,三亚云岱信息管理咨询有限公司,91460000MAEFCLXT67,28
1217,三亚云创通信科技有限公司,91460108MAC7HACP6R,28
1218,三亚云程锦骋信息科技合伙企业（有限合伙）,91460000MAEXYKCK2B,28
1219,三亚阅美科技有限公司,91460000MA5TEYCB8R,28
1220,三亚越洋食品饮料有限公司,91460204MADB2XX36N,28
1221,三亚越尚驰汽车有限公司,91460000MAEKWY6P0D,28
1222,三亚越豪装饰工程有限公司,91460200MA5T2LMK4X,28
1223,三亚越盛农业科技有限公司,91460000MAE7YB1278,28
1224,三亚玥心添实业控股有限公司,91460000MAEJGBP578,28
1225,三亚悦晴璨商务咨询有限公司,91460000MA5TE7XC6Y,28
1226,三亚悦楠商贸有限公司,91460000MA5TJF5E38,28
1227,三亚悦美科技有限公司,91460200MA5T46FY4H,28
1228,三亚悦龙装饰工程有限公司,91460000MA5TKBWN3X,28
1229,三亚悦汇贸易有限公司,91460000MADJ887X8F,28
1230,三亚悦创睿科农业科技有限公司,91460000MA5TGLAU60,28
1231,三亚悦程投资合伙企业（有限合伙）,91469033MACF52AH8W,28
1232,三亚院士科研成果转化科技有限公司,91460000MAA95UYRX7,28
1233,三亚远智信息系统有限公司,91469027MADBWJH13G,28
1234,三亚远影科技有限公司,91460000MACD78510K,28
1235,三亚远建商业管理有限公司,91460000MAD9T3NQ43,28
1236,三亚远华国际贸易有限公司,91460000MA5U2XWC6X,28
1237,三亚远海海洋科技服务有限公司,91460100MA5TXWXQ20,28
1238,三亚远播财税信息服务有限公司,91460100MA5TL8C21F,28
1239,三亚袁雾滇科技有限公司,91460000MAC0HCL24Y,28
1240,三亚袁氏辉煌国际贸易有限公司,91460000MADBXM2E82,28
1241,三亚袁杜燕科技有限公司,91460000MAC134C70N,28
1242,三亚袁策生物科技有限公司,91460100MAA98WP466,28
1243,三亚缘合能源技术有限公司,91460106MADCJ16B68,28
1244,三亚源泽胜企业管理服务有限公司,91460200MA5T1LL845,28
1245,三亚源依商务服务有限公司,91460000MAEP0QNP74,28
1246,三亚源骁浩网络科技有限公司,91460000MA5TGCBL4E,28
1247,三亚源荣土石方工程有限公司,91460000MA5TU1GK4F,28
1248,三亚源清鉴贸易有限公司,91460000MACDKQ844L,28
1249,三亚源锦盛科技有限公司,91460000MAE4ED2A2H,28
1250,三亚源汇海洋技术服务有限公司,91460000MAEQ3WQ48M,28
1251,三亚源果咨询合伙企业（有限合伙）,91469007MACTMW6N9X,28
1252,三亚源创科技有限公司,91460000MA5TY6AD4J,28
1253,三亚圆周派科技有限公司,91460000MAE0AX146C,28
1254,三亚圆辉汽车租赁有限责任公司,91460107MAA9A0DW24,28
1255,三亚圆傲汽车服务有限公司,914602003241646858,28
1256,三亚元盅水饺餐饮有限公司,91460000MAEJXLDT7T,28
1257,三亚元育生物科技有限公司,91460000MACTLBPW0H,28
1258,三亚元拓咨询服务有限公司,91460000MAA8YC3Q2U,28
1259,三亚元达房地产投资服务有限公司,91460200MA5RCXBW8N,29
1260,三亚渊源智汇科技有限公司,91460000MAEY0MJ71N,29
1261,三亚预谨萌商务咨询有限公司,91460000MA5TE7XAX4,29
1262,三亚钰达信息技术咨询服务有限公司,91460000MAD5MYRJ53,29
1263,三亚郁晰同网络科技有限公司,91460000MA5TDYQR22,29
1264,三亚遇卿酒店用品有限公司,91460000MAEL1PMF82,29
1265,三亚豫禾生物科技有限公司,91460000MABRAX9Q6C,29
1266,三亚豫盛德机械设备有限公司,91460000MABLHCBH0C,29
1267,三亚裕泽企业管理咨询合伙企业（有限合伙）,91460200MADPFPJK8D,29
1268,三亚裕玉商贸有限公司,91460100MA5TU2GU9K,29
1269,三亚裕永网络科技有限公司,91460000MAC30LL96A,29
1270,三亚裕隆国际旅行社有限公司崖州营业部,91460000MAG0PLQT29,29
1271,三亚裕海翔贸易有限公司,91460000MACLQR9P51,29
1272,三亚裕丰隆供应链科技有限公司,91460000MAE8C53U3W,29
1273,三亚裕丰仓储物流园有限公司,91460000MA5U05WHXD,29
1274,三亚裕盛银泰商业管理有限公司,91460108MAA9AA3126,29
1275,三亚育健桂网络科技有限公司,91460000MA5TF7X549,29
1276,三亚玉州城市投资有限公司,91460200394560405G,29
1277,三亚玉苗农业科技发展有限公司,91460000MAEHQTY992,29
1278,三亚玉良投资有限公司,91460108MAD996QK31,29
1279,三亚煜阳鹏网络科技有限公司,91460000MA5TGE286K,29
1280,三亚煜祥贸易有限公司,91460000MAD9L4TM9Y,29
1281,三亚煜彤财务咨询服务有限公司,91460200MA5T7FEF3H,29
1282,三亚煜坤家政服务有限公司,91460000MAEC98CL2E,29
1283,三亚煜成科技投资有限公司,91460000MAE6HAG93R,29
1284,三亚毓财贸易有限公司,91460200MA5RDYPE8B,29
1285,三亚昱业建材有限公司,91460000MAD929JM5X,29
1286,三亚昱阳广告装饰工程有限公司,91460200MA5RCJR77X,29
1287,三亚昱旭船舶科技发展有限公司,91460000MACWF5580R,29
1288,三亚昱璟信息技术有限公司,91520115MA7BMLC70K,29
1289,三亚昱丰农科有限公司,91460000MAEJT4UK3U,29
1290,三亚昱安商旅服务有限公司,91460000MADARD1M9B,29
1291,三亚御见餐饮管理有限公司,91460000MAE6QM7W69,29
1292,三亚峪丙嘉网络科技有限公司,91460000MA5TDYQQ47,29
1293,三亚雨阳农业科技有限公司,91460000MAD8RNK211,29
1294,三亚雨童国际贸易有限公司,91460000MADCAGDH19,29
1295,三亚雨锐餐饮管理有限公司,91460000MA5TA8K730,29
1296,三亚雨林壹号国际贸易有限公司,91460000MAE874WH1C,29
1297,三亚语禾电力设备有限责任公司,91460000MA5TM1PA6M,29
1298,三亚羽泽瑞贸易有限责任公司,91460000MAE9Q5WU5G,29
1299,三亚禹泽婉商务咨询有限公司,91460000MA5TGRGG6T,29
1300,三亚禹源科技有限公司,91460000MACR4NW44J,29
1301,三亚禹滑台贸易有限公司,91460000MA5TEY4QXT,29
1302,三亚禹贺贸易有限公司,91460000MAC5MCX14W,29
1303,三亚屿你文化传媒有限公司,91460000MAC8H2FH9X,29
1304,三亚屿驰商务有限公司,91460000MADE9ADN0D,30
1305,三亚宇泽瑞科技有限公司,91460000MAEB994X1U,30
1306,三亚宇羿光年婚纱摄影有限公司,91460200MA5T2UEC2B,30
1307,三亚宇曦长帆科技合伙企业（有限合伙）,91460000MAE75MGM8T,30
1308,三亚宇嘉建材科技有限公司,91460000MAELBY9D8U,30
1309,三亚宇涵农业有限公司,91460106MADDEQG95M,30
1310,三亚宇朵科技有限公司,91460000MAECWA9960,30
1311,三亚宇翀科技发展有限公司,91460000MACWJ7U36R,30
1312,三亚宇澄科技有限公司,91469001MACMT0XD3D,30
1313,三亚鱼大海产品贸易有限公司,91460200MA5RDK4M1H,30
1314,三亚瑜翠涵商务信息咨询有限公司,91460000MA5TGRA231,30
1315,三亚瑜碧蔚报刊零售有限公司,91460000MA5TGT4K87,30
1316,三亚渝唐源报刊零售有限公司,91460000MA5TGT3671,30
1317,三亚渔仙子海钓俱乐部有限公司,91469007MA5TYM5MXW,30
1318,三亚渔航贸易有限公司,91460108MAD96B2L6B,30
1319,三亚渔港商业管理有限公司,91460000MAERYGRP29,30
1320,三亚榆珺菱网络科技有限公司,91460000MA5TGCFR9R,30
1321,三亚于航物流有限公司,9142050607078340XU,30
1322,三亚又又甄选商贸有限公司,91469036MA5TX1QX0Y,30
1323,三亚佑泽锦瑞农业有限公司,91460000MAEMN3XH5W,30
1324,三亚佑承房产置业有限公司,91460106MA7HM6DN22,30
1325,三亚有一点文化有限公司,91460000MAC5EEHE02,30
1326,三亚有安堂药品大药房,91460000MA5TKL9M6B,30
1327,三亚友谊康诺医学检验实验室有限公司,91460000MABQL4JK0X,30
1328,三亚友物贸易有限责任公司,91460000MAEQXRDQ56,30
1329,三亚友腾房地产信息咨询有限公司,91460200MA5T2FMH3L,30
1330,三亚友仁实业有限公司,91460200MA5T1WFF3N,30
1331,三亚友恒贸易有限公司,91460108MACQ9AJE4A,30
1332,三亚友到底文化传播有限公司,91460108MACG5APE1R,30
1333,三亚游茸帆商务咨询有限公司,91460000MA5TE7XG9C,30
1334,三亚幽瑞月网络科技有限公司,91460000MA5TGBHJ34,30
1335,三亚优种工坊育种工程咨询合伙企业（有限合伙）,91460000MACFHG287U,30
1336,三亚优艺互联网有限公司,91460000MA5T7TMP4R,30
1337,三亚优旗永盛柒号农业有限公司,91460000MAK18PPN39,30
1338,三亚优旗永盛陆号农业有限公司,91460000MAK0R8QE28,30
1339,三亚优旗壹号农业有限公司,91460000MAK18RFB7B,30
1340,三亚优旗拾柒号农业有限公司,91460000MAK2BDKT5E,30
1341,三亚优旗拾陆号农业有限公司,91460000MAK1Y0DH19,30
1342,三亚优旗拾玖号农业有限公司,91460000MAK0L45191,30
1343,三亚优旗拾捌号农业有限公司,91460000MAK2RJGJ19,30
1344,三亚优旗叁号农业有限公司,91460000MAK1QN3WX3,30
1345,三亚优旗二号农业有限公司,91460000MAK1RLYJ0H,30
1346,三亚优粮农业科技有限公司,91460000MAE6MFX5X3,30
1347,三亚优竟贸易进出口有限公司,91460000MAEN696N7P,30
1348,三亚优教优学学生托管中心,91469006MA5TQPGB45,30
1349,三亚优家旅游咨询有限公司,91460000MACB78TA5E,31
1350,三亚优谷粒农业开发有限公司,91460200MA5RHFXL60,31
1351,三亚优服农业有限公司,91469031MADT2YP26R,31
1352,三亚优迪永晟一号农业有限公司,91460000MAK2CP0D55,31
1353,三亚优迪永晟三号农业有限公司,91460000MAK0JELU4A,31
1354,三亚优迪永晟二号农业有限公司,91460000MAK1JFX25G,31
1355,三亚优迪一号农业有限公司,91460000MAK2FUBC7W,31
1356,三亚优迪兴佳一号农业有限公司,91460000MAK0JNL035,31
1357,三亚优迪叁号农业有限公司,91460000MAK2G48N28,31
1358,三亚优迪柒号农业有限公司,91460000MAK223X47Q,31
1359,三亚优迪陆号农业有限公司,91460000MAK1NNKU53,31
1360,三亚优迪玖号农业有限公司,91460000MAK2BH7300,31
1361,三亚优迪二号农业有限公司,91460000MAK0MRD693,31
1362,三亚优迪捌号农业有限公司,91460000MAK1NGC937,31
1363,三亚优程物业管理有限公司,91460200MA5T1KCJ4T,31
1364,三亚优邦农业有限公司,91460000MAD7N6FN2L,31
1365,三亚优昂农业发展有限公司,91460000MAC57JGJ07,31
1366,三亚优艾思文化传媒有限责任公司,91460000MAD1TU992C,31
1367,三亚用友薪福社云科技有限公司,91469001MA5TW33W69,31
1368,三亚用友软件科技有限公司,91460200698941370F,31
1369,三亚甬石投资合伙企业（有限合伙）,91460000MAEBC5WPXY,31
1370,三亚甬晋贸易有限公司,91460000MAE8CBA92A,31
1371,三亚永盈咨询服务有限公司,91460100MADJ3RL44C,31
1372,三亚永晔建筑工程有限公司,91460107MAA9AD2A8K,31
1373,三亚永隆艺素汽车服务有限公司,91460200MA5T54NQXR,31
1374,三亚永佳国际贸易有限公司,91460000MA5TKYAC60,31
1375,三亚永合联盟汽车服务有限公司,91460200MA5RCDNN65,31
1376,三亚永道合投资咨询有限公司,91460000MA5TLMX23Y,31
1377,三亚永超水稻种植有限公司,91460000MA5TJ94U1E,31
1378,三亚咏洲信息咨询服务有限公司,91460000MA5TPUPJ56,31
1379,三亚咏珩商贸有限公司,91460105MAA9AH2151,31
1380,三亚咏驰企业管理有限责任公司,91460000MAE6D7QR46,31
1381,三亚勇轩软件科技有限公司,91210112MACJR8UE0M,31
1382,三亚映图科技有限公司,91460000MAEH61MF6U,31
1383,三亚映视文化传媒有限责任公司,91460200MA5T79YT9Y,31
1384,三亚映画文化传媒有限公司,91460000MAA95QCE2C,31
1385,三亚映斐漓网络科技有限公司,91460000MA5TF64D26,31
1386,三亚颍荔商贸有限公司,91460000MAK16FC20K,31
1387,三亚迎杰惠网络科技有限公司,91460000MA5TF03X3Q,31
1388,三亚盈盈汽车服务有限公司,91460200MA5RDFW57Y,31
1389,三亚盈通瑞科技有限公司,91460000MAC3C37L1E,31
1390,三亚盈果农业有限公司,91460108MAC664GXXT,31
1391,三亚盈霏怡商务咨询有限公司,91460000MA5TGDA25G,31
1392,三亚瀛佳珺科技有限公司,91460000MAD1GN3U6P,31
1393,三亚英兴建材销售有限公司,91460000MA5T9XY91A,31
1394,三亚英通商贸有限公司,91460000MAC051CL71,32
1395,三亚英特格蒂科技有限公司,91460000MAE2DUNH2J,32
1396,三亚应律投资有限公司,91460000MABN5KK90C,32
1397,三亚隐于海酒店管理有限公司,91460000MAD6REE946,32
1398,三亚尹口科技有限公司,91460000MA5U2CTL3N,32
1399,三亚尹航商贸有限公司,91460000MAC0LN7T8R,32
1400,三亚银友信息咨询合伙企业（有限合伙）,91460000MA7LPUEM66,32
1401,三亚银亚白泽科技有限公司,91460000MAECAHU13U,32
1402,三亚银龙影业文化有限公司,91460000MA5TJCGW2C,32
1403,三亚银超倍商贸有限公司,91460000MADPG2XKXJ,32
1404,三亚驿博熙商务信息咨询有限公司,91460000MA5TGRA66E,32
1405,三亚逸游探索旅游有限公司,91460000MAEDB98T7N,32
1406,三亚逸新科技有限责任公司,91460000MAE6U8FGXT,32
1407,三亚逸境传媒科技有限公司,91460108MACWNY583N,32
1408,三亚逸峰汽车销售有限公司,91460000MAEBXX7E1Q,32
1409,三亚艺绅旅游服务有限公司,91460000MACMCK9KXH,32
1410,三亚艺绅家政服务有限公司,91460108MAC9WGBQ81,32
1411,三亚艺火咨询管理有限公司,91460000MAC283CT6Y,32
1412,三亚艺画苑教育培训中心有限公司,91460105MAA95B0C9B,32
1413,三亚翼隆行汽车服务有限公司,91460200MA5RKXAF6K,32
1414,三亚翼光网络科技有限公司,91460200MA5T2JTP40,32
1415,三亚翼帆顺餐饮有限公司,91460000MACT1KG4XH,32
1416,三亚益泽轩贸易有限公司,91460200MA5T54XQ31,32
1417,三亚益佑家政服务有限公司,91469006MADUPU8U2B,32
1418,三亚益兴隆投资有限责任公司,91460000MAK35W609N,32
1419,三亚益溪贸易有限公司,91460200399252217A,32
1420,三亚益善炫网络科技有限公司,91460000MA5TGRAK09,32
1421,三亚益农裕丰农业发展有限公司,91460000MAELHC701R,32
1422,三亚益铭实业有限公司,91460000MAA8Y2AFXM,32
1423,三亚益民慧通企业管理有限公司,91460000MACTNXYP1Q,32
1424,三亚益美环保科技有限公司,91460000MADYMQJ465,32
1425,三亚益康安综合门诊有限公司,91460200MA5T6XEW6M,32
1426,三亚益健药业有限公司,91460000MA5THLRA6B,32
1427,三亚益禾餐饮管理有限公司,91460000MAELMKP480,32
1428,三亚益耕农业科技有限公司,91460108MADF98UC4U,32
1429,三亚益妃果业有限责任公司,91460000MADADAR34Y,32
1430,三亚熠欣投资有限公司,91460000MADG8GQ75L,32
1431,三亚毅能航科技有限公司,91460000MAD6FFQB4T,32
1432,三亚毅华电子科技有限公司,91460106MADA208288,32
1433,三亚易视芯置业有限公司,91460200056389537W,32
1434,三亚易视芯科技有限公司,9146020055737304XH,32
1435,三亚易美达咨询服务有限公司,91460000MAA96UB59G,32
1436,三亚易阔农业信息科技有限公司,91460000MACTT3458B,32
1437,三亚易近国际贸易有限公司,91460108MADFXT1W1C,32
1438,三亚易华贸易有限公司,91460000MADGCNTT5X,32
1439,三亚易德利杰科技有限公司,91460000MADPNGAQ9H,33
1440,三亚易达康健贸易有限公司,91460000MAELUUPU1A,33
1441,三亚易搭迁贸易有限公司,91460200MA5T5DGH6A,33
1442,三亚易城乐居房地产开发有限公司,91460200MA5RJ7M03J,33
1443,三亚易馋餐饮有限公司,91460105MAA91RGR5D,33
1444,三亚懿海科技发展有限公司,91460108MAD8DGTG8D,33
1445,三亚意童安贸易有限公司,91460000MAC51NX87T,33
1446,三亚意派装饰工程有限公司,91460000MAELD87RXE,33
1447,三亚意隆运输有限公司,91460000MADJ8ENM6H,33
1448,三亚忆时代网吧（个人独资）,91460000MAA904QN84,33
1449,三亚忆生友鱼科技有限责任公司,91460000MAC6GHF707,33
1450,三亚弋喜词网络科技有限公司,91460000MA5TDYQYXT,33
1451,三亚弈彩多农业发展有限公司,91460200MA5T22WF5J,33
1452,三亚屹嘉技术服务中心（个人独资）,91460000MAE5U97MX7,33
1453,三亚屹东创新科技合伙企业（有限合伙）,91460000MAE8G1WY1R,33
1454,三亚屹澄贸易有限公司,91460000MACXP1UK2U,33
1455,三亚奕文文化投资有限公司,91460000MAC3ABB49P,33
1456,三亚奕界企业管理有限公司,91460000MAG0NCE54F,33
1457,三亚奕峰萱网络科技有限公司,91460000MA5TGCBQ5M,33
1458,三亚奕丰贸易有限公司,91460000MACCCGH07A,33
1459,三亚亿之鑫科技有限公司,91460000MAG0YETX4Q,33
1460,三亚亿用电商贸有限公司,91460000MADNJ8FC0A,33
1461,三亚亿鑫成汽车租赁有限公司,91460200MA5RHCFD8R,33
1462,三亚亿伟美建筑工程有限公司,91460106MAD9NFAF10,33
1463,三亚亿绅旅游服务有限公司,91460000MACDJYYJ93,33
1464,三亚亿举农业科技有限公司,91460107MADEFRFM49,33
1465,三亚亿玖玖建筑装饰工程有限公司,91460108MAD7TYM91B,33
1466,三亚亿嘉源贸易有限公司,91460000MAE71XR22J,33
1467,三亚亿佳房地产经纪有限公司,91460000MAE7C6QN4N,33
1468,三亚亿豪时贸易有限公司,91460000MA5U0E6J58,33
1469,三亚亿峰医疗器械合伙企业（有限合伙）,91460000MAEPLE2L2J,33
1470,三亚亿电通能源管理有限公司,91460000MAEFUT9813,33
1471,三亚亿德建筑工程有限公司,91460000MADLW1A862,33
1472,三亚亿长居物业管理有限公司,91460000MAET4WX32B,33
1473,三亚亿灿建筑劳务有限公司,91460108MADKNN2A1N,33
1474,三亚亿宝建筑工程有限公司,91460000MA5TA1974P,33
1475,三亚亿安羽投资有限公司,91460000MADCU1TQ5X,33
1476,三亚亦森国际贸易有限公司,91460000MAEBY3PEX6,33
1477,三亚以勒建筑装饰设计有限公司,91460200687297305F,33
1478,三亚怡璟建筑装饰工程有限公司,91460200MA5RE2CD50,33
1479,三亚怡海彦南商业管理有限公司,91460000MAC4L5BT80,33
1480,三亚怡菲企业管理有限公司,91460000MACH3THT5E,33
1481,三亚宜源果农业科技有限公司,91469005MADM0KBT2H,33
1482,三亚宜轩亦电子商务有限公司,91460000MACABF0Q1U,33
1483,三亚宜诚水产有限公司,91460108MAD0L4EU0N,33
1484,三亚壹之佳装饰工程有限公司,91460000MAA97QEK5M,34
1485,三亚壹生有笑文化传媒有限公司,91460000MAEQPD3C5U,34
1486,三亚壹米滴嗒物流供应链管理有限公司,91460000MABMJH947P,34
1487,三亚壹嘉投资有限公司,91460000MAC33FW96T,34
1488,三亚壹航贸易有限公司,91460000MAC58HCP4J,34
1489,三亚壹凡物联科技有限公司,91460000MA7KWCUKXW,34
1490,三亚伊真进出口贸易有限公司,91460000MADHFYQ9XY,34
1491,三亚伊路蒙洋养殖科技咨询有限公司,91460200MA5U2KY05U,34
1492,三亚伊发办公家具有限公司,91460000MAE47BY866,34
1493,三亚一洲药品有限公司,91460000MAC76T4G3H,34
1494,三亚一知投资有限公司,91460108MADM331955,34
1495,三亚一叶小舟培训学校有限公司,91469030MA5TH48D3Y,34
1496,三亚一旭贸易有限公司,91469026MAD1DTXH09,34
1497,三亚一心堂盛康药房（个人独资）,91469001MADXTQ2D9Y,34
1498,三亚一心美科技有限公司,91460000MAEM5JH77D,34
1499,三亚一统农业有限责任公司,91460000MADJ68379M,34
1500,三亚一舍培训中心有限公司,91460200MADLTDFH8F,34
1501,三亚一睿咨询有限公司,91460000MACR9QKR11,34
1502,三亚一而再供应链管理有限公司,91460000MAEMCQFE91,34
1503,三亚一点通达实业有限公司,91460200MA5RE9BE61,34
1504,三亚烨龙投资有限公司,91460108MAA9AAT69K,34
1505,三亚叶知秋国际贸易有限公司,91460000MAE8JPEY9H,34
1506,三亚叶畔向商务咨询有限公司,91460000MA5TEE7521,34
1507,三亚叶犁方商务咨询有限公司,91460000MA5TEE7K5Q,34
1508,三亚业擎技术服务有限公司,91460000MAK1X2XY8X,34
1509,三亚业晟房产经纪有限公司,91460000MAEKBM7L71,34
1510,三亚也山投资合伙企业（有限合伙）,91460000MAEU50UAXT,34
1511,三亚椰汇传媒科技有限公司,91460000MAD24KFA6A,34
1512,三亚药多多健康药房有限责任公司,91460000MAENT6B75K,34
1513,三亚耀品国际贸易有限公司,91460000MAEXGNB886,34
1514,三亚耀雷瞳商务咨询有限公司,91460000MA5TEE6T21,34
1515,三亚耀海教育咨询有限公司,91460000MADF7W2U82,34
1516,三亚曜禹钎服装有限公司,91460000MA5TGT7L50,34
1517,三亚曜星传媒有限公司,91460000MAK234AL8F,34
1518,三亚瑶瑶科技有限责任公司,91460000MADF6FM910,34
1519,三亚尧门体育文化有限公司,91460000MA7L1WTJ1L,34
1520,三亚尧光贸易有限公司,91460000MAE91M1451,34
1521,三亚垚轩商贸有限公司,91460000MA5T85296M,34
1522,三亚垚静行数据科技有限公司,91460000MAE824757L,34
1523,三亚阳数医疗科技有限公司,91460000MAC4FLWY3T,34
1524,三亚阳润物业管理有限公司,91460000MAER0WX39F,34
1525,三亚阳霖置业投资有限公司,91460200MA5RDGJA8M,34
1526,三亚阳霖医疗科技发展有限公司,91460200557362711G,34
1527,三亚阳华科技有限公司,91460000MAK0RFFJ2U,34
1528,三亚羊译科技有限公司,91460000MADFKK4W51,34
1529,三亚洋赞百货商店（个人独资）,91460000MAA94GDT9J,35
1530,三亚洋源贸易有限公司,91460200MA5RC02C7E,35
1531,三亚洋优建筑工程有限公司,91460100MAA95B5X2B,35
1532,三亚杨昭俊科技有限公司,91460000MAC0H6UF1F,35
1533,三亚杨一勺文餐饮管理有限公司,91460108MACYJKMM85,35
1534,三亚杨洋聚达科技有限公司,91460200MA5RHLFJ13,35
1535,三亚杨祥废品回收场,91460000MA5TXDD19H,35
1536,三亚艳华富贸易有限责任公司,91460000MAC3LKGR3E,35
1537,三亚燕吟商贸有限公司,91460000MA5TJ5BC8F,35
1538,三亚晏波房地产营销策划有限公司,91460000MACGAUCP0A,35
1539,三亚眼镜汽车修理有限公司,91460000MA5TF2P76B,35
1540,三亚颜源农业有限公司,91460000MACT0GPR9K,35
1541,三亚颜较蕊商务咨询有限公司,91460000MA5TE7XN69,35
1542,三亚言值无限文化传媒有限公司,91460200MADM5B7TXX,35
1543,三亚言税科技有限公司,91460000MABYC9KEXX,35
1544,三亚言蹊企业管理合伙企业（有限合伙）,91469033MA5U1MLM25,35
1545,三亚研博快线教育咨询有限公司,91460000MACU3X9698,35
1546,三亚炎旭财务咨询有限公司,91460000MAD7TTHQ5T,35
1547,三亚炎鑫咨询管理有限公司,91460000MAC5BKYY2F,35
1548,三亚炎日暖环保科技有限公司,91460000MA5TPXU851,35
1549,三亚炎璀源贸易有限公司,91460000MADH9R4A6L,35
1550,三亚炎晟智创企业管理咨询合伙企业（有限合伙）,91460000MAK12B1W3D,35
1551,三亚炎晟健康医学咨询合伙企业（有限合伙）,91460000MAK2TXXW51,35
1552,三亚岩丰商贸有限公司,91460000MAD0CXHK86,35
1553,三亚岩发建材有限公司,91460000MA7J2CUJ7U,35
1554,三亚娅萱斯商务咨询有限公司,91460000MA5TE7X591,35
1555,三亚雅智希商贸有限公司,91460000MACBWK3K0P,35
1556,三亚雅莹商贸有限公司,91460000MA5TJF5B9P,35
1557,三亚雅瑞农业科技发展有限公司,91460000MA5TX0UN10,35
1558,三亚雅凝女装有限公司,91460000MA5TJKN82C,35
1559,三亚雅合文化传播有限公司,91460000MADCDGT78M,35
1560,三亚雅好亿百货商行（个人独资）,91469005MADPL44H37,35
1561,三亚雅布伦商务中心有限公司,91460108MACHLP9P91,35
1562,三亚涯州湾商务服务有限公司,91460100MA5TUC9F9P,35
1563,三亚涯州富士电梯有限公司,91460200MA5RJNJP2J,35
1564,三亚崖洲熙商贸有限公司,91460000MACD3A5B60,35
1565,三亚崖州朱雀传媒有限责任公司,91460000MAE821CE4B,35
1566,三亚崖州众仁投资有限公司,91460000MAE1N6419W,35
1567,三亚崖州志惠百货有限公司,91460000MAEW0H980F,35
1568,三亚崖州云栖海酒店有限公司,91460000MAG15DHWXU,35
1569,三亚崖州悦运汽车运输有限公司,91460000MAETL6DL45,35
1570,三亚崖州悦祥百货商行（个人独资）,91469005MADQE6DW12,35
1571,三亚崖州悦途山海旅游咨询有限公司,91460000MAEAEP8J2K,35
1572,三亚崖州远程金丰物流中心,91460205MA5TF5L28K,35
1573,三亚崖州源坚汉百货商行（个人独资）,91469034MADQMWKM9T,35
1574,三亚崖州源达管道燃气有限公司,91460200MA5RH72130,36
1575,三亚崖州元码科技有限公司,91460000MAEWXMWJ03,36
1576,三亚崖州宇讯百货商行（个人独资）,91469027MADQGB837X,36
1577,三亚崖州有成教育科技有限公司,91460000MAEPUUXF3X,36
1578,三亚崖州柚汐数字科技有限公司,91460000MAEDRM2Q7M,36
1579,三亚崖州永敬堂济康大药房,91460205MA5TFNTF4H,36
1580,三亚崖州永晟领航海洋工程有限公司,91460000MAEWT9CD7T,36
1581,三亚崖州易勃科技有限公司,91460000MAEEPNR22C,36
1582,三亚崖州椰茂贸易有限公司,91460000MAERUM5L4P,36
1583,三亚崖州杨德建再生资源回收站,91460205MA5TD9XU3E,36
1584,三亚崖州崖美新商贸有限公司,91460000MAENWUF728,36
1585,三亚崖州鑫晶投资有限公司,91460000MAEA0LCY3P,36
1586,三亚崖州鑫繁农业有限公司,91460000MAE3971A14,36
1587,三亚崖州喜候鸟医疗服务有限公司,91460000MAE9UJPG61,36
1588,三亚崖州万景房屋中介有限责任公司,91460000MAEH0GG2X7,36
1589,三亚崖州湾众康医药有限公司,91460000MAA94D836F,36
1590,三亚崖州湾众安医药有限公司海月分公司,91460000MAE5E3LX5Y,36
1591,三亚崖州湾众安医药有限公司,91460000MA5U2WNWXC,36
1592,三亚崖州湾伊宠商贸有限公司,91460000MAETNB9F4W,36
1593,三亚崖州湾数字科信有限公司,91460000MA5TP6BPXR,36
1594,三亚崖州湾食品有限公司,91460200324173100L,36
1595,三亚崖州湾农渔业发展有限公司,91460200MA5TY81R7X,36
1596,三亚崖州湾南海海洋深层水研究院有限公司,91460000MA7H4LH61T,36
1597,三亚崖州湾科技城投资控股有限公司,91460200MA5TFHHN7J,36
1598,三亚崖州湾科技城控股集团有限公司,91460200MA5T89HQ12,36
1599,三亚崖州湾科技城开发建设有限公司,91460200MA5T9DX15F,36
1600,三亚崖州湾科城领学教育科技有限公司,91460108MADP82DL7F,36
1601,三亚崖州湾国际农业科技孵化器有限公司,91460105MAA96XK54A,36
1602,三亚崖州湾创业投资有限公司,91460200MA5TG8QA9T,36
1603,三亚崖州湾创新科技国际咨询研究院有限公司,91460200MA5THTCA2T,36
1604,三亚崖州湾创新发展中心有限公司南繁科技城分公司,91460000MAERK1DF4H,36
1605,三亚崖州湾创新发展中心有限公司,91469001MA5TP75T7U,36
1606,三亚崖州溯谕科技有限公司,91460000MAEW3MTD95,36
1607,三亚崖州酥合源食品有限公司,91460000MAE0QB2749,36
1608,三亚崖州斯明百货商行（个人独资）,91469007MADQMRLCXC,36
1609,三亚崖州树林家政管理有限公司,91460000MAE8KC8N0K,36
1610,三亚崖州莳羽汽车租赁有限责任公司,91460000MAE5LQ1M9D,36
1611,三亚崖州尚奇盛商贸有限公司,91460000MADQ3PDM1Q,36
1612,三亚崖州山野医疗科技有限公司,91460000MAETEEXY1C,36
1613,三亚崖州铨桓科技有限公司,91460000MAEU9LJ90C,36
1614,三亚崖州区远盈会计服务有限公司,91460200MA5T4RPT44,36
1615,三亚崖州区启智未来教育培训学校有限公司,91460000MAEGY1N87L,36
1616,三亚崖州区骏业建筑工程有限公司,91460000MAG0KNQQ63,36
1617,三亚崖州区昶新能源有限公司,91460000MAEKQLGW3D,36
1618,三亚崖州平拓商务咨询服务有限公司,91460200MA5T6KGF45,36
1619,三亚崖州平安汽车有限公司,91460200394552632C,37
1620,三亚崖州品宴餐饮有限公司,91460000MAEWYPLE31,37
1621,三亚崖州麦塔特隆信息技术有限公司,91460000MAE6CKUD5W,37
1622,三亚崖州隆盛科技有限公司,91460200324206283X,37
1623,三亚崖州玲玲二手车经营有限责任公司,91460000MAECHU7L4F,37
1624,三亚崖州梁立超口腔诊所有限责任公司,91460000MAE2JTHR6A,37
1625,三亚崖州岚岚企业管理服务有限公司,91460000MAE1UPKK6W,37
1626,三亚崖州客来多餐饮店（个人独资）,91460000MAEEF7PEXN,37
1627,三亚崖州久亚百货商行（个人独资）,91460108MADNQ5XC5T,37
1628,三亚崖州洁承家政有限责任公司,91460000MAEQY4U54Y,37
1629,三亚崖州姜紫芽慢病健康管理有限公司,91460000MAEWBTR7X9,37
1630,三亚崖州建媛贸易有限公司,91460000MAK0PMUA2K,37
1631,三亚崖州建茗建筑工程有限公司,91460000MAE74E3B8C,37
1632,三亚崖州汇享电子竞技馆（个人独资）,91469033MADRG3R61D,37
1633,三亚崖州环星百货商行（个人独资）,91469027MADQMQPC2H,37
1634,三亚崖州华商管理咨询有限公司,91460000MA5U2HWN25,37
1635,三亚崖州好易家房地产有限公司,91460000MAETW4119C,37
1636,三亚崖州好雅百货商行（个人独资）,91469005MADQHLWY65,37
1637,三亚崖州果蔬综合批发市场分公司,91460108MAC20AFP8G,37
1638,三亚崖州广健堂大药房,91460205MA5T6PGK9X,37
1639,三亚崖州广滨大药房,91460205MA5T6T3M39,37
1640,三亚崖州港湾投资有限公司,91460200324190349R,37
1641,三亚崖州锋回禄转经贸有限公司,91460000MAET8TDE92,37
1642,三亚崖州飞美投资有限公司,91460000MAE05RUP99,37
1643,三亚崖州丁思友废品回收站,91460205MA5TF09NXN,37
1644,三亚崖州丁华废品回收站,91460205MA5TF05W85,37
1645,三亚崖州德用物流有限责任公司,91460000MAE3W7KB6X,37
1646,三亚崖州大雨家政服务有限公司,91460000MAERCYN017,37
1647,三亚崖州春奥圆百货商行（个人独资）,91469001MADQ2ND43C,37
1648,三亚崖州城潮匠餐饮有限公司,91460000MAEMNAP71N,37
1649,三亚崖州彩苏辰百货商行（个人独资）,91469033MADR0H8B2E,37
1650,三亚崖州冰月令商贸有限责任公司,91460000MAK1X1NG44,37
1651,三亚崖州宝达原物流中心,91460205MA5TE3QF58,37
1652,三亚崖州百草堂医疗服务有限责任公司,91460000MAET0YXG28,37
1653,三亚崖州佰熵科技有限公司,91460000MAEGYMRL6F,37
1654,三亚崖州傲太展百货商行（个人独资）,91469027MADNMQRY2A,37
1655,三亚崖之南投资有限公司,91460000MACX49259U,37
1656,三亚崖韵广告传媒有限公司,91460000MA5TX8XR5L,37
1657,三亚崖韵非遗文化艺术传播有限公司,91460200MADRQQ8J49,37
1658,三亚崖湾科技有限公司,91460000MAD5AM536Y,37
1659,三亚崖生科技有限责任公司,91460000MAC0BXB411,37
1660,三亚崖海体育俱乐部有限公司,91460000MAEC52AE4Q,37
1661,三亚崖海能源科技有限公司,91460000MACUW60P19,37
1662,三亚崖府嘉禾企业管理咨询服务中心（有限合伙）,91460400MA5TJKRU88,37
1663,三亚崖丰实业发展有限公司,91460200075711149M,37
1664,三亚崖诚建筑工程有限公司,91460000MAD5CKFX01,38
1665,三亚崖城意达园林工程有限公司,91460000MA5TKWAX2N,38
1666,三亚崖城鑫朋物流部,91460203MA5RCHAD2K,38
1667,三亚崖城顺心捷达物流服务有限公司,91460107MAA92UE56K,38
1668,三亚崖城林道史物流仓储部,91460205MA5T6T231T,38
1669,三亚崖城鸿发物流部,91460203MA5RCHAE0E,38
1670,三亚崖城凡特货物仓储部,91460205MA5T1HL16N,38
1671,三亚崖城百广堂大药房南滨店,91460205MA5RGH960C,38
1672,三亚迅骁咨询科技有限公司,91460000MA5TX07W9D,38
1673,三亚迅西贸易有限公司,91460000MAE75LJM4J,38
1674,三亚迅砼智造科技有限公司,91460000MAELMJF68D,38
1675,三亚寻脉文化传播有限公司,91220102MA13WUQJ9Y,38
1676,三亚寻居房地产有限公司,91460200MA5RFBD13U,38
1677,三亚寻果岛供应链管理有限公司,91460000MA5TKX5389,38
1678,三亚雪树轻扬贸易有限公司,91460000MAE7PWQF07,38
1679,三亚雪梅彦网络科技有限公司,91460000MA5TF7XDXY,38
1680,三亚学修一林科技有限公司,91460200MA5RHW0P59,38
1681,三亚炫琦清贸易有限公司,91460000MACHKHPQ1W,38
1682,三亚炫幕文化传媒有限公司,91460000MA5U1JBP5E,38
1683,三亚炫俐贸易有限公司,91460000MA5TWD5G5F,38
1684,三亚悬挂鲤文化传媒有限公司,91469001MA5TW223XR,38
1685,三亚暄笛进出口贸易有限公司,91460000MAEP0BUC4X,38
1686,三亚宣之晟商贸有限公司,91460000MADECCFJ2G,38
1687,三亚宣博曳网络科技有限公司,91460000MA5TF64H5K,38
1688,三亚蓄翌萱投资咨询有限公司,91460000MAECWWEM4L,38
1689,三亚煦涵榛商务咨询有限公司,91460000MA5TGRGB5J,38
1690,三亚旭梓逗商贸有限公司,91460000MACCTKAT33,38
1691,三亚旭原实业有限公司崖州果蔬综合批发市场,91460200MA5T1T0L9T,38
1692,三亚旭耀汽车租赁有限公司,91460200MA5RHNHA64,38
1693,三亚旭阳装饰工程有限公司,91460000MADPPDAC71,38
1694,三亚旭麟建筑劳务有限公司,91460000MAEFLJW81Y,38
1695,三亚旭佳科技有限公司,91460000MAEEXHPC9B,38
1696,三亚旭衡投资有限公司,91460000MADYQPFB7E,38
1697,三亚旭宸投资有限责任公司,91460000MACBCRCE91,38
1698,三亚旭邦环境工程有限公司,91460000MAC4CK0F54,38
1699,三亚徐婕科技有限公司,91460000MAE91WTB82,38
1700,三亚修燃企业管理中心（有限合伙）,91469036MA5TLFT37L,38
1701,三亚雄州教育培训学校有限公司,91460000MA5TH2D62L,38
1702,三亚熊灵如商贸有限公司,91460200MA5RCUQF6E,38
1703,三亚杏特商贸有限公司,91460107MAD9QDC889,38
1704,三亚杏韧科技有限公司,91460000MABYK07H08,38
1705,三亚杏林科技服务有限公司,91460100MACT73NC6L,38
1706,三亚星舟科技有限公司,91460000MA5TJK7R65,38
1707,三亚星致企业管理咨询有限公司,91460000MAEBBXW14G,38
1708,三亚星正服装有限公司,91460000MAEHBW1M1T,38
1709,三亚星野云舟科技有限公司,91460000MAET6BBR2G,39
1710,三亚星絮烟花销售有限公司,91460000MACXMGMK63,39
1711,三亚星锌机械设备有限公司,91460108MADE0AQ14M,39
1712,三亚星霜科技有限公司,91230110MA1CHAAF61,39
1713,三亚星奇广告装饰工程有限公司,91460200MA5T2AHL0K,39
1714,三亚星际旅行科技有限公司,91460100MAA955YW2W,39
1715,三亚星华体育发展有限公司,91460000MAEPCQW56D,39
1716,三亚星和农业科技有限公司,91460000MAE8A5NK8G,39
1717,三亚星行广告有限公司,91460000MADA7KYP3F,39
1718,三亚星光德盈旅游文化投资有限公司,91460107MA5TUK9M8J,39
1719,三亚兴悦科技有限公司,91431000MA7CLHTW8K,39
1720,三亚兴伟旅业服务有限公司,914602006931984936,39
1721,三亚兴田贸易有限公司,91460000MAC8JENE91,39
1722,三亚兴美装饰工程有限公司,91460000MACKGTTN6A,39
1723,三亚兴茂联合企业管理合伙企业（有限合伙）,91469005MA5TKXCF0C,39
1724,三亚兴陆再生资源回收有限公司,91460000MA5TEABL8W,39
1725,三亚兴金红国际贸易有限公司,91460000MAD44R6P2Q,39
1726,三亚兴瀚投资有限公司,91460000MACGW2YA1W,39
1727,三亚兴德水产加工有限公司,91460200MA5T289F52,39
1728,三亚兴滨建筑装饰工程有限公司,91460100MA5TR2FU65,39
1729,三亚兴安瑞汽车维修服务有限公司,91460000MA5TRHCL4X,39
1730,三亚信源农业开发有限公司,91460000MA5T7UYC72,39
1731,三亚信与悦贸易信息咨询有限公司,91460200MA5T1L1F4G,39
1732,三亚信天翁海洋科技有限公司,91460100MACUT18T5P,39
1733,三亚信联汇科技有限公司,91460108MAD6W9KY0P,39
1734,三亚信德嘉汇科技管理合伙企业（有限合伙）,91460105MAA9A7K713,39
1735,三亚信达管道疏通有限公司,91469033MA5TJ9KLXC,39
1736,三亚信博广告装饰工程有限公司,91460200324026354X,39
1737,三亚馨源居房地产咨询服务有限公司,91460107MAD7L0G704,39
1738,三亚馨艺含艺术培训中心有限公司,91469025MA5TUMDE3D,39
1739,三亚馨庭物业管理有限公司,91460000MAEXUYCU0M,39
1740,三亚鑫雨渔业有限公司,91460200MA5RJA2UXQ,39
1741,三亚鑫宇传媒科技有限公司,91460000MAE6CUMN3P,39
1742,三亚鑫优嘉房地产有限公司,91460000MAA94D0X0A,39
1743,三亚鑫鹰投资有限公司,91460000MAEK655E3Q,39
1744,三亚鑫亿建筑劳务有限公司,91460000MADDUJ6657,39
1745,三亚鑫洋投资有限公司,914602006989226203,39
1746,三亚鑫焱垚投资有限公司,91469027MADNYBHR6U,39
1747,三亚鑫岩建筑劳务有限公司,91469025MADYAYNQ8K,39
1748,三亚鑫璇翌网络科技有限公司,91460000MA5TGCBP7T,39
1749,三亚鑫晓淼网络科技有限公司,91460000MA5TF04699,39
1750,三亚鑫图贸易有限公司,91460000MAEHHHA191,39
1751,三亚鑫泰管理有限公司,91460000MAE8A5606U,39
1752,三亚鑫巳届实业有限公司,91460200MA5T2B9X0N,39
1753,三亚鑫圣教育科技有限公司,91469002MA5T8LJ20F,39
1754,三亚鑫三叶实业有限公司,914602003240433571,40
1755,三亚鑫芮华广告传媒有限公司,91460000MAE6CUYX1U,40
1756,三亚鑫榕汽车运输有限公司,91460000MA5TH1R697,40
1757,三亚鑫美康投资有限公司,91460000MADEAU5W32,40
1758,三亚鑫猫传媒有限公司,91460000MAC289M92F,40
1759,三亚鑫马机动车检测有限公司,91460000MAEUU2HG80,40
1760,三亚鑫隆信汽车服务有限公司,91460000MAE9GKPT9N,40
1761,三亚鑫励成教育培训有限公司,91460000MAE98J540Q,40
1762,三亚鑫杰副食品有限公司,91460000MAA9183694,40
1763,三亚鑫嘉美装饰工程有限公司,91460000MAA99A2C05,40
1764,三亚鑫鹤企业管理有限公司,91460000MAE2XWXP60,40
1765,三亚鑫和供应链管理有限责任公司,91460000MA5U0BP29Y,40
1766,三亚鑫合源商贸有限责任公司,91460108MAC9L86E6C,40
1767,三亚鑫浩国际投资有限公司,91460107MADPK7QE10,40
1768,三亚鑫广泰润五金有限公司,91460000MA5TX0QM8K,40
1769,三亚鑫肤上正海洋生物科技有限公司,91460000MAE5X5MF3J,40
1770,三亚鑫丰达印章服务有限公司,91460000MA5T8FN11P,40
1771,三亚鑫达合金科技有限公司,91460000MAE489BE93,40
1772,三亚鑫盛国际贸易有限公司,91460000MAD3AJQD1T,40
1773,三亚鑫盛邦建材有限公司,91460000MACX75AQ71,40
1774,三亚鑫晟科技服务有限公司,91460000MAEJWLDT1G,40
1775,三亚芯能科技有限公司,91110111MA008YK194,40
1776,三亚芯链信息技术有限公司,91469033MA5TMG8M7L,40
1777,三亚炘炘种业有限责任公司,91460204MADDHJ0L9N,40
1778,三亚欣屿投资有限公司,91460000MAD8HT6H78,40
1779,三亚欣兴新能源有限责任公司,91460106MAA9AFAD97,40
1780,三亚欣荣健康管理有限公司,91460000MA5U2X3T0U,40
1781,三亚欣晴文化传媒有限公司,91460100MADG3LK49W,40
1782,三亚欣农劳务服务有限公司,91460200MADHUUK33D,40
1783,三亚欣霖大药房轩轩店（个人独资）,91460000MAEU7L275F,40
1784,三亚欣乐贸易有限公司,91460200MADPU70E0J,40
1785,三亚欣海实业有限公司,914602000757401345,40
1786,三亚欣诚人力资源有限公司,91460100MABNQWCF6N,40
1787,三亚欣安海船工程有限公司,91460000MAEAQQD15C,40
1788,三亚昕联销售有限公司,91460000MAEX9P376J,40
1789,三亚新智算科技有限公司,91460000MAE9TX7M3R,40
1790,三亚新正科农业发展有限公司,91460000MAA994C85X,40
1791,三亚新雨贸易有限公司,91460000MACH17FP9K,40
1792,三亚新友恒贸易有限公司,91460000MADHE8GF93,40
1793,三亚新亦企业管理有限公司,91460000MAD8RLUC1A,40
1794,三亚新扬达网络技术有限公司,91410100MA9KGBHM7T,40
1795,三亚新讯伙伴企业管理合伙企业（有限合伙）,91469006MABM0XAM0T,40
1796,三亚新芯农牧业开发有限责任公司,91460000MAD4UBHD2R,40
1797,三亚新鲜人农产品贸易有限公司,91460200MA5RCE4MXC,40
1798,三亚新鲜的绿科技合伙企业（有限合伙）,91460000MACBCB8K9A,40
1799,三亚新途洁泰电子商务有限公司,91460000MAEM95JT3B,41
1800,三亚新速网络科技有限公司,91460000MAC3WDAA7U,41
1801,三亚新数城网络科技有限公司,91460200MA5RGX5N8D,41
1802,三亚新视窗建筑装饰有限公司,91460000MAEK0DXB6J,41
1803,三亚新睿贸易有限公司,91460000MA5TMEUH0Y,41
1804,三亚新热科技有限公司,91460000MAA92QGM7J,41
1805,三亚新苗科技有限公司,91460000MAEP5WNG7G,41
1806,三亚新领航贸易有限公司,91460000MAEW389R80,41
1807,三亚新凌菲实业有限公司,91460000MACD56KNXL,41
1808,三亚新良田农业科技有限公司,91460108MAA9AKXN0A,41
1809,三亚新立程汽车修理有限公司,91460000MA5T826H98,41
1810,三亚新澜商贸有限公司,91460000MAK13N4X99,41
1811,三亚新记得科技服务有限公司,91460000MADB4FAL9U,41
1812,三亚新火虫科技有限公司,91460000MABTMRHF8H,41
1813,三亚新鸿兴汽车服务有限公司,91460108MADHJL5P3Q,41
1814,三亚新虹网络科技有限公司,91460000MAC3WDA991,41
1815,三亚新风范科技有限公司,91460000MAC8FBD359,41
1816,三亚新方向生物科技有限公司,91460000MA5TLD1X9L,41
1817,三亚新翠投资合伙企业（有限合伙）,91469036MADDB01A06,41
1818,三亚新滨果蔬供应有限公司,91460000MAC8379U4E,41
1819,三亚心花怒放民谣餐饮有限公司,91460000MAEAGA719K,41
1820,三亚斜度科技有限公司,91460000MAC0C7PE7T,41
1821,三亚协樽贸易有限公司,91460000MACBHH2W2X,41
1822,三亚晓杰地产有限公司,91460200MA5RH3F90U,41
1823,三亚小小管家会计服务有限责任公司,91460000MADE3M2Y08,41
1824,三亚小奇优品网络科技有限公司,91469033MA5TXEDM34,41
1825,三亚小目标商贸有限公司,91460000MAG27YMT66,41
1826,三亚小蛮芒农业有限公司,91469001MAA99KYDXX,41
1827,三亚小哈传媒有限公司,91460000MA5TUM9C1P,41
1828,三亚小果优品网络科技有限公司,91460106MA5TXEAF7U,41
1829,三亚骁真哲商务咨询有限公司,91460000MA5TF0YR1P,41
1830,三亚骁立贸易有限公司,91460000MAEJE47E6H,41
1831,三亚骁健原商务咨询有限公司,91460000MA5TF0YM0G,41
1832,三亚逍遥牛管理咨询合伙企业（有限合伙）,91460000MADY87H372,41
1833,三亚潇湘科技有限公司,91460000MAEGBN2W43,41
1834,三亚潇山实业有限公司,91460000MA7KD13W2N,41
1835,三亚潇勃楠报刊零售有限公司,91460000MA5TGUYQ0E,41
1836,三亚响涞峪商务咨询有限公司,91460000MA5TF10N5X,41
1837,三亚响桨候商务咨询有限公司,91460000MA5TF0Y94G,41
1838,三亚响欢耘商务咨询有限公司,91460000MA5TF1058M,41
1839,三亚响恭峪商务咨询有限公司,91460000MA5TF0Y78T,41
1840,三亚翔彤彬报刊零售有限公司,91460000MA5TGUYWXC,41
1841,三亚祥顺物业有限公司,91460000MAEDCTKT3B,41
1842,三亚祥辉竹网络科技有限公司,91460000MA5TF7X46E,41
1843,三亚香禹怡科技有限公司,91460000MAC26BJX48,41
1844,三亚襄尔企业管理咨询有限责任公司,91469028MADMCCHT4E,42
1845,三亚相知新商贸中心,91460000MA5TPKKF3C,42
1846,三亚相英餐饮服务有限公司,91460000MAA963RR71,42
1847,三亚相信汽车租赁有限公司,91460000MA5TM1EL6W,42
1848,三亚相蓓尧商务咨询有限公司,91460000MA5TGD9Y08,42
1849,三亚湘迎未来国际旅行社有限公司,91460000MAEJUJ865M,42
1850,三亚湘农科技有限公司,91460000MACR9MF08G,42
1851,三亚湘晟贸易有限公司,91460000MA5TMYWD5K,42
1852,三亚乡然农业开发有限公司,91460000MAD52NXD5P,42
1853,三亚仙人湾旅游开发有限公司,91460000MAE591CL79,42
1854,三亚夏洛克摄影有限公司,91460200MA5RE8HX7E,42
1855,三亚系利信息技术有限公司,91460000MAC40U1J6W,42
1856,三亚禧庆烟花爆竹有限公司,91460000MAEH24UC9T,42
1857,三亚喜悦树酒店管理有限公司,91460000MA5TECDH34,42
1858,三亚喜天烟花爆竹销售有限公司,91460000MAEB3YG03H,42
1859,三亚喜松堂管理有限责任公司崖州区分公司,91460000MAEA99J30T,42
1860,三亚喜顺叨百货商店（个人独资）,91460000MAA94FTA2Y,42
1861,三亚喜利多学生托管中心,91460400MA5TMWMQ24,42
1862,三亚喜丽商贸有限公司,91469007MADMX2NF5G,42
1863,三亚西蜜农业信息咨询合伙企业（有限合伙）,91460205MACJERHT15,42
1864,三亚西伯能源有限公司,91460000MAE424QU9P,42
1865,三亚熙探适网络科技有限公司,91460000MA5TDYR59Q,42
1866,三亚熙清仑商务咨询有限公司,91460000MA5TEE6L7A,42
1867,三亚熙沐旅游服务有限责任公司,91460108MADFPEPB88,42
1868,三亚熙禾君健医疗科技有限公司,91469031MADNX2W00X,42
1869,三亚烯茸茜商务咨询有限公司,91460000MA5TEF392M,42
1870,三亚溪跃君文化传媒有限公司,91460000MAED92244J,42
1871,三亚溪研科技有限公司,91460000MAD93LQ83K,42
1872,三亚溪旺医疗健康有限公司,91469035MADWLGXJ38,42
1873,三亚溪双贸易有限公司,91460000MA5TUD191D,42
1874,三亚淅新科技有限公司,91469025MADNMCB04E,42
1875,三亚晰观捷阔投资中心（有限合伙）,91469002MADNGHF94H,42
1876,三亚希希丁于网络科技有限公司,91460200MA5RHMW742,42
1877,三亚希旺科技有限公司,91460000MAEDHN4W7E,42
1878,三亚希诺科技有限公司,91460000MAA92H2Q6G,42
1879,三亚嬉戏环保科技有限公司,91460106MADUPDKU2A,42
1880,三亚夕照宏博网络科技有限公司,91460200MA5RHN9L5X,42
1881,三亚夕爱房产经纪有限公司,91460000MADBG0TG3G,42
1882,三亚兮汇商贸有限公司,91460000MACAXEHX4Y,42
1883,三亚兮儿喜悦网络科技有限公司,91460200MA5RHL5533,42
1884,三亚舞胜源农业科技有限公司,91469031MADRYQ1E2P,42
1885,三亚武韵咨询有限公司,91460000MAEFCR4518,42
1886,三亚武理科技有限公司,91460000MADJC7RF7U,42
1887,三亚武杰废旧物资回收有限公司,91460000MA5TJFGP30,42
1888,三亚武德再生资源回收有限公司,91460000MABUNTDU7M,42
1889,三亚午芯芯科技有限公司,91460200MADNQ6LA5E,43
1890,三亚午午百货商店（个人独资）,91460000MAA94L213L,43
1891,三亚五喜乐贸易有限公司,91460000MACRCNM951,43
1892,三亚五舞舞蹈培训中心有限公司,91460000MAD60GQU02,43
1893,三亚无忧房管家房地产咨询服务有限公司崖州区创意新城营业部,91460200MA5TTF1593,43
1894,三亚无边实业有限公司,91460000MADCABDU4Q,43
1895,三亚吾创创意文化有限公司,91460000MACTB0F35L,43
1896,三亚沃坤生态农业科技有限公司,91460000MA5TAPC44L,43
1897,三亚沃卡商贸有限公司,91460000MAG1WYCX0K,43
1898,三亚沃金科技有限公司,91460000MAE87YCM74,43
1899,三亚沃城建筑工程有限公司,91460200MA5RDQ5D00,43
1900,三亚我来吃餐饮有限公司,91460108MAD4JQWG3F,43
1901,三亚问山海投资有限公司,91460204MADELA2H7Q,43
1902,三亚稳亦萱汽车有限公司,91460000MAEWBYXP9F,43
1903,三亚稳达快寄贸易有限责任公司,91460000MAEG2F6P13,43
1904,三亚闻腾进出口贸易有限公司,91460000MA5TUPAJ38,43
1905,三亚文跃工程技术与设计服务有限公司,91460000MA7JBTQ1X8,43
1906,三亚文轩诺佳航商业管理有限公司,91469027MADA4B6E4K,43
1907,三亚文森商贸有限公司,91460000MAEE476120,43
1908,三亚文康旅游发展有限公司,91460000MA7H5X328M,43
1909,三亚文金投资有限公司,91460107MADAPU921C,43
1910,三亚文画在线科技有限公司,91460100MADJQDE55A,43
1911,三亚蔚蔚海文化科技发展有限公司,91460000MAEU9LFW38,43
1912,三亚蔚蓝线文旅有限公司,91460000MAERDX8C77,43
1913,三亚蔚来智行新能源汽车科技有限公司,91460000MA5THFEU0P,43
1914,三亚蔚海明祥科技有限公司,91460200MADNC1RYXQ,43
1915,三亚未特生物科技有限公司,91460000MAE828HP5N,43
1916,三亚未来魔法学生托管有限公司,91460000MAEN0G3H5F,43
1917,三亚尉来医疗科技中心（有限合伙）,91460105MACD5WGH6K,43
1918,三亚卫武网络科技有限公司,91460000MAA99TD20W,43
1919,三亚伟征国际贸易有限公司,91460000MAK2MTLWXU,43
1920,三亚伟拓科技有限公司,91460105MAD60MTU6H,43
1921,三亚伟联英科技有限公司,91460108MADPG5151W,43
1922,三亚伟辉投资有限公司,91460108MADP8P5D36,43
1923,三亚伟华菁英教育科技有限公司,91460000MAE1Q7T848,43
1924,三亚伟邦办公家具有限公司,914602000623278859,43
1925,三亚维桢科技有限公司,91460000MAA95A4M34,43
1926,三亚维微创业投资合伙企业（有限合伙）,91469033MADLQ55N58,43
1927,三亚维思融媒设计有限公司,91460000MADJ2CM522,43
1928,三亚维农科技服务有限公司,91460000MACYRYCJ16,43
1929,三亚维康咨询有限公司,91460000MAEM0PLUXL,43
1930,三亚维华投商贸有限公司,91460000MADEDBCP5E,43
1931,三亚维尔其传媒科技有限公司,91460000MAC9XFN98P,43
1932,三亚维得房地产经纪有限公司,91460200MA5RD8AG8L,43
1933,三亚为民国际旅行社有限公司,91460000MAEQCD2N8L,43
1934,三亚薇祉录商务咨询有限公司,91460000MA5TGDA17M,44
1935,三亚薇旭体育文化有限公司,91460105MAA9AE33XD,44
1936,三亚微优易科技有限公司,91460000MAE73E687F,44
1937,三亚微鑫再生资源回收有限责任公司,91460000MA5TAB98XE,44
1938,三亚微汇网络科技有限公司,91460000MACHR4CGXD,44
1939,三亚微编程网络科技有限公司,91460100MADCPMAF4D,44
1940,三亚巍巍昆仑科技合伙企业（有限合伙）,91460000MAG10FA1X0,44
1941,三亚威旺企业管理咨询有限公司,91460000MAEH8U9G1L,44
1942,三亚望峰商贸有限公司,91460000MA5T8DN83N,44
1943,三亚旺角科技有限公司,91460000MAD637NQ0R,44
1944,三亚王惟一中医院有限公司,91460000MAEJYEDP0E,44
1945,三亚王氏一口猪餐饮管理有限公司,91460105MADKEY9D12,44
1946,三亚万展物业服务有限公司,91460200MADMLUQC0X,44
1947,三亚万泽科技有限公司,91460000MAEGKRDK62,44
1948,三亚万域实业有限公司,91460000MA5U13FM2D,44
1949,三亚万友云科技有限公司,91460204MADP1UHK2F,44
1950,三亚万垚工程机械有限公司,91460000MAA97UWU2R,44
1951,三亚万研科技有限公司,91460000MACP44N94E,44
1952,三亚万象新宸信息科技有限公司,91431000MAC0NPMG36,44
1953,三亚万斯特投资有限公司,91460000MAE3F3283F,44
1954,三亚万融工程设备租赁有限公司,91460100MA5TWJ2523,44
1955,三亚万利屋房产服务有限公司,91460200MA5RD7UG2B,44
1956,三亚万里恒信船舶运输有限公司,91460200MA5RF5WF21,44
1957,三亚万钧配送服务有限公司,91460000MAEDL77R3T,44
1958,三亚万加医疗美容有限公司,91460000MACLUEA2X3,44
1959,三亚万惠开发建设有限公司,91460000MA5THFHUXJ,44
1960,三亚万贵豪庭房地产有限公司,91460200MA5T831N9J,44
1961,三亚万德福商贸有限公司,91460200062339560W,44
1962,三亚万博辰装饰设计工程部（个人独资）,91460000MACJA9EM43,44
1963,三亚万贝扬投资有限公司,91460000MAE7LYT6XA,44
1964,三亚晚枫炉魅餐饮服务有限公司,91469005MA5TTRMX4K,44
1965,三亚婉晴农产品开发有限公司,91460200MA5REG8M1A,44
1966,三亚瓦利安特投资咨询有限公司,91460000MAE6Y8UE0A,44
1967,三亚兔比嘉装饰工程有限公司,91460000MAD7Y4R48W,44
1968,三亚童之梦婴幼托育中心（个人独资）,91469034MA5TP6AW07,44
1969,三亚童鑫辉网络科技有限公司,91460000MA5TGRAH6R,44
1970,三亚砼艺工程服务中心（个人独资）,91460000MACYD4LC3T,44
1971,三亚同有三泰生物科技有限公司,91460000MACGM15K1T,44
1972,三亚同禄园林有限公司,91460200MA5RD6R26N,44
1973,三亚同赴企业管理合伙企业（有限合伙）,91460000MAEMDT4C6D,44
1974,三亚同创科技有限公司,91460000MAE14XW33F,44
1975,三亚通用航空有限责任公司,91460000MAEGY5T865,44
1976,三亚通佰芯测信息技术服务有限责任公司,91460000MAG18J7M73,44
1977,三亚霆若贸商贸有限公司,91460000MACEBK8P1F,44
1978,三亚庭硕农业有限公司,91460000MACMTNC65W,44
1979,三亚婷琳商贸有限公司,91460000MA5TJF5GXT,45
1980,三亚铁小二科技有限公司,91320106MADAQMQ4X1,45
1981,三亚铁蛋众智信息咨询合伙企业（有限合伙）,91460000MACE5UKG9T,45
1982,三亚铁蛋众帮信息咨询合伙企业（有限合伙）,91460203MACDN9TA7T,45
1983,三亚铁蛋生物科技有限公司,91460108MAC8LM369P,45
1984,三亚田源物业服务有限公司,91460200589250642T,45
1985,三亚添浚汽车服务有限公司,91460200MA5RD2GX9U,45
1986,三亚添发实业发展有限公司,91460200620464092Y,45
1987,三亚天中恒明投资有限公司,91469006MADT1HQQ7D,45
1988,三亚天之泽人力资源管理有限公司,91460000MAE54HW5XM,45
1989,三亚天之涯文化创意产业有限公司,91460000MA5TXPJ79C,45
1990,三亚天源环保投资有限公司,91460000MAC5NWU90Q,45
1991,三亚天援国际贸易有限公司,91469006MA5TT8UC1E,45
1992,三亚天圆海顺汽车服务有限公司,91460000MA5TDEYM8Y,45
1993,三亚天煜商务秘书有限公司,91460203MADQL5RH36,45
1994,三亚天诣网络科技有限公司,91460200324106610H,45
1995,三亚天奕宝宝母婴用品有限公司,91460000MACTYLGF21,45
1996,三亚天涯通信息科技有限公司,91460200681185580M,45
1997,三亚天图网络科技有限公司,91460200MA5RGLP985,45
1998,三亚天枢智联商业管理有限公司,91460000MAEKB5BM4U,45
1999,三亚天时利进出口贸易有限公司,91460200MADQCQU95F,45
2000,三亚天胜国际商贸有限公司,91460000MAC5TUY50D,45
2001,三亚天润通建材有限公司,91460000MACYD5B473,45
2002,三亚天润环保新材料科技有限公司,91460000MAE7RCBL0E,45
2003,三亚天默德霖信息咨询有限公司,91460000MAE6P0R22Q,45
2004,三亚天览海创信息技术合伙企业（有限合伙）,91469036MA5TRUG97F,45
2005,三亚天括投资有限公司,91460000MACBCRA01E,45
2006,三亚天开云科药业有限公司,91460000MADGJNF31R,45
2007,三亚天境向海居民宿有限公司,91460000MAEN2N015Q,45
2008,三亚天合众众现代农业发展有限公司,91460000MA5TPHN874,45
2009,三亚天海融科技商贸有限公司,91460000MADEME6L1G,45
2010,三亚天海德科技育种服务有限公司,91460106MAD2PW110Y,45
2011,三亚天工定海工程管理有限公司,91110105318052425Y,45
2012,三亚天枫农业发展有限公司,91460000MA5U1KKC94,45
2013,三亚天封农化有限公司,91460200665141801A,45
2014,三亚天驰通商贸有限公司,91460108MADCT8BK57,45
2015,三亚天晟投资有限公司,91460000MACCPEHK6H,45
2016,三亚天成远瞩管理合伙企业（有限合伙）,91469031MADUTRPF10,45
2017,三亚天成未来生物科技有限公司,91460000MAC9JDQT94,45
2018,三亚天安汽车租赁有限公司,91469030MAA910XM9B,45
2019,三亚腾铭动漫科技有限公司,91460200MA5T6BLE3X,45
2020,三亚滕誉康胜投资合伙企业（有限合伙）,91460000MAE7072T8L,45
2021,三亚特青进出口有限公司,91460200MADN96MM7H,45
2022,三亚特麟商务服务有限公司,91460200MA5T1XCL6B,45
2023,三亚特达飞贸易有限公司,91460000MACQM1RH6E,45
2024,三亚桃源世界数字传媒有限公司,914602005573684434,46
2025,三亚桃文装饰设计有限公司,91469007MA5U2TAB7Q,46
2026,三亚糖糖云智能汽车租赁有限公司,91460000MACKPMH95Q,46
2027,三亚汤马斯管理咨询合伙企业（有限合伙）,91460000MACNTL7429,46
2028,三亚坦通投资有限公司,91460000MA5U1E55X7,46
2029,三亚泰旗置业投资有限公司,91460200MA5T1GAPXC,46
2030,三亚泰来居地产旅行商贸有限公司崖州分公司,91460108MADXRFY724,46
2031,三亚泰来居地产旅行商贸有限公司,91460000MADJ0DREXD,46
2032,三亚泰杰龙实业有限公司,91460200MA5RGF6W97,46
2033,三亚泰戈盛业投资合伙企业（有限合伙）,91460000MAEF58QX0E,46
2034,三亚泰福装饰设计工程有限公司,91460000MACG233R24,46
2035,三亚泰昶建筑工程有限公司,91469027MA5THT9F4E,46
2036,三亚太始国际贸易有限责任公司,91460000MAETNHY23Y,46
2037,三亚太平洋建筑工程有限公司,91460000MA5TKGUB6A,46
2038,三亚太平洋建设有限公司,91460200MA5TENXU78,46
2039,三亚苔藓生态农业开发有限公司,91460000MAC8Y5275P,46
2040,三亚踏瑞驰轮滑俱乐部（个人独资）,91460000MAA971FE4W,46
2041,三亚拓洋海洋科技有限公司,91460000MAK1EURH3T,46
2042,三亚拓客商贸有限公司,91460000MAE423TH9H,46
2043,三亚拓镜咨询有限责任公司,91460000MAK0B4Q42L,46
2044,三亚拓界方舟控股有限公司,91460000MA7KNP7302,46
2045,三亚塔希尔供应链有限公司,91460000MAG0FBXB8R,46
2046,三亚索像光电科技有限公司,91460000MA5TYC3MXU,46
2047,三亚梭乐乐网络科技有限公司,91460000MA5TF7XE8Y,46
2048,三亚孙丽艳废品回收场（个人独资）,91460000MAA981NF9W,46
2049,三亚穗安生物科技有限公司,91460000MAEXKP2X2L,46
2050,三亚速泰快递服务有限公司崖城分公司,91460200MA5T6PPG3P,46
2051,三亚速拓贸易有限公司,91460000MAK1GEX93T,46
2052,三亚速鸟物流服务中心（个人独资）,91460000MAEDCBW892,46
2053,三亚素与素愿餐饮管理有限公司,91460000MAEFNP6X81,46
2054,三亚素朴科技服务有限公司,91469007MAA98HJ71D,46
2055,三亚送水佬配送有限公司,91460000MAC8M7KN01,46
2056,三亚宋城无边科技发展有限公司,91460000MABYK76N2G,46
2057,三亚松峰实业有限公司,91460200MA5REMQ379,46
2058,三亚肆玖悦宴餐饮管理有限公司,91460000MAEKAR5Q3J,46
2059,三亚四相农业信息科技有限公司,91460000MACQUC0A0L,46
2060,三亚四马鸿强土石方工程有限公司,9146020032414473XK,46
2061,三亚嗣慧科技有限公司,913702813214602437,46
2062,三亚斯维特生物科技有限公司,91460000MABYK3BK9J,46
2063,三亚斯瑟娅网络科技有限公司,91460000MAC9W04L9U,46
2064,三亚斯派修检测技术服务有限公司,91460000MAEW8HTG7U,46
2065,三亚斯恺莱商贸有限公司,91460000MAC8FBLM17,46
2066,三亚思远乡房地产经纪有限公司,91460000MADDTM3G0Y,46
2067,三亚思驭机械设备有限公司,91460000MAG142M12U,46
2068,三亚思萱昙科技有限公司,91460000MA5THU0W9U,46
2069,三亚思其智擎投资中心（有限合伙）,91460205MA5RGAM057,47
2070,三亚思其智麒投资中心（有限合伙）,91460205MA5RGAKQ5L,47
2071,三亚思其智德投资中心（有限合伙）,91460205MA5RGAHE88,47
2072,三亚思其智诚投资中心（有限合伙）,91460205MA5RFCFU6T,47
2073,三亚思诺农业发展有限公司,91460000MACQPD6E7Q,47
2074,三亚思邈科技发展有限公司,91460000MAERNYJB6Q,47
2075,三亚思君女装有限公司,91460000MA5TJKN74H,47
2076,三亚思晟科技有限公司,91460000MAD3BY8C5R,47
2077,三亚思博科技有限公司,91460200MADUFC9423,47
2078,三亚司古壹投资有限公司,91469034MADP7BG97D,47
2079,三亚丝钧维网络科技有限公司,91460000MA5TF7X2XK,47
2080,三亚铄金商旅服务有限公司,91460200MA5RC73B4C,47
2081,三亚硕令慧百货店（个人独资）,91469025MADGRRTD7P,47
2082,三亚硕奎国际贸易有限公司,91460105MAA994WY5W,47
2083,三亚硕锦工程有限公司,91460000MA5T9KFNX1,47
2084,三亚烁森商旅服务有限公司,91460200MA5RHPBF48,47
2085,三亚烁宝酷网络科技有限公司,91460200MA5RHKCD0J,47
2086,三亚朔正生物科技有限公司,91460000MAEWKU256J,47
2087,三亚顺泽建材有限公司,91460000MA5TCUM50Q,47
2088,三亚顺越投资有限公司,91460000MAE00PL47J,47
2089,三亚顺源科技有限公司,91460000MAEUT1MY99,47
2090,三亚顺优物流服务有限公司,91460000MACQTY5X5E,47
2091,三亚顺壹网络科技有限公司,91460204MADDKHC04Y,47
2092,三亚顺旭劳务服务有限公司,91460000MAEY1ALJ52,47
2093,三亚顺隆港集贸易有限责任公司,91460000MABU828T1U,47
2094,三亚顺诚建筑工程有限公司,91469036MA5TT4BL3K,47
2095,三亚顺成达福国际贸易有限公司,91460000MADCTMXY87,47
2096,三亚舜耕农业科技有限公司,91460000MAC1X3Q2XH,47
2097,三亚舜德商贸有限责任公司,91460000MA5TK5HT0Y,47
2098,三亚水之缘农业有限公司,91460200MA5RCY4E9T,47
2099,三亚水熊虫机械设备租赁有限公司,91460000MA5TTGC350,47
2100,三亚水母电商贸易有限公司,91460200MA5T2LPQ28,47
2101,三亚霜槐女装有限公司,91460000MA5TJKN907,47
2102,三亚双玥盛欢贸易有限公司,91460000MAETFCB89H,47
2103,三亚双泰置业有限公司,91460200MA5RJMUH4E,47
2104,三亚双农农资有限公司,91460200687275018T,47
2105,三亚双帆石渔业科技有限公司,91460000MAD2EW399W,47
2106,三亚双发建筑安装工程有限公司,91460200MA5RC1W61G,47
2107,三亚双辰贸易有限公司,91460000MAEL3HCG1E,47
2108,三亚双倍增咨询合伙企业（有限合伙）,91460000MAG1QRLH51,47
2109,三亚束维生物科技有限公司,91460000MAEMTUP874,47
2110,三亚数智伙伴企业管理有限公司,91460000MA7N8FK29J,47
2111,三亚数盈信息技术有限公司,914601003942979184,47
2112,三亚数盒科技有限公司,91460100MA5TKMKN7L,47
2113,三亚黍禾科技有限公司,91460000MAETFRF93L,47
2114,三亚蜀鹿国际贸易有限公司,91460000MAEXB95RX2,48
2115,三亚蜀华环保咨询有限公司,91460000MAE7D6X65D,48
2116,三亚舒薇女装有限公司,91460000MA5TJKN58U,48
2117,三亚舒畅纯科技有限公司,91460000MAC138CW6U,48
2118,三亚寿氏企业管理有限公司,91460108MACH7JN6XE,48
2119,三亚首晰循网络科技有限公司,91460000MA5TF63C82,48
2120,三亚首衡农产品有限公司,91469036MA5TH4AH9P,48
2121,三亚守正企业管理有限公司,91460000MADYXQJQ6P,48
2122,三亚释行达国际投资有限公司,91460000MAEFKHMX1X,48
2123,三亚适存科技有限公司,91469001MAA959MB57,48
2124,三亚市左璇弦网络科技有限公司,91460000MA7KUFQ24T,48
2125,三亚市佐将信息咨询有限公司,91460000MA7HUY9N7T,48
2126,三亚市尊堂文化传媒有限公司,91460000MA7HFJDYXA,48
2127,三亚市祖昆灰网络科技有限公司,91460000MAA99TG110,48
2128,三亚市祖晖昭网络科技有限公司,91460000MA7J9LP96Q,48
2129,三亚市宗湛夏信息科技有限责任公司,91460000MA7LK4C80M,48
2130,三亚市宗欣网络科技有限公司,91460000MA7J2E8N5C,48
2131,三亚市自奋文化传媒有限公司,91460000MA7JQTRMX7,48
2132,三亚市紫珍网络科技有限公司,91460000MA5TE59U5B,48
2133,三亚市梓勇网络科技有限公司,91460000MA7LFKC601,48
2134,三亚市梓琦网络科技有限公司,91460000MA5TF7LE16,48
2135,三亚市梓凡网络科技有限公司,91460000MA7LBE154T,48
2136,三亚市子寄网络科技有限公司,91460000MA7K1JPM45,48
2137,三亚市子弟家政服务有限公司,91460000MAD6YPH32J,48
2138,三亚市姊妍商务信息咨询有限公司,91469007MA5TGUX79P,48
2139,三亚市资储信息科技有限公司,91460000MA7KK3K02H,48
2140,三亚市姿淑文化传媒有限公司,91460000MA7HLTLM2M,48
2141,三亚市卓熹投资有限责任公司,91469002MAD40U1966,48
2142,三亚市卓圣通科技有限公司,91460000MAE81H925W,48
2143,三亚市卓帛诗信息咨询有限公司,91460000MA7HAHY960,48
2144,三亚市追响网络科技有限公司,91460000MA7HXL2T2Y,48
2145,三亚市庄京居网络科技有限公司,91460000MA5TDX4C7B,48
2146,三亚市庄祜杞电子商务有限公司,91460000MA7KB5EW2J,48
2147,三亚市祝腾网络科技有限公司,91460000MA7LPCNQ7D,48
2148,三亚市祝琼网络科技有限公司,91460000MA5TF7L90X,48
2149,三亚市伫看网络科技有限公司,91460000MA7H5WJJ6X,48
2150,三亚市诸乘钰网络科技有限公司,91460000MA7L11ED2B,48
2151,三亚市珠章信息科技有限公司,91460000MA7HAJ1Y68,48
2152,三亚市珠林信息咨询有限公司,91460000MA7H7FBE9W,48
2153,三亚市朱云网络科技有限公司,91460000MA7JLBHBX4,48
2154,三亚市朱锐航网络科技有限公司,91460000MA7L4G5Q9W,48
2155,三亚市侏张文化传媒有限公司,91460000MA7J5MRH5H,48
2156,三亚市肘先电子商务有限公司,91460000MA7H55JG8U,48
2157,三亚市肘击电子商务有限公司,91460000MA7HT6F3X8,48
2158,三亚市周春翠网络科技有限公司,91460000MAA99RH98C,48
2159,三亚市周诚洁信息科技有限公司,91460000MA7KF5QM9Q,49
2160,三亚市重运化网络科技有限公司,91460000MA7FUE2M8C,49
2161,三亚市重数文化传媒有限公司,91460000MA7JJCJR5M,49
2162,三亚市重升网络科技有限公司,91460000MA7J4JBW2N,49
2163,三亚市重罗网络科技有限公司,91460000MA7GFD7U1P,49
2164,三亚市众博图文广告有限公司,91460000MAA9305R23,49
2165,三亚市仲泽祥文化传媒有限公司,91460000MA7J5EUE8G,49
2166,三亚市仲娅雅电子商务有限公司,91460000MA7JP94Y10,49
2167,三亚市仲怜凡信息科技有限责任公司,91460000MA7L06CF4L,49
2168,三亚市仲安为网络科技有限公司,91460000MA7H0JP496,49
2169,三亚市终晓彤电子商务有限公司,91460000MA7K4GYBXQ,49
2170,三亚市终涵蕾网络科技有限公司,91460000MA7HRL4L7L,49
2171,三亚市中淏投资咨询有限责任公司,91460108MADLWUEG6M,49
2172,三亚市致候文化传媒有限公司,91460000MA7J5EUF6B,49
2173,三亚市致道产业咨询合伙企业（有限合伙）,91460000MACWGG1M57,49
2174,三亚市至治文化传媒有限公司,91460000MA7KB8X26Y,49
2175,三亚市至服信息科技有限公司,91460000MA7JJC9196,49
2176,三亚市置杭置网络科技有限公司,91460000MA5TDYEPXT,49
2177,三亚市智诊医榜科技有限公司,91460000MAA97D349L,49
2178,三亚市智腾云科技有限公司,91460000MAA93UYK1T,49
2179,三亚市志车伟信息咨询有限公司,91460000MA7JWQGR5E,49
2180,三亚市芷文信息科技有限公司,91460000MA7J2YPT7F,49
2181,三亚市芷柔璇商务咨询有限公司,91460000MA5TF4MX52,49
2182,三亚市旨信文化传媒有限公司,91460000MA7HKDNP07,49
2183,三亚市只今网络科技有限公司,91460000MA7GWHD83X,49
2184,三亚市直下文化传媒有限公司,91460000MA7KAAEA06,49
2185,三亚市栀禧网络科技有限公司,91460000MA7LBWL777,49
2186,三亚市支值网络科技有限公司,91460000MA7JBDK508,49
2187,三亚市支韵金文化传媒有限公司,91460000MA7J5XXA6X,49
2188,三亚市支腾芝电子商务有限公司,91460000MA7KE13R7T,49
2189,三亚市之如受网络科技有限责任公司,91460000MA7KJ44Q0E,49
2190,三亚市正政淑电子商务有限公司,91460000MA7KAK1R49,49
2191,三亚市正尘信息科技有限公司,91460000MA7J3GPU1G,49
2192,三亚市正宾电子商务有限公司,91460000MA7HE8GB5D,49
2193,三亚市政工程设计研究有限公司,91460000MAE993P07U,49
2194,三亚市钲岷置网络科技有限公司,91460000MA5TDYF36L,49
2195,三亚市震响网络科技有限公司,91460000MA7J76G97F,49
2196,三亚市真鲸农业科技有限公司,91460106MA5TX98AXB,49
2197,三亚市甄孤萍网络科技有限公司,91460000MA7H5RET2D,49
2198,三亚市哲漫网络科技有限公司,91460000MA7KH6FN0H,49
2199,三亚市哲金网络科技有限公司,91460000MA7K5WAR70,49
2200,三亚市赵晓寒信息咨询有限公司,91460000MA7J3002X7,49
2201,三亚市赵权欣信息咨询有限公司,91460000MA7HTM4E31,49
2202,三亚市赵嘉柏电子商务有限公司,91460000MA7J5YKG5F,49
2203,三亚市召以驰科技有限责任公司,91460000MA7K0WJA8A,49
2204,三亚市兆晓子信息咨询有限公司,91460000MA7JWQFR95,50
2205,三亚市沼吴网络科技有限公司,91460000MA7GNYY173,50
2206,三亚市章升昕网络科技有限公司,91460000MA7L48P95D,50
2207,三亚市章密信息科技有限公司,91460000MA7KEYD85D,50
2208,三亚市章翱克网络科技有限公司,91460000MA7L942875,50
2209,三亚市张燕磊废品回收场（个人独资）,91460000MADDX8CT8E,50
2210,三亚市张婷宇网络科技有限公司,91460000MA7FAU0C82,50
2211,三亚市张畅文网络科技有限公司,91460000MA7G6XA35A,50
2212,三亚市詹雪枫文化传媒有限公司,91460000MA7JQNBR2B,50
2213,三亚市詹袖听信息咨询有限公司,91460000MA7JJC9HXL,50
2214,三亚市泽聂网络科技有限公司,91460000MA7KH6CJ98,50
2215,三亚市昝月曦信息咨询有限公司,91460000MA7JJBNFX5,50
2216,三亚市载跋翰网络科技有限责任公司,91460000MA7JAKH550,50
2217,三亚市宰依童网络科技有限公司,91460000MA7GP8G55A,50
2218,三亚市宰禧邦网络科技有限公司,91460000MA7J7R8G0W,50
2219,三亚市韵勇网络科技有限公司,91460000MA7J2FLK6P,50
2220,三亚市韵熙卡商贸有限公司,91460000MACE8C8F1D,50
2221,三亚市韵墨文化传媒有限公司,91460000MA7J5EQB8C,50
2222,三亚市云周一网络科技有限公司,91460000MA5TGDW41C,50
2223,三亚市云若尘商务咨询有限公司,91460000MA5TEENK74,50
2224,三亚市云晴美网络科技有限公司,91460000MA7GP8FAX4,50
2225,三亚市云晴梅网络科技有限公司,91460000MA7GP8FJ3U,50
2226,三亚市云磐人工智能应用软件合伙企业（有限合伙）,91460000MAEU2TJ863,50
2227,三亚市云觅尤网络科技有限责任公司,91460000MA7L476326,50
2228,三亚市云海置业有限公司,91469031MADPWH6A4Y,50
2229,三亚市云初传媒有限公司,91460108MADW51E763,50
2230,三亚市阅具文化传媒有限公司,91460000MA7KAAFJ04,50
2231,三亚市越弦乘网络科技有限公司,91460000MA7LT4L794,50
2232,三亚市越栋洲文化传媒有限公司,91460000MA7HKDK23R,50
2233,三亚市月璟网络科技有限公司,91460000MA7KH6D264,50
2234,三亚市悦途融创旅游服务有限责任公司,91460000MAETR9CT42,50
2235,三亚市悦仁商贸有限公司,91460000MACFA61H97,50
2236,三亚市远诗琪网络科技有限公司,91460000MA5TFCG33E,50
2237,三亚市远茂电站设备有限责任公司,91460000MA5TYMAM1X,50
2238,三亚市袁盛祥网络科技有限公司,91460000MA7K11R242,50
2239,三亚市缘味餐饮管理有限责任公司,91460000MA5TJ2J450,50
2240,三亚市原始未来公关策划有限公司,91460000MAEBQD0C8A,50
2241,三亚市原克网络科技有限公司,91460000MA7JAKPD1X,50
2242,三亚市元能万合投资合伙企业（有限合伙）,91469036MABW04C463,50
2243,三亚市钰鑫农业科技有限公司,91460108MACCJR1G4Y,50
2244,三亚市郁寅梁网络科技有限公司,91460000MA7KKBRD54,50
2245,三亚市郁韦网络科技有限公司,91460000MA7LBW4365,50
2246,三亚市郁妮柔电子商务有限公司,91460000MA7JQHXF8M,50
2247,三亚市郁安网络科技有限公司,91460000MA7JBDHJ6W,50
2248,三亚市谕倘网络科技有限公司,91460000MADKX2X20H,50
2249,三亚市誉珏甄选贸易有限公司,91460000MAE24GHY6T,51
2250,三亚市育芯农业有限公司,91460000MAK1G2CT0U,51
2251,三亚市玉涵月网络科技有限责任公司,91460000MA7LBL2K24,51
2252,三亚市煜烽琦建筑工程有限公司,91460107MADWUEAL7N,51
2253,三亚市煜沣农业科技有限公司,91460106MADM19N23X,51
2254,三亚市愈栾邗网络科技有限责任公司,91460000MA7JAK5Q00,51
2255,三亚市雨竹尔网络科技有限责任公司,91460000MA7J5CWX0E,51
2256,三亚市雨彤网络科技有限公司,91460000MA5TE59XXP,51
2257,三亚市雨诺商务信息咨询有限公司,91460100MA5TGW5GXE,51
2258,三亚市语紫网络科技有限公司,91460000MA7GCP710T,51
2259,三亚市语风产品研发工作室（个人独资）,91460000MAETHB8G3E,51
2260,三亚市羽蓉晶网络科技有限责任公司,91460000MA7KH1NT7Y,51
2261,三亚市禹韭文化传媒有限公司,91460000MA7JJCG216,51
2262,三亚市庾震蕾网络科技有限公司,91460000MA7LUMW65N,51
2263,三亚市宇烁珊商贸有限公司,91460000MA5THM7857,51
2264,三亚市宇靖恒服装有限公司,91460000MA5TGUNM8N,51
2265,三亚市虞菲媛信息咨询有限公司,91460000MA7HWADXX4,51
2266,三亚市渔浪科技有限责任公司,91460000MA7MDTC57B,51
2267,三亚市娱忧信息咨询有限公司,91460000MA7H7FHTX9,51
2268,三亚市余信梁网络科技有限公司,91460000MA7LUND75R,51
2269,三亚市余婷信网络科技有限公司,91460000MA7GPBAG59,51
2270,三亚市余强强电子商务有限公司,91460000MA7HKDJM0E,51
2271,三亚市于薇栀网络科技有限公司,91460000MA7GNBX855,51
2272,三亚市于嘉大网络科技有限公司,91460000MA5TGDW33H,51
2273,三亚市於祯听电子商务有限公司,91460000MA7KB88Q35,51
2274,三亚市於蔓香信息咨询有限公司,91460000MA7JTTHY0Q,51
2275,三亚市佑填网络科技有限公司,91460000MA7J2EAL19,51
2276,三亚市佑琪文化传媒有限公司,91460000MA7KG7X20U,51
2277,三亚市由雨双网络科技有限公司,91460000MA7H0BFU6L,51
2278,三亚市犹元惜科技有限责任公司,91460000MA7JDR3351,51
2279,三亚市尤云丽信息科技有限公司,91460000MA7J3GQD9G,51
2280,三亚市尤建本网络科技有限公司,91460000MAA97GKE79,51
2281,三亚市优逸文化传媒有限公司,91460000MA7KF7E83E,51
2282,三亚市优识贸易有限公司,91460000MAA90NW262,51
2283,三亚市优芮彭网络科技有限责任公司,91460000MA7LFKFN9E,51
2284,三亚市优迪良禾农业有限公司,91460000MAC1379U8Q,51
2285,三亚市优诚汽车销售有限公司,91460000MAEDF24G85,51
2286,三亚市永泽网络科技有限公司,91460000MA5TGDWP36,51
2287,三亚市永发星选农业科技有限公司,91460000MAK0EDLQ1P,51
2288,三亚市勇日网络科技有限公司,91460000MA7KHK3W64,51
2289,三亚市勇盛水产有限公司,91460203MADX52JF7U,51
2290,三亚市雍运潍网络科技有限公司,91460000MA7JRM2QXB,51
2291,三亚市映雪鼎商贸有限公司,91460000MA5TJ5J86W,51
2292,三亚市颖秀馨商贸有限公司,91460000MA5TJ5J35L,51
2293,三亚市颖梁网络科技有限公司,91460000MA7KJ46Q33,51
2294,三亚市迎松环保科技有限公司,91460000MADEC30L92,52
2295,三亚市营星儿网络科技有限公司,91460000MA7G9BW66U,52
2296,三亚市营绘文化传媒有限公司,91460000MA7HGPP26T,52
2297,三亚市莹洁文化传媒有限公司,91460000MA7HLRX70W,52
2298,三亚市盈润实业有限公司,91460000MA5TY4RA20,52
2299,三亚市盈安虞网络科技有限公司,91460000MA5TEEHF8N,52
2300,三亚市英芃网络科技有限公司,91460000MA7J3NLF2H,52
2301,三亚市英贡文化传媒有限公司,91460000MA7K5U3732,52
2302,三亚市应符文化传媒有限公司,91460000MA7JHL6EXJ,52
2303,三亚市印优香信息咨询有限公司,91460000MA7JWQGA62,52
2304,三亚市印诚侠网络科技有限公司,91460000MA7K6XC311,52
2305,三亚市隐预懿商务咨询有限公司,91460000MA5TEENW57,52
2306,三亚市尹震璟网络科技有限公司,91460000MA7FCM711W,52
2307,三亚市尹裕坤信息咨询有限公司,91460000MA7HKBQXX4,52
2308,三亚市音赏信息咨询有限公司,91460000MA7KF1DF84,52
2309,三亚市阴鹏文化传媒有限公司,91460000MA7HHGEC9G,52
2310,三亚市逸艺网络科技有限公司,91460000MA7GFDC671,52
2311,三亚市逸海实业有限公司,91460000MAA90PNG9Y,52
2312,三亚市逸长宰网络科技有限责任公司,91460000MA7LAQ6294,52
2313,三亚市羿睿柔电子商务有限公司,91460000MA7JWRBB5T,52
2314,三亚市益雯家信息咨询有限公司,91460000MA7JR1D77K,52
2315,三亚市益茶禳服装有限公司,91460000MA5TH3K947,52
2316,三亚市易用福商贸有限公司,91460000MAE70T5778,52
2317,三亚市易霞贤网络科技有限公司,91460000MA7JN0AN4A,52
2318,三亚市易通达汇贸易有限公司,91460000MADHT1TG2H,52
2319,三亚市易荣企业管理咨询有限公司,91460000MAA913JH7A,52
2320,三亚市亿卡科技有限公司,91460000MAA91XPF0T,52
2321,三亚市蚁绳怀科技有限责任公司,91460000MA7KWE8795,52
2322,三亚市以斗为记商贸中心（个人独资）,91460000MADBJGGD61,52
2323,三亚市遗普网络科技有限公司,91460000MA7J037XX9,52
2324,三亚市宜璟宇网络科技有限公司,91460000MA5TGDW091,52
2325,三亚市宜尔美商贸有限公司,91460000MADHFXEB7W,52
2326,三亚市夷致萱网络科技有限公司,91460000MAA99UJ13Q,52
2327,三亚市壹只鱼投资有限公司,91460000MAE32LRY3Y,52
2328,三亚市依暄网络科技有限公司,91460000MA7KHQG70R,52
2329,三亚市依姓网络科技有限公司,91460000MA7H5WK074,52
2330,三亚市依微网络科技有限公司,91460000MA7L2C539T,52
2331,三亚市依客网络科技有限公司,91460000MA7LAPWY34,52
2332,三亚市一新优源贸易有限公司,91460000MACTRT861U,52
2333,三亚市一慕商贸有限公司,91460000MA5TWHLE13,52
2334,三亚市叶园文化传媒有限公司,91460000MA7HN7691W,52
2335,三亚市业人信息咨询有限公司,91460000MA7H7WJE69,52
2336,三亚市业恒投资有限公司,91460000MAEJQU3X2H,52
2337,三亚市野跋拓电子商务有限责任公司,91460000MA7KQB3Q1W,52
2338,三亚市冶雅云网络科技有限公司,91460000MA7GQG8HX5,52
2339,三亚市冶美骏信息咨询有限公司,91460000MA7K4FJL36,53
2340,三亚市椰梦文化发展有限公司,91460100MA5TUQUM8P,53
2341,三亚市椰萝文化创意有限公司,91460000MACM7NFL7F,53
2342,三亚市耀崇文化传媒有限公司,91460000MA7JHLQ29E,53
2343,三亚市遥识文化传媒有限公司,91460000MA7JHR9J6L,53
2344,三亚市瑶忆新能源科技有限公司,91460000MADDAFQ2XA,53
2345,三亚市尧雪睿商务咨询有限公司,91460000MA5TE8A71M,53
2346,三亚市尧凡一服装有限公司,91460000MA5TGY9Y8U,53
2347,三亚市尧彬豪商务咨询有限公司,91460000MA5TEENH2J,53
2348,三亚市姚坤浩网络科技有限公司,91460000MA7KKDEE68,53
2349,三亚市姚洁锟网络科技有限公司,91460000MA7JN0RR5M,53
2350,三亚市养霞允文化传媒有限公司,91460000MA7KEN0X7M,53
2351,三亚市养奇菲网络科技有限公司,91460000MA7J257X60,53
2352,三亚市阳佟依信息咨询有限公司,91460000MA7KE91059,53
2353,三亚市阳佟街电子商务有限公司,91460000MA7JQTFA5Q,53
2354,三亚市阳乐烟花科技有限公司,91460106MADHXFYY1U,53
2355,三亚市阳俊文化传媒有限公司,91460000MA7K9LE03M,53
2356,三亚市阳锋网络科技有限公司,91460000MA7K3HW98R,53
2357,三亚市羊昭骏信息咨询有限公司,91460000MA7JJCBL5Q,53
2358,三亚市羊凡弘信息咨询有限公司,91460000MA7HE7A398,53
2359,三亚市杨琪荣网络科技有限公司,91460000MA7M8KN71A,53
2360,三亚市雁健霏网络科技有限责任公司,91460000MA7L2C4G9J,53
2361,三亚市雁凡生物科技有限公司,91460000MADEYW8315,53
2362,三亚市艳霞敏网络科技有限公司,91460000MA5TJH7H6E,53
2363,三亚市艳华网络科技有限公司,91460000MA5TEYYF0B,53
2364,三亚市砚石文化传媒有限公司,91460000MA7KARG835,53
2365,三亚市晏枫翱网络科技有限公司,91460000MA7M85FQ5B,53
2366,三亚市彦嘉网络科技有限公司,91460000MA7LAPR627,53
2367,三亚市颜那丽网络科技有限公司,91460000MA7GQFY2XB,53
2368,三亚市闫氏实业有限公司,91460107MADBPBW002,53
2369,三亚市闫法晖信息咨询有限公司,91460000MA7JR1B071,53
2370,三亚市妍清嘉网络科技有限责任公司,91460000MA7JY007XD,53
2371,三亚市妍良锡网络科技有限公司,91460000MA5TFCG17Q,53
2372,三亚市鄢焦律网络科技有限责任公司,91460000MA7LEPH79F,53
2373,三亚市烟林文化传媒有限公司,91460000MA7J3H325Q,53
2374,三亚市烟放网络科技有限公司,91460000MA7JFX8P4B,53
2375,三亚市亚庭酒店管理有限公司,91460000MAEJ4FLP04,53
2376,三亚市雅友生物科技有限公司,91460000MADER7KJ2P,53
2377,三亚市雅鑫雅网络科技有限公司,91460000MA5TGCMH1T,53
2378,三亚市雅文雅网络科技有限公司,91460000MA5TGCM53L,53
2379,三亚市雅琪网络科技有限公司,91460000MA5TE59W10,53
2380,三亚市雅凌勤网络科技有限责任公司,91460000MA7LFK4W2G,53
2381,三亚市崖州区梓艺茉家政服务有限公司,91460000MAEWKD1H1L,53
2382,三亚市崖州区中崖科技有限公司,91460000MAEJ839092,53
2383,三亚市崖州区智真诚诺信息咨询服务有限责任公司,91460000MAEHGKYC45,53
2384,三亚市崖州区枕澜酒店管理有限公司,91460000MAK2337F7Y,54
2385,三亚市崖州区张丹废品回收场（个人独资）,91460000MAD42WDX56,54
2386,三亚市崖州区寓宿美墅酒店管理有限公司,91460000MACQ21HG5R,54
2387,三亚市崖州区亿锦辉再生资源回收铺（个人独资）,91460000MAC2AQ5M8F,54
2388,三亚市崖州区星丰成物流有限公司,91460000MACTGC7694,54
2389,三亚市崖州区信佳信息咨询有限责任公司,91460000MAEJCCGC83,54
2390,三亚市崖州区鑫运建材销售有限公司,91460000MADMHP8371,54
2391,三亚市崖州区新茂企业管理有限公司,91460000MAE8BFP0XK,54
2392,三亚市崖州区维军信息咨询工作室（个人独资）,91469036MAC5NWDN71,54
2393,三亚市崖州区威望健康服务有限公司,91460000MAE8ENBX99,54
2394,三亚市崖州区旺农生物科技有限公司,91460000MAC8D2M02R,54
2395,三亚市崖州区王坤废品回收场（个人独资）,91460000MAC509R18A,54
2396,三亚市崖州区万亚兴贸易有限责任公司,91460000MADGX66T7J,54
2397,三亚市崖州区通旺达汽车租赁有限责任公司,91460000MAC923ED11,54
2398,三亚市崖州区唐俊君科技有限责任公司,91460000MABU4N279G,54
2399,三亚市崖州区双福货物运输有限公司,91460000MABTR00C9B,54
2400,三亚市崖州区蜀佬弟餐饮管理股份有限公司,91460000MADY46UG1F,54
2401,三亚市崖州区润百泽学生托管中心（个人独资）,91469027MA7MXMMU5A,54
2402,三亚市崖州区锐智技术咨询有限公司,91460000MAC16UX20F,54
2403,三亚市崖州区锐宏房地产有限责任公司,91460000MAE4P1160G,54
2404,三亚市崖州区人仁旺商贸有限公司,91460000MA7KK1AX31,54
2405,三亚市崖州区南滨医院,91460200MA5T2R8P26,54
2406,三亚市崖州区码亿商务秘书服务有限公司,91460000MAG1ETAA84,54
2407,三亚市崖州区绿兴商贸有限公司,91460000MAE46RPT9P,54
2408,三亚市崖州区旅文投资开发有限公司,91460000MAC0QTK66Y,54
2409,三亚市崖州区利锺商贸有限公司,91460000MA7J3B2T3A,54
2410,三亚市崖州区夸克学生托管有限责任公司,91460000MACXWLTR6Q,54
2411,三亚市崖州区阚秀商贸有限公司,91460000MAED200A72,54
2412,三亚市崖州区金芒果业有限公司,91460000MACDK6EN34,54
2413,三亚市崖州区迦岚健康管理有限公司,91460108MACXHQ8L5T,54
2414,三亚市崖州区慧宁医疗服务有限责任公司,91460000MAEKYTRA9A,54
2415,三亚市崖州区韩彦伟废品回收场（个人独资）,91460000MA7JGE280Q,54
2416,三亚市崖州区海新居房地产中介服务有限公司,91460000MAC32CQX0Q,54
2417,三亚市崖州区国有资产管理开发有限责任公司崖州大道第一分公司,91460200MA5TAB453Q,54
2418,三亚市崖州区国有资产管理开发有限责任公司,91460200MA5REGJG21,54
2419,三亚市崖州区福坦农业有限责任公司,91460000MACXPDK16Y,54
2420,三亚市崖州区福福贸科技有限公司,91460000MAEQMUC8XT,54
2421,三亚市崖州区福沣农业科技有限责任公司,91460200MAD66UGU8M,54
2422,三亚市崖州区福恩斯贸易有限责任公司,91460000MACYN7QT7P,54
2423,三亚市崖州区迪一网络科技有限责任公司,91460108MADT9L9D73,54
2424,三亚市崖州区春辉酒业有限公司,91460000MABTPT99XM,54
2425,三亚市崖州区城市投资建设有限公司,91460200567998190P,54
2426,三亚市崖州区城市工程建设有限公司,91460100MA5T44JQ98,54
2427,三亚市崖州区呈霖贸易有限公司,91460000MACEW7LC7P,54
2428,三亚市崖州区博娅进出口贸易有限公司,91460000MACMKU6M8H,54
2429,三亚市崖州区博康大药房（个人独资）,91460000MACYLHNL95,55
2430,三亚市崖州区贝郅百货店（个人独资）,91469006MADNC2R04F,55
2431,三亚市崖州德迅装饰装璜有限公司,91460200MA5T740YXJ,55
2432,三亚市崖州北方茗苑物业有限公司,91460000MA5T7RLD4J,55
2433,三亚市崖城供销社水南分站,91460200MA5RFNET1L,55
2434,三亚市迅奋文化传媒有限公司,91460000MA7JHU3439,55
2435,三亚市讯韦辛电力设备有限公司,91469027MADX76582M,55
2436,三亚市训品网络科技有限公司,91460000MA5TGCJG42,55
2437,三亚市荀寒文信息咨询有限公司,91460000MA7J3H827B,55
2438,三亚市寻道者电子商务有限公司,91460000MACTR89B1L,55
2439,三亚市雪菲网络科技有限公司,91460000MA5TF7LK08,55
2440,三亚市学文网络科技有限公司,91460000MA5TGCJE8C,55
2441,三亚市学而德易文化传媒有限公司,91460000MA5U1L153B,55
2442,三亚市玄友文化传媒有限公司,91460000MA7J2WKR3W,55
2443,三亚市旋珊驷科技有限责任公司,91460000MA7L06B218,55
2444,三亚市旋珊曼网络科技有限责任公司,91460000MA7LB0KM6J,55
2445,三亚市旋梦绪电子商务有限责任公司,91460000MA7L103971,55
2446,三亚市轩坚锋服装有限公司,91460000MA5TGUNN6H,55
2447,三亚市萱紫生物科技有限公司,91460000MADEDM549P,55
2448,三亚市萱嘉夏网络科技有限责任公司,91460000MA7LBXEU3L,55
2449,三亚市暄婷网络科技有限公司,91460000MA5TE5A811,55
2450,三亚市暄锐网络科技有限公司,91460000MA7J7TE97L,55
2451,三亚市宣明亮网络科技有限公司,91460000MAA99G2683,55
2452,三亚市宣德信息科技有限公司,91460000MA7KF764XD,55
2453,三亚市续馨商贸有限公司,91460000MACAFUB872,55
2454,三亚市续浅电子商务有限公司,91460000MA7JT5UC80,55
2455,三亚市绪筠昱科技有限责任公司,91460000MA7LJDK566,55
2456,三亚市旭希电子产品有限公司,91460000MAE0FTXA5F,55
2457,三亚市旭珊曼网络科技有限责任公司,91460000MA7J2FJC8B,55
2458,三亚市旭集网络科技有限公司,91460000MA7KUHW52W,55
2459,三亚市徐霞月网络科技有限公司,91460000MAA99T2A69,55
2460,三亚市须安静信息科技有限公司,91460000MAA97N3W52,55
2461,三亚市虚坐文化传媒有限公司,91460000MA7JPJNX16,55
2462,三亚市锈兜网络科技有限公司,91460000MA7JE65Q4D,55
2463,三亚市袖阻网络科技有限公司,91460000MA7GWHEUXP,55
2464,三亚市秀志雪网络科技有限公司,91460000MA5TJHPG2U,55
2465,三亚市秀慧勾网络科技有限责任公司,91460000MA7KJ46G1L,55
2466,三亚市修齐嘉网络科技有限公司,91460000MA5TFCFW4M,55
2467,三亚市熊克帆文化传媒有限公司,91460000MA7J61JN1R,55
2468,三亚市幸星函信息咨询有限公司,91460000MA7HXJR681,55
2469,三亚市姓以清网络科技有限公司,91460000MAA99TH266,55
2470,三亚市醒融电子商务有限公司,91460000MA7K8BCT5J,55
2471,三亚市星克网络科技有限公司,91460000MA7LB0M257,55
2472,三亚市星君甄选贸易有限公司,91460000MAECEC0291,55
2473,三亚市兴胜旅游服务有限责任公司,91460000MADC7QM78L,55
2474,三亚市兴广茂商务咨询有限公司,91469005MADLMALY9D,56
2475,三亚市兴博然贸易有限责任公司,91460000MAENEJL059,56
2476,三亚市信娱科技有限公司,91460107MAD93BPN2J,56
2477,三亚市馨露网络科技有限公司,91460000MA5TE5AJ1B,56
2478,三亚市馨佳俊服装有限公司,91460000MA5TH4460R,56
2479,三亚市鑫杨能源有限公司,91460000MAETUY590K,56
2480,三亚市鑫万特商贸有限公司,91460000MAG0CMLEXU,56
2481,三亚市鑫湍网络科技有限公司,91460000MA7J2FLG3B,56
2482,三亚市鑫华源贸易有限公司,91469001MAD9KW9454,56
2483,三亚市鑫烽颂新能源科技有限公司,91460000MADKEM62XX,56
2484,三亚市鑫烽崧新能源科技有限公司,91460000MADMDBK418,56
2485,三亚市鑫烽森新能源科技有限公司,91460000MADL9KY85F,56
2486,三亚市鑫宸科技有限公司,91460000MAE2LY7X62,56
2487,三亚市鑫傲旺商贸有限公司,91460000MADG6XFE8G,56
2488,三亚市辛权网络科技有限公司,91460000MA7L0ERK26,56
2489,三亚市辛蕾星网络科技有限公司,91460000MA7JXTDB9H,56
2490,三亚市芯金月商贸有限公司,91460000MA5TJ5JD75,56
2491,三亚市欣诺网络科技有限公司,91460000MA5TF7LX78,56
2492,三亚市欣罗轩机械设备有限公司,91469031MADW7U1W84,56
2493,三亚市欣届网络科技有限公司,91460000MA7K3HY07Q,56
2494,三亚市欣丰五金制造有限公司,91460107MADT9GC57G,56
2495,三亚市欣悲网络科技有限公司,91460000MA7H5WJC91,56
2496,三亚市昕悦商业管理有限责任公司,91460000MAEGP75UX1,56
2497,三亚市昕霞网络科技有限公司,91460000MA5TDYWMX8,56
2498,三亚市昕妮网络科技有限公司,91460000MA5TDYWL1G,56
2499,三亚市谢安彦网络科技有限公司,91460000MA7L9NQ571,56
2500,三亚市孝雪萍网络科技有限责任公司,91460000MA7J2FGW2X,56
2501,三亚市晓珠都信息咨询有限公司,91460000MA7JAPL54T,56
2502,三亚市晓震东服装有限公司,91460000MA5TH3J47M,56
2503,三亚市小叮当呀网络科技有限公司,91460000MAA912L598,56
2504,三亚市小板文化传媒有限公司,91460000MA7K4HEL7A,56
2505,三亚市萧泽网络科技有限公司,91460000MA5TGDWL0R,56
2506,三亚市萧锦诗网络科技有限公司,91460000MA7KUFT158,56
2507,三亚市潇林信息科技有限公司,91460000MA7J3HC22J,56
2508,三亚市削圈电子商务有限公司,91460000MA7HTLWK8N,56
2509,三亚市项曦诗信息咨询有限公司,91460000MA7J2MX83H,56
2510,三亚市项楠韵信息咨询有限公司,91460000MA7J2XJ765,56
2511,三亚市项冰金文化传媒有限公司,91460000MA7HFJAW4R,56
2512,三亚市向升姿网络科技有限公司,91460000MA7KUFNU49,56
2513,三亚市向春玲网络科技有限公司,91460000MA7KRMEF7L,56
2514,三亚市享遇泰健康管理有限公司,91460107MADC58ND38,56
2515,三亚市翔裕同跃贸易有限公司,91460000MA5TY07TX1,56
2516,三亚市祥寅网络科技有限公司,91460000MA7J5E4N60,56
2517,三亚市镶宁网络科技有限公司,91460000MA5TE59G0G,56
2518,三亚市弦恒网络科技有限公司,91460000MA7LAQEH2B,56
2519,三亚市咸真优网络科技有限公司,91460000MA7KWJ0T1F,57
2520,三亚市咸茹瑶信息咨询有限公司,91460000MA7JAPTJXP,57
2521,三亚市先母文化传媒有限公司,91460000MA7HHQQ47L,57
2522,三亚市先莲正信息咨询有限公司,91460000MA7KDYH0XE,57
2523,三亚市仙岛农渔科技有限公司,91460000MAEKBAYN2N,57
2524,三亚市夏娜晖网络科技有限公司,91460000MA7JMXML90,57
2525,三亚市霞微依网络科技有限公司,91460000MA5TEEJU39,57
2526,三亚市禧爵网络科技有限公司,91460000MA7JY0Y84B,57
2527,三亚市喜宛白网络科技有限公司,91460000MA7J9XXT34,57
2528,三亚市喜堂商贸有限责任公司,91460000MA5TMY5P1Y,57
2529,三亚市席彤韦文化传媒有限公司,91460000MA7J5X7J43,57
2530,三亚市席成材网络科技有限公司,91460000MA7FDK7C1H,57
2531,三亚市西云网络科技有限公司,91460000MA7LJDQE82,57
2532,三亚市熙桐盈网络科技有限公司,91460000MA5TEEJP22,57
2533,三亚市汐兮网络科技有限公司,91460000MA5TDXJB4G,57
2534,三亚市希休树信息咨询有限公司,91460000MA7KEMJ64K,57
2535,三亚市希斯轶商贸有限公司,91460000MACBGM1K6G,57
2536,三亚市希求信息咨询有限公司,91460000MA7HCDWE46,57
2537,三亚市希东田商贸有限公司,91460000MAC9W5N1XG,57
2538,三亚市奚宇炳信息咨询有限公司,91460000MA7KECWJ6X,57
2539,三亚市误茶网络科技有限公司,91460000MA7GWHRK04,57
2540,三亚市武兰网络科技有限公司,91460000MA5TDXHW39,57
2541,三亚市武会网络科技有限公司,91460000MA7HXL2B5Q,57
2542,三亚市武翰寒网络科技有限公司,91460000MA7J9QXJ2L,57
2543,三亚市武帆捷网络科技有限公司,91460000MA7KKC5D83,57
2544,三亚市梧桢网络科技有限公司,91460000MA5TDXHU7L,57
2545,三亚市无欲电子商务有限公司,91460000MACH0E7H6H,57
2546,三亚市无人文化传媒有限公司,91460000MA7HFHUC2C,57
2547,三亚市吾智环境资源科技有限公司,91460000MAEPDUWU7L,57
2548,三亚市吴迪好房优选信息咨询有限公司,91460000MAE1H8QY1B,57
2549,三亚市乌寅杉网络科技有限公司,91460000MA7K8UN50R,57
2550,三亚市乌暄吉网络科技有限公司,91460000MA7LP1W442,57
2551,三亚市乌澄颖网络科技有限公司,91460000MA7J9T5G8B,57
2552,三亚市翁锟网络科技有限公司,91460000MA7LWC3X57,57
2553,三亚市雯潼瀚服装有限公司,91460000MA5TH3LJ20,57
2554,三亚市闻寻巧网络科技有限公司,91460000MAA97GKP7J,57
2555,三亚市闻祥荣文化传媒有限公司,91460000MA7JJ8LT3Y,57
2556,三亚市文康科技有限责任公司,91460000MA5TWDKK3U,57
2557,三亚市文初斌电子商务有限公司,91460000MA7KE8FYXT,57
2558,三亚市文呈网络科技有限公司,91460000MA7L2FHL0A,57
2559,三亚市文采涵网络科技有限责任公司,91460000MA7J2EEW7T,57
2560,三亚市温暄梓网络科技有限公司,91460000MA7JRWW48U,57
2561,三亚市温年萱网络科技有限公司,91460000MA7JRKCL7D,57
2562,三亚市温桂信息咨询有限公司,91460000MA7H7FNU6F,57
2563,三亚市魏家楷文化传媒有限公司,91460000MA7JDH9D8W,57
2564,三亚市蔚桂信息咨询有限公司,91460000MA7JHNYN7D,58
2565,三亚市蔚芙凡文化传媒有限公司,91460000MA7JHG3M28,58
2566,三亚市蔚栋谷信息咨询有限公司,91460000MA7HKBR81D,58
2567,三亚市韪鸿科技有限公司,91460108MAD5AJB60L,58
2568,三亚市炜翔网络科技有限公司,91460000MA5TGDWM9N,58
2569,三亚市伟辰熙网络科技有限公司,91460000MA5TJH7FXK,58
2570,三亚市韦桃珊电子商务有限公司,91460000MA7HKDHQ0U,58
2571,三亚市维恋信息科技有限公司,91460000MA7H7WNN55,58
2572,三亚市维斗文化传媒有限公司,91460000MA7J3H755J,58
2573,三亚市薇静璇服装有限公司,91460000MA5TH3JL63,58
2574,三亚市薇飞哈网络科技有限责任公司,91460000MA7KHY5F8P,58
2575,三亚市巍莉然信息科技有限公司,91460000MA7HHHKQ41,58
2576,三亚市威喔得贸易有限责任公司,91460000MAEU0WXB7N,58
2577,三亚市危起元电子商务有限公司,91460000MA7K4HGY6W,58
2578,三亚市王锐茜文化传媒有限公司,91460000MA7HR4R56M,58
2579,三亚市万瑞森房地产营销策划有限公司,91460000MAEG06R13X,58
2580,三亚市万空快运物流有限公司,91460000MA5T90UW4L,58
2581,三亚市万禾汇农业发展有限公司,91460000MAEK5YGU81,58
2582,三亚市万禾供销有限公司,91460000MAER3AQG7F,58
2583,三亚市万福来餐饮管理有限公司,91460106MA5TXP9406,58
2584,三亚市万采琛信息咨询有限公司,91460000MA7HB0KL4K,58
2585,三亚市万保供销有限公司,91460000MAETGY48XH,58
2586,三亚市琬沐甄选贸易有限公司,91460000MAE2P1EN0M,58
2587,三亚市宛松歆网络科技有限责任公司,91460000MA7J2F8Q2C,58
2588,三亚市顽顿文化传媒有限公司,91460000MA7HB0DX87,58
2589,三亚市玩巧文化传媒有限公司,91460000MA7KAAE09P,58
2590,三亚市托哥优品农业有限公司,91460000MAK12FA93R,58
2591,三亚市团理网络科技有限公司,91460000MA7JBDKT7K,58
2592,三亚市团煌网络科技有限公司,91460000MA7J67X84E,58
2593,三亚市涂钰泽电子商务有限公司,91460000MA7J5RRD6D,58
2594,三亚市屠加花信息咨询有限公司,91460000MA7J2M4X39,58
2595,三亚市茼琰谨商务咨询有限公司,91460000MA5TF2EA0Q,58
2596,三亚市童稚文化传媒有限公司,91460000MA7J32GF3D,58
2597,三亚市童瑞渊网络科技有限公司,91460000MA7FEX3GXM,58
2598,三亚市童惠年网络科技有限公司,91460000MA7GWHRW99,58
2599,三亚市童博昕网络科技有限公司,91460000MA7KKDCRXF,58
2600,三亚市桐杭网络科技有限公司,91460000MA7J3XXR4P,58
2601,三亚市彤晶滢信息科技有限公司,91460000MA7JQMXC7C,58
2602,三亚市同浩星亚贸易有限公司,91460000MA5TX0QD4Y,58
2603,三亚市通候文化传媒有限公司,91460000MA7HE7WUX5,58
2604,三亚市停居网络科技有限公司,91460000MA7JEJNJ7P,58
2605,三亚市听凯网络科技有限公司,91460000MA7JAL842R,58
2606,三亚市条桌网络科技有限公司,91460000MA7JJXCY5K,58
2607,三亚市田依珊信息科技有限公司,91460000MA7HFH9Y9E,58
2608,三亚市田科信息科技有限公司,91460000MA7J09159U,58
2609,三亚市田荆信息咨询有限公司,91460000MA7JU34D0Y,59
2610,三亚市天香楼正餐服务酒店（个人独资）,91469006MADL7WNH0K,59
2611,三亚市天玺承化工有限公司,91460000MAA91C0D84,59
2612,三亚市天坤创新文化传媒有限公司,91460108MAA99YY95R,59
2613,三亚市天玑星网络科技有限公司,91460000MAK1744P3D,59
2614,三亚市滕梦睿电子商务有限公司,91460000MA7HKCHR68,59
2615,三亚市陶震茜电子商务有限公司,91460000MA7HKB75XT,59
2616,三亚市涛槐网络科技有限公司,91460000MA7J2FHB7H,59
2617,三亚市棠采谛网络科技有限公司,91460000MA7KGRCJ0X,59
2618,三亚市唐玉云电子商务有限公司,91460000MA7K4HK62Q,59
2619,三亚市唐濡信息咨询有限公司,91460000MA7JU1WG8L,59
2620,三亚市唐陆实业发展有限公司,91469028MA5U14QQ8F,59
2621,三亚市唐冠吉仁数字科技有限公司,91460200MA5RJQAC7P,59
2622,三亚市唐谷荣信息咨询有限公司,91460000MA7H7FEU9B,59
2623,三亚市汤梓暄网络科技有限公司,91460000MA7LULW033,59
2624,三亚市汤翰墨网络科技有限公司,91460000MA7HGHFT1B,59
2625,三亚市谈友灵网络科技有限公司,91460000MA7H4GFKXN,59
2626,三亚市谈得网络科技有限公司,91460000MA7H2N8J5F,59
2627,三亚市泰杭新能源有限公司,91460000MAEX4FQR1C,59
2628,三亚市台楷露电子商务有限公司,91460000MA7K4HJ4XL,59
2629,三亚市台傅网络科技有限公司,91460000MA7GWHRA9N,59
2630,三亚市台芳欣信息咨询有限公司,91460000MA7HKBQ34U,59
2631,三亚市锁炼网络科技有限公司,91460000MA7HXKY736,59
2632,三亚市所司网络科技有限公司,91460000MA7J035H6A,59
2633,三亚市孙弘正网络科技有限公司,91460000MA7GX5825J,59
2634,三亚市燧言商商贸有限公司,91460000MACB1PN84G,59
2635,三亚市岁荐信息咨询有限公司,91460000MA7KJ7FR79,59
2636,三亚市宿强网络科技有限公司,91460000MA7K1CA690,59
2637,三亚市苏梓佳信息科技有限公司,91460000MA7KEYJLXG,59
2638,三亚市苏弦和信息咨询有限公司,91460000MA7HCEP24L,59
2639,三亚市肆慢建材有限公司,91460000MA7H50RT14,59
2640,三亚市四犯文化传媒有限公司,91460000MA7HN76R96,59
2641,三亚市斯吉建筑工程有限公司,91460108MADU9YDG3B,59
2642,三亚市思阳网络科技有限公司,91460000MA5TF7LD3B,59
2643,三亚市司巧文化传媒有限公司,91460000MA7J3H5E6K,59
2644,三亚市水乡物业服务有限公司,91460200MA5RGYM86T,59
2645,三亚市水蓉信息科技有限公司,91460000MA7KF5N0XM,59
2646,三亚市水加岚信息咨询有限公司,91460000MA7J2X3P11,59
2647,三亚市水虎文化传媒有限公司,91460000MA7JR0G9XK,59
2648,三亚市水高骏网络科技有限公司,91460000MA7LP1CT1L,59
2649,三亚市水枫锟电子商务有限公司,91460000MA7JQQ6J39,59
2650,三亚市爽慨文化传媒有限公司,91460000MA7KEQPE9D,59
2651,三亚市霜幼却网络科技有限责任公司,91460000MA7KH0C742,59
2652,三亚市霜戈网络科技有限公司,91460000MA7J5T2KXF,59
2653,三亚市双翼能源贸易有限公司,91460000MA5TY2FP39,59
2654,三亚市双袖祥信息咨询有限公司,91460000MA7KDYL99T,60
2655,三亚市双胜水产有限公司,91460000MAE0T76F0E,60
2656,三亚市双蕾礼网络科技有限公司,91460000MA7GWGW73T,60
2657,三亚市双倍企业管理咨询有限公司,91460000MAEU3W5T2M,60
2658,三亚市帅听沛网络科技有限公司,91460000MA7GPAC63W,60
2659,三亚市树逸网络科技有限公司,91460000MA7J7QXE0T,60
2660,三亚市树理力网络科技有限公司,91460000MA5TGCMD9F,60
2661,三亚市束淑邦信息咨询有限公司,91460000MA7KDYLU0H,60
2662,三亚市舒濡宇电子商务有限公司,91460000MA7JWTHRXW,60
2663,三亚市舒礼网络科技有限公司,91460000MA7LBD7F1N,60
2664,三亚市疏清妙网络科技有限公司,91460000MA7GGCKB1U,60
2665,三亚市殳桓华网络科技有限公司,91460000MA7MJYDM9B,60
2666,三亚市寿秀茜文化传媒有限公司,91460000MA7J2YDR4C,60
2667,三亚市寿婷漫电子商务有限公司,91460000MA7KAGQYXQ,60
2668,三亚市守望之境企业管理合伙企业（有限合伙）,91460000MADGA5KM07,60
2669,三亚市收召网络科技有限公司,91460000MA7HFMJG90,60
2670,三亚市适钟网络科技有限公司,91460000MA5TDYWG09,60
2671,三亚市示巧兰信息科技有限公司,91460000MA7HC9K10C,60
2672,三亚市是觅柔网络科技有限公司,91460000MA7G8WDAX5,60
2673,三亚市士沛儿网络科技有限公司,91460000MAA97GKF54,60
2674,三亚市势相文化传媒有限公司,91460000MA7KCY3N3D,60
2675,三亚市仕鑫网络科技有限公司,91460000MA7LBX9H54,60
2676,三亚市仕季网络科技有限公司,91460000MA7JY0002J,60
2677,三亚市史乘网络科技有限公司,91460000MA7J5T4N7R,60
2678,三亚市石依丝网络科技有限公司,91460000MA7H0BGA92,60
2679,三亚市石桀然网络科技有限公司,91460000MA7G63662H,60
2680,三亚市石淙文化传媒有限公司,91460000MA7J5EUY1B,60
2681,三亚市时舞网络科技有限公司,91460000MA7K75B857,60
2682,三亚市时伟爵网络科技有限公司,91460000MA7JEE7U1C,60
2683,三亚市时铭进出口贸易有限公司,91460000MA5TW7L69B,60
2684,三亚市诗语可服装有限公司,91460000MA5TH43R6A,60
2685,三亚市诗妍冰网络科技有限公司,91460000MA5TFCG25K,60
2686,三亚市诗涵思服装有限公司,91460000MA5TH3J8XX,60
2687,三亚市诗芙琳网络科技有限公司,91460000MA5TEEHL7Q,60
2688,三亚市施灵福网络科技有限公司,91460000MA7GXKRX0L,60
2689,三亚市胜幽智商务咨询有限公司,91460000MA5TE8AC2X,60
2690,三亚市胜荣文化传媒有限公司,91460000MA7HKBJX5P,60
2691,三亚市生清网络科技有限公司,91460000MA7HDPLH75,60
2692,三亚市升栀网络科技有限公司,91460000MA7LAQ9X18,60
2693,三亚市升运咎网络科技有限责任公司,91460000MA7J2EB30A,60
2694,三亚市升阳升人居环境服务有限公司,91460000MACT1BWQ7C,60
2695,三亚市沈禧雨网络科技有限公司,91460000MA7KKD1L02,60
2696,三亚市沈彤网络科技有限公司,91460000MA5TF7LC5G,60
2697,三亚市身自网络科技有限公司,91460000MA7J29QY6E,60
2698,三亚市身章网络科技有限公司,91460000MA7HDM84X9,60
2699,三亚市莘郁璇网络科技有限公司,91460000MA7L947G4G,61
2700,三亚市申足网络科技有限公司,91460000MA7GBKJJ5M,61
2701,三亚市申时文化传媒有限公司,91460000MA7JJ08M1M,61
2702,三亚市深蓝智测投资合伙企业（有限合伙）,91460000MAERX5HL0B,61
2703,三亚市设春蓝网络科技有限公司,91460000MA7FBYBM61,61
2704,三亚市社俊信息科技有限公司,91460000MA7KJLKT3J,61
2705,三亚市厍梓帆网络科技有限公司,91460000MA7G6WEDXE,61
2706,三亚市佘芮邸科技有限责任公司,91460000MA7K1AJ95M,61
2707,三亚市邵杉潍网络科技有限公司,91460000MA7K02G56P,61
2708,三亚市少荃商务信息咨询有限公司,91469001MA5TGW5T6A,61
2709,三亚市尚哲雪网络科技有限公司,91460000MA7JJ08E6X,61
2710,三亚市尚航霞网络科技有限公司,91460000MA7J9J8A0K,61
2711,三亚市善玉今电子商务有限公司,91460000MA7HKCU32X,61
2712,三亚市善如投资有限公司,91460000MAEQ7P6W2G,61
2713,三亚市珊盈冰网络科技有限公司,91460000MA5TEEHH4C,61
2714,三亚市珊娜辰商贸有限公司,91460000MA5THM7G00,61
2715,三亚市纱子文化传媒有限公司,91460000MA7KB7C2XE,61
2716,三亚市沙倩舒文化传媒有限公司,91460000MA7JJCCF20,61
2717,三亚市杉升网络科技有限公司,91460000MA7LFC1R0K,61
2718,三亚市杉礼网络科技有限公司,91460000MA7LBWRAXT,61
2719,三亚市啬煌网络科技有限公司,91460000MA7GFDF4X4,61
2720,三亚市桑婷起文化传媒有限公司,91460000MA7KY4XN2D,61
2721,三亚市散行网络科技有限公司,91460000MA7J389F57,61
2722,三亚市散辞网络科技有限公司,91460000MA7GWHAX95,61
2723,三亚市撒洛妃网络科技有限公司,91460000MAA97GKR38,61
2724,三亚市若亦霖电子商务有限责任公司,91460000MA7LK4GW27,61
2725,三亚市若卉网络科技有限公司,91460000MA5TF00630,61
2726,三亚市若鸿生物科技有限公司,91430105MAC2MDLU58,61
2727,三亚市若菲波商务咨询有限公司,91460000MA5TE7GG0N,61
2728,三亚市若帆相服装有限公司,91460000MA5TH3KJ6N,61
2729,三亚市润兮电子商务有限公司,91460000MADYTCTW9L,61
2730,三亚市锐宇飞服装有限公司,91460000MA5TGWUY6D,61
2731,三亚市锐蔓文化传媒有限公司,91460000MA7KLLNX6F,61
2732,三亚市锐合瑞网络科技有限公司,91460000MA7GBKDJ7F,61
2733,三亚市芮德舒信息咨询有限公司,91460000MA7KEK3D47,61
2734,三亚市睿梁网络科技有限公司,91460000MA7K4K645L,61
2735,三亚市瑞铁商贸有限公司,91460000MADAMED94U,61
2736,三亚市瑞识倾机械设备有限公司,91469025MADUMA3H3X,61
2737,三亚市瑞路荣房地产咨询服务有限责任公司,91460200MA5T7ADF3P,61
2738,三亚市瑞萃网络科技有限公司,91460000MA7L2C4D40,61
2739,三亚市阮烈珠网络科技有限公司,91460000MA7L48N5XX,61
2740,三亚市茹璇文电子商务有限公司,91460000MA7HGP8YXR,61
2741,三亚市茹起梁文化传媒有限公司,91460000MA7J3GAR1L,61
2742,三亚市茹莫蕴商务咨询有限公司,91460000MA5TF2EC7G,61
2743,三亚市茹欢网络科技有限公司,91460000MA7LP1C98Q,61
2744,三亚市茹琛震网络科技有限公司,91460000MA7JMXMP1A,62
2745,三亚市濡漫文化传媒有限公司,91460000MA7KBC5A4M,62
2746,三亚市如阳古电子商务有限公司,91460000MA7KE0JC3Y,62
2747,三亚市如化文化传媒有限公司,91460000MA7HFJ3R9E,62
2748,三亚市融香博网络科技有限公司,91460000MA7GRPDE7L,62
2749,三亚市融文游旅投资有限公司,91460107MA7KG5BF12,62
2750,三亚市融腕网络科技有限公司,91460000MA7HXXNE6H,62
2751,三亚市融妙音网络科技有限公司,91460000MAA99G0U1P,62
2752,三亚市融创商贸有限责任公司,91460000MAEU00EB9D,62
2753,三亚市蓉洁信息咨询有限公司,91460000MA7H82NL2M,62
2754,三亚市荣煜商贸有限公司,91460000MAD5YJWQ9M,62
2755,三亚市荣颖网络科技有限公司,91460000MA7L48L734,62
2756,三亚市绒衣文化传媒有限公司,91460000MA7KE1KK8J,62
2757,三亚市戎文要网络科技有限公司,91460000MAA99THF27,62
2758,三亚市戎淑烁网络科技有限公司,91460000MA7KUWTB3A,62
2759,三亚市容曼草网络科技有限公司,91460000MA7GBQE71B,62
2760,三亚市日祯网络科技有限公司,91460000MA7J3N4T9P,62
2761,三亚市任子暄网络科技有限公司,91460000MA7LJLRH0L,62
2762,三亚市任默兴网络科技有限公司,91460000MA7H1B393C,62
2763,三亚市仁师进出口贸易有限公司,91460000MAEJH00291,62
2764,三亚市人力资源集团有限公司,91460200MA5TG5DA8K,62
2765,三亚市人箐网络科技有限公司,91460000MA5TE5A068,62
2766,三亚市饶西铭网络科技有限公司,91460000MA7KR53161,62
2767,三亚市饶沃建材有限公司,91460000MA7FR51435,62
2768,三亚市饶弘芸信息咨询有限公司,91460000MA7H7FDE1F,62
2769,三亚市让利家政服务有限责任公司,91460000MACH0CLE5N,62
2770,三亚市群学网络科技有限公司,91460000MA7H62GT2A,62
2771,三亚市群丛网络科技有限公司,91460000MA7J5T2E0G,62
2772,三亚市诠述文化传媒有限公司,91460000MA7J5ET23Y,62
2773,三亚市裘咸可网络科技有限公司,91460000MA7GGCKD8K,62
2774,三亚市求容信息咨询有限公司,91460000MA7J3141X4,62
2775,三亚市邱东骏网络科技有限公司,91460000MA7KKCF648,62
2776,三亚市秋向候网络科技有限责任公司,91460000MA7LBX8Y85,62
2777,三亚市秋世网络科技有限公司,91460000MA7JG3H006,62
2778,三亚市秋荣信息科技有限公司,91460000MA7HGTT57P,62
2779,三亚市秋蓝巧信息科技有限公司,91460000MA7HB0HR4D,62
2780,三亚市丘锦文化传媒有限公司,91460000MA7HFJCH4R,62
2781,三亚市丘芳润网络科技有限公司,91460000MA7HGUR73Y,62
2782,三亚市庆余商贸有限公司,91460000MA5TQYTYXB,62
2783,三亚市轻灵信息科技有限公司,91460000MA7J0AT68Y,62
2784,三亚市清宁房地产租赁经营有限责任公司,91460000MAD15U9M8Q,62
2785,三亚市沁凉文化传媒有限公司,91460000MA7KAAEK2M,62
2786,三亚市秦颜洁信息咨询有限公司,91460000MA7HAHKDXW,62
2787,三亚市侵侮合网络科技有限公司,91460000MA7JC9UP29,62
2788,三亚市乔章佑商务咨询有限公司,91460000MA5TE8AD0Q,62
2789,三亚市乔淑骞网络科技有限公司,91460000MA7L923X2J,63
2790,三亚市乔莲帆信息咨询有限公司,91460000MA7J0B2BX4,63
2791,三亚市乔涵柳网络科技有限公司,91460000MAA99G3U0M,63
2792,三亚市强尧俊商务咨询有限公司,91460000MA5TE8A98D,63
2793,三亚市茜渝浅商贸有限公司,91460000MACDT9C85C,63
2794,三亚市纤纤柠檬服饰有限公司,91460000MACW414R9F,63
2795,三亚市纤洪网络科技有限公司,91460000MA7GBKKKXN,63
2796,三亚市倩悦丽网络科技有限公司,91460000MA5TGCM7X7,63
2797,三亚市钱莉荣电子商务有限公司,91460000MA7KE0GB6U,63
2798,三亚市前番信息咨询有限公司,91460000MA7KEN250J,63
2799,三亚市骞强文化传媒有限公司,91460000MA7KGDNU2F,63
2800,三亚市骞桂网络科技有限公司,91460000MA7LB0M17C,63
2801,三亚市谦汛商贸有限公司,91460000MACLKYBP4N,63
2802,三亚市芊睿珠宝有限责任公司,91469027MAD94KQ27X,63
2803,三亚市芊朵食品科技有限公司,91460108MAD6WW2B0W,63
2804,三亚市千美旅游发展有限公司,91460000MAA90JCM1E,63
2805,三亚市仟帆投资合伙企业（有限合伙）,91460000MAEPE3114H,63
2806,三亚市起田网络科技有限公司,91460000MA7HXXN87E,63
2807,三亚市绮清剧电子商务有限责任公司,91460000MA7L11BY55,63
2808,三亚市杞稷网络科技有限公司,91460000MA7LBGJ977,63
2809,三亚市启书梵商贸有限公司,91460000MADHQULX3C,63
2810,三亚市启佳医疗器械有限公司,91460000MADHGW2L5C,63
2811,三亚市齐修绳电子商务有限责任公司,91460000MA7L10Q26X,63
2812,三亚市骑海楼网络科技有限公司,91460000MA7HGUQ348,63
2813,三亚市骑督访科技有限责任公司,91460000MA7KUYBN2U,63
2814,三亚市耆乐养老服务有限公司,91460108MADW2RDA90,63
2815,三亚市綦夏云信息科技有限公司,91460000MAA97N3U9D,63
2816,三亚市祺瑞宸服装有限公司,91460000MA5TGUNP26,63
2817,三亚市祺茹莫商务咨询有限公司,91460000MA5TF2E843,63
2818,三亚市祺昌医药有限公司,91460000MA5TWBDU5R,63
2819,三亚市祁濡锐网络科技有限公司,91460000MA7L48M88A,63
2820,三亚市祁骊罕网络科技有限责任公司,91460000MA7KH0A04F,63
2821,三亚市畦盛农业科技有限公司,91469006MA5TWC1M60,63
2822,三亚市琪岚网络科技有限公司,91460000MA7K3J0P0P,63
2823,三亚市淇雅欣网络科技有限公司,91460000MA5TGCME7A,63
2824,三亚市奇瀚信息咨询服务有限公司,91460108MAA99XJ38H,63
2825,三亚市戚杉侠网络科技有限公司,91460000MA7LUM4H70,63
2826,三亚市戚加坤文化传媒有限公司,91460000MA7J5FJE0U,63
2827,三亚市普瑞诗玛珠宝饰品有限公司,91460000MAG03GCA43,63
2828,三亚市普利养生保健服务有限公司,91460200MA5T66KGXN,63
2829,三亚市蒲斌网络科技有限公司,91460000MA7JYH6W92,63
2830,三亚市璞海旅租发展有限公司,91460000MABUU1TK9F,63
2831,三亚市平娅星信息咨询有限公司,91460000MA7JJC759Y,63
2832,三亚市平卉素网络科技有限责任公司,91460000MA7J2F391D,63
2833,三亚市平峰网络科技有限公司,91460000MA7LBXEQ08,63
2834,三亚市平春旭文化传媒有限公司,91460000MA7HCB6F1J,64
2835,三亚市屏洁文化传媒有限公司,91460000MA7KEXR140,64
2836,三亚市朴振平网络科技有限公司,91460000MAA97GKN0U,64
2837,三亚市漂龙天华装饰工程有限公司,91460000MAENLBHA8P,64
2838,三亚市漂决文化传媒有限公司,91460000MA7JP9569M,64
2839,三亚市片许信息科技有限公司,91460000MA7KK07H03,64
2840,三亚市篇体信息咨询有限公司,91460000MA7HE8DX62,64
2841,三亚市皮薇翱信息科技有限公司,91460000MA7HC9PUXP,64
2842,三亚市鹏潇网络科技有限公司,91460000MA5TEYYE2G,64
2843,三亚市鹏铭网络科技有限公司,91460000MA7J2FK149,64
2844,三亚市鹏凯展创专业设计服务有限公司,91460000MA5TEQGA3L,64
2845,三亚市鹏健印章有限公司,91460000MA5T8AKC9N,64
2846,三亚市鹏航创新科技服务有限公司,91450311MA5L49YY62,64
2847,三亚市鹏橙咨询有限公司,91460000MAE2L0PLX2,64
2848,三亚市蓬杉合网络科技有限公司,91460000MA7LULUY9Y,64
2849,三亚市配防信息咨询有限公司,91460000MA7HB1XR98,64
2850,三亚市裴桃怡文化传媒有限公司,91460000MA7KAH4B4D,64
2851,三亚市裴仕春网络科技有限公司,91460000MA7LCXXD0R,64
2852,三亚市裴锦婷网络科技有限公司,91460000MA7J7QUK0L,64
2853,三亚市裴晖碧网络科技有限公司,91460000MA7L9NR29R,64
2854,三亚市培英甄选贸易有限公司,91460000MAE2WKMA59,64
2855,三亚市旁罗文化传媒有限公司,91460000MA7HKBHA4B,64
2856,三亚市潘与网络科技有限公司,91460000MA7H79TL4D,64
2857,三亚市潘菲舒信息咨询有限公司,91460000MA7KJ70G18,64
2858,三亚市排拓文化传媒有限公司,91460000MA7J3H3J46,64
2859,三亚市鸥阳曼信息咨询有限公司,91460000MA7JJB211E,64
2860,三亚市欧羽贸易有限责任公司,91460000MAE8FXYE2A,64
2861,三亚市妞秒网络科技有限公司,91460000MA7JJ07K9N,64
2862,三亚市宁金菡信息咨询有限公司,91460000MA7JWQDM59,64
2863,三亚市聂梁网络科技有限公司,91460000MA7J2ER08F,64
2864,三亚市聂爵网络科技有限公司,91460000MA7JXYRE6C,64
2865,三亚市聂晖正文化传媒有限公司,91460000MA7HHTEKXX,64
2866,三亚市聂采瑶文化传媒有限公司,91460000MA7HFJBRXR,64
2867,三亚市念依网络科技有限公司,91460000MA5TEYYP2R,64
2868,三亚市年邦网络科技有限公司,91460000MA7J2FLB23,64
2869,三亚市泥甫俨信息科技有限责任公司,91460000MA7K4W0D3N,64
2870,三亚市楠彤博电子商务有限责任公司,91460000MA7L0WTE55,64
2871,三亚市楠斯情商务咨询有限公司,91460000MA5TF4MH4J,64
2872,三亚市楠良网络科技有限公司,91460000MA7L06DH7M,64
2873,三亚市奈暄贯网络科技有限责任公司,91460000MA7J5E3J79,64
2874,三亚市那裕菡网络科技有限公司,91460000MA7LD76K06,64
2875,三亚市那门初网络科技有限公司,91460000MA7H19UN4N,64
2876,三亚市那浩文化传媒有限公司,91460000MA7J7D7U0U,64
2877,三亚市纳海讯达水声科技有限公司,91460000MAENPNEYX3,64
2878,三亚市纳偲机械制造有限公司,91460108MADT9L5N39,64
2879,三亚市娜静恃服装有限公司,91460000MA5TH3KQ3K,65
2880,三亚市穆妮凡信息咨询有限公司,91460000MA7KB97U2N,65
2881,三亚市穆桀婷网络科技有限公司,91460000MA7LPF7U6X,65
2882,三亚市沐忆环保科技有限公司,91460000MADEP2CD8R,65
2883,三亚市沐沐轩电子商务有限公司,91460000MAC9QFL89P,65
2884,三亚市沐辉建筑工程有限公司,91469034MADW4D7X1G,65
2885,三亚市沐丰农业有限公司,91460000MAK0G0BK4A,65
2886,三亚市木枕信息科技有限公司,91460000MA7JJCCR04,65
2887,三亚市慕梦彦文化传媒有限公司,91460000MA7JHQM35Y,65
2888,三亚市慕枫厍网络科技有限责任公司,91460000MA7LFKCNXB,65
2889,三亚市慕碧佑网络科技有限公司,91460000MA7LULUN9N,65
2890,三亚市默达尔投资有限公司,91460000MAEX8QRJ44,65
2891,三亚市貊元冬网络科技有限公司,91460000MAA97GKL46,65
2892,三亚市莫云珠网络科技有限公司,91460000MA7JMY1R7L,65
2893,三亚市莫芃柔网络科技有限公司,91460000MA7M85HQ80,65
2894,三亚市末失文化传媒有限公司,91460000MA7HFJ8J57,65
2895,三亚市鸣雨文化传媒有限公司,91460000MA7JHQG37Q,65
2896,三亚市铭玥朗投资有限公司,91460000MAE5FBUH98,65
2897,三亚市铭霞信息科技有限公司,91460000MACPEYGA4N,65
2898,三亚市铭健偲建筑工程有限公司,91460108MADW8QMA6B,65
2899,三亚市铭继网络科技有限公司,91460000MA7L48FT5H,65
2900,三亚市洺钛建材有限公司,91460000MACHJD6K5Y,65
2901,三亚市明辉生物科技有限公司,91460000MADFM4X21T,65
2902,三亚市明辉进出口贸易有限公司,91460200MADLBGNW1E,65
2903,三亚市明尘网络科技有限公司,91460000MA7LB0K14P,65
2904,三亚市名诺机械制造有限公司,91469005MADW4C8A7X,65
2905,三亚市闵峰侠信息咨询有限公司,91460000MA7J3C7G1D,65
2906,三亚市敏轩郜服装有限公司,91460000MA5TGY5R5N,65
2907,三亚市敏休网络科技有限公司,91460000MA7KHNRD1P,65
2908,三亚市妙燕倾机械制造有限公司,91460106MADUMC422L,65
2909,三亚市淼漫酒店管理酒店（个人独资）,91469006MADJA68U51,65
2910,三亚市苗乘年电子商务有限公司,91460000MA7JAPCKX9,65
2911,三亚市绵蕴网络科技有限公司,91460000MA5TE59Y8P,65
2912,三亚市米雪振电子商务有限公司,91460000MA7J5X143F,65
2913,三亚市米琪信息科技有限公司,91460000MA7KF40T8B,65
2914,三亚市米佳农业科技发展有限公司,91460000MA5TKYBX41,65
2915,三亚市米朵儿网络科技有限公司,91460000MAA97GK37X,65
2916,三亚市米多元投资有限公司,91460000MAE9WWT315,65
2917,三亚市糜古韵网络科技有限公司,91460000MA7FEX3F1X,65
2918,三亚市孟诗楷文化传媒有限公司,91460000MA7HGUER46,65
2919,三亚市蒙福国际货运代理有限公司,91469001MA5U1FD7XU,65
2920,三亚市镁胜装饰建材有限公司,91460000MA5TW7P21F,65
2921,三亚市美亦清网络科技有限公司,91460000MA7GBT53X9,65
2922,三亚市美达利实业有限公司,91460000MA5T9GFL2M,65
2923,三亚市美灿电子商贸有限责任公司,91460000MAK1RQG12K,65
2924,三亚市楣骁凡服装有限公司,91460000MA5TGWLX02,66
2925,三亚市梅梓漆商贸有限公司,91460000MAC9W5EY2D,66
2926,三亚市梅茵辰网络科技有限责任公司,91460000MA7L2C4672,66
2927,三亚市梅听网络科技有限公司,91460000MA7J2E3A7R,66
2928,三亚市梅茜鸿电子商务有限公司,91460000MA7KE8EF8L,66
2929,三亚市梅门网络科技有限公司,91460000MA7HN3WG3A,66
2930,三亚市梅炳蔚信息咨询有限公司,91460000MA7JU38E43,66
2931,三亚市毛礼文化传媒有限公司,91460000MA7JQNPC9P,66
2932,三亚市漫际星空传媒有限公司,91460000MAECMQ9K56,66
2933,三亚市曼优网络科技有限公司,91460000MA7L405B26,66
2934,三亚市曼晓史电子商务有限责任公司,91460000MA7KQ93Q6X,66
2935,三亚市曼年网络科技有限公司,91460000MA7L2L605T,66
2936,三亚市麦秋信息科技有限公司,91460000MA7KF7B09P,66
2937,三亚市马子格网络科技有限公司,91460000MA7K16NP0E,66
2938,三亚市马休网络科技有限公司,91460000MA7JEGPB6L,66
2939,三亚市绿耀农业有限公司,91460000MAK1JHBG57,66
2940,三亚市绿沃农业有限公司,91460000MAK1EPH31U,66
2941,三亚市绿禾农业有限公司,91460000MAK2FUBH85,66
2942,三亚市律顾信息科技有限公司,91460000MA7JQHWW0L,66
2943,三亚市律访儿网络科技有限公司,91460000MA7JC9R76R,66
2944,三亚市履系信息咨询有限公司,91460000MA7J07Y027,66
2945,三亚市吕娜妮网络科技有限公司,91460000MA7JN0MC02,66
2946,三亚市骆蓉亦网络科技有限公司,91460000MAA99QN264,66
2947,三亚市骆斌佳文化传媒有限公司,91460000MA7JJCH01R,66
2948,三亚市罗明鑫网络科技有限公司,91460000MA7K7BAE40,66
2949,三亚市罗敷文化传媒有限公司,91460000MA7HFJ4Y2K,66
2950,三亚市乱曼龙网络科技有限公司,91460000MA7JMYAG45,66
2951,三亚市逯冰加文化传媒有限公司,91460000MA7J7CTQ5W,66
2952,三亚市路面文化传媒有限公司,91460000MA7J602024,66
2953,三亚市禄惠古电子商务有限公司,91460000MA7KE1GD52,66
2954,三亚市璐亿琪国际经贸有限公司,91460000MADKTFTF54,66
2955,三亚市鲁兴言网络科技有限公司,91460000MAA97GK961,66
2956,三亚市鲁奇梓网络科技有限公司,91460000MA7FATYL54,66
2957,三亚市露觅委网络科技有限责任公司,91460000MA7J2EN61Y,66
2958,三亚市楼昭商贸有限公司,91460000MACB938T41,66
2959,三亚市龙亚汇智科技有限公司,91460108MAA9AG8G3G,66
2960,三亚市龙信农业科技有限公司,91460000MA5U2Q2WXX,66
2961,三亚市龙蔚祜网络科技有限公司,91460000MA7K33539Y,66
2962,三亚市龙辉农业科技有限公司,91460000MACG842K44,66
2963,三亚市龙颢彬网络科技有限公司,91460000MA5TJHPJ7D,66
2964,三亚市隆熙利网络科技有限公司,91460000MA5TJH8W5C,66
2965,三亚市隆卡芙贸易有限公司,91460000MADJRJBR8X,66
2966,三亚市泷淑商贸有限公司,91460000MACB938QXC,66
2967,三亚市柳震网络科技有限公司,91460000MA7KRMF005,66
2968,三亚市馏柠荻商务咨询有限公司,91460000MA5TF4M99R,66
2969,三亚市刘紫安网络科技有限公司,91460000MA7FUDMC0Y,67
2970,三亚市溜尖网络科技有限公司,91460000MA7J5TFC7X,67
2971,三亚市领媚慧机械制造有限公司,91469033MADUKFWK5B,67
2972,三亚市零陆捌渔业有限公司,91469027MA7H4L856R,67
2973,三亚市零佳钦科技有限责任公司,91460000MA7J7NEA9Y,67
2974,三亚市铃渺荻商务咨询有限公司,91460000MA5TF4N44T,67
2975,三亚市菱蕾智网络科技有限责任公司,91460000MA7LB0YK98,67
2976,三亚市玲亦网络科技有限公司,91460000MA5TF0HQ59,67
2977,三亚市灵然网络科技有限公司,91460000MA7J2EFNXE,67
2978,三亚市灵互文化传媒有限公司,91460000MA7KA1DAX9,67
2979,三亚市凌翔贸易有限责任公司,91460000MAEJXPQK7P,67
2980,三亚市凌天网络科技有限公司,91460000MA5TGDWQ11,67
2981,三亚市凌茜文化传媒有限公司,91460000MA7KE1LL2N,67
2982,三亚市邻科网络科技有限责任公司,91460000MA5TAKWH40,67
2983,三亚市林墨文化传媒有限公司,91460000MA7KAAH67Q,67
2984,三亚市林佳晨网络科技有限公司,91460000MAA99GAP4M,67
2985,三亚市料想文化传媒有限公司,91460000MA7HN76E25,67
2986,三亚市廖运美网络科技有限公司,91460000MA7JWUJ208,67
2987,三亚市廖暮雨信息科技有限公司,91460000MAA97N3X3W,67
2988,三亚市廖家加信息科技有限公司,91460000MA7HCGWX8P,67
2989,三亚市廖函拓网络科技有限责任公司,91460000MA7KUHWK5L,67
2990,三亚市亮直网络科技有限公司,91460000MA7J5T6L3N,67
2991,三亚市梁濡福网络科技有限公司,91460000MA7M8KN202,67
2992,三亚市梁洁娜电子商务有限公司,91460000MA7JJCJ04Q,67
2993,三亚市梁采美网络科技有限公司,91460000MA7KW0AH59,67
2994,三亚市莲屹网络科技有限公司,91460000MA5TE5A57G,67
2995,三亚市廉芳休网络科技有限公司,91460000MA7LP6YJ3W,67
2996,三亚市帘内文化传媒有限公司,91460000MA7J2U966J,67
2997,三亚市莉容电子商务有限公司,91460000MA7JT5UR0L,67
2998,三亚市莉恒网络科技工作室,91460000MA5TKX2P90,67
2999,三亚市立挣网络科技有限公司,91460000MA7JBDK0XW,67
3000,三亚市立康权机动车检测有限责任公司,91460000MA7KGNEM7C,67
3001,三亚市栗理商贸有限公司,91460000MACP7WED2K,67
3002,三亚市厉又青网络科技有限公司,91460000MAA97GKH1R,67
3003,三亚市厉良一网络科技有限公司,91460000MA7FDK359C,67
3004,三亚市厉可航网络科技有限公司,91460000MA7JN0G98B,67
3005,三亚市厉佳妍网络科技有限公司,91460000MA7G8WCYX4,67
3006,三亚市丽之雅商务服务有限公司,91460000MAA94HNU3B,67
3007,三亚市丽山焜网络科技有限公司,91460000MA5TGDWH8F,67
3008,三亚市礼谊文化传媒有限公司,91460000MA7J3FBW6M,67
3009,三亚市骊坟网络科技有限公司,91460000MA7GWHT698,67
3010,三亚市离苑文化传媒有限公司,91460000MA7JJ0473N,67
3011,三亚市离形信息咨询有限公司,91460000MA7J2PE05Q,67
3012,三亚市离痕网络科技有限公司,91460000MA7GBKEH74,67
3013,三亚市漓雯晴商务咨询有限公司,91460000MA5TF2ED5B,67
3014,三亚市冷伟锐信息科技有限公司,91460000MA7J3GG929,68
3015,三亚市冷桐碧电子商务有限公司,91460000MA7HHKK184,68
3016,三亚市冷杞钊文化传媒有限公司,91460000MA7HGRPF8W,68
3017,三亚市冷梦玉网络科技有限公司,91460000MA7LULWA5K,68
3018,三亚市冷梅倩文化传媒有限公司,91460000MA7KAR2N7G,68
3019,三亚市蕾轩丙科技有限责任公司,91460000MA7JAKYH1R,68
3020,三亚市蕾蔓网络科技有限公司,91460000MA7J40LQ5W,68
3021,三亚市雷正辞文化传媒有限公司,91460000MA7KGDJR2N,68
3022,三亚市雷云馨信息咨询有限公司,91460000MA7J3GXW9C,68
3023,三亚市乐卓珠网络科技有限公司,91460000MA7L4Q7U1C,68
3024,三亚市乐游体育文化有限责任公司,91460000MAETP0JQ91,68
3025,三亚市乐悠美文化传播有限公司,91460000MAK2E76Y7T,68
3026,三亚市乐萱崧环保科技有限公司,91460000MADEYWJY56,68
3027,三亚市乐萱绮生物科技有限公司,91460000MADFHPHY1X,68
3028,三亚市乐水信息科技有限公司,91460000MA7J3H1T30,68
3029,三亚市蓝钊网络科技有限公司,91460000MA7K6LRD6K,68
3030,三亚市蓝欣美电子商务有限公司,91460000MA7HKDDQ5L,68
3031,三亚市蓝敏弦网络科技有限公司,91460000MA7K72MJ7T,68
3032,三亚市蓝春暄文化传媒有限公司,91460000MA7KENBB7H,68
3033,三亚市岚延网络科技有限公司,91460000MA7LJBC687,68
3034,三亚市岚家文化传媒有限公司,91460000MA7J37XY0H,68
3035,三亚市赖巧竹网络科技有限责任公司,91460000MA7KH6F45E,68
3036,三亚市莱沐五金制造有限公司,91469031MADT9FD34M,68
3037,三亚市昆利投资有限公司,91460107MADLEL0Y1P,68
3038,三亚市坤初网络科技有限公司,91460000MA7KH6C033,68
3039,三亚市匡钊栋文化传媒有限公司,91460000MA7J5EW9X2,68
3040,三亚市匡祥美网络科技有限公司,91460000MA7GNC07X1,68
3041,三亚市匡漫允信息科技有限公司,91460000MA7J33UK6G,68
3042,三亚市蒯昭峰网络科技有限公司,91460000MA7JWWBE3D,68
3043,三亚市寇阳文网络科技有限公司,91460000MAA99R2091,68
3044,三亚市寇如郁网络科技有限公司,91460000MA7H1BA71U,68
3045,三亚市孔雨漫网络科技有限公司,91460000MA7K74TF49,68
3046,三亚市孔铭敏文化传媒有限公司,91460000MA7KAKBY5A,68
3047,三亚市客奇网络科技有限公司,91460000MA7J1BN33L,68
3048,三亚市科瑞希贸易有限公司,91460000MAK25FWL9P,68
3049,三亚市柯依然网络科技有限公司,91460000MA7JG24W7P,68
3050,三亚市康涛彤网络科技有限公司,91460000MA7GPDFP6E,68
3051,三亚市康海呈网络科技有限公司,91460000MA7L92433G,68
3052,三亚市楷仕网络科技有限公司,91460000MA7LBPEU13,68
3053,三亚市恺竹电子商务有限公司,91460000MAE0FFB215,68
3054,三亚市恺亦莱商贸有限公司,91460000MAC9EN970H,68
3055,三亚市恺文熙商贸有限公司,91460000MACGUB9D0Y,68
3056,三亚市凯新阳商贸有限公司,91460000MAC41B7TXJ,68
3057,三亚市凯顺建筑装饰材料有限公司,91460000MA5TQG710J,68
3058,三亚市凯谛网络科技有限公司,91460000MA7J5E467J,68
3059,三亚市开府网络科技有限公司,91460000MA7HXL2M53,69
3060,三亚市骏业科技有限公司,91460000MADBUXR9XT,69
3061,三亚市骏潍网络科技有限公司,91460000MA7KH6DBXL,69
3062,三亚市骏盛琦商贸有限公司,91460000MACEXLNL71,69
3063,三亚市骏奥瑶商贸有限公司,91460000MA5THM7D6F,69
3064,三亚市珺松网络科技有限责任公司,91460000MA7KH06F1Y,69
3065,三亚市珺洺汽车有限公司,91460000MAEP49M1XE,69
3066,三亚市俊振网络科技有限公司,91460000MA7J5E4LX5,69
3067,三亚市俊锦商贸有限公司,91460000MA5TE3YC18,69
3068,三亚市俊家熙网络科技有限公司,91460000MA5TJH926A,69
3069,三亚市俊导网络科技有限公司,91460000MA7JBDKC88,69
3070,三亚市筠觅倾环保科技有限公司,91460000MADDY71A5N,69
3071,三亚市筠觅绮电子科技有限公司,91460000MADDAFDG1K,69
3072,三亚市均辰玥商贸有限公司,91460000MA5THM7A1W,69
3073,三亚市君浩伟网络科技有限公司,91460000MA5TJHPB1K,69
3074,三亚市军晟华源科技有限公司,91460000MA5U14LR4B,69
3075,三亚市爵钊网络科技有限公司,91460000MA7LAQHK6T,69
3076,三亚市聚苑置业有限公司,91460000MAE7DFE69M,69
3077,三亚市瞿思娅网络科技有限公司,91460000MA7H5RNE7X,69
3078,三亚市鞠栋可信息咨询有限公司,91460000MA7JHQ3E41,69
3079,三亚市居宇骞文化传媒有限公司,91460000MA7HFJCT2W,69
3080,三亚市居银暄网络科技有限公司,91460000MA7GBRF892,69
3081,三亚市九枝建材有限公司,91460000MA7HNW0M8L,69
3082,三亚市究丽妍网络科技有限公司,91460000MA7L92TP2Y,69
3083,三亚市静域文化传媒有限公司,91460000MA7JP99L7L,69
3084,三亚市敬善尽美集团投资责任有限公司,91460000MACGA9KJ5A,69
3085,三亚市婧舒网络科技有限公司,91460000MA7JY0NN7M,69
3086,三亚市婧晖网络科技有限公司,91460000MA7L2RNQ29,69
3087,三亚市境恬网络科技有限公司,91460000MA7JY0L14B,69
3088,三亚市劲兆宏汽车配件有限公司,91460000MAA94XYYX3,69
3089,三亚市劲刃电子商务有限公司,91460000MA7K8THGXB,69
3090,三亚市净空文化传媒有限公司,91460000MA7J5EW65L,69
3091,三亚市璟楠网络科技有限公司,91460000MA7J44H40L,69
3092,三亚市景泰程生物科技有限公司,91460000MABYR3HQ4Q,69
3093,三亚市景梦惠网络科技有限公司,91460000MA7JRKBX97,69
3094,三亚市荆茹玲文化传媒有限公司,91460000MA7HKDM26E,69
3095,三亚市荆帛杉网络科技有限公司,91460000MA7LYDP25K,69
3096,三亚市经琪倩信息咨询有限公司,91460000MA7JJCEW4Y,69
3097,三亚市精农丰稻科技有限公司,91460000MAEK9K6TXP,69
3098,三亚市精典企业管理有限公司,91460000MAEQJX4052,69
3099,三亚市晶盛建材有限公司,91460000MA5TDXWA9P,69
3100,三亚市晶饼网络科技有限公司,91460000MA7H5WK667,69
3101,三亚市锦鸿网络科技有限公司,91460000MA5TF7M11E,69
3102,三亚市锦安祥瑞网络科技有限公司,91460200MA5RHJE20B,69
3103,三亚市金慕悦网络科技有限公司,91460000MA7GGCKK5G,69
3104,三亚市金葫芦供应链有限责任公司,91460000MAE3J7LX19,70
3105,三亚市金弘润新材料科技有限公司,91460000MAEPF44898,70
3106,三亚市金虫信息咨询有限公司,91460000MA7H7FHJ80,70
3107,三亚市津润网络科技有限公司,91460000MA7JBDKL1T,70
3108,三亚市巾卉网络科技有限公司,91460000MA5TEYYH73,70
3109,三亚市解忧信息咨询有限公司,91460000MAA97R4W24,70
3110,三亚市解初含网络科技有限公司,91460000MA7H0BH2XD,70
3111,三亚市洁矩文化传媒有限公司,91460000MA7JHHT786,70
3112,三亚市洁婵网络科技有限公司,91460000MA5TF20R0Q,70
3113,三亚市杰庄秉网络科技有限公司,91460000MA5TDYDL08,70
3114,三亚市杰瑜广告有限公司,91460000MADMN8P233,70
3115,三亚市杰祥贸易有限公司,91460200MA5T5LMP10,70
3116,三亚市捷依网络科技有限公司,91460000MA7K3HWK84,70
3117,三亚市捷奇网络科技有限公司,91460000MA7KJ21R4C,70
3118,三亚市捷冬网络科技有限公司,91460000MA7J2EBR7N,70
3119,三亚市捷承幸环保设备有限公司,91469036MADUM9PNXU,70
3120,三亚市缴鸥网络科技有限公司,91460000MA5TE5A65B,70
3121,三亚市矫令信息科技有限公司,91460000MA7KK4H81J,70
3122,三亚市焦信美网络科技有限公司,91460000MA7L57GT4L,70
3123,三亚市焦春娇电子商务有限公司,91460000MA7HM7K95B,70
3124,三亚市娇璟雯服装有限公司,91460000MA5TH44E6L,70
3125,三亚市交混信息咨询有限公司,91460000MA7JT6C16G,70
3126,三亚市江琬琳文化传媒有限公司,91460000MA7KAAEQ1P,70
3127,三亚市江丽桃网络科技有限公司,91460000MA7L48MX2D,70
3128,三亚市江嘉鑫贸易有限公司,91460000MAG1J7NW8G,70
3129,三亚市姜涵简科技有限责任公司,91460000MA7LJFQH8K,70
3130,三亚市谏依玉网络科技有限公司,91460000MA7FEX3L00,70
3131,三亚市建灵凡网络科技有限责任公司,91460000MA7L03TT99,70
3132,三亚市剑曼凡网络科技有限公司,91460000MAA97GKJ8G,70
3133,三亚市健硕柏商务咨询有限公司,91460000MA5TEENG4P,70
3134,三亚市蹇觅夏网络科技有限公司,91460000MA7G8WCT92,70
3135,三亚市简逸信息科技有限公司,91460000MA7KJMFC5T,70
3136,三亚市简商信息科技有限公司,91460000MA7H840W1C,70
3137,三亚市简任信息咨询有限公司,91460000MA7JE65B1N,70
3138,三亚市简槐薇网络科技有限公司,91460000MA7JMYBG0E,70
3139,三亚市剪音华网络科技有限公司,91460000MAA99TW05F,70
3140,三亚市架资宇服装有限公司,91460000MA5TH3KHXW,70
3141,三亚市甲宵卓信息科技有限责任公司,91460000MA7K75PD5G,70
3142,三亚市珈瑞甄选贸易有限公司,91460000MAE2Q45T6N,70
3143,三亚市家佑网络科技有限公司,91460108MABM1ARM14,70
3144,三亚市夹初果信息咨询有限公司,91460000MA7J2TL27Q,70
3145,三亚市嘉卓建筑工程有限公司,91460100MADU9YQ05U,70
3146,三亚市嘉芸网络科技有限公司,91460000MA7K16R448,70
3147,三亚市嘉越商贸有限公司,91460000MAE766PG8Q,70
3148,三亚市嘉瑞农业科技有限责任公司,91460105MA5TUU1Q72,70
3149,三亚市嘉美料网络科技有限公司,91460000MA7HRTAG6T,71
3150,三亚市嘉禾天成农业有限公司,91460000MAEKD6M675,71
3151,三亚市嘉碧芙网络科技有限责任公司,91460000MA7LAQL59N,71
3152,三亚市加韵网络科技有限公司,91460000MA7LEPFA0B,71
3153,三亚市加然网络科技有限公司,91460000MA7KHJG63N,71
3154,三亚市加昊网络科技有限公司,91460000MA7K4R1Q2Y,71
3155,三亚市佳蕴网络科技有限公司,91460000MA7L06E04G,71
3156,三亚市佳馨芸服装有限公司,91460000MA5TH44B12,71
3157,三亚市佳韦网络科技有限公司,91460000MA7KR6Q82A,71
3158,三亚市佳慕网络科技有限公司,91460000MA5TEYYD4M,71
3159,三亚市佳慧玉服装有限公司,91460000MA5TH44NX4,71
3160,三亚市计乐容网络科技有限公司,91460000MAA97GK45Q,71
3161,三亚市继琛网络科技有限公司,91460000MA5TDT58XB,71
3162,三亚市稷宗网络科技有限公司,91460000MA7LBAFD82,71
3163,三亚市稷运网络科技有限公司,91460000MA7LB17U1C,71
3164,三亚市稷依网络科技有限公司,91460000MA7JXTTR11,71
3165,三亚市寄颖恭科技有限责任公司,91460000MA7J9XAK31,71
3166,三亚市己易云电子商务有限公司,91460000MA7FP10534,71
3167,三亚市几将文化传媒有限公司,91460000MA7JP96U18,71
3168,三亚市集映雪网络科技有限公司,91460000MAA99R7W2L,71
3169,三亚市集义网络科技有限公司,91460000MA7JBDYP3J,71
3170,三亚市集商荟房地产有限责任公司,91460000MACGPU0H0L,71
3171,三亚市籍年泽网络科技有限公司,91460000MA7LULXH9W,71
3172,三亚市疾早文化传媒有限公司,91460000MA7HN74B50,71
3173,三亚市吉材福信息咨询有限公司,91460000MA7HKBQU5P,71
3174,三亚市吉奥普建设工程质量检测有限公司,91460200MA5T4WYX81,71
3175,三亚市姬芮丽信息科技有限公司,91460000MA7JJC3J8J,71
3176,三亚市浑希林百货店（个人独资）,91460000MACF5C7L91,71
3177,三亚市汇天贸易有限责任公司,91460000MADYQB3456,71
3178,三亚市慧德农业科技有限责任公司,91460000MADYMPML10,71
3179,三亚市惠琪棠商务咨询有限公司,91460000MA5TF4MK94,71
3180,三亚市辉铧建材有限公司,91460000MAC2QPP34U,71
3181,三亚市黄泽芳快递服务有限责任公司,91460000MADAQEF133,71
3182,三亚市凰花电子商务有限公司,91460000MA7H4MWB0J,71
3183,三亚市焕珺兰网络科技有限责任公司,91460000MA7J2FAK6Y,71
3184,三亚市焕俊鸿服装有限公司,91460000MA5TGY5JXR,71
3185,三亚市环音韵网络科技有限公司,91460000MA7HGUQU54,71
3186,三亚市环风贸易有限责任公司,91460000MAA90ETJ1X,71
3187,三亚市欢允网络科技有限公司,91460000MA7L47JK41,71
3188,三亚市欢可网络科技有限公司,91460000MA7LB85533,71
3189,三亚市欢眷文化传媒有限公司,91460000MA7JPJAC73,71
3190,三亚市槐媛璇信息咨询有限公司,91460000MA7JHQYX73,71
3191,三亚市槐蕾牧科技有限责任公司,91460000MA7LF4G70C,71
3192,三亚市槐福网络科技有限责任公司,91460000MA7KH1441F,71
3193,三亚市怀桃信息科技有限公司,91460000MA7JHXTN2R,71
3194,三亚市画事文化传媒有限公司,91460000MA7JWT9N65,72
3195,三亚市化俪网络科技有限公司,91460000MA5TF7LM70,72
3196,三亚市华赞实业有限公司,91460000MA5TYW0Q8G,72
3197,三亚市华提甄选贸易有限公司,91460000MAE326Q83D,72
3198,三亚市华青科技有限公司,91460000MAECYNCJ37,72
3199,三亚市华纽国际教育有限公司,91460000MAEUMCR200,72
3200,三亚市华璐驰网络科技有限公司,91460000MA7K6TXT76,72
3201,三亚市华旦国际贸易有限公司,91460000MADN4WLL6M,72
3202,三亚市花谢信息咨询有限公司,91460000MA7GQXQCXQ,72
3203,三亚市祜涛网络科技有限公司,91460000MA7K01KX8G,72
3204,三亚市湖臣商贸有限公司,91460000MAC94L8902,72
3205,三亚市呼民言网络科技有限公司,91460000MA7H4G9Q00,72
3206,三亚市后音容网络科技有限公司,91460000MA7GBK412B,72
3207,三亚市后晨桓网络科技有限公司,91460000MA7KKD8F67,72
3208,三亚市厚添明商贸有限公司,91460000MA7KE8D926,72
3209,三亚市红稻网络科技有限公司,91460000MA7K675X15,72
3210,三亚市红钗文化传媒有限公司,91460000MA7J5EU460,72
3211,三亚市洪萱加网络科技有限公司,91460000MA7KRMEQ7X,72
3212,三亚市洪润建材有限公司,91460000MA5TFX4L1G,72
3213,三亚市弘昭网络科技有限公司,91460000MA7LAQG65L,72
3214,三亚市弘域网络科技有限公司,91460000MA7J3WN58G,72
3215,三亚市弘日网络科技有限公司,91460000MA7K4QH41T,72
3216,三亚市弘凯腾网络科技有限公司,91460000MA7L48MD9J,72
3217,三亚市弘复利贸易有限公司,91460000MAA95JA81C,72
3218,三亚市宏州建材有限公司,91460000MA5U1UCY5C,72
3219,三亚市宏杰物业服务有限公司,91460100MA5TB21X45,72
3220,三亚市宏国闲商务咨询有限公司,91460000MA5TE7A1XY,72
3221,三亚市衡月荣信息科技有限公司,91460000MA7HB2860Q,72
3222,三亚市衡斐晖网络科技有限责任公司,91460000MA7J7HEC9W,72
3223,三亚市恒溢信息咨询有限公司,91460000MA5U0QQ269,72
3224,三亚市恒奉网络科技有限公司,91460000MA7J2FG86M,72
3225,三亚市恒川智投科技有限公司,91460000MAG07WN08K,72
3226,三亚市恒昌昇贸易有限公司,91460000MADL2P6H6A,72
3227,三亚市亨会文化传媒有限公司,91460000MA7KF7AA4W,72
3228,三亚市赫鑫种业科技有限公司,91460105MADL8KQB30,72
3229,三亚市贺升平网络科技有限公司,91460000MA7JRKCF8B,72
3230,三亚市荷良网络科技有限公司,91460000MA7KH6DJ5H,72
3231,三亚市禾紫侗商贸有限公司,91460000MACB7P689K,72
3232,三亚市禾源农业有限公司,91460000MAK1JM3A9W,72
3233,三亚市禾气烟花有限公司,91460000MAG0AA3K0P,72
3234,三亚市涸流文化传媒有限公司,91460000MA7HFH0T0B,72
3235,三亚市河猜电子商务有限公司,91460000MA7HRC4278,72
3236,三亚市和梦菲网络科技有限公司,91460000MA7H0BFQ38,72
3237,三亚市和徽艾霖投资有限责任公司,91460000MAE0714GXF,72
3238,三亚市合华文化传媒有限公司,91460000MA7KBCEXXR,72
3239,三亚市何岩镒服装有限公司,91460000MA5TGWM07F,73
3240,三亚市皓平文化传媒有限公司,91460000MA7HN2X49Y,73
3241,三亚市浩逸网络科技有限公司,91460000MA7LAQ4C80,73
3242,三亚市浩森能源科技有限公司,91460000MAE5WNX399,73
3243,三亚市浩阔文化传媒有限公司,91460000MA7KF6LL1F,73
3244,三亚市昊程科技有限公司,91460000MAETR3F69J,73
3245,三亚市号灯网络科技有限公司,91460000MA7H8A0F93,73
3246,三亚市郝邦辰电子商务有限公司,91460000MA7JR0T41G,73
3247,三亚市好久娱乐工作室（个人独资）,91460400MAA8YC3H9Y,73
3248,三亚市蒿仍音网络科技有限责任公司,91460000MA7KUHTC0J,73
3249,三亚市航訾网络科技有限公司,91460000MA7GQXPK9C,73
3250,三亚市航途汽车租赁服务有限责任公司,91460000MA5U2M0P9R,73
3251,三亚市航芃网络科技有限公司,91460000MA7L06CU7A,73
3252,三亚市翰曼网络科技有限公司,91460000MA7K01H175,73
3253,三亚市瀚伦轩智能科技有限公司,91460000MADL9KY93A,73
3254,三亚市瀚伦馨智能科技有限公司,91460000MADLN7821X,73
3255,三亚市瀚伦鑫智能科技有限公司,91460000MADKEM638X,73
3256,三亚市涵勇网络科技有限公司,91460000MA7LBWEM5D,73
3257,三亚市涵以瑶服装有限公司,91460000MA5TH3JC2E,73
3258,三亚市涵雅慕网络科技有限责任公司,91460000MA7LB0MB9W,73
3259,三亚市涵玄网络科技有限公司,91460000MA7JAL8D6F,73
3260,三亚市涵诗蕾网络科技有限公司,91460000MA5TFCG419,73
3261,三亚市涵绍宇服装有限公司,91460000MA5TGY7FX2,73
3262,三亚市涵柳凌服装有限公司,91460000MA5TH3JF71,73
3263,三亚市寒潍文化传媒有限公司,91460000MA7HLTNM5A,73
3264,三亚市寒清文化传媒有限公司,91460000MA7KAAEC7X,73
3265,三亚市寒骏网络科技有限公司,91460000MA7JY0UQ61,73
3266,三亚市寒成网络科技有限公司,91460000MA7JXYUT8A,73
3267,三亚市寒草倍网络科技有限公司,91460000MA7FUDQ75A,73
3268,三亚市含糕网络科技有限公司,91460000MA7JBDG8X4,73
3269,三亚市函翰网络科技有限公司,91460000MA7J2FED49,73
3270,三亚市函答网络科技有限公司,91460000MA7J1BN92P,73
3271,三亚市害病网络科技有限公司,91460000MA7HXL248T,73
3272,三亚市海询实业有限公司,91460000MA5T9G814G,73
3273,三亚市海沈网络科技有限公司,91460000MA7J38A415,73
3274,三亚市海派尼药械服务有限公司,91460000MADD17QW48,73
3275,三亚市海恋山文旅合伙企业（有限合伙）,91460000MAEDY3P66U,73
3276,三亚市海楷网络科技有限公司,91460000MA7JAKDW0H,73
3277,三亚市海波万网络科技有限公司,91460000MA7HFGAUXP,73
3278,三亚市果旭休信息咨询有限公司,91460000MA7HAJ7KX6,73
3279,三亚市果实星域信息技术有限公司,91460000MAETA0YF2H,73
3280,三亚市国金健康管理有限公司,91460000MA5TAFTM2M,73
3281,三亚市国欢建商务咨询有限公司,91460000MA5TEEP14X,73
3282,三亚市郭星雯网络科技有限公司,91460000MA7HK7AG89,73
3283,三亚市郭西鸿网络科技有限公司,91460000MA7FDB3N1B,73
3284,三亚市郭韦琬网络科技有限公司,91460000MA7JJ08Q42,74
3285,三亚市桂枚网络科技有限公司,91460000MA7JAKH98D,74
3286,三亚市桂兰网络科技有限公司,91460000MA5TGCJU9W,74
3287,三亚市桂帛紫网络科技有限公司,91460000MA7LYDYG70,74
3288,三亚市诡挂信息咨询有限公司,91460000MA7JTJFC01,74
3289,三亚市规景网络科技有限公司,91460000MA7JG3GB48,74
3290,三亚市归口电子商务有限公司,91460000MA7FR52M7Q,74
3291,三亚市广源建筑机械设备有限公司,91460000MA5TGH9P8N,74
3292,三亚市广汇鑫融科技有限公司,91460000MAE8D9K963,74
3293,三亚市观林网络科技有限公司,91460000MA5TGCJH2W,74
3294,三亚市纶恩文化传媒有限公司,91460000MA7KF30Q09,74
3295,三亚市官香卉网络科技有限公司,91460000MAA97GL17H,74
3296,三亚市关果隆信息咨询有限公司,91460000MA7JWXA99C,74
3297,三亚市关安祯网络科技有限公司,91460000MAA99QEK68,74
3298,三亚市挂记文化传媒有限公司,91460000MA7J5H5Q5A,74
3299,三亚市顾正甄选贸易有限公司,91460000MAE2XX40XQ,74
3300,三亚市谷莱雪信息科技有限公司,91460000MA7J79FU0C,74
3301,三亚市古哲蓓信息咨询有限公司,91460000MA7JJBYD30,74
3302,三亚市古阳兰信息科技有限公司,91460000MA7KF1RW6F,74
3303,三亚市古德商贸有限公司,91460000MADM78YD32,74
3304,三亚市购速达网络科技有限公司,91460106MACJ68MA2Y,74
3305,三亚市勾优然信息咨询有限公司,91460000MA7H7F7RXF,74
3306,三亚市共弘昭电子商务有限公司,91460000MA7KE1F53X,74
3307,三亚市弓紫茜网络科技有限公司,91460000MA7M85H3XB,74
3308,三亚市弓韦康信息咨询有限公司,91460000MA7J344E4R,74
3309,三亚市宫海琳文化传媒有限公司,91460000MA7K1L5A42,74
3310,三亚市功宣网络科技有限公司,91460000MA7H8BQL6E,74
3311,三亚市供承网络科技有限公司,91460000MA7HJNH854,74
3312,三亚市更香文化传媒有限公司,91460000MA7HFJ8A1J,74
3313,三亚市耿诗淑电子商务有限公司,91460000MA7KF7E326,74
3314,三亚市革书文网络科技有限公司,91460000MA7HPE4567,74
3315,三亚市阁帖文化传媒有限公司,91460000MA7KF0LDXK,74
3316,三亚市葛颜奇电子商务有限公司,91460000MA7J7D1G87,74
3317,三亚市格准文化传媒有限公司,91460000MA7HFJ6X7D,74
3318,三亚市格平网络科技有限公司,91460000MA7K3HU1XW,74
3319,三亚市戈振诗网络科技有限公司,91460000MA7JMY8F3M,74
3320,三亚市告接腾电子商务有限公司,91460000MA7JQY976K,74
3321,三亚市告碧菡网络科技有限公司,91460000MA7H0BFY91,74
3322,三亚市高韦锋网络科技有限公司,91460000MA7K336433,74
3323,三亚市高掇建材有限公司,91460000MA7HNUYY7X,74
3324,三亚市刚鸿熙网络科技有限公司,91460000MA5TJH7D31,74
3325,三亚市甘希夕电子商务有限公司,91460000MA7KE8DP3P,74
3326,三亚市甘承信息科技有限公司,91460000MA7HHG714X,74
3327,三亚市芥畅网络科技有限公司,91460000MA7J2FLN08,74
3328,三亚市盖腾静网络科技有限公司,91460000MA7JMYWE8M,74
3329,三亚市赋赏网络科技有限公司,91460000MA7H89YQ2R,75
3330,三亚市赋感网络科技有限公司,91460000MA7JBDHY9J,75
3331,三亚市负胜文化传媒有限公司,91460000MA7KAW827K,75
3332,三亚市富众生物科技有限责任公司,91460000MA5TAAKL3U,75
3333,三亚市富晓祥文化传媒有限公司,91460000MA7J2UMMXD,75
3334,三亚市富涵优网络科技有限公司,91460000MA7J8MYP1Y,75
3335,三亚市富港消防器材销售维修有限公司,91460000MAA994RPXH,75
3336,三亚市富港燃气有限公司,91460000MA5TWPEE95,75
3337,三亚市复格文化传媒有限公司,91460000MA7KAAC14X,75
3338,三亚市傅明网络科技有限公司,91460000MA7LBF1M6Q,75
3339,三亚市甫年贤电子商务有限公司,91460000MA7JAPD29F,75
3340,三亚市符韦涵网络科技有限公司,91460000MA7LET5D2H,75
3341,三亚市符拔电子商务有限公司,91460000MA7GLX0H8M,75
3342,三亚市福翔辉网络科技有限公司,91460000MAA92DRA3E,75
3343,三亚市福伦商贸有限公司,91460200MA5T37CF7R,75
3344,三亚市福亮辉网络科技有限公司,91460000MAA92DR526,75
3345,三亚市福联辉网络科技有限公司,91460000MAA92DR01X,75
3346,三亚市福可辉网络科技有限公司,91460000MAA92DR44B,75
3347,三亚市福浩辉网络科技有限公司,91460000MAA92DR28M,75
3348,三亚市福奥辉网络科技有限公司,91460000MAA92DR79X,75
3349,三亚市浮媚网络科技有限公司,91460000MA7GGFQR95,75
3350,三亚市服翼网络科技有限公司,91460000MA7GWHQX0Q,75
3351,三亚市扶尧伟网络科技有限公司,91460000MA7K0YLQ7F,75
3352,三亚市伏侍文化传媒有限公司,91460000MA7KF75N9C,75
3353,三亚市凤晓琴网络科技有限公司,91460000MA5TGDW76Y,75
3354,三亚市逢顺世信息科技有限责任公司,91460000MA7L116T2B,75
3355,三亚市冯栀婷信息咨询有限公司,91460000MA7JT5WQ5Q,75
3356,三亚市冯美平信息咨询有限公司,91460000MA7KF3MAXU,75
3357,三亚市烽候文化传媒有限公司,91460000MA7J3H0698,75
3358,三亚市枫雪改网络科技有限责任公司,91460000MA7LBXG00T,75
3359,三亚市枫林绿洲商贸服务有限责任公司,91460000MAE2FT5QX5,75
3360,三亚市封哲果网络科技有限公司,91460000MA7GXEEP6E,75
3361,三亚市丰升轩网络科技有限公司,91460000MA7KKBMN5N,75
3362,三亚市丰钜装备贸易有限公司,91460108MADUM2R99D,75
3363,三亚市奋击文化传媒有限公司,91460000MA7KABJT0L,75
3364,三亚市芬在网络科技有限公司,91460000MA5TEYYLXA,75
3365,三亚市费航妮文化传媒有限公司,91460000MA7JP9745J,75
3366,三亚市费福祥信息咨询有限公司,91460000MA7JHXDE77,75
3367,三亚市废气网络科技有限公司,91460000MA7J5T046D,75
3368,三亚市菲宗剑服装有限公司,91460000MA5TGUTG75,75
3369,三亚市菲玥悦商贸有限公司,91460000MA5TJ5HQ05,75
3370,三亚市菲瑞卓服装有限公司,91460000MA5TGUQR86,75
3371,三亚市仿徨网络科技有限公司,91460000MA7GFDFC52,75
3372,三亚市房前屋后房地产咨询服务有限公司,91460000MAA944EH4Q,75
3373,三亚市芳蔼信息科技有限公司,91460000MA7HHQ0179,75
3374,三亚市方子之电子商务有限公司,91460000MA7JWWXQ1P,76
3375,三亚市范灵玲信息咨询有限公司,91460000MA7JT5WG3A,76
3376,三亚市樊寒网络科技有限公司,91460000MA7GWH3T1H,76
3377,三亚市凡言网络科技有限公司,91460000MA7G8HLR9Y,76
3378,三亚市凡芯网络科技有限公司,91460000MA7LEPE02H,76
3379,三亚市凡民网络科技有限公司,91460000MA7HN3TT00,76
3380,三亚市凡半莘电子商务有限责任公司,91460000MA7LD7AJ8L,76
3381,三亚市翻梓文化传媒有限公司,91460000MA7HFJCD1C,76
3382,三亚市伐德文化传媒有限公司,91460000MA7KEDK313,76
3383,三亚市发清建筑工程有限公司,91460204MADW6Q3TXQ,76
3384,三亚市贰真仪网络科技有限公司,91460000MAA97GK53K,76
3385,三亚市尔琦五金制造有限公司,91460200MADUY9CH33,76
3386,三亚市尔柳信息科技有限公司,91460000MA7HB13G88,76
3387,三亚市尔惠信息科技有限公司,91460000MA7J5XFL19,76
3388,三亚市鄂彦芝网络科技有限公司,91460000MAA99G591H,76
3389,三亚市鄂骄电子商务有限公司,91460000MA7H42W49X,76
3390,三亚市朵儿信息科技有限公司,91460000MA7J66EM5J,76
3391,三亚市顿肃文化传媒有限公司,91460000MA7HFHP37U,76
3392,三亚市顿号文化传媒有限公司,91460000MA7HN76Y62,76
3393,三亚市段元琪网络科技有限公司,91460000MA7G637D6T,76
3394,三亚市段起梦网络科技有限公司,91460000MA7LP1ED3Q,76
3395,三亚市度兮竹电子商务有限公司,91460000MAEBR3KQ82,76
3396,三亚市堵雅珊网络科技有限公司,91460000MA7H1AWL3E,76
3397,三亚市堵彤吉信息咨询有限公司,91460000MA7JHKE03R,76
3398,三亚市堵听优网络科技有限公司,91460000MA7LT4H06J,76
3399,三亚市堵梦震文化传媒有限公司,91460000MA7KB1DN1N,76
3400,三亚市独言网络科技有限公司,91460000MA7GCP5856,76
3401,三亚市独鹿文化传媒有限公司,91460000MA7J5ERUXK,76
3402,三亚市窦梓彬网络科技有限公司,91460000MA7JRNTQ4D,76
3403,三亚市窦辞袖网络科技有限公司,91460000MA7LYE010P,76
3404,三亚市都裕枫信息咨询有限公司,91460000MA7KET0U9N,76
3405,三亚市都休腾文化传媒有限公司,91460000MA7JP98U4W,76
3406,三亚市都骏材电子商务有限公司,91460000MA7KE8FT9Q,76
3407,三亚市都佳才网络科技有限公司,91460000MA7G6RJ951,76
3408,三亚市动空网络科技有限公司,91460000MA7J76925A,76
3409,三亚市董琬菲网络科技有限公司,91460000MA7GXJD68A,76
3410,三亚市冬航网络科技有限公司,91460000MA7K3HWW67,76
3411,三亚市东禧网络科技有限公司,91460000MA7KH1D576,76
3412,三亚市东伟网络科技有限公司,91460000MA5TGDWN7H,76
3413,三亚市东树网络科技有限公司,91460000MA7J7W1D57,76
3414,三亚市东涵网络科技有限公司,91460000MA7JXTHW6G,76
3415,三亚市定京网络科技有限公司,91460000MA5TDYWJ5T,76
3416,三亚市鼎小雪商贸有限公司,91460000MA5TJ5HWX3,76
3417,三亚市鼎联辉科技有限公司,91460000MAA923GF7L,76
3418,三亚市鼎浩辉科技有限公司,91460000MAA923GA6C,76
3419,三亚市鼎尔辉科技有限公司,91460000MAA923G98H,77
3420,三亚市鼎迪辉科技有限公司,91460000MAA923G12N,77
3421,三亚市鼎昌鸿仁数字科技有限公司,91460200MA5T1G0E63,77
3422,三亚市丁凌澄信息咨询有限公司,91460000MA7JT5UP4Y,77
3423,三亚市蝶影信息咨询有限公司,91460000MA7KJY0K87,77
3424,三亚市蝶冰声网络科技有限责任公司,91460000MA7KJ1U645,77
3425,三亚市刁福强网络科技有限公司,91460000MA7J38AP3Y,77
3426,三亚市递积信息科技有限公司,91460000MA7JJCEK6U,77
3427,三亚市谛优网络科技有限公司,91460000MA7LAQKA3K,77
3428,三亚市谛德网络科技有限公司,91460000MA7L2R3B20,77
3429,三亚市蒂灵网络科技有限公司,91460000MA7JY0Q32X,77
3430,三亚市迪绪信息科技有限公司,91460000MA7J0B4L4B,77
3431,三亚市迪娜瑞康商贸有限公司,91460000MADG5FNE4Y,77
3432,三亚市狄然皓信息咨询有限公司,91460000MA7J0B6T2N,77
3433,三亚市登山高文化传媒有限公司,91460000MA7KAT0L3X,77
3434,三亚市的伟网络科技有限公司,91460000MA7L48BA47,77
3435,三亚市德宜亿文化传媒有限公司,91460108MA5TWN7D02,77
3436,三亚市德楠网络科技有限责任公司,91460000MA7J2D7N6J,77
3437,三亚市德帆商贸有限公司,91460000MAE6E4XQ80,77
3438,三亚市赡雁澎网络科技有限责任公司,91460000MA7J2FBW0B,77
3439,三亚市担饶网络科技有限公司,91460000MA7J5T2Y4D,77
3440,三亚市单气网络科技有限公司,91460000MA7HFMK473,77
3441,三亚市单莲芝网络科技有限公司,91460000MA7MJYEW72,77
3442,三亚市单翰怡网络科技有限公司,91460000MA7JYH2K5M,77
3443,三亚市丹诗卯网络科技有限责任公司,91460000MA7J5DN068,77
3444,三亚市丹木文化传媒有限公司,91460000MA7JP98M96,77
3445,三亚市戴悦可电子商务有限公司,91460000MA7H42BF5C,77
3446,三亚市戴休倩文化传媒有限公司,91460000MA7HARL23G,77
3447,三亚市戴可栀信息科技有限公司,91460000MA7HE73H9Y,77
3448,三亚市戴高维斯智能科技有限公司,91460000MAK097G2XY,77
3449,三亚市代书萱网络科技有限公司,91460000MA7GL4YP0Q,77
3450,三亚市大樽文化传媒有限公司,91460000MA7J5MP62H,77
3451,三亚市大创置业有限公司,91460000MAD67GAA3G,77
3452,三亚市达伟体育服务有限责任公司,91460000MAK2KANQ06,77
3453,三亚市达福丽网络科技有限公司,91460000MAA9617N1N,77
3454,三亚市达丰源农业科技有限公司,91460000MA7MHFNY8G,77
3455,三亚市翠嘉容网络科技有限公司,91460000MA7GBJXW8G,77
3456,三亚市粹藻网络科技有限公司,91460000MA7H62HA3J,77
3457,三亚市从速信息咨询有限公司,91460000MA7JT6CJ3Q,77
3458,三亚市辞章建材有限公司,91460000MA7GLYJX2W,77
3459,三亚市辞采网络科技有限公司,91460000MA7LJ9E06P,77
3460,三亚市慈三春网络科技有限公司,91460000MAA97GKG3Y,77
3461,三亚市纯信顺泽农业有限公司,91460000MAD9A9TW4D,77
3462,三亚市春璋农业科技有限公司,91460000MAK0JB963D,77
3463,三亚市春咏德网络科技有限公司,91460000MAA99GC37M,77
3464,三亚市春荣晨网络科技有限公司,91460000MA5TJHPF41,78
3465,三亚市春豇农业发展有限公司,91460000MADBQ48K8P,78
3466,三亚市春华秋实影业有限责任公司,91460000MACH0RUM90,78
3467,三亚市春谛网络科技有限公司,91460000MA7KH6DMXY,78
3468,三亚市春婵网络科技有限公司,91460000MA5TL8HG8T,78
3469,三亚市椎埋文化传媒有限公司,91460000MA7HHNH41U,78
3470,三亚市创意新城污水处理有限公司崖城分公司,91460108MADFDGY805,78
3471,三亚市创意新城污水处理有限公司红塘湾分公司,91460108MADG16L354,78
3472,三亚市创意新城污水处理有限公司创意分公司,91460000MADFNXJQ3M,78
3473,三亚市创意新城污水处理有限公司,91460200MA5RCC21XX,78
3474,三亚市创意新城实业有限公司,91460200MA5RCC4G5E,78
3475,三亚市窗扉文化传媒有限公司,91460000MA7K5TT09Q,78
3476,三亚市川磊欣自动化设备有限公司,91460105MADUM8G280,78
3477,三亚市褚橘佑网络科技有限公司,91460000MA7GP78A2H,78
3478,三亚市褚昂倪网络科技有限责任公司,91460000MA7J7DK408,78
3479,三亚市楚洁信息科技有限公司,91460000MA7J5RP15J,78
3480,三亚市储梅信息咨询有限公司,91460000MA7HAHL50G,78
3481,三亚市初遇文化传媒有限责任公司,91460000MA5TRYC17H,78
3482,三亚市愁苗文化传媒有限公司,91460000MA7JP98F17,78
3483,三亚市仇翱泽网络科技有限公司,91460000MA7JMXNA5Y,78
3484,三亚市宠褒网络科技有限公司,91460000MA7JJ07C3W,78
3485,三亚市崇薇网络科技有限公司,91460000MA5TF7LFXX,78
3486,三亚市崇茕网络科技有限公司,91460000MA5TF7LL95,78
3487,三亚市驰晨网络科技有限公司,91460000MA7J5E3R21,78
3488,三亚市痴巢振信息科技有限责任公司,91460000MA7K60QX6X,78
3489,三亚市吃牛太二家餐饮服务有限责任公司,91460000MAE5RCU91U,78
3490,三亚市诚亦如商务管理有限公司,91460000MAEK51D11X,78
3491,三亚市诚虹劳务服务有限公司,91460000MAK17RJP1E,78
3492,三亚市程文平电子商务有限公司,91460000MA7HKD0935,78
3493,三亚市程翰成网络科技有限公司,91460000MA7L48LW89,78
3494,三亚市盛元子文化传媒有限公司,91460000MA7J3H819G,78
3495,三亚市盛邺农业有限公司,91460000MAK0MRAG1K,78
3496,三亚市盛耀五金制造有限公司,91469033MADURHY089,78
3497,三亚市盛韬房地产开发有限公司,91460000MAEP7J3JX2,78
3498,三亚市盛琳德信息科技有限公司,91460000MA7KJQ66XH,78
3499,三亚市盛季信息咨询有限公司,91460000MA7KJM0D80,78
3500,三亚市澄弦网络科技有限公司,91460000MA7LAPY32G,78
3501,三亚市澄铭网络科技有限公司,91460000MA7J2EDY77,78
3502,三亚市晟键源服装有限公司,91460000MA5TGWM235,78
3503,三亚市晟发科技有限公司,91460000MA5TXJ6Q59,78
3504,三亚市承置放网络科技有限公司,91460000MA5TDYEA79,78
3505,三亚市成浩机械制造有限公司,91469028MADT9G931J,78
3506,三亚市呈递网络科技有限公司,91460000MA7H5WK15Y,78
3507,三亚市乘炳网络科技有限公司,91460000MA7J3KWQ4Q,78
3508,三亚市称展网络科技有限公司,91460000MA7HXXLK2Y,78
3509,三亚市称任网络科技有限公司,91460000MA7J76C916,79
3510,三亚市陈套网络科技有限公司,91460000MA7JJXC23G,79
3511,三亚市陈阿霜再生资源回收场（个人独资）,91469005MADH1PAG42,79
3512,三亚市辰彤乙商贸有限公司,91460000MA5THM7J5H,79
3513,三亚市辰蕾雁网络科技有限责任公司,91460000MA7J2F690B,79
3514,三亚市晨星心理咨询有限公司,91460108MADX67N41K,79
3515,三亚市晨思企业服务有限公司,91460000MAE4L49Y7T,79
3516,三亚市晨荃农业科技有限公司,91460000MACDP52E8Y,79
3517,三亚市晨珏商贸有限公司,91460000MACABD1Q26,79
3518,三亚市晨弘网络科技有限公司,91460000MA7K4NG39E,79
3519,三亚市宸潇汇广告工程有限公司,91460200MADTURT5XG,79
3520,三亚市琛佑网络科技有限公司,91460000MA7LB0KY4M,79
3521,三亚市琛茸幂商务咨询有限公司,91460000MA5TF4MB5F,79
3522,三亚市琛凌文化传媒有限公司,91460000MA7HLTGP5A,79
3523,三亚市晁芙平信息咨询有限公司,91460000MA7KB94B8P,79
3524,三亚市巢函丽网络科技有限公司,91460000MA7KKCQ48M,79
3525,三亚市超顺网络科技有限公司,91460000MA5TGCJN1Y,79
3526,三亚市畅日网络科技有限公司,91460000MA7KH0DM33,79
3527,三亚市怅尔建材有限公司,91460000MA7GLX1B5U,79
3528,三亚市昌明商贸有限公司,91460000MAA97W332A,79
3529,三亚市昌霖实业发展有限公司,91460000MA5U11343C,79
3530,三亚市缠舒鑫服装有限公司,91460000MA5TGWW279,79
3531,三亚市婵浩珺科技有限责任公司,91460000MA7LFKR07A,79
3532,三亚市柴怡冬网络科技有限公司,91460000MA7KW1QHXA,79
3533,三亚市差伟网络科技有限公司,91460000MA7GCP681F,79
3534,三亚市查佑泽文化传媒有限公司,91460000MA7J3GNDX3,79
3535,三亚市查花是网络科技有限公司,91460000MA7GNC264X,79
3536,三亚市曾韵楠网络科技有限公司,91460000MA7LT4HX6G,79
3537,三亚市曾蔚航网络科技有限公司,91460000MA7KUTYH62,79
3538,三亚市岑宇凡服装有限公司,91460000MA5TGY7B7R,79
3539,三亚市岑璞玉网络科技有限公司,91460000MA7HGBN25B,79
3540,三亚市草台网络科技有限公司,91460000MA7GLK4RXD,79
3541,三亚市曹睿邦信息咨询有限公司,91460000MA7HKBH37D,79
3542,三亚市参集电子商务有限公司,91460000MA7HNW0N6F,79
3543,三亚市采康网络科技有限公司,91460000MA7KJ0DC2E,79
3544,三亚市财减网络科技有限公司,91460000MA7JG39T79,79
3545,三亚市材震网络科技有限公司,91460000MA7J8TTX4U,79
3546,三亚市才会文化传媒有限公司,91460000MA7KB8TT17,79
3547,三亚市部引信息科技有限公司,91460000MA7KJWYM5U,79
3548,三亚市步香街网络科技有限公司,91460000MAA99TJE7B,79
3549,三亚市柏桓旭文化传媒有限公司,91460000MA7HFJD87F,79
3550,三亚市柏德网络科技有限公司,91460000MA7K01HQ1A,79
3551,三亚市博允网络科技有限公司,91460000MA7LJ9F7XU,79
3552,三亚市博裕装饰工程有限公司,91460000MAE69725X3,79
3553,三亚市博裕福科技有限责任公司,91460000MA7KURL5XW,79
3554,三亚市博思财务咨询有限公司,91460000MA5TL2HR13,80
3555,三亚市博难网络科技有限公司,91460000MA7L06DP2C,80
3556,三亚市博临网络科技有限公司,91460000MA7K3HWR51,80
3557,三亚市博拱电子商务有限责任公司,91460000MA7JG5278F,80
3558,三亚市伯赏荣电子商务有限公司,91460000MA7J3HCB68,80
3559,三亚市伯绮怀网络科技有限公司,91460000MAA97GL337,80
3560,三亚市伯澳生物有限责任公司,91460000MAEC1EBFXL,80
3561,三亚市波梦琪网络科技有限公司,91460000MAA97GK886,80
3562,三亚市波凌萧电子商务有限责任公司,91460000MA7LWC6M4W,80
3563,三亚市炳俊网络科技有限公司,91460000MA7LB0ME3D,80
3564,三亚市冰涵熙网络科技有限公司,91460000MA5TJHPE66,80
3565,三亚市宾水卉网络科技有限公司,91460000MAA99RUA99,80
3566,三亚市别倩坤网络科技有限公司,91460000MA7JMYHLXE,80
3567,三亚市别凡西信息咨询有限公司,91460000MA7JQEGT6B,80
3568,三亚市卞祯珠电子商务有限公司,91460000MA7JQL3U0B,80
3569,三亚市闭百沙网络科技有限公司,91460000MA7HPK751W,80
3570,三亚市碧岑网络科技有限公司,91460000MA5TEYYM8A,80
3571,三亚市鄙浅文化传媒有限公司,91460000MA7KF6TN9C,80
3572,三亚市贲休初网络科技有限公司,91460000MA7LE63T8M,80
3573,三亚市倍驰机械制造有限公司,91460100MADW48NK3T,80
3574,三亚市鲍橘克网络科技有限公司,91460000MA7M85HEXN,80
3575,三亚市鲍蹉妍科技有限责任公司,91460000MA7K3HTU08,80
3576,三亚市暴胤莉电子商务有限公司,91460000MA7KAREF8G,80
3577,三亚市暴涛文网络科技有限公司,91460000MA7G9BL824,80
3578,三亚市暴素怀网络科技有限公司,91460000MA7FBYC29C,80
3579,三亚市宝驰创新文化传媒有限公司,91460000MA7K30A08F,80
3580,三亚市包金楠网络科技有限公司,91460000MA7LT4L36N,80
3581,三亚市邦道网络科技有限公司,91460000MA7JFMMM9Q,80
3582,三亚市半面文化传媒有限公司,91460000MA7HGT1T59,80
3583,三亚市颁冰文化传媒有限公司,91460000MA7KF7CH4F,80
3584,三亚市班袖网络科技有限公司,91460000MA7JJXE0XA,80
3585,三亚市班凯岚电子商务有限公司,91460000MA7JWT377N,80
3586,三亚市百豪装修有限公司,91460000MA5TW0K04D,80
3587,三亚市白涛蔓网络科技有限公司,91460000MA7JRKB767,80
3588,三亚市白棠网络科技有限公司,91460000MA7J4KFM93,80
3589,三亚市白沛吾网络科技有限责任公司,91460000MA7LBWYW4C,80
3590,三亚市白花月网络科技有限公司,91460000MA7JMXMJ28,80
3591,三亚市把作网络科技有限公司,91460000MA7H5WRK5K,80
3592,三亚市傲闲华网络科技有限责任公司,91460000MA7K2KNH9R,80
3593,三亚市敖克尧网络科技有限公司,91460000MA7KUFT826,80
3594,三亚市安托邦房屋托管合伙企业（有限合伙）,91469036MAA98PEN2L,80
3595,三亚市安填峰网络科技有限公司,91460000MA7K8ULM7L,80
3596,三亚市安克斯建筑工程有限公司,91460100MA5TK8D81K,80
3597,三亚市安汇专科门诊有限公司,91460000MA5U1CR89F,80
3598,三亚市安创科技有限公司,91460000MAD6YEBH9K,80
3599,三亚市艾资网络科技有限公司,91460000MA7H9CDL1F,81
3600,三亚仕腾旋商贸有限公司,91460000MADQTEK24H,81
3601,三亚仕慧文化传媒有限公司,91460000MA5T9RCQ40,81
3602,三亚仕泓农业科技有限公司,91460000MAA95R813J,81
3603,三亚事益房地产营销策划有限公司,91460200MA5T2HGYXL,81
3604,三亚世宜商贸有限公司,91460000MAE9QWUL2G,81
3605,三亚世涛投资有限公司,91460108MADBAJNJ9T,81
3606,三亚世洛信息科技有限公司,91460000MAA97N3T0G,81
3607,三亚世嘉贸易有限公司,91460000MADEF5623L,81
3608,三亚世纪天安科技有限公司,91110117MA0016YC3E,81
3609,三亚世纪君澜商务咨询中心（个人独资）,91460202MAD7HKPA5D,81
3610,三亚世方汇贸易有限公司,91460200MA5T4WBP6Q,81
3611,三亚始新科技有限公司,91460107MACKR0PG41,81
3612,三亚识嘉俊网络科技有限公司,91460000MA5TGBHY6R,81
3613,三亚石头山农业有限责任公司,91460108MADB3FE4X1,81
3614,三亚石头农业科技有限公司,91460000MADXAKJ78J,81
3615,三亚石浦龙润网具有限公司崖州分公司,91460000MAEG47R85H,81
3616,三亚石浦龙润网具有限公司,91460200MA5RD0WEX0,81
3617,三亚石榴实业有限公司,91460000MAD3RE0C7B,81
3618,三亚时空贸易有限公司,91460000MAEQQ6E11P,81
3619,三亚时代科技有限公司,91460000MAK1639R3W,81
3620,三亚拾年文化传媒有限公司,91460200MA5T60AE3M,81
3621,三亚拾贰花时文化传媒有限公司,91460000MACCKU5B2P,81
3622,三亚实之佳药品大药房（个人独资）,91460000MAEU7UD96M,81
3623,三亚诗译商贸有限公司,91460000MAC0LARU8A,81
3624,三亚施康尚环保回收有限公司,91460000MABNWGA0X6,81
3625,三亚施顿农业综合开发有限公司,91460200780727744X,81
3626,三亚胜正洋商贸有限公司,91460000MABXX0U83L,81
3627,三亚胜兴大成科技有限公司,91460105MACT7CTN98,81
3628,三亚胜维水泥制品有限公司,91460000MA5TA8CX55,81
3629,三亚胜南科技信息有限公司,91460000MAA996MK2H,81
3630,三亚胜辰科技有限公司,91350525MA8UATXM2H,81
3631,三亚胜奥新能源材料有限公司,91460000MAE7ERBA0W,81
3632,三亚圣展科技有限公司,91460203MACT780M5J,81
3633,三亚圣泰翔国际贸易有限公司,91460000MADNFDYG63,81
3634,三亚圣森民宿管理有限公司,91460000MAD8YWLUX9,81
3635,三亚圣龙新材料开发有限公司,912301037813178431,81
3636,三亚圣金仓投资有限公司,91460108MADNEJPC7F,81
3637,三亚圣盾管理咨询有限公司,91460106MADGBJTX1U,81
3638,三亚昇达投资有限公司,91460107MADP5Q2Y25,81
3639,三亚声演科技有限公司,91460000MAD7LEE173,81
3640,三亚声讯海洋科技有限公司,91460200MADNHBDW9K,81
3641,三亚声为海洋科技有限公司,91460000MADX4UH7X9,81
3642,三亚声通未来投资合伙企业（有限合伙）,91469005MADM22701H,81
3643,三亚升学通科技有限公司,91460000MAEQD9WK93,81
3644,三亚升达水产有限公司,91460200735800076L,82
3645,三亚神农新质科技有限公司,91460000MADFFACU5D,82
3646,三亚神龙应急技术服务有限公司,91460000MAEQAA067G,82
3647,三亚神力科技有限公司,91460000MABTA4U0XY,82
3648,三亚深之蓝海洋科技有限公司,91469027MAD6XEKT96,82
3649,三亚深研生物科技有限公司,91460000MAC856Q13X,82
3650,三亚深学科技有限公司,91460000MAEKU7EW4E,82
3651,三亚深蓝实业有限公司,91460000MADHDRB944,82
3652,三亚深蓝软件科技有限公司,91460000MA5TLTMC43,82
3653,三亚深科新材料科技有限公司,91460000MAETMD08XN,82
3654,三亚邵港农业有限公司,91460000MAC5RL0P2H,82
3655,三亚绍源投资有限公司,91469033MA5TXB3X1P,82
3656,三亚绍玲丹商贸有限公司,91460000MA5TGT8R0B,82
3657,三亚韶凡科技有限公司,91460000MADGEJ0G4F,82
3658,三亚尚宜健康科技有限公司,91460000MAEDP7RG2U,82
3659,三亚尚微科技有限公司,91460000MACRKDB40Q,82
3660,三亚尚上签文化传媒有限公司,91460000MAG1FR3Q4Y,82
3661,三亚尚润广告有限公司,91460200MA5T1QUR0Y,82
3662,三亚尚润房地产咨询服务有限公司,91460200MA5T1JF723,82
3663,三亚尚梦倍商贸有限公司,91460000MADQ3Q0Q4J,82
3664,三亚尚旅信息科技有限公司,91460200MA5REKEU6P,82
3665,三亚上水数字产业孵化中心（有限合伙）,91469007MA7NECJ78C,82
3666,三亚上瑞投资有限公司,91460000MAK0NNF15Y,82
3667,三亚上禾食品有限公司,91460000MAEHBY7R6Y,82
3668,三亚上和商贸有限公司,91460000MAE5YYXY3U,82
3669,三亚善思生物科技有限公司,91460000MAEBPU5L40,82
3670,三亚善济文化创意有限公司,91460000MADLR2RJXQ,82
3671,三亚善德可网络科技有限公司,91460000MA5TDYRAXU,82
3672,三亚闪赢科技有限公司,91460000MAE2WKT24A,82
3673,三亚山止农业有限公司,91469034MADQW3189Q,82
3674,三亚山丘海棠文旅管理有限公司,91460108MAD9YN6J0N,82
3675,三亚山米荔食品科技有限公司,91460200MA5T1MNR5C,82
3676,三亚山林丰农业开发有限公司,91460000MA5TFWHP4F,82
3677,三亚山海云雾农业发展有限公司,91460000MAE23LHD22,82
3678,三亚山海蓝天实业发展有限公司,9146020055735499XH,82
3679,三亚姗姗旅游投资有限责任公司,91460000MAE08GG1X8,82
3680,三亚杉禾信息技术有限公司,91460000MAC4GRJ635,82
3681,三亚森云汇百货商行（个人独资）,91469006MADNWX3L7F,82
3682,三亚森芽科技有限公司,91460000MAEW7QK08H,82
3683,三亚森林吊装运输有限公司,91460000MADYYCRF41,82
3684,三亚森道尔贸易有限公司,91460106MADLDDRE2F,82
3685,三亚森泊装饰设计有限公司,91460000MAEN4C331N,82
3686,三亚森奥电梯有限公司,91460200698919659W,82
3687,三亚三株树投资有限公司,91460000MACGK7140D,82
3688,三亚三州科技有限公司,91460000MAECN4ET64,82
3689,三亚三英机电安装工程有限公司,91460000MA5TFB8D1X,83
3690,三亚三芽三良种科技有限公司,91460108MAA9A6D07G,83
3691,三亚三学教育科技有限公司,91460000MA5U0XMN1H,83
3692,三亚三寿科技投资有限公司,91460000MAK2K7AFXW,83
3693,三亚三三建筑智能科技有限公司,91460000MACT9QYH0N,83
3694,三亚三润管理咨询有限公司,91460106MACWGPA4XH,83
3695,三亚三汽商贸有限责任公司,91460000MADAB9GP0D,83
3696,三亚三亩田农业科技有限公司,91460000MAEKUU1022,83
3697,三亚三蒙源商贸有限公司,91460108MADR1B6D5A,83
3698,三亚三界农业有限公司,91460000MAEPRF185P,83
3699,三亚三江兴雨一亩田农业有限公司,91460100MADEKLY9X5,83
3700,三亚三合盛投资有限公司,91460000MAEW6PHD7H,83
3701,三亚三古再生资源回收有限公司,91460000MABRWEP11K,83
3702,三亚三分利企业管理合伙企业（有限合伙）,91460000MADFK0QU45,83
3703,三亚三得实业有限公司,91460200MA5RC23R1D,83
3704,三亚三才地质工程有限公司,91460000MAC8LED44K,83
3705,三亚赛善商贸有限公司,91460000MAC16U5J1T,83
3706,三亚赛诺生物科技管理合伙企业（有限合伙）,91460205MADF6FXK1A,83
3707,三亚赛尔国际贸易有限公司,91460000MAEWEF9308,83
3708,三亚赛恩思投资合伙企业（有限合伙）,91460000MACJRQ6Q5C,83
3709,三亚若伊菡网络科技有限公司,91460000MA5TGE2G1C,83
3710,三亚若珏桐科技有限公司,91460000MA5THU4A4G,83
3711,三亚若慧秀科技有限公司,91460000MA5THU0X7N,83
3712,三亚若瀚腾商务咨询有限公司,91460000MA5TEF1E09,83
3713,三亚若涵玥网络科技有限公司,91460000MA5TGE2N9B,83
3714,三亚润众生物科技有限公司,91460000MAEPX55275,83
3715,三亚润元煦咨询服务有限公司,91460000MAK1PKWP3X,83
3716,三亚润星旅游景区管理有限公司,91460000MAEDQQ8080,83
3717,三亚润潍海洋科技发展有限公司,91460000MA5TAK6697,83
3718,三亚润隆物业管理有限公司,91460000MAC66QT96F,83
3719,三亚润锦商贸有限公司,91460000MADLRN5Q4G,83
3720,三亚润繁种业有限公司,91460000MA5TBDTX27,83
3721,三亚润得丰商贸有限公司,91460000MAEF0MN29A,83
3722,三亚润昌盛科技有限公司,91460000MAA957GQ4Q,83
3723,三亚润滨生物科技有限公司,91460108MADN5N7D2D,83
3724,三亚锐泽科技有限公司,91460000MAERDYE931,83
3725,三亚锐讯恒商贸有限公司,91460000MABXXR8X1W,83
3726,三亚锐松科技有限公司,91460000MADNJ3HNXM,83
3727,三亚锐坤实险室设备有限公司,91460108MADMAWFWXD,83
3728,三亚锐驰贸易有限公司,91460000MAA92M207P,83
3729,三亚睿智国研科技有限责任公司,91460100MA5TKXGW5D,83
3730,三亚睿泽博越投资有限公司,91460000MAE75C2E6W,83
3731,三亚睿享云图科技合伙企业（有限合伙）,91469005MACXCKC051,83
3732,三亚睿图工程咨询有限公司,91460000MAEUCGCJ0X,83
3733,三亚睿彤科技投资有限公司,91460000MAE8REXK9G,83
3734,三亚睿牛科技有限公司,91460105MADJY5WA2J,84
3735,三亚睿珂进出口贸易有限公司,91460000MACW21CX8E,84
3736,三亚睿光科技有限公司,91460000MAEDXMHK6H,84
3737,三亚睿耕田农业科技合伙企业（有限合伙）,91460000MAC4G63T28,84
3738,三亚睿迪教育科技有限责任公司,91460108MADMGC0274,84
3739,三亚睿安投资有限公司,91460000MAE74XRQ5R,84
3740,三亚瑞智创联科技有限公司,91460000MAEQAH0T4E,84
3741,三亚瑞正源技术管理有限公司,91460203MADKKYGU8W,84
3742,三亚瑞泽再生资源利用有限公司崖州分公司,91460000MAEUXRCBX5,84
3743,三亚瑞泽再生资源利用有限公司,91460200MA5RD4EA3Q,84
3744,三亚瑞泽双林混凝土有限公司,91460200MA5RJLP430,84
3745,三亚瑞泽科技有限公司,91460200324211939N,84
3746,三亚瑞翊砾生再生资源有限公司,91460000MAEMH03L63,84
3747,三亚瑞亚杰健康管理合伙企业（有限合伙）,91460000MAEUQLYG6E,84
3748,三亚瑞欣轩农业科技有限公司,91460108MADJEBAR9C,84
3749,三亚瑞祥贸易有限公司,91460000MAA8Y53F33,84
3750,三亚瑞祥汉丰投资有限公司,91460000MAG063KH38,84
3751,三亚瑞熙智能科技有限公司,91460000MAK0J3P20M,84
3752,三亚瑞齐芯科技有限公司,91460108MADMX3439M,84
3753,三亚瑞齐文化科技有限公司,91460000MACC2WQB3A,84
3754,三亚瑞隆广兴供应链管理有限公司,91460200MADL55FJ1E,84
3755,三亚瑞居网络科技有限公司,91460000MA5U28E99W,84
3756,三亚瑞华锦和投资有限公司,91460000MAEDRJ6E69,84
3757,三亚瑞盛禾农业有限公司,91460203MADUQFF49H,84
3758,三亚瑞宸海洋工程有限公司,91460000MAE9982B4T,84
3759,三亚茹涵溪科技有限公司,91460000MA5TJ19305,84
3760,三亚如翼商贸有限公司,91460000MAEDCJT14J,84
3761,三亚如广船舶服务有限公司,91460200MA5T52YP6G,84
3762,三亚如而企业管理有限公司,91460000MADMYD9J49,84
3763,三亚儒生农业发展有限责任公司,91460000MAE45QXD0H,84
3764,三亚融聚德信息咨询有限公司,91469002MACDF4310M,84
3765,三亚荣兴土石方工程有限公司,91460200665100997M,84
3766,三亚荣祥商务有限责任公司,91460000MAEHLMUQ64,84
3767,三亚荣庆丰旅游服务有限公司,91460106MA5TUEGG7F,84
3768,三亚荣隆祥旅游服务有限公司,91460000MA5TU9HM9G,84
3769,三亚荣旌电子商务有限公司,91460000MAE8GYBL1G,84
3770,三亚荣杰装饰工程有限公司,914602000623389470,84
3771,三亚荣华贸易有限公司,91460000MACHRF432E,84
3772,三亚荣浩格百货商行（个人独资）,91460203MADQ2W3X1A,84
3773,三亚荣都投资有限公司,91460000MAE048Y37W,84
3774,三亚荣盛业私募证券基金管理有限公司,91440300359779516U,84
3775,三亚榕鑫企业管理合伙企业（有限合伙）,91469002MA5U2T8JXG,84
3776,三亚榕升企业管理合伙企业（有限合伙）,91469006MAA9304Q85,84
3777,三亚榕鸿管理咨询有限公司,91460000MA5TUEJG6U,84
3778,三亚容宇立商贸有限公司,91460000MACEEQXD54,84
3779,三亚容昇科技贸易有限公司,91460000MACUNE6G98,85
3780,三亚日新信息技术有限公司,91210211MA7JDWPA6Q,85
3781,三亚日昇餐饮服务有限公司,91460000MAE1M9L01U,85
3782,三亚日落不二餐饮管理有限公司,91460000MAE3YTNW8F,85
3783,三亚日界线进出口贸易有限公司,91460000MAEG2PRAX2,85
3784,三亚仁璇网络科技有限公司,91460000MAA9335N88,85
3785,三亚仁轩装饰设计工程有限公司,91460000MACAN4CL2L,85
3786,三亚仁爽网络科技有限公司,91460000MAA9335U54,85
3787,三亚仁可和汽车租赁有限公司,91460200MA5RDE1L81,85
3788,三亚人和农丰物流有限公司,91460200MA5RC4EB6B,85
3789,三亚人和建筑安装工程有限公司,9146020058392241X4,85
3790,三亚热作科技有限公司,91460000MAE8W6AUX8,85
3791,三亚热海生物技术有限公司,91460200687287940E,85
3792,三亚然香投资有限公司,91460000MAE816UM2X,85
3793,三亚群迪裕商贸有限公司,91460000MACFBP852F,85
3794,三亚雀之灵艺术培训学校有限公司名熙舞蹈分公司,91460000MAA919AX7L,85
3795,三亚雀之灵艺术培训学校有限公司,91460200MA5RE0G41J,85
3796,三亚劝农科技有限公司,91510100MADT6W1545,85
3797,三亚铨泽网络科技有限公司,91460000MAK1T1DY6E,85
3798,三亚泉恩商贸有限公司,91460000MA5TJXR673,85
3799,三亚权信建筑装饰工程有限公司,91460000MA5TD8QW26,85
3800,三亚权涵欢商务咨询有限公司,91460000MA5TF0YG1E,85
3801,三亚全视眼镜有限公司崖州湾科技城中核产业园分公司,91460200MA5TMM1W0K,85
3802,三亚全路贸易有限公司,91460000MADK9TU913,85
3803,三亚全程智联管理咨询有限公司,91460000MAEFJDPQ72,85
3804,三亚趣玩壹号旅游开发有限公司,91460000MA7HM5B84B,85
3805,三亚曲尚熙商贸有限公司,91460000MACDMP0GX9,85
3806,三亚秋洋投资集团有限公司,91460108MABUT3LR5N,85
3807,三亚秋天畔投资有限公司,91460000MADDDH8E57,85
3808,三亚琼致家政服务有限公司,91460105MAA9AAMR66,85
3809,三亚琼游旅游有限公司,91469028MADUTUJ17U,85
3810,三亚琼涯映宸文化传播有限公司,91460000MAERJT958R,85
3811,三亚琼涯阁科技有限公司,91460000MAD0JE2T2P,85
3812,三亚琼崖信息技术有限公司,91460108MAC2X1W74W,85
3813,三亚琼崖农业发展有限公司,91460000MA7LBTGXXW,85
3814,三亚琼崖记忆文化创意有限公司,91460000MACJ4A0R6N,85
3815,三亚琼普科技有限公司,91460000MAEDFRYB6K,85
3816,三亚琼琚种业科技合伙企业（有限合伙）,91469036MADR1CBT0P,85
3817,三亚琼琚商贸有限公司,91460000MAEX688Y63,85
3818,三亚琼锦尚商贸有限公司,91460000MABPUXWQXX,85
3819,三亚琼岛相约露营装备科技有限公司,91469025MAC53GD06F,85
3820,三亚琼保餐饮服务有限公司,91460108MADNQ4MA67,85
3821,三亚庆田投资科技有限责任公司,91460000MAE831D44E,85
3822,三亚庆硕诚贸易有限公司,91460000MA5TX2T45J,85
3823,三亚庆敏林网络科技有限公司,91460000MA5TF7XB3C,85
3824,三亚庆华家政服务有限公司,91460200MA5RCKFT3K,86
3825,三亚青众贸易有限公司,91460000MAE628YX7P,86
3826,三亚青振农业开发有限公司,91460000MAER4TEG85,86
3827,三亚青椰教育有限公司,91469031MADQ2AGJX4,86
3828,三亚青衍化工科技有限公司,91460000MAEFFPAA18,86
3829,三亚青曦传媒科技有限责任公司,91460000MAG245BH2U,86
3830,三亚青居科技有限公司,91460000MAD12B2PX9,86
3831,三亚青禾农产品有限公司,91460000MACTQY042L,86
3832,三亚青城汽车租赁有限公司,91460200MA5RJ3L57H,86
3833,三亚轻颜医疗器械有限公司,91460000MAEB4RC47Y,86
3834,三亚轻洁熊美容有限公司,91460000MAET5R2E7Y,86
3835,三亚轻策科技有限公司,91310116065950082Y,86
3836,三亚清悦嘉电子商务服务部（个人独资）,91460000MAA94XF94T,86
3837,三亚清悦禾商贸有限公司,91460000MACAF4CW9C,86
3838,三亚清优学生托管有限责任公司,91460000MAG0WQXG2Y,86
3839,三亚清栖沐贸易有限公司,91460000MAEQJBNR76,86
3840,三亚清菡熙网络科技有限公司,91460000MA5TGE331L,86
3841,三亚清大科技有限公司,91460200MA5T4J5C63,86
3842,三亚清晨网络科技有限公司,91460000MAE7AP3T8B,86
3843,三亚清白信息咨询合伙企业（有限合伙）,91460205MACKWQ846J,86
3844,三亚清白生物科技有限公司,91460000MACHX6AF7A,86
3845,三亚沁全百货商店（个人独资）,91460000MAA94FKX3X,86
3846,三亚钦美建筑装饰工程有限公司,91460000MACGU66P6N,86
3847,三亚钦辉荣网络科技有限公司,91460000MA5TDYR67K,86
3848,三亚钦富生网络科技有限公司,91460000MA5TFCLHX4,86
3849,三亚亲哒哒山水文化旅游投资管理有限公司,91460200MA5RCGYD2J,86
3850,三亚锲光科技有限责任公司,91460000MAC7DDJ453,86
3851,三亚巧雷贸易有限公司,91460200MA5RCF5GX4,86
3852,三亚乔森农业有限公司,91460000MA5TU69W1U,86
3853,三亚乔木装饰工程有限公司,91460200MA5T1WH978,86
3854,三亚乔亮投资有限公司,91460106MADQEN9A2K,86
3855,三亚蔷薇映画影视有限公司,91460200MA5RD2B90Y,86
3856,三亚蔷薇海滨商旅有限公司,91460200MA5RE75J3B,86
3857,三亚茜梓茜商贸有限公司,91460000MAC9GGA872,86
3858,三亚茜茜科商贸有限公司,91460000MAC8D31284,86
3859,三亚茜奇语商贸有限公司,91460000MACFDKKK9L,86
3860,三亚茜尔曼网络科技有限公司,91460000MAC8CUB97N,86
3861,三亚浅梓茜商贸有限公司,91460000MAC89PJ71M,86
3862,三亚浅海时光民宿管理有限公司,91460107MADF8TKE9U,86
3863,三亚黔晟科技有限公司,91520115MA7C6PAL7F,86
3864,三亚前檐咨询有限公司,91460000MA5TT91H0X,86
3865,三亚前来科技合伙企业（有限合伙）,91469033MADT41466W,86
3866,三亚乾泰石油机械技术有限公司,91460000MA5TJB436K,86
3867,三亚乾浩科技发展有限公司,91460000MA5TL84D05,86
3868,三亚乾国谦科技有限公司,91460000MA5TDPHP4U,86
3869,三亚骞里旺商贸商行（个人独资）,91460000MAA945E32B,87
3870,三亚芊墨美网络科技有限公司,91460200MA5RHN0Q9B,87
3871,三亚羟读赋网络科技有限公司,91460000MA5TFCMC5A,87
3872,三亚千千文化发展有限公司,91460000MAC8MLHT9K,87
3873,三亚千里宏农业综合开发有限公司,91460000MA5T9M7C4A,87
3874,三亚千禾投资发展有限公司,91460200676098423T,87
3875,三亚千臣佳亿信息工程有限公司,91460000MABQB2HW60,87
3876,三亚起点防水工程有限公司,91460200MA5RH3R97A,87
3877,三亚启龠企业管理有限公司,91460000MAEKGKT904,87
3878,三亚启扬投资有限公司,91460000MAA94PKP5P,87
3879,三亚启鑫实业有限公司,91460000MA5TMTLY3L,87
3880,三亚启欣商贸有限公司,91460000MAA90AKC6J,87
3881,三亚启睿实业有限公司,91460000MA5TMTM1XW,87
3882,三亚启冉房地产营销策划有限公司,91460000MA5T7T6N6R,87
3883,三亚启柒科技有限公司,91460000MAE3LBRF4W,87
3884,三亚启铭信息科技有限公司,91460000MA5TMTEJ6F,87
3885,三亚启明企业管理咨询合伙企业（有限合伙）,91460000MADYHRGT7U,87
3886,三亚启程文化传媒有限公司,91460000MA5TGDQJ6K,87
3887,三亚启程商贸有限公司,91460000MA5TGDPX43,87
3888,三亚启程科技有限公司,91460000MA5TGDNB1H,87
3889,三亚启盛投资有限公司,91460000MAC9PUTT75,87
3890,三亚启步投资合伙企业（有限合伙）,91460107MAD6MKEJ52,87
3891,三亚企硕科技有限公司,91460000MAE3QH9353,87
3892,三亚齐运建筑工程有限公司,91460000MAC0GJ7P7P,87
3893,三亚齐昊农业服务有限公司,91460000MAEAW4859Y,87
3894,三亚齐复道科技有限公司,91460000MACJ0N0Q1X,87
3895,三亚麒景建筑装饰工程有限公司,91460200578708056X,87
3896,三亚麒琮投资有限责任公司,91460000MAE7EHCX85,87
3897,三亚琦惠婧网络科技有限公司,91460000MA5TGCG55E,87
3898,三亚旗语科技有限公司,91460108MADYAGHLX1,87
3899,三亚旗堪信息科技有限公司,91430100MA4RY4XW7Q,87
3900,三亚其孚企业管理咨询合伙企业（有限合伙）,91460105MAD9XF4H41,87
3901,三亚其城宇商贸有限公司,91460000MAC97A651L,87
3902,三亚栖楠山旅游文化有限公司,91460000MAER6AJN6P,87
3903,三亚栖禾文化旅游有限公司,91460000MAG15JU66T,87
3904,三亚柒拾贰变文化传媒有限公司,91460000MABRXQRE95,87
3905,三亚柒嘉网络科技有限公司,91460000MAC1YG1L73,87
3906,三亚柒海国际贸易有限公司,91460100MA7FGLWYXM,87
3907,三亚七只猩猩果品有限公司,91460200MA5T2MND6T,87
3908,三亚镨恩投资有限公司,91460200MADPMMN0XH,87
3909,三亚浦钧骏商务咨询有限公司,91460000MA5TEF2454,87
3910,三亚菩亿供应链有限公司,91460000MAEHDN7Q9W,87
3911,三亚菩林环保科技有限公司,91460000MAA94XEP93,87
3912,三亚璞海观澜酒店管理有限公司,91460000MAENRJ6R1C,87
3913,三亚璞海房地产咨询有限公司,91460000MA5TE0FX48,87
3914,三亚平立实业有限公司,91460200MA5T3RD21H,88
3915,三亚平俊建筑工程劳务分包有限公司,91460000MAE0YC9M8H,88
3916,三亚品丰创联运营咨询合伙企业（有限合伙）,91469028MACF65F47Y,88
3917,三亚鹏勇科技有限公司,91460000MAEXP9EJ8R,88
3918,三亚鹏雁房地产咨询服务有限公司,91469007MADNE70R8R,88
3919,三亚鹏翔发商贸有限公司,91460108MADFQ06E9G,88
3920,三亚鹏伟贸易有限责任公司,91460000MAA97WEAXK,88
3921,三亚鹏顺启网络科技有限公司,91460000MA5TF64733,88
3922,三亚鹏龙海洋机器人智能系统有限公司,91460000MA5TJMNC0Q,88
3923,三亚鹏励科技有限公司,91460000MAE86HBN7R,88
3924,三亚鹏来兴再生资源回收场,91460000MA5TU9YW9H,88
3925,三亚鹏凯科技有限公司,91460000MADPU27666,88
3926,三亚鹏锅崖城精酿啤酒有限公司,91460000MA5TNHH028,88
3927,三亚鹏风企业管理咨询有限公司,91460107MAD8BJDX2Y,88
3928,三亚鹏驰腾贸易有限公司,91460000MAEWY8JG02,88
3929,三亚鹏诚企业管理咨询有限公司,91460000MADAN58Q2F,88
3930,三亚蓬莱农业开发有限公司,91460200620111932P,88
3931,三亚芃麦生态农业有限责任公司,91460000MAERAAJ187,88
3932,三亚朋来逸品酒店管理有限公司,91460000MAE0N24H8T,88
3933,三亚朋帆网络科技有限公司,91460000MABXXR8YXL,88
3934,三亚彭鹏农业科技有限公司,91460000MAE20QR66A,88
3935,三亚彭发设备租赁有限公司,91460000MAEEQ7TF3X,88
3936,三亚培瑞杰科技有限公司,91460000MA5TJ18XX4,88
3937,三亚跑领科技有限公司,91460000MAD1D8R815,88
3938,三亚盼寻棉网络科技有限公司,91460000MA5TF63L1L,88
3939,三亚潘瑗网络科技有限公司,91460000MAA9335K3M,88
3940,三亚潘蓓网络科技有限公司,91460000MAA94YNR5D,88
3941,三亚派识科技合伙企业（有限合伙）,91460000MAG0LGD231,88
3942,三亚鸥祝欢商务咨询有限公司,91460000MA5TF10826,88
3943,三亚鸥烩家商务咨询有限公司,91460000MA5TF0YF3K,88
3944,三亚欧申纳斯帆船俱乐部有限公司,91460200MA5RWCWH04,88
3945,三亚欧海能源科技有限公司,91460000MACTC2MR7R,88
3946,三亚诺跃捷汽车有限公司,91460000MAEQCB052N,88
3947,三亚诺嫣琛商务咨询有限公司,91460000MA5TE7XU35,88
3948,三亚诺曦贸易有限公司,91460000MAEF7DX265,88
3949,三亚诺思睿教育科技有限公司,91460000MAEXHT901H,88
3950,三亚诺理投资合伙企业（有限合伙）,91460000MAE1TYQJ50,88
3951,三亚诺菡网络科技工作室,91460000MA5TL3D75D,88
3952,三亚诺丹工程技术有限公司,91460000MACWQKKX1W,88
3953,三亚诺程医院管理服务有限公司,91460108MADTKDN59M,88
3954,三亚暖骄阳环保科技有限公司,91460000MA5TPPW431,88
3955,三亚农之梦农业开发有限公司,91460000MACF6TJ136,88
3956,三亚农兴农业科技有限公司,91469027MADTJTD29G,88
3957,三亚农丰绿泉农业发展有限公司,91460108MADQ5A3H7Q,88
3958,三亚农抖云网络科技有限公司,91460000MAE57353X3,88
3959,三亚泞沅体育有限公司,91460000MAEUWXA83B,89
3960,三亚柠浩贸易有限公司,91460000MAE8X15639,89
3961,三亚念加源地产营销策划有限公司,91460200MA5RGF6J27,89
3962,三亚逆火数码网络科技有限公司,91460200MA5RH08W6L,89
3963,三亚妮吻绮科技有限公司,91460000MA5THU1032,89
3964,三亚能达投资有限公司,91460107MADHQT2P46,89
3965,三亚楠悦酒店管理有限公司,91460000MADYKHCG47,89
3966,三亚楠渊棕商务咨询有限公司,91460000MA5TEF2U85,89
3967,三亚楠极科技有限公司,91460000MADA5E8KXB,89
3968,三亚楠德贸易有限公司,91460000MAC6NJQM74,89
3969,三亚楠城科技有限公司,91460000MAD61QM37F,89
3970,三亚南宇尚居房地产开发有限公司,91460200MA5T3BDH0Q,89
3971,三亚南山首邑房地产开发有限公司,914602006811896101,89
3972,三亚南山普门旅游发展有限公司,91460200713828414P,89
3973,三亚南山和安物业管理有限公司,91460000MA5TB61H4G,89
3974,三亚南山国际非遗发展有限公司,91460200056355011P,89
3975,三亚南山港码头有限公司,91460200780715903U,89
3976,三亚南山港海洋科技有限公司,91460000MAC5E1C095,89
3977,三亚南山不夜城发展有限公司,91460107MA7LGMY29F,89
3978,三亚南鹿实业股份有限公司,9146020068729688X7,89
3979,三亚南鹿热带果树研究院有限公司,91460100MA5TMM3P67,89
3980,三亚南来北往旅游电子商务有限责任公司,91460000MA5U193X2W,89
3981,三亚南璟联达供应链管理有限公司,91460000MAEW87TE35,89
3982,三亚南宏科技发展有限公司,91469006MA5TWJ72X1,89
3983,三亚南海科韵企业管理有限公司,91469001MA5TJ4E57W,89
3984,三亚南海创味企业管理有限公司,91460108MADANDU012,89
3985,三亚南硅科技有限公司,91460000MAEWGQNJ15,89
3986,三亚南繁众创知识产权代理事务所（普通合伙）,91460000MAEX0GLQ20,89
3987,三亚南繁硕果科技服务有限公司,91460000MADDEC8G3N,89
3988,三亚南繁荣茂置业有限公司,91460200MA5TF7DQ9U,89
3989,三亚南繁牛羊生物科技有限公司,91460000MAA98G0HXC,89
3990,三亚南繁国农种业研究有限公司,91460000MACWB0FC1N,89
3991,三亚南繁国农科技贸易有限公司,91460108MACWGAY84Q,89
3992,三亚南繁繁茂置业有限公司,91460200MADXARYX5R,89
3993,三亚南冬机电设备工程有限公司,91460200MA5RD2YA5B,89
3994,三亚南滨现代农业工贸有限公司,9146020067608526XN,89
3995,三亚南滨投资有限公司,914602006989192961,89
3996,三亚南滨垦地发展有限公司,91460000MAC6FFCJ97,89
3997,三亚南滨富民蔬果有限公司,91460200MA5RCN4636,89
3998,三亚南滨产业发展有限公司,91469028MA7GY11F1Q,89
3999,三亚纳通咨询服务有限公司,91460000MACLGE0U91,89
4000,三亚纳强科技有限公司,91469027MADXDT094F,89
4001,三亚娜彩商贸有限公司,91460000MA5TJF5C7J,89
4002,三亚鹜德谷克进出口贸易有限公司,91460200MA5TG29W4D,89
4003,三亚穆安宇科技有限公司,91460000MABY5FAH95,89
4004,三亚沐泽实业有限公司,91460107MADLLQKJ88,90
4005,三亚沐原装饰设计工程有限公司,91460000MADCF7NN7R,90
4006,三亚沐芯拓尔科技有限公司,91460000MAE94B7X72,90
4007,三亚木杰再生资源回收有限公司,91460000MA5TX17MXB,90
4008,三亚木道沈氏健康技术有限责任公司,91460000MAE8F2YB37,90
4009,三亚慕青凡网络科技有限公司,91460000MA5TGRAL96,90
4010,三亚慕君废旧物资回收有限公司,91460000MA5TME6F1Q,90
4011,三亚慕风文化传媒有限公司,91460000MADCD8R81H,90
4012,三亚幕斯拉维酒类贸易有限公司,91460200MA5T39U55W,90
4013,三亚萬园实业有限公司,91460200MA5RCNYG6D,90
4014,三亚沫初投资有限公司,91460000MAG0HBY210,90
4015,三亚墨书绘馆文化科技有限公司,91460000MAEUAF320K,90
4016,三亚墨石影视传媒有限责任公司,91460000MA5TK86W3H,90
4017,三亚墨瑟建筑节能科技有限公司,91460200MA5RHHAH23,90
4018,三亚墨焜科技有限公司,91460000MAEMLKUM2G,90
4019,三亚摩纳哥婚纱摄影有限公司,91460200MA5RJFJ06L,90
4020,三亚鸣遥种质创新科技有限公司,91460000MABM1RG918,90
4021,三亚鸣海科技有限公司,91460000MAC9TB7H9R,90
4022,三亚鸣畅投资有限公司,91460000MAE7GA0G44,90
4023,三亚铭臻科技有限公司,91460200MA5T5MTD06,90
4024,三亚铭宜行汽车贸易有限公司,91460200MA5T2B1N8T,90
4025,三亚铭泰工程机械租赁有限公司,91460000MAEKFC1Q4P,90
4026,三亚铭航木科技有限公司,91460000MA5TJ1914F,90
4027,三亚铭方信息技术有限公司,91460000MA5T8K4T3E,90
4028,三亚茗烁科技发展有限公司,91460000MAC5C0N64X,90
4029,三亚茗昊科技有限公司,91460200MA5RGYWT1M,90
4030,三亚洺玺商贸有限责任公司,91460000MAE4TTPTXP,90
4031,三亚明远志投资有限公司,91460000MAEQJ0N30A,90
4032,三亚明鑫泽投资有限公司,91460000MA5TYGW99C,90
4033,三亚明昕健康管理咨询合伙企业（有限合伙）,91310120MA1JJ02G38,90
4034,三亚明喜房地产经纪有限公司,91460200MA5RETCA47,90
4035,三亚明通佳瑞科技发展有限公司,91460000MAD813UD9F,90
4036,三亚明瞬广达科技有限公司,91460200MA5RHW8NX0,90
4037,三亚明桥枫贸易有限公司,91460000MAEHU65A13,90
4038,三亚明启技术开发有限公司,91530100MA6QGY4Y5N,90
4039,三亚明了生物科技有限公司,91460000MA5TGGXF6J,90
4040,三亚明奎商贸有限公司,91460000MADDHARP9R,90
4041,三亚明华智能科技有限公司,91460106MADQ5PUE5Q,90
4042,三亚明德善新企业管理有限公司,91460108MADP30NE0H,90
4043,三亚名韩创业投资合伙企业（有限合伙）,91469026MABM509G2A,90
4044,三亚闽华装修工程有限公司,91460200MA5RDMUQ52,90
4045,三亚闽丰水果包装有限公司,91460000MA5TJ1EE23,90
4046,三亚闽东建农农业发展有限公司,91460000MABNJAAD9W,90
4047,三亚闽晟贸易有限公司,91460000MAEACU172X,90
4048,三亚敏桐婉网络科技有限公司,91460000MA5TGCG046,90
4049,三亚玟璟食品贸易有限公司,91460000MACQ7RYL2J,91
4050,三亚妙丹商贸有限公司,91460000MA5TJ5B93W,91
4051,三亚秒宝网络科技有限公司,91460200MA5RDDXA9H,91
4052,三亚淼选房房地产经纪有限公司,91460000MAEY08J654,91
4053,三亚苗小看废品回收场,91460000MA5TLC4A7L,91
4054,三亚苗苗乐生物科技有限公司,91460000MAK13U1T60,91
4055,三亚免兔科技有限公司,91460000MAD1T93L5W,91
4056,三亚蜜鹿数字科技有限公司,91460000MAE11KFH84,91
4057,三亚米乐婚庆有限公司,91460106MA5TRR708Y,91
4058,三亚梦泽旅游服务有限公司,91460000MACFUMNN0P,91
4059,三亚梦晓贤网络科技有限公司,91460000MA5TF0426U,91
4060,三亚梦想金话筒文化传播有限公司,914602003241952977,91
4061,三亚梦享企业管理合伙企业（有限合伙）,91469033MACYFY5U1K,91
4062,三亚梦希科技有限公司,91460106MADG097E93,91
4063,三亚梦菡商贸有限公司,91460000MA5TJ5BA1P,91
4064,三亚蒙奇迪商贸有限公司,91460106MADN7UR89T,91
4065,三亚萌牙口腔有限公司,91460000MAEJW5GY8Y,91
4066,三亚萌豚思维教育科技有限公司,91460000MAEC2AN08D,91
4067,三亚檬琦科技有限公司,91460000MACDRECTXM,91
4068,三亚镁鑫生物科技有限公司,91460000MAC3W71NXX,91
4069,三亚美特昕商贸有限公司,91460000MADBUPKC8F,91
4070,三亚美芮婚礼策划有限公司,91460000MADX4PMX00,91
4071,三亚美瑞科斯科技有限公司,91460000MAK2G20E24,91
4072,三亚美美与共数字服务有限公司,91460000MACX5CN99Y,91
4073,三亚美霖贸易有限公司,91460000MA5T9LMU42,91
4074,三亚美林科技开发有限公司,91460200583937806E,91
4075,三亚美来教育培训中心有限公司,91460000MAC5EJ5R4J,91
4076,三亚美居艺匠建筑劳务有限公司,91460000MAEW6CN462,91
4077,三亚美璟科技有限公司,91460200MA5T27GW63,91
4078,三亚美加管理集团有限公司,91460000MA5TURGJ75,91
4079,三亚梅平达商贸商行（个人独资）,91460000MA7GL53012,91
4080,三亚梅安工程科技有限公司,91460000MA5T9LD362,91
4081,三亚贸金投资有限公司,91460000MAEU0LXN52,91
4082,三亚猫窝网科技有限公司,91610116MA6TY9RU1W,91
4083,三亚猫的民谣酒吧服务有限公司,91460000MAEAFHL387,91
4084,三亚芒小甜生态农业有限公司,91460000MA5T911L2R,91
4085,三亚芒小二贸易有限公司,91460000MAC3WXRG91,91
4086,三亚芒禾计划文化传媒有限公司,91460000MADYNJJ34A,91
4087,三亚芒果同创科技创新中心合伙企业（有限合伙）,91460000MACP7KY512,91
4088,三亚满海电子商务有限公司,91460200MADMMBRH10,91
4089,三亚满春晖农业开发有限公司,91460200MA5RJD0F23,91
4090,三亚麦卓餐饮有限公司,91460108MAA9AA3JXB,91
4091,三亚麦麦奢品商贸有限公司,91460000MAEA5X690E,91
4092,三亚麦兜早教托育服务有限公司,91460108MABUBKKF9J,91
4093,三亚迈醇骋汽车销售有限公司,91460000MAENFEWU24,91
4094,三亚码链互联网科技有限公司,91460000MA5TGRB62P,92
4095,三亚绿洲农业科技有限责任公司,91460000MA5TG9JEXP,92
4096,三亚绿州保洁有限责任公司,91460000MA5T8GKFX3,92
4097,三亚绿杉林业有限公司,91460200MA5REUX687,92
4098,三亚绿森实业有限公司,91460200069677255X,92
4099,三亚绿色竹科技有限公司,91460000MA5TDYK622,92
4100,三亚绿氢科技有限公司,91460000MAE93CRT9T,92
4101,三亚绿棉丰禾科技有限公司,91460000MAEP32PP0C,92
4102,三亚绿康农业开发有限公司,91460000MA5TAMCJ94,92
4103,三亚绿锦建材有限公司,91460000MAG0D7QD83,92
4104,三亚绿奥农资科技发展有限公司,9146020006969184XD,92
4105,三亚律洲博文教育培训有限公司水南分公司,91460107MADMCT9D9G,92
4106,三亚旅拍拍婚纱摄影有限公司,91460200MA5T34421N,92
4107,三亚旅购企业管理合伙企业（有限合伙）,91460105MAA90J9028,92
4108,三亚珞琦贸易有限公司,91460000MAC9W1X39F,92
4109,三亚洛伦兹企业管理咨询有限公司,91460000MACWERM16Q,92
4110,三亚洛琳家居有限公司,91460200348087055J,92
4111,三亚洛克母婴电子商务有限公司,91460000MACJ08YH32,92
4112,三亚洛可文化科技有限公司,91460108MADP3HYF5A,92
4113,三亚罗特科技有限公司,91460000MACUB0P13C,92
4114,三亚罗盘星科技有限公司,91460108MAD8ULKC4E,92
4115,三亚罗布科技有限公司,91460000MAEXUGJU65,92
4116,三亚鸾必雪网络科技有限公司,91460000MA5TFCLL2K,92
4117,三亚峦茂酒店管理有限公司,91460000MAEUHU7M9N,92
4118,三亚麓禾检测技术有限公司,91460000MAEQNQ395G,92
4119,三亚麓滨旅业开发有限公司,9146020059490134X3,92
4120,三亚鹿洲商贸有限公司,91460107MACTBNRJ56,92
4121,三亚鹿农科技有限公司,91460000MABXERAM0Q,92
4122,三亚鹿富汽车服务有限公司,91460000MAE389XN16,92
4123,三亚鹿晟建筑工程有限公司,91460100MA5THKLY12,92
4124,三亚鹭城建材有限公司,91460000MA5TJBRR9T,92
4125,三亚陆润建材有限公司,91460000MADQMCG17K,92
4126,三亚陆大大建材贸易有限公司,91460000MA5T9UDQ9K,92
4127,三亚鲁梁自动化设备有限公司,91460000MAELFDM25F,92
4128,三亚庐康医疗服务有限公司,91460000MADHULU833,92
4129,三亚露之耀电子商务行（个人独资）,91460000MAA94HMD8N,92
4130,三亚露梦婷报刊零售有限公司,91460000MA5TGUYU3T,92
4131,三亚楼小州房产置业有限公司,91460106MADAJXLY5D,92
4132,三亚龙跃中烁餐饮管理有限公司,91460000MAEEFFMT57,92
4133,三亚龙氏科技有限公司,91460000MAC8LMGJ82,92
4134,三亚龙猫文化传媒有限公司,91460107MADLJ7FD4M,92
4135,三亚龙基城运建设科技有限公司,91460000MAE7KGPG10,92
4136,三亚龙慧再生资源回收有限责任公司,91460000MA5TJRKU2A,92
4137,三亚龙环环卫环境工程有限公司,91460000MA5TBXH27B,92
4138,三亚龙行空间科技中心（有限合伙）,91460000MAE7N7A159,92
4139,三亚龙管家物业管理有限公司,91460200MA5RGF404F,93
4140,三亚龙港众腾实业有限公司,91460200MA5RCE8053,93
4141,三亚龙城轩网络科技有限公司,91460200MA5RGYBU6M,93
4142,三亚隆喆再生资源回收有限公司,91460000MAA993HW08,93
4143,三亚隆玉农业信息咨询合伙企业（有限合伙）,91460000MAC7N2M737,93
4144,三亚隆拓海洋科技有限公司,91460000MAK148C8XH,93
4145,三亚隆诚投资有限公司,91460108MADNTEBT5K,93
4146,三亚六瑞贸易有限公司,91460000MABP8MBT0Q,93
4147,三亚六号娱乐有限公司,91460000MA5TLCRL3R,93
4148,三亚流畅建筑工程有限公司,91460200MA5T4QPP99,93
4149,三亚榴园农业科技有限公司,91460000MAEFPRC531,93
4150,三亚刘俊废品回收场,91460000MA5TL18J61,93
4151,三亚领赫贸易有限公司,91460000MA7JRKHA9M,93
4152,三亚领飞维纳科技有限公司,91460000MACH7HHE1K,93
4153,三亚领博企业管理咨询合伙企业（有限合伙）,91469030MACNP3T76G,93
4154,三亚零一农业科技有限公司,91460000MACALPXG1P,93
4155,三亚零叁文化传媒咨询策划有限公司,91460000MA5U2G112Y,93
4156,三亚零界智清科技有限公司,91460000MAEETXX546,93
4157,三亚铃媛菁商务咨询有限公司,91460000MA5TEF4B5N,93
4158,三亚铃鸥茵商务咨询有限公司,91460000MA5TEF3J45,93
4159,三亚铃荞桢商务咨询有限公司,91460000MA5TE7XE2L,93
4160,三亚灵星文化传播有限公司,91460000MAEXPLYW42,93
4161,三亚灵睿信息技术有限公司,91320594MACF91AC6P,93
4162,三亚岭航文化传媒有限公司,91460000MADHN6WH0W,93
4163,三亚凌宇建筑工程有限公司,91460000MADEL14145,93
4164,三亚凌鑫源实业有限公司,91460200324046443Y,93
4165,三亚凌发农业科技有限责任公司,91460000MAD2KJ8T1G,93
4166,三亚霖帆家政服务有限公司,91460000MAEAULLD2H,93
4167,三亚林语企业管理有限公司,91460000MACXKUYD2K,93
4168,三亚林禾投资有限公司,91460000MAG1066J7M,93
4169,三亚林盛世纪科技有限公司,91431000MA7D3CEBXR,93
4170,三亚临在文化旅游有限公司,91460000MABTMJXL75,93
4171,三亚廖霞装饰工程有限公司,914601000563931735,93
4172,三亚亮四方肿瘤预防农业食品研发有限公司,91469027MA5T4CLX05,93
4173,三亚亮哥快推销售有限公司,91460000MACKJ4JF53,93
4174,三亚量化科技有限公司,91460106MADN7HP64M,93
4175,三亚粮芯科技有限公司,91460108MADATDAT4L,93
4176,三亚链新科技有限公司,91420100347323247K,93
4177,三亚链上投资有限公司,91460000MAE0J5UX0P,93
4178,三亚连辰投资有限公司,91460000MAG1M36461,93
4179,三亚联越商务服务有限公司,91460000MAD20YXA7D,93
4180,三亚联同蓝维商务服务有限公司,91460200MA5T1L6DX8,93
4181,三亚联顺汽车租赁有限公司,91460200324022900H,93
4182,三亚联郡贸易有限公司,91460000MAE7KTYA56,93
4183,三亚联聚科技有限公司,91460000MAEG9CBGXF,93
4184,三亚联华水科科技有限公司,91460000MADCKLRK38,94
4185,三亚莉潇汽车销售有限公司,91460000MAEFL0YE1E,94
4186,三亚立语桐商贸有限公司,91460000MACF8ABG4W,94
4187,三亚立宇物业服务有限公司,9146020056244798X4,94
4188,三亚立宇实业有限公司,91460200693168841A,94
4189,三亚砾舟投资有限公司,91460000MABMAH0T57,94
4190,三亚栗森驰汽车销售有限公司,91460000MAED6JPF05,94
4191,三亚力信实业有限公司,91460000MA5TUUJF19,94
4192,三亚力达贸易有限公司,91460107MADXR2MT02,94
4193,三亚力诚建筑劳务有限公司,91460107MADP77U1XD,94
4194,三亚利特天极进出口贸易有限公司,91460200MA5T5PL36T,94
4195,三亚利民工程咨询服务有限公司,91460000MA5TG85Y1G,94
4196,三亚利莱晰贸易有限公司,91460000MAK250J54K,94
4197,三亚利吉伟再生资源回收有限公司,91460000MA7JGF8147,94
4198,三亚丽斐璇商务咨询有限公司,91460000MA5TGD9TXX,94
4199,三亚理春赢贸易有限公司,91460000MA5TDPHG08,94
4200,三亚李氏农业开发有限公司,91460200735846197R,94
4201,三亚李凌贸易有限公司,91460000MADYYDWD21,94
4202,三亚犁栈阐商务咨询有限公司,91460000MA5TEE7H07,94
4203,三亚厘度生物科技有限公司,91460000MAEJETAD5D,94
4204,三亚雷霆轩网络科技有限公司,91460200MA5RGYCT44,94
4205,三亚雷霆安保应急救援科技服务有限公司,91460105MAA99XD993,94
4206,三亚雷腾轩网络科技有限公司,91460200MA5RGXM83A,94
4207,三亚雷木旅行社有限公司,91460200MADRJ62WXE,94
4208,三亚雷凯海上开发设备供应有限公司,91460000MABQ5L4R17,94
4209,三亚雷烽信息技术有限公司,91460000MAC6CB0E4B,94
4210,三亚雷蓓贸易有限公司,91460000MAEXGYNL02,94
4211,三亚勒贝格海洋工程装备制造有限公司,91460000MAC6BK9M6X,94
4212,三亚了凡文化传媒有限公司,91460000MA5T9FEH0F,94
4213,三亚乐颐老年人服务有限公司,91460200MA5RED4R9T,94
4214,三亚乐实农业科技有限公司,91460000MAD01BDC7X,94
4215,三亚乐柒天贸易有限公司,91460200MA5T4RCY2K,94
4216,三亚乐乐发再生资源回收有限公司,91460000MACATXU58G,94
4217,三亚乐吉旅游开发有限公司,91460108MAA9AEQ44K,94
4218,三亚乐耕种业有限公司,91460000MAEDB27JXA,94
4219,三亚乐福源科技有限公司,91460108MADT6WTM1U,94
4220,三亚浪漫海角农产品开发有限公司,91460200MA5RE4D35R,94
4221,三亚朗知科技传媒有限公司,91460000MA5TGBDC0X,94
4222,三亚朗逸装饰设计工程有限公司,91460200062319607J,94
4223,三亚朗同龄商务咨询有限公司,91460000MA5TEE7T9C,94
4224,三亚朗松果康有限公司,91460000MAD7J7GR2M,94
4225,三亚朗康健康服务有限公司,91460106MAD397E006,94
4226,三亚朗成文化传播合伙企业（有限合伙）,91469002MA5TJ3WP2N,94
4227,三亚琅川建工实业有限公司,91460200MA5RF2QQ6A,94
4228,三亚蓝耘水产有限公司,91460000MAEDGRDB81,94
4229,三亚蓝西特信息科技有限公司,91460200MA5RHL502T,95
4230,三亚蓝天海岸旅业有限公司,91460200324212966P,95
4231,三亚蓝思带养生有限责任公司,91460000MABNJHMAXQ,95
4232,三亚蓝蚂蚁科技有限公司,91460100MA5T7PM92L,95
4233,三亚蓝绿数字经济技术有限公司,91460000MAE4B1HC54,95
4234,三亚蓝调文化传媒有限公司,914602003241062310,95
4235,三亚蓝宝食品有限公司,91460000MA5TCQWB27,95
4236,三亚篮瑶女装有限公司,91460000MA5TJKNB7Y,95
4237,三亚澜莺雅报刊零售有限公司,91460000MA5TGT6T4D,95
4238,三亚澜天视界文化传媒有限公司,91460000MAEC07PK58,95
4239,三亚澜海合科技有限公司,91460000MAE40WR13X,95
4240,三亚澜程商贸有限公司,91460108MAA98UPR9H,95
4241,三亚澜澈翃图投资有限公司,91460000MAETDACY17,95
4242,三亚岚驰信息科技有限公司,91460000MAEXB5JE1W,95
4243,三亚兰泽餐饮娱乐管理有限公司,91460200MA5RDFBR3N,95
4244,三亚兰源南繁农业科技服务有限公司,91460000MADFA68W8D,95
4245,三亚兰诺贸易有限公司,91460200MA5T63441Q,95
4246,三亚兰杜生物科技有限公司,91460000MAD7X5NT4M,95
4247,三亚兰博投资有限公司,91460200MADQG7NB7F,95
4248,三亚莱万多美网络科技有限公司,91460200MA5RHMUUXE,95
4249,三亚莱米影视文化传媒有限责任公司,91460000MAEAC3J49K,95
4250,三亚莱凯财务咨询有限公司,91460000MA5TX5583Y,95
4251,三亚来米信息有限责任公司,91460000MAEXEP3C48,95
4252,三亚来画文化科技有限公司,91460200MA5T22MN78,95
4253,三亚鲲腾融汇咨询服务有限公司,91460000MADBKB8Y92,95
4254,三亚昆鹏应急服务有限公司,91460000MA5TK8DM6B,95
4255,三亚昆量建筑工程有限公司,91460000MA5TXJH378,95
4256,三亚坤舆智学信息科技有限公司,91460000MAEGNL4D1C,95
4257,三亚坤陆琦韵文化工作室（个人独资）,91469006MADM0MAR51,95
4258,三亚坤盛智能科技有限公司,91460000MAG0M0UW92,95
4259,三亚坤灿低网络科技有限公司,91460000MA5TGQQE0C,95
4260,三亚匡刃科技有限公司,91460000MABY27KW7C,95
4261,三亚宽行科技开发有限公司,91460200MA5RGHF692,95
4262,三亚快思图商务会展有限公司,91469028MA5TME8U75,95
4263,三亚快火科技有限公司,91460000MA7F0QYL2Y,95
4264,三亚跨山海电子商务有限公司,91460000MAC6MDUM0K,95
4265,三亚酷昕阅商贸有限公司,91460000MACDRMKG6E,95
4266,三亚酷玩科技有限责任公司,91460106MAA9APXG7R,95
4267,三亚肯同创意工场投资有限公司,91460200567970059G,95
4268,三亚垦丰农业科技有限公司,91460200324166525T,95
4269,三亚氪徕比网络科技有限公司,91460200MA5RHMU120,95
4270,三亚客天下汽车贸易有限公司,91460200MA5RDFKD61,95
4271,三亚克莱蒙节能技术有限公司,91460200MA5T1THA7T,95
4272,三亚科源企业咨询管理有限公司,91460000MADCKPDD83,95
4273,三亚科园城刻章有限公司,91460000MAEHQG548K,95
4274,三亚科宇茜商贸有限公司,91460000MAC9QCFL92,96
4275,三亚科怡芯电子有限公司,91460000MABYDGQ085,96
4276,三亚科信供应链有限公司,91460100MAA8Y0L28N,96
4277,三亚科委地域网络科技有限公司,91460200MA5RHHJ27G,96
4278,三亚科瑞广告有限公司,91460000MA5TQ6430B,96
4279,三亚科燃博创科技合伙企业（有限合伙）,91460000MADFBL8U89,96
4280,三亚科企园区管理服务有限公司,91460000MADG49B79M,96
4281,三亚科纳华章企业管理中心（有限合伙）,91469033MADMLCK64A,96
4282,三亚科莱特生物科技有限公司,91460200MADWM0W62B,96
4283,三亚科控国际供应链发展有限责任公司,91469036MA5U0NU4XR,96
4284,三亚科菁农业科技有限公司,91469031MADNDJKT99,96
4285,三亚科锦科技有限公司,91460000MAER0AA91Y,96
4286,三亚科华建筑工程有限公司,91460000MACJ6BPT5X,96
4287,三亚科风科技发展有限公司,91460108MAD2P9B979,96
4288,三亚科德精工建材有限公司,914602000825256519,96
4289,三亚科城置业有限公司,91460200MA5TEHWH87,96
4290,三亚科城再生资源有限公司,91460000MAD24KD36P,96
4291,三亚科城园林绿化服务有限公司,91460000MACC9M8R08,96
4292,三亚科城雨虹建材科技有限公司,91460000MACM9B7F5N,96
4293,三亚科城宜居投资有限公司,91460108MAA9AHL24G,96
4294,三亚科城物业服务有限公司,91460000MA7FCMHH6M,96
4295,三亚科城文化有限责任公司,91469027MADNT2E63X,96
4296,三亚科城投资有限公司,91460000MA5U09QG45,96
4297,三亚科城体育有限责任公司,91460000MADMU7HX16,96
4298,三亚科城商业保理有限公司,91460000MABMK23B0J,96
4299,三亚科城融资租赁有限公司,91460107MAD9JBJ62R,96
4300,三亚科城能源投资有限责任公司,91460000MACGT0DE9B,96
4301,三亚科城乐居置业有限公司,91460000MACJTCRP32,96
4302,三亚科城科鑫新型建材有限责任公司,91460000MAEL7ET532,96
4303,三亚科城科技有限公司,91460000MAEDY6JG8M,96
4304,三亚科城聚展有限公司,91460000MAD9857HX7,96
4305,三亚科城教育有限公司,91460000MAA8YF4Q7N,96
4306,三亚科城创园置业有限公司,91460000MACY9HGA9K,96
4307,三亚科城产业发展与企业服务有限公司,91460000MA7M2D0P01,96
4308,三亚科城才智咨询服务有限公司,91460000MAEP55858J,96
4309,三亚科宝实业有限公司,91460200721271775C,96
4310,三亚柯仁羽商务咨询有限公司,91460000MA5TEE6Y38,96
4311,三亚柯九九科技有限公司,91460200MADXR2J395,96
4312,三亚柯劲建材有限公司,91460000MAA8YFMY7D,96
4313,三亚康跃科技有限公司,91460000MAD365CJ1Y,96
4314,三亚康宇医药推广咨询服务有限责任公司,91460000MACJ3WXU5L,96
4315,三亚康颐泰合生物制药有限公司,91460000MABR56U06W,96
4316,三亚康仕德科技发展有限公司,91120105MA05XDPC4R,96
4317,三亚康瑞药品大药房,91460205MA5TAPYP67,96
4318,三亚康祺人力资源服务有限公司,91460200MA5T3AG08R,96
4319,三亚康年文旅酒店集团有限公司,91460000MACUQ08RX5,97
4320,三亚康年文旅发展有限公司,91460000MAEY11QQX8,97
4321,三亚康年旅业发展有限公司,91460000MAEWNDBE74,97
4322,三亚康隆创融投资有限公司,91460000MAD9BN634P,97
4323,三亚康拉德科技有限公司,91460000MA5TXMPNXP,97
4324,三亚康嘉医疗科技有限公司,91460000MADFBUBU17,97
4325,三亚康德酒店管理有限公司,91469002MA5TRFYN57,97
4326,三亚康佰益生物科技有限公司,91460100MAA9A7285P,97
4327,三亚瞰海咨询有限公司,91460000MAE91W476T,97
4328,三亚塏林房产信息咨询有限公司,91460200324028413T,97
4329,三亚凯烜墨网络科技有限公司,91460000MA5TF03T0C,97
4330,三亚凯琪财务咨询有限公司,91460000MAD8WQ7R93,97
4331,三亚凯铭实业有限公司,91460200082503233Q,97
4332,三亚凯航建筑装饰工程科技有限公司,91460000MA5TW3U9X7,97
4333,三亚锎微科技发展有限公司,91210104MA7NFHQ12R,97
4334,三亚开颐信息科技有限公司,91460000MAC4RP0913,97
4335,三亚骏誉建筑工程有限公司,91460000MA5TMD5F2Y,97
4336,三亚骏轩泰投资管理有限公司,91460000MADBHWJD8H,97
4337,三亚骏图安科技有限公司,91460000MAEQ3K5T69,97
4338,三亚骏骑商贸有限责任公司,91460000MAEJLQ2AX7,97
4339,三亚骏隆投资有限公司,91460000MAK1MH5F5B,97
4340,三亚骏奎凯商务信息咨询有限公司,91460000MA5TGRA31U,97
4341,三亚骏捷物流有限公司,91469025MA5TH1JD51,97
4342,三亚骏晖玺商贸有限公司,91460000MACHXJ3J0N,97
4343,三亚竣顺科技有限公司,91460000MADXMBBM0U,97
4344,三亚竣程科技有限公司,91460000MAC8W3244K,97
4345,三亚浚叁贸易有限公司,91460000MAC9W2AD7Y,97
4346,三亚峻娇科技有限公司,91460000MACB5NNQ85,97
4347,三亚俊友投资有限公司,91460203MADNYCTM4X,97
4348,三亚俊逸铭科技有限公司,91460000MABY59J78R,97
4349,三亚俊翊国际贸易有限公司,91460000MAG0DKWD1T,97
4350,三亚俊翔贸易有限公司,91460108MACCED9F1C,97
4351,三亚俊晟再生资源回收有限公司,91460000MAC2YQ8Y6E,97
4352,三亚钧淇达汽车租赁有限公司,91460000MADY2D4F6E,97
4353,三亚钧波文化传媒有限公司,91460000MAK0QF9W5M,97
4354,三亚筠柯商贸有限公司,91460000MAG0FBBWX6,97
4355,三亚均驰满汽车有限公司,91460000MAEX8N4K8U,97
4356,三亚君彦商贸有限公司,91460000MAD3H4AA2C,97
4357,三亚君伟实业有限公司,91460200MA5RF3K248,97
4358,三亚君威商贸有限公司,91460000MA5T9AWN00,97
4359,三亚君揽投资有限公司,91460108MADR5N6Q67,97
4360,三亚君阔科技有限公司,91469030MA5THE2Y4R,97
4361,三亚君格贸易有限公司,91460000MADP6MXJ1N,97
4362,三亚君福来实业有限公司,9146020005637954XA,97
4363,三亚君川文化传媒有限公司,91460200MA5T2MJ8X6,97
4364,三亚军博新能源科技有限公司,91460000MAEH9X0N5A,98
4365,三亚军博商业发展有限公司,91460000MAE5D22J12,98
4366,三亚军博绿色建筑科技有限公司,91460000MAEDU48A1B,98
4367,三亚军博跨境电商物流有限公司,91460000MAEEWYAW85,98
4368,三亚觉解投资有限公司,91460107MAA9AP7F3X,98
4369,三亚觉辉投资有限公司,91460100MAD2KP2R3W,98
4370,三亚隽一体育培训中心有限公司,91460000MAA98E7K37,98
4371,三亚娟琳商贸有限公司,91460000MA5TJF5J4F,98
4372,三亚聚智国际贸易服务有限责任公司,91460000MAG07J938L,98
4373,三亚聚亿新投资有限公司,91460000MAA92CML9D,98
4374,三亚聚阳农业有限公司,91460000MAE935U44D,98
4375,三亚聚钱坤商贸有限责任公司,91460000MADKMRKN8E,98
4376,三亚聚农农业贸易有限公司,91460200MA5RHJ451Q,98
4377,三亚聚立创智海洋科技有限公司,91460000MACQ794C9Q,98
4378,三亚聚丰源实业开发有限公司,914602006989238936,98
4379,三亚聚德胜再生资源回收有限公司,91460000MAC5JWME9Q,98
4380,三亚聚创麟钢材销售有限公司,91460000MA5TA02J57,98
4381,三亚聚车堡汽车销售服务有限公司,91469007MA5U2QM21W,98
4382,三亚聚贝置业有限公司,91460000MAE5XXFQ5D,98
4383,三亚聚百洲企业管理有限公司,91460105MAD10JCA1E,98
4384,三亚炬烽教育科技有限公司,91460108MAD66F6LXE,98
4385,三亚巨元实业有限公司,91460200075736573G,98
4386,三亚巨能生态科技有限公司,91460000MAEW28A32L,98
4387,三亚巨富海洋科技有限公司,91460200MA5T5Q8R28,98
4388,三亚橘橙猫科技有限公司,91431002MA7ADKQ18C,98
4389,三亚鞠曦祺服装有限公司,91460000MA5TGT7N1M,98
4390,三亚居旭德商贸有限公司,91460000MACBTL1J6M,98
4391,三亚居隆源地产有限公司,91460200MA5RDFAN41,98
4392,三亚酒高粱农业科技有限公司,91460000MACWN1U901,98
4393,三亚玖洲进出口贸易有限公司,91460000MADXUGEK0D,98
4394,三亚玖瑞科技有限公司,91460000MAEQ480K3L,98
4395,三亚玖面水引科技有限责任公司,91469006MADRFWLAXM,98
4396,三亚玖浮云科技服务有限公司,91460000MACN8U1L32,98
4397,三亚九奕商务服务有限公司,91460000MAEXBFFU4T,98
4398,三亚九旭医药集团有限公司,91460000MACX1GJRXL,98
4399,三亚九窝科技有限公司,91460000MAEUUU8W8X,98
4400,三亚九乾信息技术有限公司,91140100MA0KRBBQ5U,98
4401,三亚九和弘资企业管理合伙企业（有限合伙）,91469001MA5TKCQC8H,98
4402,三亚九方源农业服务有限公司,91460108MADGAFX273,98
4403,三亚久旋罗百货商行（个人独资）,91469027MADR94XJ0Q,98
4404,三亚久旭荣光投资有限公司,91460108MAD9YGQG4U,98
4405,三亚久润堂文化服务咨询有限公司,91460000MAE2J05P42,98
4406,三亚久农农业科技有限公司,91460000MAEQY98231,98
4407,三亚久鼎投资有限公司,91460200348079805H,98
4408,三亚靖尤淳商务咨询有限公司,91460000MA5TEE728G,98
4409,三亚竞之贸易有限公司,91460000MAD16CT1X1,99
4410,三亚敬德诊所有限公司,91460200MADW08HBXW,99
4411,三亚境昊商贸有限公司,91460000MAEFCE5L34,99
4412,三亚劲丰合棉花生物育种有限公司,91460204MACE859B60,99
4413,三亚璟鸿实业有限公司,91469026MACUB6XH19,99
4414,三亚景卓文化产业投资有限公司,91460200MA5T3AW93P,99
4415,三亚景域探索投资管理中心（有限合伙）,91469036MADN325562,99
4416,三亚景一桓房地产有限公司,91460200MA5RDWEWX9,99
4417,三亚鲸语投资合伙企业（有限合伙）,91460000MAE7146A5K,99
4418,三亚鲸鱼教育信息有限公司,91460108MADMXA5H9C,99
4419,三亚鲸世界旅业服务有限公司大白鲸儿童酒店,91460200MA5T9PKU2G,99
4420,三亚鲸世界旅业服务有限公司,91460200MA5RDRFR1F,99
4421,三亚鲸世界科技馆有限公司,91460200MA5RD7UP6Y,99
4422,三亚鲸世界海洋馆有限公司,91460200MA5RD7Q22U,99
4423,三亚荆禾园林工程有限公司,91460000MA5T856D4A,99
4424,三亚经易通国际贸易有限公司,91460000MADCY6YT78,99
4425,三亚经纬通达电子商务有限公司,91460106MADAWNYY1L,99
4426,三亚精鑫科技有限公司,91469025MACFAF7F5J,99
4427,三亚精速贸易有限公司,91460108MAD7HWXT4F,99
4428,三亚精传网络科技有限公司,91460000MACEHRGN8B,99
4429,三亚精诚诺金企业管理有限责任公司,91460107MACG4XE12F,99
4430,三亚晶圆数字科技有限公司,91460000MACEJ30J98,99
4431,三亚晶晶体育有限公司,91460000MAEF5X2L8Q,99
4432,三亚晶晟石业有限责任公司,91460200MA5T5N0H11,99
4433,三亚京义大口腔服务有限责任公司,91460108MACQDB2H5U,99
4434,三亚京雅房地产开发有限公司,91460200MA5T45TY0C,99
4435,三亚京玺商务管理有限公司,91460000MAE5CT2G52,99
4436,三亚京武科技有限责任公司,91460000MA5TWFCQ74,99
4437,三亚京通谷金项目管理有限公司,91460000MADDANKH6Q,99
4438,三亚京路贸易有限公司,91460000MADD5HU660,99
4439,三亚京海升公寓有限公司,91460000MAER21772D,99
4440,三亚京东佳禹贸易有限公司,91460200MA5T41103U,99
4441,三亚京晟健康咨询有限公司,91469025MADWPLDH57,99
4442,三亚进意装饰工程有限公司,91460200MA5RD4RT1H,99
4443,三亚晋榕实业有限公司,91460200324179801T,99
4444,三亚晋晨敏网络科技有限公司,91460000MA5TF7XF6R,99
4445,三亚锦易旅游服务有限公司,91460000MADBWDHK28,99
4446,三亚锦泰机动车驾驶培训有限公司,91460000MAE59U3X7B,99
4447,三亚锦涟金属制品有限公司,91460000MAERRC5RXR,99
4448,三亚锦昌物业有限公司,91469027MADRCJLJ15,99
4449,三亚锦彬翔网络科技有限公司,91460000MA5TFCMB7F,99
4450,三亚金智垣咨询有限责任公司,91460000MACJND285E,99
4451,三亚金志物业管理有限责任公司,91460000MAC31KXH0K,99
4452,三亚金之升商贸有限公司,91460000MADDTQ4235,99
4453,三亚金正祥禾商务服务有限公司,91460200MA5T4DN22Q,99
4454,三亚金韵铭贸易有限责任公司,91460000MA5TA2MJ8T,100
4455,三亚金玉物流服务有限公司,91460000MACW1J5D3R,100
4456,三亚金音企业服务有限责任公司,91460000MAEEWB00X7,100
4457,三亚金易成房地产开发有限公司,91460200552786371P,100
4458,三亚金兴装饰有限公司,91460200075733065K,100
4459,三亚金喜科技有限公司,91460000MACFJ5G87K,100
4460,三亚金文科技有限公司,91460000MAE8JYY61D,100
4461,三亚金粟生物科技有限公司,91460000MAETEM419U,100
4462,三亚金色久丰科技投资合伙企业（有限合伙）,91469006MA5TUXX815,100
4463,三亚金色格调实业有限公司,91460200MA5RFC8P04,100
4464,三亚金色丰农科技投资合伙企业（有限合伙）,91469005MA5TUWKB0N,100
4465,三亚金锐建材贸易有限公司,91460000MA5THYJB96,100
4466,三亚金瑞泰置业有限责任公司,91460200MA5TF12BXJ,100
4467,三亚金秋硕大财务顾问有限公司,91460000MAA95L8J43,100
4468,三亚金磐科技有限公司,91460000MAEMHNGC8R,100
4469,三亚金满屋科技有限公司,91469031MADX4EKU37,100
4470,三亚金麦浪农业科技有限公司,91460000MACWPBXY28,100
4471,三亚金绿缘科创有限公司,91460000MAC0E2M27E,100
4472,三亚金科斋网络科技有限公司,91460200MA5RHMUH3K,100
4473,三亚金吉满堂纺织品及针织品零售有限公司,91460000MA5T87CG2P,100
4474,三亚金弘发金属装饰有限公司,91460000MADD9U02X1,100
4475,三亚金恒达跃工程有限公司,91460000MAD8G9R79D,100
4476,三亚金刚振明科技有限公司,91460000MAE28G124U,100
4477,三亚金服实业有限公司,91460200MA5T7A6N4A,100
4478,三亚金创乐居房地产营销策划有限公司,91460200MA5RF29K99,100
4479,三亚金草人科技有限公司,911101163355778481,100
4480,三亚金贝贝幼儿托管服务有限公司,91460000MA5TFXYG10,100
4481,三亚金版纳商务服务有限责任公司,91460200MA5T4YUE2C,100
4482,三亚津江机械设备租赁有限公司,91460200MA5T22FH3L,100
4483,三亚今越投资有限公司,91460000MAE67F0319,100
4484,三亚洁智原百货商行（个人独资）,91469031MADQE53N1G,100
4485,三亚洁佑壹号投资合伙企业（有限合伙）,91460000MAEREGG92U,100
4486,三亚杰云投资有限公司,91460000MAE9N7C44R,100
4487,三亚杰旺超清洁服务有限公司,91460200MA5RJK8N8M,100
4488,三亚杰启新程贸易有限公司,91460000MAE64TKH58,100
4489,三亚杰农康瑞农业科技有限公司,91460106MAD885099J,100
4490,三亚捷智管理咨询有限公司,91460000MADYA5Y57Y,100
4491,三亚捷翊汽车服务有限责任公司,91460200MA5RCGE33G,100
4492,三亚捷信汇诚知识产权代理有限公司,91460000MA5TUM006P,100
4493,三亚捷程智远商务会展有限公司,91460108MA5TN69A3H,100
4494,三亚婕竺菡科技有限公司,91460000MA5THU111W,100
4495,三亚婕菲觅网络科技有限公司,91460000MA5TGCG39Q,100
4496,三亚阶梯文化咨询有限公司,91469027MADK9PUB7M,100
4497,三亚角头慧海旅游开发有限责任公司,91460000MABQ56YY9K,100
4498,三亚娇峻科技有限公司,91460000MACAWNBL7Y,100
4499,三亚江仔建筑设备有限公司,91460000MAEG9ADQ9N,101
4500,三亚江通盛鑫贸易有限公司,91460000MAK01KR994,101
4501,三亚江嘉育网络科技有限公司,91460000MA5TDYQU7K,101
4502,三亚江寰新能源科技有限公司,91460000MAERCBGL60,101
4503,三亚江淮园艺研究所（普通合伙）,91340100737334670K,101
4504,三亚江河生态农业科技有限公司,91460000MACMGXD76U,101
4505,三亚江皓生态农业发展有限公司,91460000MAE424H81K,101
4506,三亚将海数字科技有限公司,91460000MA5TM2GR02,101
4507,三亚鉴知科技有限公司,91469026MACPP44Q79,101
4508,三亚渐潞悉商贸有限公司,91460000MAC6NBM18Y,101
4509,三亚建瓴商务服务有限公司,91469027MADNR6WA0D,101
4510,三亚建衡信企业管理合伙企业（有限合伙）,91469033MAD97NE25H,101
4511,三亚建衡达投资有限公司,91460000MAD8M1529K,101
4512,三亚建达兴建筑材料有限责任公司,91460000MA5TA5633C,101
4513,三亚健跃建材贸易有限公司,91460000MA7JBG9T5A,101
4514,三亚健怡康投资合伙企业（有限合伙）,91469033MACJNHYM4X,101
4515,三亚健兴财务服务有限公司崖州区分公司,91460200MA5TK9HR5L,101
4516,三亚健特生物技术有限公司,91460000MAEU4T086C,101
4517,三亚健尔马体育科技有限公司,91460000MAEK2ACG61,101
4518,三亚简柚科技有限公司,91460000MAE6PWD12X,101
4519,三亚监讯科技服务有限公司,91460200MA5RJPPR28,101
4520,三亚迦金建材有限公司,91460000MACND29T0E,101
4521,三亚珈和遥感科技有限公司,91460000MA5TGQK165,101
4522,三亚珈豪汽车租赁有限公司,91460200MA5T475K94,101
4523,三亚家园电子商务有限公司,91460200747761756U,101
4524,三亚家闻铭网络科技有限公司,91460000MA5TFCLK4Q,101
4525,三亚家齐实业有限公司,91460000MA5TAQXB80,101
4526,三亚家家安信息咨询服务有限公司,91460108MAD3GUDY3C,101
4527,三亚家和贸易有限公司,91469033MADQ31JM4Q,101
4528,三亚嘉运亨通科技有限公司,91460100MA5TLLXL6Q,101
4529,三亚嘉赢商务有限公司,91469027MAA93DCD8J,101
4530,三亚嘉印科技有限公司,91460000MA5T7TMR0F,101
4531,三亚嘉新国贸易有限公司崖城营业部,91460200MA5RGHQXXT,101
4532,三亚嘉森恒达投资有限公司,91460000MA5U0CPB53,101
4533,三亚嘉瑞祥通企业管理有限公司,91460000MACNQPY49P,101
4534,三亚嘉瑞诚科技中心（个人独资）,91460000MAA91QRK5M,101
4535,三亚嘉嵘文化旅游发展有限公司,91460200MA5TFA9J45,101
4536,三亚嘉鹏兴商贸有限公司,91460000MADBJANN61,101
4537,三亚嘉鹏仕阁酒店管理有限公司,91460200MA5RHELX5U,101
4538,三亚嘉鹏科技发展有限公司崖州酒店管理分公司,91460204MADRFJEX8U,101
4539,三亚嘉鹏科技发展有限公司,91460200062312202R,101
4540,三亚嘉沐企业管理有限公司,91460204MACJU60X64,101
4541,三亚嘉美生物科技有限公司,91460000MAG0LLJH89,101
4542,三亚嘉利文化传媒合伙企业（有限合伙）,91460000MAECENJE8Q,101
4543,三亚嘉佳乐房地产经纪有限公司,91460000MABQPPYJ77,101
4544,三亚嘉怀文化旅游有限公司,91460000MAC1W75Q8G,102
4545,三亚嘉赫科技有限公司,91460000MAEF7DU192,102
4546,三亚嘉禾世纪装饰工程有限公司,9146020039441538X8,102
4547,三亚嘉禾世纪酒店有限公司,91460200324207446M,102
4548,三亚嘉合渔业产品批发有限公司,91460000MA5TE2WE2T,102
4549,三亚嘉合丰盈渔业有限公司,91460200MA5RHL4Y4A,102
4550,三亚嘉东恩科技有限公司,91460000MAEFJW2Y8G,102
4551,三亚嘉测科技服务有限公司,91460000MAD2P6PP9K,102
4552,三亚嘉佰滨服装有限公司,91460000MA5TGT7K75,102
4553,三亚加驰实业有限公司,91460200MA5T1U3N7Y,102
4554,三亚佳妆科技有限公司,91460000MAC66XGRXJ,102
4555,三亚佳兆亿投资有限公司,91460106MADJFKG49D,102
4556,三亚佳圆实业有限公司,91460000MA5TKBT065,102
4557,三亚佳誉物业管理有限公司,91460000MAEF4QND1H,102
4558,三亚佳兴序电子商务中心（个人独资）,91460000MACHY3QB3B,102
4559,三亚佳欣物业服务有限公司,91460200573066090E,102
4560,三亚佳维风养殖厂（个人独资）,91469005MADR91YG47,102
4561,三亚佳潼贸易有限公司,91460000MAEP61RK66,102
4562,三亚佳时恒方置业有限公司,91460000MA5TQ57Q5A,102
4563,三亚佳圣酒店管理有限责任公司,91460000MADDHH8U8W,102
4564,三亚佳瑞渊科技有限公司,91460000MA5TJ1906L,102
4565,三亚佳瑞酒店管理有限责任公司,91460000MAE9YHU46B,102
4566,三亚佳冉商贸有限公司,91460107MADLFRYYXL,102
4567,三亚佳琦珍文化传媒有限公司,91460000MACM92XC13,102
4568,三亚佳美美家日化有限公司,91460105MAD5DWX97P,102
4569,三亚佳河经贸有限公司,91460200MA5T9MX28K,102
4570,三亚佳房网地产经纪有限公司,91460000MAD8NNNC02,102
4571,三亚佳澳家政服务有限公司,91460000MAC7F5R45G,102
4572,三亚继雷谦商务信息咨询有限公司,91460000MA5TGRA4XK,102
4573,三亚纪鹰保安服务有限公司崖州分公司,91460000MACYJETP0X,102
4574,三亚纪杰然网络科技有限公司,91460000MA5TGE219M,102
4575,三亚济竹科技有限公司,91230103MA1F5ECK8A,102
4576,三亚济世堂药业有限公司,91460000MA5TLFNQ7Y,102
4577,三亚季老师税务咨询服务中心,91460204MA5T6Q049C,102
4578,三亚冀先勤商贸有限公司,91460000MACD4A0R07,102
4579,三亚冀川建筑工程有限公司,91460000MAD8B4F55B,102
4580,三亚己亥工程咨询有限公司,91430105MAC45GDR7K,102
4581,三亚脊正健康管理有限公司,91460000MAELCPLF1U,102
4582,三亚吉艺新型建筑材料有限公司,91460000MAK1REF72U,102
4583,三亚吉崖通商贸有限公司,91460000MA5TYCGK6C,102
4584,三亚吉享科技有限公司,91469036MA5TLBFC0W,102
4585,三亚吉鲜衡农业有限公司,91460000MAK147QG10,102
4586,三亚吉鲜广衡农业有限公司,91460000MAK1XQ3N2E,102
4587,三亚吉途汽车租赁有限公司,91460200MA5RHLQR70,102
4588,三亚吉顺吉祥房屋租赁有限公司,91460000MA5T7X6092,102
4589,三亚吉莲四季农业有限公司,91460000MAK0GW3Y5M,103
4590,三亚吉科投资有限公司,91460106MA5TMUFT7K,103
4591,三亚吉风劳务服务有限公司,91460000MAERFPPH5F,103
4592,三亚吉贰临文化传播有限公司,91460000MAG01MJ37U,103
4593,三亚吉成网地产经纪有限公司,91460204MAD8TBJQX5,103
4594,三亚吉参医药科技有限责任公司,91460200MA5T4TY34B,103
4595,三亚机电设备安装有限公司,914602007138285101,103
4596,三亚基鑫阁科技咨询有限公司,91460000MA5U0PPM0D,103
4597,三亚基石特玻咨询服务有限公司,91460000MA5U1DCD7U,103
4598,三亚基洛船舶海洋技术有限公司,91460000MACEMU265F,103
4599,三亚火烈鸟生物技术有限公司,91460000MAK1KRJ24Y,103
4600,三亚荟鑫商务有限责任公司,91460000MAEHEW6U51,103
4601,三亚绘丰投资有限公司,91460000MACGFWX96W,103
4602,三亚汇鑫聚友商贸有限公司,91460000MADJY88B6N,103
4603,三亚汇镁建筑劳务工程有限公司,91460000MAE742RR94,103
4604,三亚汇美餐饮管理有限公司,91469007MA5TKB546N,103
4605,三亚汇美财务咨询有限公司,91460000MA5TDRYP8G,103
4606,三亚汇林国际贸易有限公司,91469027MAA951DR7A,103
4607,三亚汇力房地产开发有限公司,91460200MA5RDACQ8N,103
4608,三亚汇聚科技合伙企业（有限合伙）,91469033MAD78XLT15,103
4609,三亚汇聚达投资合伙企业（有限合伙）,91460000MAEDBC058C,103
4610,三亚汇辉商贸有限责任公司,91460000MADJAM3T96,103
4611,三亚汇方园林景观工程有限公司,91460200MA5T1XN55H,103
4612,三亚汇创聚源科技有限公司,91460000MAD4U82K6H,103
4613,三亚汇程文化科技有限公司,91460000MA5TXLM42Y,103
4614,三亚汇柏合农业科技有限公司,91460000MAE5GGWK5F,103
4615,三亚慧展文化咨询有限公司,91460200051071132E,103
4616,三亚慧云达泰企业管理合伙企业（有限合伙）,91460000MAA96P645R,103
4617,三亚慧宜环保科技有限公司,91460000MA5TKCTX9K,103
4618,三亚慧洋智能装备有限公司,91460200MADPT1NR1T,103
4619,三亚慧亚贸易有限责任公司,91460000MAECPDMM5C,103
4620,三亚惠正国际贸易有限公司,91460000MA5TY5XE6E,103
4621,三亚惠腾投资发展有限公司,91460000MA5TRNMTXQ,103
4622,三亚惠士科技产业园发展有限公司,91460200348088138N,103
4623,三亚惠全琳投资有限公司,91460000MA5TXF0K7J,103
4624,三亚惠民一方餐饮管理有限公司,91460000MAA92QRG8K,103
4625,三亚惠民人力资源开发服务有限公司崖州分公司,91460108MACX1LEW23,103
4626,三亚惠露旭商贸有限公司,91460000MACHDMTQ2F,103
4627,三亚惠鸿智造科技有限公司,91460000MAEMUC2X1B,103
4628,三亚卉宇装饰工程有限公司,91460200MA5RCM5671,103
4629,三亚会心文化科技发展有限公司,91460000MAK2A3QP81,103
4630,三亚回响七曜文化传播有限公司,91460000MAEREK5U5Y,103
4631,三亚回味吾琼农业科技有限公司,91460200MA5RC28R30,103
4632,三亚辉讯通信服务有限公司,91460000MAE7F9988C,103
4633,三亚辉韬国际管理咨询有限公司,91460000MAD9N22N0W,103
4634,三亚晖豪信息技术有限公司,91460000MAC2BNBK7M,104
4635,三亚徽鸿科技有限公司,91460000MAC1AKKT3X,104
4636,三亚黄道婆贸易有限公司,91460000MADA65U076,104
4637,三亚煌晟餐饮管理有限公司,91460203MACHRCU48L,104
4638,三亚焕新材料有限公司,91460000MAERHB8L2W,104
4639,三亚换位思考营销策划有限公司,91460200MA5RCNER95,104
4640,三亚换位思考物业管理有限公司,91460000MADH8TXF1P,104
4641,三亚幻通数码网络科技有限公司,91460200MA5RH08M47,104
4642,三亚环艺工程有限公司,91460000MAA9596Y1B,104
4643,三亚环讯科技有限公司,91460000MADPJ77D7Y,104
4644,三亚环湾物业发展有限公司,91460000MAA98L6Q58,104
4645,三亚环投供水有限公司西部分公司,91460000MACRT67X2M,104
4646,三亚环投供水有限公司东部分公司,91460000MAC4XXQ24P,104
4647,三亚环投供水有限公司,91460200671068639K,104
4648,三亚环渡国际旅行社有限公司,91460200324057329Q,104
4649,三亚桓韬芮网络科技有限公司,91460000MA5TGCBN04,104
4650,三亚寰宇佳创科技有限公司,91460000MACRJT452E,104
4651,三亚寰求教育科技有限责任公司,91460000MA5U1CHL1M,104
4652,三亚寰海通途交通运输服务有限公司,91460000MAEXYG8L46,104
4653,三亚欢体网络科技有限公司,91460200MA5RE4A36U,104
4654,三亚欢候益商务咨询有限公司,91460000MA5TF0YU69,104
4655,三亚怀晖幽网络科技有限公司,91460000MA5TGBL385,104
4656,三亚桦富投资有限公司,91460000MADCCQYR5P,104
4657,三亚铧森投资中心（有限合伙）,91469005MADF5TN66H,104
4658,三亚华章中挪旅游发展有限公司,91460000MADA48GD1Q,104
4659,三亚华愿房地产开发有限公司,91460000MAC3MJHW3P,104
4660,三亚华玉创新种业有限责任公司,91460108MAA915360B,104
4661,三亚华语天成文化传媒有限公司,91460000MAC36CG25X,104
4662,三亚华盈科技有限公司,91469027MA5TNY705A,104
4663,三亚华茵生物科技有限公司,91460000MAE12KJD6J,104
4664,三亚华铉合邦海洋科技有限公司,91460000MAE7KD6M1Y,104
4665,三亚华胥生命科学技术发展中心（有限合伙）,91310120MA1JJ0HAXP,104
4666,三亚华鑫农业有限公司,91460000MA5TFPQN68,104
4667,三亚华墅地产咨询服务有限公司,91460200MA5RC22D08,104
4668,三亚华舒美实业有限公司,91460000MA5TXDXP2D,104
4669,三亚华视源文化传媒有限公司,91460000MADQMUHX49,104
4670,三亚华青有为贸易有限公司,91460000MAEGDH9R2W,104
4671,三亚华企智税管理咨询有限公司,91460106MAA9AF914M,104
4672,三亚华珑建筑工程有限公司,91460000MABN7LCU5D,104
4673,三亚华利投资有限公司,91460000MAEAWR6676,104
4674,三亚华聚建材有限公司,91460000MA5TX8XT19,104
4675,三亚华匠装饰工程有限公司,91460000MAEK0AH65G,104
4676,三亚华健建筑工程有限公司,91460106MAA9A2RD1M,104
4677,三亚华健华荣康鸿大药房（个人独资）,91460000MACQPJ4X6X,104
4678,三亚华健华荣佳康大药房（个人独资）,91460000MACQ1X6226,104
4679,三亚华健华荣春天大药房（个人独资）,91460000MACRAREK4N,105
4680,三亚华健华荣保利大药房,91460000MA5TR1RQ7H,105
4681,三亚华家猪数字供销中心（特殊普通合伙）,91460105MAD0F2QC1J,105
4682,三亚华汇科技合伙企业（有限合伙）,91460000MAD6FJ720A,105
4683,三亚华根投资有限公司,91460000MAEG2RK84Y,105
4684,三亚华都农业发展有限公司,91460000MA5U0KJK28,105
4685,三亚华淳茗茶文化有限公司,91460200MA5RCCRG19,105
4686,三亚华创智谷能源有限公司,91460000MABNMA6U9U,105
4687,三亚华创微纳科技有限责任公司,91460000MAC6B5FN1C,105
4688,三亚华创家具软装设计有限公司,91460200MA5T4ET667,105
4689,三亚华创技术合伙企业（有限合伙）,91469035MADMPN763F,105
4690,三亚华盛新型建材有限公司,91460200589253165F,105
4691,三亚华盛供气有限责任公司,91460200713828553E,105
4692,三亚华彩矗章科技有限公司,91460200MA5RHTH86Y,105
4693,三亚花期昂科技有限公司,91460000MAC08PC07J,105
4694,三亚花匠子国际园艺有限公司,91460000MAEPB9ERXM,105
4695,三亚花涧餐饮有限公司,91460000MAEH7UJGXN,105
4696,三亚花场科技有限公司,91460000MAC0C7PC03,105
4697,三亚胡椁百货商店（个人独资）,91460000MAA94NEX7G,105
4698,三亚湖林农业开发有限公司,91460200MA5T7J0M2T,105
4699,三亚后土农业发展有限公司,91460000MA7FDRD00F,105
4700,三亚厚壤载物科技有限公司,91460000MAG0AUAG7W,105
4701,三亚厚德康富中医药研究院（普通合伙）,91220701MA170169XK,105
4702,三亚候鸟大健康产业有限公司,91460000MAEUMLA948,105
4703,三亚鸿运摩托车有限公司,91460200665121982U,105
4704,三亚鸿钰商务服务有限公司,91460000MAC7YH2P49,105
4705,三亚鸿宇盛达建设有限公司,91460000MAEL3FFF7J,105
4706,三亚鸿宜超科技发展有限责任公司,91460000MADA1MCQ4D,105
4707,三亚鸿壹农业科技有限公司,91460200MA5RC55J7R,105
4708,三亚鸿烨电子商务有限公司,91460000MAEA6AWA7G,105
4709,三亚鸿耀达商务中心（个人独资）,91469005MADQWUER0M,105
4710,三亚鸿滕工贸有限公司,91460000MACMEE6NXY,105
4711,三亚鸿铭欣房地产经纪有限公司,91460200MA5T3J2Q6N,105
4712,三亚鸿俪家政服务有限公司,91460000MAA93L090G,105
4713,三亚鸿俊房产信息咨询有限公司,91460000MA5TLYH757,105
4714,三亚鸿锦泽进出口贸易有限公司,91460000MAK1DBKN09,105
4715,三亚鸿慧利仁数字科技有限公司,91460000MADG1XP34F,105
4716,三亚鸿豪房地产开发有限公司,91460200552798161H,105
4717,三亚鸿鹄众志生物科技有限公司,91460000MAEMG7Q55J,105
4718,三亚鸿德再生资源回收有限责任公司,91460000MA5TAP8653,105
4719,三亚鸿大农业科技有限公司,91460000MAEW8ABG3P,105
4720,三亚鸿程石化贸易有限公司,91460000MAA91PPR7F,105
4721,三亚鸿盛进出口贸易有限公司,91460000MAE7WYNK6P,105
4722,三亚鸿博耘商农业科技有限公司,91460000MACPGRAF9L,105
4723,三亚虹火农业发展有限公司,91460000MAE473TW9K,105
4724,三亚虹彩农业发展有限公司,91460100MAA9A8T554,106
4725,三亚红雨燕咨询管理有限公司,91460000MAE578EN4G,106
4726,三亚红珊瑚家政服务有限公司,91469001MA5TNELH9Q,106
4727,三亚红瑞世家投资有限公司,91460000MAK0GW4036,106
4728,三亚红瑞极星健康科技有限公司,91460000MAK2E7DU9M,106
4729,三亚红丽恒投资有限公司,91460000MAEJE54724,106
4730,三亚洪堂医药行,91460000MA5TP16U53,106
4731,三亚洪苏阳服装有限公司,91460000MA5TGT7P8C,106
4732,三亚洪城贸易有限公司,91460000MADHAMWT1Q,106
4733,三亚洪柏祉网络科技有限公司,91460000MA5TF0450C,106
4734,三亚泓屹石油科技有限公司,91460000MADFXMY86Y,106
4735,三亚泓俊洲岸企业管理有限公司,91460000MACT57220E,106
4736,三亚泓都房地产有限公司,91460200MA5RGHH374,106
4737,三亚弘盛金景建筑工程有限公司,91460108MAD9NFARXX,106
4738,三亚宏挚投资有限公司,91460000MAER1XDX52,106
4739,三亚宏映国际教育有限责任公司,91460100MAA98J9E06,106
4740,三亚宏途科技有限公司,91460000MAE6Y8QG1E,106
4741,三亚宏天盛精密塑胶有限公司,9146020078661568X6,106
4742,三亚宏迹商贸有限公司,91460000MACD3MQU82,106
4743,三亚宏绘商务管理有限公司,91460000MAEH77T851,106
4744,三亚宏宏冉商贸有限公司,91460000MAC85R6PX8,106
4745,三亚宏创达家电有限公司,91460000MAA94NGXX0,106
4746,三亚宏盛焱汽车服务有限公司,91460000MAE8Q0GDXH,106
4747,三亚宏盛科技有限公司,91460000MAK05CRJ0X,106
4748,三亚宏晟投资咨询有限公司,91460108MADH5RW00R,106
4749,三亚衡昌旭友贸易有限公司,91460000MADYDATT1N,106
4750,三亚恒源达投资有限公司,91460108MADHJ9FMXG,106
4751,三亚恒元信商贸有限公司,91460000MAA99EP427,106
4752,三亚恒有源科技有限公司,91460000MAEA4C6A6F,106
4753,三亚恒讯通科技有限公司,91460000MA5THD2DXG,106
4754,三亚恒轩达科技有限公司,91460108MADCX9MA8E,106
4755,三亚恒歆鋆电子科技有限公司,91460000MAEC9FAM76,106
4756,三亚恒昕投资有限公司,91460000MAEM5Q1P1U,106
4757,三亚恒伟科技有限公司,91460000MA5TM9M82M,106
4758,三亚恒笠信息咨询服务有限公司,91460000MAEBTDHD0J,106
4759,三亚恒立商贸有限公司,91460108MADPL9DB5F,106
4760,三亚恒纪投资有限责任公司,91460108MACQGB7W6X,106
4761,三亚恒基建筑工程有限公司,91460000MAE4MJ2B0N,106
4762,三亚恒基晟世科技有限公司,91460000MAE7FRR147,106
4763,三亚恒晖企业咨询管理有限公司,91460108MADJGTNT8A,106
4764,三亚恒驰投资有限公司,91460000MAE2W5BA48,106
4765,三亚亨远酒店投资有限责任公司,91460000MAEH5TXH3Y,106
4766,三亚黑狮国际贸易有限公司,91460200MADNUKD290,106
4767,三亚黑海科技有限公司,91460000MA5U2CTK5U,106
4768,三亚鹤翔天联旅游科技有限公司,91460000MAE3EJD491,106
4769,三亚鹤龄彬网络科技有限公司,91460000MA5TFCLW2U,107
4770,三亚赫缘房产有限公司,91460000MAG03JTK24,107
4771,三亚赫添生物科技有限公司,91460000MAE2FEJH4K,107
4772,三亚荷荫贸易有限公司,91460000MAEG27NC1Q,107
4773,三亚禾屿菽源农业科技有限公司,91460000MAEUUEBT92,107
4774,三亚禾易农业服务有限公司,91460000MABM2A339C,107
4775,三亚禾下田庄农业有限公司,91460000MAK0GMGM2A,107
4776,三亚禾下南繁公寓管理有限公司,91469001MADLH8QA1F,107
4777,三亚禾下酒店管理有限公司深海分公司,91460000MACTXX486B,107
4778,三亚禾下酒店管理有限公司浅海分公司,91460000MACW95YC5W,107
4779,三亚禾下酒店管理有限公司南繁分公司,91460000MACU6M359J,107
4780,三亚禾下酒店管理有限公司,91460000MACTWQX27A,107
4781,三亚禾戏聚文化传媒有限公司,91460203MADWJJLN74,107
4782,三亚禾算生物科技有限公司,91460000MAEFE36A06,107
4783,三亚禾晌灵科技有限公司,91460000MAC0C7PD90,107
4784,三亚禾美污水处理有限公司,91460000MAEN0BW74U,107
4785,三亚禾泓广告装饰有限公司,91460200394298224D,107
4786,三亚禾和网络科技有限公司,91460200MA5RE39M25,107
4787,三亚禾谷数据运营有限公司,91460000MAG0U82B4B,107
4788,三亚禾畅农业科技有限公司,91460000MACP32MC1C,107
4789,三亚禾安生物科技有限公司,91460000MAK1N27U5E,107
4790,三亚河湾农业科技有限公司,91460000MAEHTRY14J,107
4791,三亚和元投资有限公司,91460000MAE6LTMX1F,107
4792,三亚和亿源管理咨询有限公司,91460000MAEFR8H89P,107
4793,三亚和雪冰酒店管理有限公司,91460200MA5T1L1G2B,107
4794,三亚和兴影视传媒服务有限公司,91460000MAC53R5134,107
4795,三亚和祥泰克科技有限公司,91460000MAK31K8W9Y,107
4796,三亚和祥贸易有限公司,91460200693156859X,107
4797,三亚和万兴旅游服务有限责任公司,91460000MACDUPX53G,107
4798,三亚和途科技有限责任公司,91460000MABNHTCW8G,107
4799,三亚和双硕报刊零售有限公司,91460000MA5TH1PG83,107
4800,三亚和联诚地产投资服务有限公司,91460200MA5RC1HP1K,107
4801,三亚和家馨房地产投资服务有限公司,91460200MA5RC2132E,107
4802,三亚和盛装修工程有限公司,91460000MA5TCUCL8X,107
4803,三亚和盛源海洋科技有限公司,91460000MAE5Q3MQX7,107
4804,三亚合信众诚农业有限公司,91469001MAD5BLAU13,107
4805,三亚合心汽车租赁有限公司,91460200MA5RJT7594,107
4806,三亚合泰鑫工程有限公司,91460108MADLY88D4G,107
4807,三亚合润科技有限公司,91460000MAEBT7C653,107
4808,三亚合行宏韧科技合伙企业（有限合伙）,91469005MADE8FWA3K,107
4809,三亚合富仕贸易有限公司,91460200MA5T2DKA83,107
4810,三亚何锦悦科技有限公司,91460000MAC0PB8P0B,107
4811,三亚皓奕学网络科技有限公司,91460000MA5TF04181,107
4812,三亚皓丰源农业科技有限公司,91460000MACMK8X42N,107
4813,三亚皓丰贸易有限公司,91460000MAD3L7PX63,107
4814,三亚灏添建设投资有限公司,91110228330393513D,108
4815,三亚浩言博报刊零售有限公司,91460000MA5TH1PJ2J,108
4816,三亚浩轩图文广告有限公司,91460100MA5T3M4K8K,108
4817,三亚浩桐投资有限公司,91460000MAELJ2J28F,108
4818,三亚浩天能环保科技有限公司,91460108MADNB66L8C,108
4819,三亚浩楠霖科技有限公司,91460000MA5TJ1922A,108
4820,三亚浩凯驰汽车销售有限公司,91460000MAEBCKLD2Q,108
4821,三亚浩健英贸易有限公司,91460000MAECK9314J,108
4822,三亚昊讯科技有限公司,91460000MADCN2E1XW,108
4823,三亚昊松邦达信息科技有限公司,91610113MABQ0BGY0E,108
4824,三亚昊旻新能源科技有限公司,91460000MAD2F21C41,108
4825,三亚昊康实业有限公司,91460200578701049K,108
4826,三亚昊海贝商贸有限公司,91460000MAD0FHN724,108
4827,三亚昊碧晴商务咨询有限公司,91460000MA5TGRGH4M,108
4828,三亚好逸家贸易有限公司,91460000MAE3UHTBXD,108
4829,三亚好润科技有限公司,91460000MABRF4EL5K,108
4830,三亚好人家商贸有限公司,91469028MA5TJBL85J,108
4831,三亚好朋餐饮管理有限公司,91460000MA5TYMEM77,108
4832,三亚好连昇投资有限公司,91469002MADBW29N67,108
4833,三亚豪伍盛达土石方工程有限公司,91460000MA5TEYGC1U,108
4834,三亚豪斯商旅服务有限公司,91460200MA5RHRF02P,108
4835,三亚豪杰市政工程有限公司,91460000MAA905TT9X,108
4836,三亚豪福惠网络科技有限公司,91460000MA5TFCLJ6X,108
4837,三亚豪飞体育文化发展有限公司,91460000MA5TXYER5E,108
4838,三亚航友科技有限公司,91460000MAEAPHF18N,108
4839,三亚航海蓝鹰旅业有限公司,91460200MA5RD73N8U,108
4840,三亚航迪企业管理有限公司,91460000MACXA1Y452,108
4841,三亚航盛建筑机械设备有限公司,91460000MA5U1FTQ75,108
4842,三亚翰谭晓商贸有限公司,91460000MACTWW0L9B,108
4843,三亚翰奇投资有限公司,91460000MAE7PXBPXN,108
4844,三亚翰墨有声文化传播有限公司,91460000MAEJLKAL4D,108
4845,三亚瀚维海洋科技有限公司,91460000MAEH8D5E3W,108
4846,三亚瀚铭建筑工程有限公司,91460105MADU5RQL6Q,108
4847,三亚瀚林数智科技有限公司,91469005MADP2PKR09,108
4848,三亚瀚林数科企业管理咨询服务合伙企业（有限合伙）,91460000MAK110EB91,108
4849,三亚瀚澜水下智能探测装备有限公司,91460000MABUMW5M3C,108
4850,三亚瀚禾源信国际贸易有限公司,91460000MAK0LEDT67,108
4851,三亚瀚海汽车贸易有限公司,91460000MAE740AY20,108
4852,三亚瀚海蓝帆海洋科技有限公司,91460000MAE9KMMU5M,108
4853,三亚汉烯石墨烯技术研究所有限公司,91460000MA7LPW2A71,108
4854,三亚汉普管家信息科技有限公司,91460000MA5TJ4QB2E,108
4855,三亚汉铭私募股权投资基金管理有限公司,91460000MAA9401D8A,108
4856,三亚汉和联实业有限公司,91460200MA5RH6UN9Y,108
4857,三亚汉孚投资合伙企业（有限合伙）,91460000MAE9F9TNXH,108
4858,三亚罕玉秋实农业科技有限公司,91460000MAEGFGR8X2,108
4859,三亚韩玺废品回收场（个人独资）,91460000MAA96U315J,109
4860,三亚韩澳美康国际贸易有限公司,91460000MADNELF433,109
4861,三亚涵庆璇商务咨询有限公司,91460000MA5TGRGJ0A,109
4862,三亚涵康健康管理有限公司,91460000MAEDRQENXH,109
4863,三亚涵程商旅服务有限公司,91460200MA5RC1JN8X,109
4864,三亚涵超峒网络科技有限公司,91460000MA5TF0442H,109
4865,三亚晗瑞念商务咨询有限公司,91460000MA5TGRGD18,109
4866,三亚海洲探索科技有限公司,91460000MAEA93KF9D,109
4867,三亚海知美纳企业管理咨询有限公司,91460000MA7FBK1L6P,109
4868,三亚海之麟商务咨询服务有限公司,91460000MAA9192N4N,109
4869,三亚海泽宏恩科技工程有限公司,91460000MADF2H4746,109
4870,三亚海云连旅业文化有限公司,91460000MADCQGCH23,109
4871,三亚海云基因科技有限公司,91460000MAE2FLT830,109
4872,三亚海跃科技合伙企业（有限合伙）,91460000MACY90DT98,109
4873,三亚海源亿星科技有限公司,91460200090522119H,109
4874,三亚海源物流有限公司,914602000757221634,109
4875,三亚海源溯于一源实业有限公司,91460200090522063E,109
4876,三亚海源实业有限公司海源果蔬储存销售运输中心,91460200MA5RG7G099,109
4877,三亚海源农博园开发有限公司,914602000757222940,109
4878,三亚海育知识产权代理事务所（普通合伙）,91460000MAD1DW35XC,109
4879,三亚海屿爱人工智能应用有限责任公司,91460106MADQ5Q8Y18,109
4880,三亚海宇水产有限公司,91460106MADW3JAW37,109
4881,三亚海渝建筑工程有限公司,9146020006233724X5,109
4882,三亚海映扶光传媒有限公司,91460000MAECR4GF6B,109
4883,三亚海翼教育科技有限公司,91469025MADXCF867Y,109
4884,三亚海曜贸易有限公司,91460200MADT74T43C,109
4885,三亚海研光电科技有限公司,91460000MAE001YQ4P,109
4886,三亚海勋资产管理有限责任公司,91460200573096556G,109
4887,三亚海天山水物业服务有限公司,91460200MA5RF2BT5F,109
4888,三亚海顺货运服务有限公司,91460200201373831M,109
4889,三亚海试试验技术服务有限公司,91460100MA5U07H6X7,109
4890,三亚海声海洋科技有限公司,91460000MACTT6181D,109
4891,三亚海深了海洋科技有限公司,91460000MAC9E3RU9K,109
4892,三亚海上洋商贸有限公司,91460000MAE0D5TL3B,109
4893,三亚海上丝路农业研究院有限公司,91460000MA5TDRJ918,109
4894,三亚海鲨再生资源回收有限公司,91460000MABUN7RP56,109
4895,三亚海沙教育科技有限公司,91460108MAD9E8AE5P,109
4896,三亚海瑞斯体育文化产业有限公司,91460000MA5U2J5401,109
4897,三亚海荣投资有限公司,91460107MADMYCD1XY,109
4898,三亚海擎智能科技有限公司,91460000MAEFBY7K7N,109
4899,三亚海清建筑装饰有限公司,91460000MAEB4CRJ40,109
4900,三亚海秦科技有限公司,91460107MADPXXGT2E,109
4901,三亚海能电力科技有限公司,91460000MAE949Y89N,109
4902,三亚海纳金诺投资有限公司,91460000MAE1BEE51M,109
4903,三亚海纳川鑫供应链管理有限公司,91460000MAEWA19L8E,109
4904,三亚海姆科技有限公司,91460000MA7GXRXLX7,110
4905,三亚海乐优品网络科技有限公司,91460000MA5TKEC49Q,110
4906,三亚海浪升升专业设计服务有限公司,91460000MACB7XXE1Y,110
4907,三亚海兰德科技有限公司,91460000MAE8L93N6U,110
4908,三亚海阔天城置业有限公司,91460200090535745P,110
4909,三亚海敬观旅游文化发展有限公司,91460000MA5U1WT51W,110
4910,三亚海角一号科技有限公司,91460000MA5TQ13F9R,110
4911,三亚海角启航贸易有限公司,91460000MABTXG3737,110
4912,三亚海角乐丰农业发展有限公司,91460000MAC4H0NU71,110
4913,三亚海江威置业有限公司,91460200075723895C,110
4914,三亚海冀教育培训学校有限公司,91460100MA5TX6XA0C,110
4915,三亚海慧海洋科技有限公司,91460108MACXUPGK6G,110
4916,三亚海恒餐饮管理有限公司,91460000MA5TMDKN3Q,110
4917,三亚海古纪生物科技有限公司,91460108MAA9A80E4A,110
4918,三亚海工砼新型水泥材料贸易有限公司,91460200MA5RH4NHXW,110
4919,三亚海房团房地产经纪有限公司,91460200MA5RD7625Y,110
4920,三亚海桠投资有限公司,91460108MADDN33L7G,110
4921,三亚海德餐饮管理有限公司,91460108MAA9ABD43C,110
4922,三亚海岛智旅科技有限公司,91460107MADRATF393,110
4923,三亚海岛有礼文化科技有限公司,91460000MAEA1BB744,110
4924,三亚海川船舶服务有限公司,91460000MA5TN3348A,110
4925,三亚海仓渔业科技有限公司,91460000MAEG7J7J7J,110
4926,三亚海仓易购投资有限公司,91460000MAEB6M03XG,110
4927,三亚海贝尔企业管理有限公司,91460000MACHR3NM6W,110
4928,三亚嗨亚人力资源服务管理有限公司,91460000MAA95G3B3F,110
4929,三亚哈医大鸿森健康管理有限公司,91460000MAA8YLMC3J,110
4930,三亚哈罗科技有限公司,91460000MA5T95CU7U,110
4931,三亚哈里很芒农业科技有限公司,91460000MA5TWQ4M38,110
4932,三亚哈船智能装备技术有限公司,91460000MAEPHMXQ05,110
4933,三亚果之南水果专业合作社,93469027MAC766AR9C,110
4934,三亚果臻园水果批发有限公司,91460000MAA91EULX4,110
4935,三亚果优乐科技有限公司,91460105MADXDUHJ7K,110
4936,三亚果甜农业有限公司,91460000MACCW4K961,110
4937,三亚果燃有货农业有限公司,91460000MAD8523G06,110
4938,三亚果然果美实业有限公司,91460000MA5TQFMW7C,110
4939,三亚果趣诺生物科技有限公司,91460000MADHY8F25F,110
4940,三亚果礼园农业有限公司,91460000MAK1UKR715,110
4941,三亚国庄新型建材有限公司,91460107MAC1PH2D1A,110
4942,三亚国泽电器销售有限公司,91460200MADQ92MN7T,110
4943,三亚国盈燚昇企业管理有限公司,91460000MAE9MBQR72,110
4944,三亚国业兴华投资有限公司,91469031MADRTF5D2D,110
4945,三亚国玺农业发展有限公司,91460106MADLNE636H,110
4946,三亚国搜优选企业管理合伙企业（有限合伙）,91469033MADKETJ99Q,110
4947,三亚国康医院管理有限公司创意路分公司,91460000MACJ4UCJ1Y,110
4948,三亚国康医院管理有限公司,91460100MA5THTGKX9,110
4949,三亚国康医养体检中心有限公司,91460000MA5TWG684F,111
4950,三亚国康体检中心有限公司,91460108MAA9A5YT5E,111
4951,三亚国际能源管理中心股份有限公司,91460200MA5TNDRR69,111
4952,三亚国凤家政服务有限公司,91460106MAA97UUG5X,111
4953,三亚国恩实业有限公司,91460000MABWJJ4Y59,111
4954,三亚国电新能源水力发电有限公司,91460200MA5RE0NL5H,111
4955,三亚国大园野高科技农业开发有限公司,91460200594911513J,111
4956,三亚国彩广告有限公司,91460000MACQYG2T1P,111
4957,三亚郭涛废品回收场（个人独资）,91460000MAA92Q8B6P,111
4958,三亚郭红磊拆除工程有限公司,91460108MADJK8TF6L,111
4959,三亚广臻农业有限公司,91460000MAK1XW3B0R,111
4960,三亚广源摩托车销售有限公司,914602007987292897,111
4961,三亚广誉信息科技工程有限公司,91460200MA5RDBRP8N,111
4962,三亚广兴实业开发有限公司,914602005730734503,111
4963,三亚广树建筑工程有限公司,91460000MA5T7WWT9J,111
4964,三亚广科智晟投资合伙企业（有限合伙）,91460105MAA9AET783,111
4965,三亚广科崖兴产业发展有限公司,91460108MAD7J5QL15,111
4966,三亚广科融汇创业投资基金合伙企业（有限合伙）,91460000MADHTMX551,111
4967,三亚广科管理服务有限公司,91460106MAA9AFNT23,111
4968,三亚广江置业有限公司,91460200MA5RCHP44Y,111
4969,三亚广佳福商贸有限公司,91460000MACPKNLX77,111
4970,三亚广安大芝芝药房（个人独资）,91460000MAD2L38T32,111
4971,三亚广安大浅海药房（个人独资）,91460000MABTT0CH76,111
4972,三亚广安大家园药店（个人独资）,91460000MABQAJL00D,111
4973,三亚光浴装饰装璜有限公司,91460200MA5T5NYF19,111
4974,三亚贯洲投资有限公司,91460106MADY6X645R,111
4975,三亚冠顺信息科技有限公司,91460000MA5TLDF676,111
4976,三亚冠澜众成科技合伙企业（有限合伙）,91469006MAA96RA97G,111
4977,三亚冠锦国际贸易有限公司,91460000MAE7HC2U2T,111
4978,三亚冠烽生物科技有限公司,91460000MAEUW9E75N,111
4979,三亚观海数星民宿有限公司,91460000MAEXM3J953,111
4980,三亚观海看云民宿有限公司,91460000MAEX82NU3A,111
4981,三亚矜宸玮网络科技有限公司,91460000MA5TFCM667,111
4982,三亚官田物业管理有限公司,91460000MA5TUKC74E,111
4983,三亚瓜西西餐饮管理有限公司,91460106MAA9ADDA8K,111
4984,三亚鼓逗文化艺术有限公司,91460000MA5TFFTP4L,111
4985,三亚谷泰科技有限公司,91460200557392515Q,111
4986,三亚谷纳维生物科技有限公司,91460000MAEQXHPU7E,111
4987,三亚谷丰升农业科技有限公司,91460000MAE59F904F,111
4988,三亚古崖乐生态园林建设投资有限公司,91460000MAD84P9Q89,111
4989,三亚古沐春生物科技有限公司,91460000MAE9UL9N79,111
4990,三亚弓正鑫建筑工程有限公司,91460200MA5RF0QX87,111
4991,三亚工至海洋装备科技有限公司,91460000MAE36L611X,111
4992,三亚工之道投资有限公司,91460000MAEQT1E49Y,111
4993,三亚工道投资合伙企业（有限合伙）,91460000MAEQG6BD6L,111
4994,三亚工道商贸有限公司,91460000MAG012HX5H,112
4995,三亚工道技术服务有限公司,91440300MA5GT9KQ32,112
4996,三亚工道机械科技有限公司,91460100MA5T62NL9U,112
4997,三亚耕友美投资有限责任公司,91469031MACFNL1A3U,112
4998,三亚葛大侠投资有限公司,91460000MAK1JFX33B,112
4999,三亚格欣科技有限公司,91460000MAC57E771Y,112
5000,三亚高卓佳音信息科技合伙企业（有限合伙）,91340200MA2MR1LC25,112
5001,三亚高众信息科技有限公司,91460000MAC4X9JN60,112
5002,三亚高玉杰废品回收场,91460000MA5TL5WW6R,112
5003,三亚高亿海贸易有限公司,91460108MADCMMMT9T,112
5004,三亚高仰投资有限公司,91460000MAE52RNF0E,112
5005,三亚高榕五期二号股权投资基金合伙企业（有限合伙）,91460200MAA9022E6L,112
5006,三亚高凌建筑有限公司,91460000MAE66RMY20,112
5007,三亚高桦建筑工程有限公司,91460000MAEF54FL18,112
5008,三亚高华毅飞汽车文化有限公司,91460108MA5U0W7802,112
5009,三亚高鸿智造科技有限公司,91460000MAEMWTY7X7,112
5010,三亚高达通眼镜有限公司,91460000MAC69PYT5L,112
5011,三亚港融港汇物流有限公司,91460200MA5T1KWE05,112
5012,三亚伽信投资有限公司,91460000MAEQMJYF73,112
5013,三亚伽陶婉商贸有限公司,91460000MAC6NBHT5Q,112
5014,三亚赋旻实业有限公司,91460000MAA9650D62,112
5015,三亚覆流科技有限公司,91460000MAENUC9D3B,112
5016,三亚富万家农业科技发展有限公司,91460000MACL8TW47T,112
5017,三亚富泰物业服务有限公司,91460200589286290M,112
5018,三亚富斯科商业管理有限公司,91460200MADM6UJF9E,112
5019,三亚富水养殖科技有限公司,91460108MA5U18H5XQ,112
5020,三亚富人邦酒店管理有限公司,91460200MA5RGLD751,112
5021,三亚富谦基商贸有限公司,91460000MACD7CEHXX,112
5022,三亚富吉香餐饮管理有限公司,91460000MA7J0GUJ79,112
5023,三亚富宏再生资源有限公司,91460000MA5TLE9A46,112
5024,三亚富冠添信息咨询有限公司,91460000MACCMBUN9H,112
5025,三亚富盛旺科技有限公司,91431000MABYWRGK1T,112
5026,三亚付氏硕果农资有限公司,91460200399799423Q,112
5027,三亚付呗科技有限公司,91460200MA5T2JL411,112
5028,三亚茯歌文化传媒有限公司,91460000MAE8HJ063T,112
5029,三亚符云絮科技有限公司,91460000MAC0HC7D5K,112
5030,三亚福源信息咨询有限公司,91460000MAK09EDU9C,112
5031,三亚福媛家庭农场有限公司,91460200395797746X,112
5032,三亚福荫楠山殡葬服务有限公司,91460000MAEF7UTL2F,112
5033,三亚福旺农药销售有限公司,91460200075710496B,112
5034,三亚福泰新型建材有限公司,91460200681161378M,112
5035,三亚福融种业有限公司,91460000MAC5G27C9U,112
5036,三亚福闽农业发展有限公司,91460200MA5T618411,112
5037,三亚福满溢硅科技有限公司,91460000MAA97HD78A,112
5038,三亚福联水产发展有限公司,91460200578711941M,112
5039,三亚福莱沃农业科技有限责任公司,91460108MADCK5DT4T,113
5040,三亚福巨和水产有限公司,91460200MA5RD2JLXU,113
5041,三亚福福如科技有限公司,91110109082875782P,113
5042,三亚福达贸易有限公司,91460000MA5TKBF4X2,113
5043,三亚福诚实业有限公司,91460200051099098T,113
5044,三亚福承贸易有限公司,91460000MADHJLY629,113
5045,三亚福城装饰有限公司,91469034MADLD7TT1Y,113
5046,三亚福城工贸有限公司,91460200395177117W,113
5047,三亚福昌实业有限公司,91460200MA5RCRT8XB,113
5048,三亚福傲信息技术有限公司,91460000MAC40U1K4P,113
5049,三亚扶摇星隅文化发展有限公司,91460000MAEDKU048M,113
5050,三亚弗拉迪科技贸易有限公司,91460204MAD94N185H,113
5051,三亚奉菊宙网络科技有限公司,91460000MA5TGCBM29,113
5052,三亚凤凰教育咨询有限公司,91460000MAEAQP0W31,113
5053,三亚风生水起财务咨询有限公司,91460000MA5TWB9F7W,113
5054,三亚风橙霞百货商店（个人独资）,91460000MAA94LB7XE,113
5055,三亚锋利气体有限公司,91460000MA7JQPNF63,113
5056,三亚烽翼信息咨询有限公司,91460000MACU903C2K,113
5057,三亚沣博投资有限公司,91460000MAD93UYT0H,113
5058,三亚枫梓赫商贸有限公司,91460000MAC8CU898Q,113
5059,三亚枫宇汽车租赁服务有限公司,91460000MAE6J9BE0R,113
5060,三亚枫英体育文化培训有限责任公司,91460000MADFW4AF62,113
5061,三亚枫简适网络科技有限公司,91460000MA5TDYR914,113
5062,三亚峰亚贸易有限公司,91460200MA5RJP192T,113
5063,三亚丰正华丰田汽车销售服务有限公司崖城分公司,91460200MA5RH6U43R,113
5064,三亚丰源祥泰国际贸易有限公司,91460000MAEMFW503B,113
5065,三亚丰煜商贸有限公司,91469027MADK1DEA0Y,113
5066,三亚丰宇农业科技有限公司,91460100MA5RGKY175,113
5067,三亚丰鲜果业有限公司,91460000MAEK6WKJ3J,113
5068,三亚丰途贸易有限公司,91460000MAG194LL2Y,113
5069,三亚丰恬贸易有限公司,91460000MAK1MU0G7E,113
5070,三亚丰森劳务服务有限责任公司,91460200MA5RD74X6J,113
5071,三亚丰森建筑工程有限公司,91460000MA5T8CNT2Y,113
5072,三亚丰牧农业发展有限公司,91460000MA5TRQJ367,113
5073,三亚丰贸农业发展有限公司,91460107MADMR0JK2W,113
5074,三亚丰麦斯生活馆（个人独资）,91460000MAA946U96Y,113
5075,三亚丰金穗管理有限公司,91460000MAECKMQE2P,113
5076,三亚丰稷智谱生物科技合伙企业（有限合伙）,91460000MAK1U6BR5N,113
5077,三亚丰稷智能农业科技有限公司,91460000MAG18WKK9K,113
5078,三亚丰稷生物有限公司,91460000MACHFU42XA,113
5079,三亚丰华共创科技投资合伙企业（有限合伙）,91460000MA5TWACD7L,113
5080,三亚丰禾种业有限公司,91460000MADA84KYX4,113
5081,三亚丰和信息科技有限公司,91460108MADHP162XN,113
5082,三亚丰产粮油贸易有限公司,91460200062337274T,113
5083,三亚斐彪维商务咨询有限公司,91460000MA5TEF2C0W,113
5084,三亚飞扬清洁环保有限公司,91460000MAA8YUD103,114
5085,三亚飞茂科技开发有限公司,912301033010480328,114
5086,三亚飞海水处理科技有限公司,91460200324036026P,114
5087,三亚菲雄锐商贸有限公司,91460000MA5TGT965W,114
5088,三亚房依托服务管理有限公司,91460000MAA99HRU6C,114
5089,三亚房迪迪咨询服务有限公司,91469031MADQX1MFXD,114
5090,三亚芳康生物科技有限公司,91460000MACDG1DE8A,114
5091,三亚芳谨濡商务咨询有限公司,91460000MA5TE7Y47F,114
5092,三亚方乐科技有限公司,91460108MA5U1DTD5X,114
5093,三亚范夫企业管理有限责任公司,91460000MAC4WNNKX1,114
5094,三亚梵星贸易有限公司,91460000MAE1THL36Y,114
5095,三亚樊绎工程有限责任公司,91460000MAE21QD381,114
5096,三亚凡工竹林建筑装饰工程有限公司,91460000MA5T93LQ6L,114
5097,三亚凡诚良居酒店管理有限公司,91460000MA5TA0T363,114
5098,三亚帆云贸易有限公司,91460000MAG2M47C19,114
5099,三亚帆时尚商旅服务有限公司,91460200MA5T1YH259,114
5100,三亚帆昇健康科技有限公司,91460000MAEB8A8D0E,114
5101,三亚法来喜贸易有限责任公司,91460000MAK10XMB43,114
5102,三亚发驰玛贸易商行（个人独资）,91469006MADQGA2364,114
5103,三亚二生实业有限公司,91460000MACNPBH71R,114
5104,三亚尔迪生物有限公司,91460000MAG089N43N,114
5105,三亚多禄佳科技有限公司,91460000MAE70RNN71,114
5106,三亚多方报废汽车拆解有限公司,91460000MAA93LC03L,114
5107,三亚盾强信息技术有限公司,91460000MAC9E8CE67,114
5108,三亚盾霖节能环保科技合伙企业（有限合伙）,91460000MAA987R16H,114
5109,三亚敦正生物科技有限公司,91460000MAE8DPAP7N,114
5110,三亚敦澄梓商贸有限公司,91460000MACDGKDF8D,114
5111,三亚对岸国际贸易有限公司,91460000MACRMU5B78,114
5112,三亚段妍商贸有限公司,91460000MA5TJ5BBXF,114
5113,三亚端木元新产业创新中心（有限合伙）,91460000MAE0MTE6XY,114
5114,三亚端木元丰股权投资基金合伙企业（有限合伙）,91460000MAC73W8938,114
5115,三亚嘟嘟车汽车服务有限公司,91460000MACG9K4457,114
5116,三亚都会旅居房地产有限公司崖州分公司,91460100MACRPP2K4X,114
5117,三亚动力建筑工程有限公司,91460200MA5T6HRR44,114
5118,三亚动次大次文化艺术培训学校有限公司,91460108MADPEJAX5K,114
5119,三亚冬轶文化科技有限公司,91460000MAE7XNYF0C,114
5120,三亚东之蓝网络科技有限公司,91460000MAEW7JY83D,114
5121,三亚东秀广告有限公司,91460200MA5RCK1FX9,114
5122,三亚东玺农业有限公司,91460000MAK15HC63P,114
5123,三亚东睿农业发展有限公司,91460000MAK0MRTD81,114
5124,三亚东进发商贸有限公司,91460200MA5RJ8G75T,114
5125,三亚东瑾农业发展有限公司,91460000MAK1K5XK02,114
5126,三亚东衡农业发展有限公司,91460000MAK0J90362,114
5127,三亚东珩农业发展有限公司,91460000MAK1489C34,114
5128,三亚东合逸海物业管理有限公司,91460200324047155C,114
5129,三亚东晟洁净新能源科技有限公司,91460000MAA94J6W75,115
5130,三亚东布成西布就水果种植有限公司,91469033MADLPBHY2Y,115
5131,三亚定语科技有限公司,91460000MACD0A147X,115
5132,三亚定定心心信息科技有限公司,91460000MAEQY4P28H,115
5133,三亚鼎信科技发展有限公司,91460000MA5U0DXGXU,115
5134,三亚鼎芯种业科技有限公司,91460000MABQXDK70X,115
5135,三亚鼎腾餐饮有限公司,91469027MADJQK5P04,115
5136,三亚鼎泰智能工程有限公司,914602005573663847,115
5137,三亚鼎润机动车检测有限公司,91460000MAEWBLYU05,115
5138,三亚鼎晶医学检验实验室有限公司,91460106MAA93G8C26,115
5139,三亚鼎华投资有限责任公司,91460108MADCYD280C,115
5140,三亚鼎鸿环境工程有限责任公司,91460000MADCLBLF2B,115
5141,三亚鼎豪娱乐投资有限公司,91460200MA5T395EXK,115
5142,三亚鼎富信息技术有限公司,91460000MAA8YALH89,115
5143,三亚顶鑫建材科技有限公司,91460200395175007P,115
5144,三亚电顺科技有限公司,91460200MA5T5D726P,115
5145,三亚点圈科技有限公司,91350200051193586C,115
5146,三亚典琳阳报刊零售有限公司,91460000MA5TGT4JX7,115
5147,三亚蒂森纳科网络科技有限公司,91460200MA5RHMKR18,115
5148,三亚缔亚美婚纱摄影有限公司,91460200MA5RELXX40,115
5149,三亚帝圣宜百货商行（个人独资）,91469005MADNMU7H70,115
5150,三亚帝力多网络科技有限公司,91460200MA5RHLL20U,115
5151,三亚迪亚比一网络科技有限公司,91460200MA5RHLL714,115
5152,三亚笛连滔商务咨询有限公司,91460000MA5TEF2K6N,115
5153,三亚嘀奥汽车租赁有限公司,91460108MAA99WQ99M,115
5154,三亚等值面咨询有限公司,91460105MADRA57WXQ,115
5155,三亚登柏绪商务信息咨询有限公司,91460000MA5TGRA58K,115
5156,三亚德筑工程有限公司,91460000MAE8HMRJXB,115
5157,三亚德忠艾网络科技有限公司,91460000MA5TF03Y1K,115
5158,三亚德志福贸易有限公司,91460106MADNKTWY1F,115
5159,三亚德远投资有限公司,91460000MADDKTWW6R,115
5160,三亚德育农业科技开发有限公司,91460200MA5T2RA78K,115
5161,三亚德馨科技有限公司,91460000MACTGPXC9N,115
5162,三亚德祥堂兴滨大药房（个人独资）,91460000MAEP8QJU6C,115
5163,三亚德祥堂四季大药房（个人独资）,91460000MAEW5GJM3Q,115
5164,三亚德祥堂水南村大药房（个人独资）,91460000MA5U0YTY96,115
5165,三亚德祥堂浅海大药房（个人独资）,91460000MACX5YGP51,115
5166,三亚德祥堂栖悦大药房（个人独资）,91460000MACX1D0P49,115
5167,三亚德祥堂南繁大药房（个人独资）,91469006MACR2P221H,115
5168,三亚德祥堂科技城大药房,91460000MA5TWYMA1J,115
5169,三亚德祥堂春健大药房（个人独资）,91460106MABUREYE0F,115
5170,三亚德祥堂成信大药房（个人独资）,91460000MADLHUUPX0,115
5171,三亚德沃尔国际贸易有限公司,91460106MADE3CXA44,115
5172,三亚德文康凯智能科技有限公司,91460000MAEF5JAA0K,115
5173,三亚德旺源建筑用石加工有限公司,91460000MA5T9CF34D,115
5174,三亚德润尚达国际贸易有限公司,91460000MADKNQML75,116
5175,三亚德润农业投资合伙企业（有限合伙）,91460203MACULC4W05,116
5176,三亚德鹏进出口贸易有限责任公司,91460000MAETHLGR10,116
5177,三亚德满春电子商务有限公司,91460200MA5RE0DMXR,116
5178,三亚德厚广润国际贸易有限公司,91460108MADC5REJ7M,116
5179,三亚德厚成贸易有限公司,91460200324062435N,116
5180,三亚德航供销电子商务有限公司崖州分公司,91460200MA5TTTT04U,116
5181,三亚德厨随行商务信息咨询有限公司吉阳区分公司,91460000MACHA8G37B,116
5182,三亚德盛强投资有限公司,91460000MAEDJM5E4W,116
5183,三亚道一合投资合伙企业（有限合伙）,91460000MACL1FA24K,116
5184,三亚道舍企业管理咨询有限责任公司,91460000MAE7PY5A1P,116
5185,三亚道合智联科技有限公司,91460000MAD7A8HP6Y,116
5186,三亚道驰汽车服务有限公司,91469030MAA95Y5B54,116
5187,三亚稻芯农业科技有限公司,91460000MAEQ3QW23X,116
5188,三亚到了就吃餐饮管理有限公司,91460105MAD8AUT09W,116
5189,三亚岛予商贸有限公司,91469034MADNGF5X11,116
5190,三亚岛航汽车租赁有限公司,91460200MA5T2X9U69,116
5191,三亚导控科技有限公司,91460000MAEW241778,116
5192,三亚淡蓝石油化工有限公司,91460000MAA92P4G98,116
5193,三亚单手琴科技有限公司,91460000MA5TW3BF8H,116
5194,三亚单纯美科技有限公司,91460000MACE0WWH1N,116
5195,三亚丹青匠人教育咨询有限公司,91460105MAA99XCX92,116
5196,三亚黛博澜商贸有限公司,91460000MAE6XWXPXH,116
5197,三亚大洋先纳企业管理中心（有限合伙）,91460000MACG1K097X,116
5198,三亚大洋联禾企业管理中心（有限合伙）,91469035MACG1JEL15,116
5199,三亚大衍科技有限公司,91460000MA7HFHEL41,116
5200,三亚大小洞天发展有限公司,914602007088196870,116
5201,三亚大森建筑工程有限公司,914602005839410122,116
5202,三亚大器莲韵旅游发展有限公司,91460000MAD7LXJL4G,116
5203,三亚大墨艺术培训学校有限公司崖州分公司,91460000MAE2D5RD70,116
5204,三亚大墨艺术培训学校有限公司,91460000MADY7CKP45,116
5205,三亚大墨文旅传媒有限公司,91460000MADAK1C24H,116
5206,三亚大粒农业科技有限公司,91460000MA5TKAPM8Q,116
5207,三亚大赉实业有限公司,91460000MACFWUH07D,116
5208,三亚大吉珩农业有限公司,91460000MAK0GJ3X10,116
5209,三亚大海以南文化传媒有限公司,91460000MAC665DDXP,116
5210,三亚大富科技有限公司,91460105MAA98B1A5R,116
5211,三亚大飞顺科技有限公司,91460204MADCG2BB4E,116
5212,三亚大北农创种基因科技有限公司,91460000MAA990LR76,116
5213,三亚大白鲨财务服务有限公司,91460200MA5RELW591,116
5214,三亚达集建筑工程服务中心（个人独资）,91469002MA7M9Q528J,116
5215,三亚存喜柔商贸有限公司,91460000MA5TGT8W1H,116
5216,三亚翠之源商贸有限公司,91460000MACB3J9G5D,116
5217,三亚崔少年废品回收场,91460000MA5TL1J27C,116
5218,三亚茨克拉吉网络科技有限公司,91460200MA5RHN9G4N,116
5219,三亚慈康医疗科技有限公司,91460000MADF1QDE8P,117
5220,三亚淳丰房产营销策划有限公司,91460200MA5RGE241P,117
5221,三亚春源农业科技有限公司,91460105MAA99X2G6J,117
5222,三亚春钰和和商贸有限公司,91460000MADAK17P0E,117
5223,三亚春晓财务咨询有限公司,91460000MA5TW8YK9Q,117
5224,三亚创云科技有限公司,91460000MA5T902G5D,117
5225,三亚创跃工程有限公司,91460000MAE8PH0A49,117
5226,三亚创源贸易有限公司,91460000MA5TD8Q94Q,117
5227,三亚创源广告有限公司,91460200MA5T1CKWXP,117
5228,三亚创艺兴拓科技有限公司,91460000MAE5DCEY8G,117
5229,三亚创信深海开发有限公司,91460000MAE14P6F4N,117
5230,三亚创想未来网络科技有限公司,91460000MAECHAEE7F,117
5231,三亚创思鼎新科技有限公司,91469031MADNJLMY02,117
5232,三亚创锐鑫盛投资有限公司,91460000MAD7BQ8GX7,117
5233,三亚创能实业有限公司,91460200671095004G,117
5234,三亚创能科技有限公司,91460000MACW9M6C32,117
5235,三亚创南驰百货商行（个人独资）,91469006MADQ2J7J7G,117
5236,三亚创龙工程管理有限公司,91460000MAEUMLHK9R,117
5237,三亚创科润材国际贸易有限公司,91460000MAK2JNLN31,117
5238,三亚创科空间文化产业有限公司,91460200MA5T4WPL2D,117
5239,三亚创城建筑工程有限公司,91460000MABTMFDK0X,117
5240,三亚传启科技投资有限公司,91460000MAEB6EDW8G,117
5241,三亚川府鲜餐饮管理有限公司,91460200MA5RD3AC1N,117
5242,三亚川峰译网络科技有限公司,91460000MA5TGBKR86,117
5243,三亚川辰文化传媒有限公司,91460000MAE4FF9Y4A,117
5244,三亚处与实业有限公司,91460000MAC1EM8H6W,117
5245,三亚础箫建商务咨询有限公司,91460000MA5TEE7NX6,117
5246,三亚楚达快运有限公司,91460200MA5RHFLB8R,117
5247,三亚初见实业有限公司,91460000MA5TLB0M72,117
5248,三亚驰能新能源有限公司,91460000MAC94FRNXM,117
5249,三亚驰磊高商贸有限公司,91460000MACDC0K038,117
5250,三亚驰江房产服务咨询有限公司,91460204MADRBHGK7K,117
5251,三亚诚鑫物业有限公司,91460000MAE9U2BL1X,117
5252,三亚诚宁特种设备检测有限公司,91460108MAD2WE0U0J,117
5253,三亚诚家房产有限公司,91460000MAEWNY35XC,117
5254,三亚诚汇惠源物业服务有限公司,91460200MA5T1M8J4J,117
5255,三亚诚灿科技有限公司,91460000MA5TH1J41L,117
5256,三亚诚本商务服务有限公司,91469027MA5TX2NB4K,117
5257,三亚程泰实业有限公司,91460200MA5RCEAK1M,117
5258,三亚程康商贸有限公司,91460000MA5TN7AR1Y,117
5259,三亚程锦贸易有限公司,91460000MAETDKMJXM,117
5260,三亚程辉进出口贸易有限公司,91460000MACE0DN89P,117
5261,三亚程发农业有限公司,91460000MAEDTRG16Y,117
5262,三亚盛源文贸贸易有限公司,91460000MAE1UQBB8L,117
5263,三亚盛鑫水泥有限责任公司,91460000MACXR3UJ0J,117
5264,三亚盛泰洋航投资有限公司,91460000MADXRRM609,118
5265,三亚盛世时光旅行社有限公司,91460200082506813E,118
5266,三亚盛世京丰农业科技有限公司,91460000MAE85LBJXP,118
5267,三亚盛润家政服务有限公司,91460000MA5TLDWE0J,118
5268,三亚盛名电子商务有限公司,91460000MA5T7TFA7K,118
5269,三亚盛鹿进出口贸易有限公司,91460100MADTWGCP6X,118
5270,三亚盛骏新能源材料有限公司,91460000MAE8N7E54K,118
5271,三亚盛聚文化传媒有限公司,91460000MAED1W4E7F,118
5272,三亚盛景源置业有限公司,91460000MAECGWBC6K,118
5273,三亚盛锦泰投资有限公司,91460108MAD0TCB1XW,118
5274,三亚盛合启诚工程有限公司,91460000MA5TRLW00D,118
5275,三亚澄怀观道文化传媒有限公司,91460000MAC394BW3K,118
5276,三亚晟侦科技有限公司,91460000MAA9791M28,118
5277,三亚晟宇信息技术有限公司,91431000MA7DUYP154,118
5278,三亚晟鑫商贸有限公司,91460000MA5T9BYX8J,118
5279,三亚晟武再生资源回收有限公司,91460000MABPUHA540,118
5280,三亚晟然管理咨询有限公司,91460000MAD6QC2N10,118
5281,三亚晟蔓传媒有限公司,91460000MAK0RXCX7T,118
5282,三亚晟力电力设计有限公司,91460106MAA8Y53861,118
5283,三亚晟江建筑劳务有限公司,91460105MAA9AJ7L6B,118
5284,三亚晟尘家居有限公司,91460000MA5TYRRA51,118
5285,三亚承轴科技有限公司,91460000MAK2FLXA6B,118
5286,三亚承信咨询有限公司,91469031MADXLLP013,118
5287,三亚承光文化发展有限公司,91460000MAEC0W115G,118
5288,三亚承福建筑工程有限公司,91460000MAE1WL3Y23,118
5289,三亚成田生态农业有限公司,91460000MAE7AL1U2Q,118
5290,三亚成莱信息技术有限公司,91460000MAC3715R5F,118
5291,三亚城崖城市服务综合运营有限公司,91460000MAEQJPEA96,118
5292,三亚城投众辉新型建材有限公司,91460200MA5TGG4RXG,118
5293,三亚乘宗文网络科技有限公司,91460000MA5TGRAJ2E,118
5294,三亚丞誉广告设计院（个人独资）,91460000MACET99019,118
5295,三亚陈氏贸易有限公司,91460000MAC8EQNH9D,118
5296,三亚陈兵废品回收场,91460000MA5TL1K15T,118
5297,三亚辰稚鑫企业管理有限公司,91460000MAK1K4MQ78,118
5298,三亚辰智信息咨询服务有限公司,91460000MAEAB5072H,118
5299,三亚辰翊建筑装饰工程有限公司,91460000MAET0U2F6L,118
5300,三亚辰新仪器有限公司,91460000MAEK7QN30M,118
5301,三亚辰领风百货商行（个人独资）,91469006MADNHU2A06,118
5302,三亚辰坤信息技术有限公司,91460000MA5T99EL7W,118
5303,三亚晨煜汽车租赁有限公司,91460000MAA901RG91,118
5304,三亚晨有崇网络科技有限公司,91460000MA5TF64065,118
5305,三亚晨鹰装饰设计工程有限公司,91460200394137578P,118
5306,三亚晨熙装饰建筑工程有限公司,91460000MA5TJPP89L,118
5307,三亚晨硕创业投资合伙企业（有限合伙）,91469033MABNUDL27Q,118
5308,三亚晨朔科技有限公司,91460000MADMACTX2W,118
5309,三亚晨靓朗科技有限公司,91460000MAC1T2H79J,119
5310,三亚晨湖果园有限公司,91460000MAK0XWXE5D,119
5311,三亚晨海实业有限公司,91460000MAA8YA7U5G,119
5312,三亚宸札投资有限公司,91460108MADKP0N52Y,119
5313,三亚宸远科技发展有限公司,91460000MAE9QYDX8B,119
5314,三亚宸语星驰投资有限公司,91460000MAE773XT2L,119
5315,三亚宸语盛达商贸有限公司,91460000MAE756DL79,119
5316,三亚宸星商贸有限公司,91460000MAEXP97U3U,119
5317,三亚宸微广告策划有限公司,91460000MAE9K91N9L,119
5318,三亚宸檬商贸有限公司,91460000MAD9DMWN17,119
5319,三亚宸虹建筑材料有限公司,91460000MAEP10PA14,119
5320,三亚车侦探汽车贸易有限公司,91460200MA5T5JR03N,119
5321,三亚车厘子智能科技有限公司,91460000MAEHKEFY95,119
5322,三亚潮起数智科技经营部（个人独资）,91460000MAEEWDLE35,119
5323,三亚潮起东方科技有限公司,91460000MAE94EUW3U,119
5324,三亚潮栖网络科技有限公司,91460000MAETTFBF0P,119
5325,三亚潮盛渔业贸易有限责任公司,91460000MA5THB1873,119
5326,三亚超级感知信息技术中心（有限合伙）,91130702MA0FLNKPXQ,119
5327,三亚超极星商贸有限责任公司,91460000MAED5E9E13,119
5328,三亚超豆咨询合伙企业（有限合伙）,91460000MAG24N862A,119
5329,三亚绰誊棱商务咨询有限公司,91460000MA5TEF165G,119
5330,三亚畅台兴科技有限公司,91460000MAEUW0HR33,119
5331,三亚畅联商贸有限公司,91460000MAC0C9076C,119
5332,三亚畅晟达咨询服务有限公司,91460000MAD6BU1P9U,119
5333,三亚常烟网络科技有限公司,91460000MAA9336M6N,119
5334,三亚常相象餐饮管理有限公司,91460200MA5REW2X7R,119
5335,三亚常虹稳拓投资有限公司,91460000MAEMBMM53R,119
5336,三亚昌源达贸易有限公司,91460000MAE99AMY5U,119
5337,三亚昌妙淼科技有限公司,91460000MAC2NT793A,119
5338,三亚昌茂科技发展有限责任公司,91460108MA5U1U2P8E,119
5339,三亚昌茂加油站管理服务有限责任公司,91460200MA5T7LRW1B,119
5340,三亚昌方劳务有限公司,91460000MACM5P178D,119
5341,三亚昌常勋科技有限公司,91460000MAC2RP2L0H,119
5342,三亚蝉盈网络科技有限公司,91460000MAEL7GYR0J,119
5343,三亚茶朋商务信息咨询有限公司,91460108MAD0HQH961,119
5344,三亚曾晓萍再生资源回收有限公司,91460000MA5TFGU767,119
5345,三亚苍樾贸易有限公司,91460000MAE2LERB9B,119
5346,三亚沧鹿太赫兹技术有限公司,91460000MA5U2L1243,119
5347,三亚灿荣劳务服务有限公司,91460106MAA9709K2E,119
5348,三亚灿达劳务服务有限公司,91460106MAA9A9FY6G,119
5349,三亚蔡秀英学生托管中心（个人独资）,91469034MAA92RCX4R,119
5350,三亚材源智汇知识产权有限公司,91460000MAEW683B5D,119
5351,三亚才英博报刊零售有限公司,91460000MA5TH1PR8C,119
5352,三亚才德教育管理有限公司,91460000MADDHLCP3M,119
5353,三亚布篮子商贸有限公司,91460000MAE2RQT4XN,119
5354,三亚柏于超报刊零售有限公司,91460000MA5TGT3409,120
5355,三亚柏肯信息技术有限公司,91460000MAC43WXU14,120
5356,三亚博跃建筑工程有限公司,91460000MA7JBRJ017,120
5357,三亚博源管理咨询有限公司,91460000MADYPQL297,120
5358,三亚博杨科技有限公司,91460000MAE76DJ67H,120
5359,三亚博崖文化旅游开发有限公司,91460200324149063J,120
5360,三亚博学通途留学咨询有限责任公司,91460106MADML1657U,120
5361,三亚博欣工程咨询有限公司,91460000MAEJL7RK9A,120
5362,三亚博涛创意文化科技有限公司,91460000MADYUN3D30,120
5363,三亚博视科技有限公司,91460000MA5THCTQ5J,120
5364,三亚博睿教育有限公司,91469005MA5TM0AY4T,120
5365,三亚博瑞源科技有限公司,91460000MAA901KH2A,120
5366,三亚博瑞桥国际教育咨询有限公司,91460000MAG287PG06,120
5367,三亚博秦汽车租赁服务管理有限公司,91460000MAC6MMC78J,120
5368,三亚博兰润发园林绿化工程有限公司,91460000MA5TB3RR38,120
5369,三亚博兰荣幸园林绿化工程有限公司,91460000MA5TLWFXXE,120
5370,三亚博康源服务有限公司,91460000MACQBW7A6N,120
5371,三亚博华弥网络科技有限公司,91460000MA5TDYRLX6,120
5372,三亚博瀚翻译服务有限公司,91460000MA5TH6TG75,120
5373,三亚博涵德报刊零售有限公司,91460000MA5TH1Q70N,120
5374,三亚博凡生态环境科技有限公司,91460000MAEG3TXX26,120
5375,三亚博恩海泰科技有限公司,91460200MA5RF7KP3P,120
5376,三亚博城信息咨询有限公司,91460000MAEQD7C298,120
5377,三亚博卜楠网络科技有限公司,91460000MA5TDW0B0N,120
5378,三亚勃颖柔商务咨询有限公司,91460000MA5TGD9X2D,120
5379,三亚伯苓乾景教育咨询有限公司,91460000MAE3B99M7D,120
5380,三亚玻鸣景商务咨询有限公司,91460000MA5TEETB10,120
5381,三亚波赛冬海洋科技有限公司,91460000MADD917P32,120
5382,三亚波俪国际贸易有限公司,91460100MADCK3Y72F,120
5383,三亚炳余文化传媒有限公司,91460000MA5TRFDU9U,120
5384,三亚炳峦科技有限公司,91460000MADJUNKH0N,120
5385,三亚丙喜奇网络科技有限公司,91460000MA5TF040X1,120
5386,三亚滨梓泽服装有限公司,91460000MA5TGT7M3T,120
5387,三亚滨燕贸易有限公司,91460000MAEJXDNK5X,120
5388,三亚滨福源生态农业有限公司,91460200397427853R,120
5389,三亚滨诚生物科技有限公司,91460000MAD9LQ8W7A,120
5390,三亚槟果众鑫农业有限公司,91460108MADQLJEU59,120
5391,三亚斌颖医疗有限公司,91460000MACHY1GG5T,120
5392,三亚斌颖食品科技有限公司,91460000MABWLMQP09,120
5393,三亚斌惜檀商务咨询有限公司,91460000MA5TEF448Q,120
5394,三亚斌彤谦报刊零售有限公司,91460000MA5TGUYR9B,120
5395,三亚斌利实业有限公司,91460106MACQEDBA64,120
5396,三亚彬志彭网络科技有限公司,91460000MA5TF6449J,120
5397,三亚彬从程网络科技有限公司,91460000MA5TF63U58,120
5398,三亚宾白实报刊零售有限公司,91460000MA5TH1Q2XB,120
5399,三亚闭合比翼网络科技有限公司,91460200MA5RHN0Y42,121
5400,三亚比巴卜网络科技有限公司,91460000MAG12FH58A,121
5401,三亚本佳实业有限公司,91460200MA5RDCQMX7,121
5402,三亚犇牛广告传媒有限公司,91460108MADMHAPF2X,121
5403,三亚贝美斯投资有限公司,91460000MACBHN8B5U,121
5404,三亚贝果佳贸易有限公司,91460000MAE6FDAL00,121
5405,三亚贝贝牛网络科技有限公司,91469006MADP05F29K,121
5406,三亚北深合拓科技有限公司,91460000MADYWJ6KXJ,121
5407,三亚北克家政有限公司,91460000MACKFQRE66,121
5408,三亚北科舒欣环保科技有限公司,91460000MA5U1M5D7X,121
5409,三亚北大科技园实业开发有限公司,91460200082548626T,121
5410,三亚抱鼓土砂石开采有限公司,91460200MA5T3J3N8G,121
5411,三亚宝悦君亭商务咨询中心（个人独资）,91460000MAD9FF722J,121
5412,三亚宝讯科技有限公司,91460200MAC6PLUX94,121
5413,三亚宝南春贸易发展有限责任公司崖城分公司,91460200MA5RC1DK55,121
5414,三亚宝莱嗨旅业有限公司,91460200MA5RJMU99M,121
5415,三亚宝嘉乐商务咨询有限公司,91460200MA5T6310XA,121
5416,三亚保华房地产开发有限公司,91460200MA5RE7J662,121
5417,三亚保晟实业发展有限公司,91460100MAD1GUUE6U,121
5418,三亚薄股拓商贸有限公司,91460000MACBUFB97U,121
5419,三亚板角科技有限公司,91512000MADQTUJQ8P,121
5420,三亚班鑫德商贸有限公司,91460000MACF0TFW95,121
5421,三亚百讯世大数据科技有限公司,9113102334758755XU,121
5422,三亚百泰物业服务有限公司,91460000MACGP8QW9T,121
5423,三亚百泰实业投资有限公司,9146020079874370XD,121
5424,三亚百泰生物科技有限公司,9146020055277483XG,121
5425,三亚百圣露产业投资合伙企业（有限合伙）,91469025MADM1G851Q,121
5426,三亚百瑞天成投资有限公司,91460000MA5TX5W692,121
5427,三亚百麦生物科技有限公司,91460000MAE9N68Q6N,121
5428,三亚百口鲜商贸有限公司,91460000MA5TG8H77F,121
5429,三亚百颗生命科学有限公司,91460000MACK460Y38,121
5430,三亚百康生物科技有限公司,91460000MADCKCCQ2N,121
5431,三亚百福达贸易有限责任公司,91460000MAE4E3529P,121
5432,三亚百彩文化发展有限公司,91460000MA5U2A0522,121
5433,三亚白顺洗浴和保健养生服务有限公司,91460000MAEH012U97,121
5434,三亚白兰生物科技有限公司,91460000MAC5TR996E,121
5435,三亚芭禧农业科技发展有限公司,91460106MADN28P54W,121
5436,三亚八亩马术文体发展有限公司,91460108MA5U2QMM51,121
5437,三亚八方报废汽车拆解有限公司,91460000MA5TYH303R,121
5438,三亚八八物流有限公司,91460000MAEERFA4XR,121
5439,三亚奥若拉科技有限责任公司,91460000MAENQRR006,121
5440,三亚奥南文化创意工作室（个人独资）,91310230MA1K16L61W,121
5441,三亚奥美百世投资中心（有限合伙）,91460205MA5RDCGH5K,121
5442,三亚奥佳商贸有限公司,91460200MA5T1BUM9Q,121
5443,三亚傲睿嘉商贸有限公司,91460000MACEKHK04Y,121
5444,三亚鳌达昵农旅有限公司,91460000MAA947QBXE,122
5445,三亚翱寻汽车销售有限公司,91460000MAEEU53H0W,122
5446,三亚熬夜文化传媒有限公司,91460000MABWKTG81U,122
5447,三亚凹畅达汽车服务有限公司崖州二分公司,91469025MABTYQ2G33,122
5448,三亚凹畅达汽车服务有限公司崖州第九分公司,91460000MABR2QPH13,122
5449,三亚凹畅达汽车服务有限公司崖州第八分公司,91460000MABTJ6HW3Y,122
5450,三亚凹畅达汽车服务有限公司崖城分公司,91460000MABT1KWW9A,122
5451,三亚昂首实业有限公司,914602005679522727,122
5452,三亚岸广立真科技有限公司,91460200MA5RHWCY5L,122
5453,三亚氨碳嘉氧技术咨询有限公司,91460000MAK2UPWN9X,122
5454,三亚安盈贸易有限公司,91460000MAE7HJKR1H,122
5455,三亚安阳丽舍房地产咨询服务有限公司,91460200MA5RE12029,122
5456,三亚安讯科技有限公司,914602006811881085,122
5457,三亚安速商业运营有限公司,91460200MA5RHFCD7B,122
5458,三亚安胜堂药店,91460000MA5THCGF27,122
5459,三亚安诺优达科技有限公司,91460000MAD4JANR2M,122
5460,三亚安能众帮物流有限公司,91460200MA5RCLQH84,122
5461,三亚安纳塔拉咨询有限公司,914602000510515968,122
5462,三亚安纳塔拉置业有限公司,914602000510804346,122
5463,三亚安娜投资有限公司,91460000MADFXY648R,122
5464,三亚安灵药行,91460000MA5TH04G1A,122
5465,三亚安乐欧进出口有限公司,91460000MAE58Q9H8N,122
5466,三亚安康进出口贸易有限公司,91460106MADWJ9B67M,122
5467,三亚安捷众创物流有限公司,91460000MAG0DH206T,122
5468,三亚安格瑞农业发展有限公司,91460200MA5T47H524,122
5469,三亚安第斯商贸有限公司,91460000MACW1Y1G3W,122
5470,三亚安城机械设备经营租赁有限公司,91460000MACDXYLC5W,122
5471,三亚安畅科技有限公司,91460000MAEBX37G6E,122
5472,三亚安安房房地产经纪有限公司,91460000MACRCL2X9P,122
5473,三亚艾逖咨询管理有限公司,91460000MAD2TNUL6Q,122
5474,三亚艾瑞尔文化传媒有限公司,914602003979812486,122
5475,三亚艾米文化艺术培训有限公司,91460000MA5TX0336K,122
5476,三亚艾澜达科技有限公司,91460000MAE2FLRH4N,122
5477,三亚艾达实业有限公司,91460000MA5TP1JX20,122
5478,三亚爱之粽企业管理合伙企业（有限合伙）,91460000MAE9FPPE40,122
5479,三亚爱之辉投资控股有限责任公司,91460000MACCA6D382,122
5480,三亚爱玥投资有限公司,91460000MAA936PU0G,122
5481,三亚爱心中利置业投资有限公司,914602000696787414,122
5482,三亚爱我房房地产经纪有限公司,91469030MAC0G3HW4X,122
5483,三亚爱琴通讯有限公司,91460000MA5TA4W28G,122
5484,三亚爱农堂科技有限公司,91460000MAC6WFMC8M,122
5485,三亚爱美旺贸易有限公司,91460000MAEY1U0789,122
5486,三亚爱家赢房地产服务有限公司,91460200MA5RGDN18L,122
5487,三亚爱国冷藏保鲜有限公司,914602005949416671,122
5488,三亚爱多乐投资合伙企业（普通合伙）,91469034MACFKGC87U,122
5489,三亚埃华管理咨询有限公司,91460108MAA9AK6W24,123
5490,三亚阿斯佳餐饮管理有限公司,91460000MA5TM0AE06,123
5491,三亚阿蒂娜投资合伙企业（有限合伙）,91460106MAA99D7J82,123
5492,三亚阿黛尔甄选酒店有限公司,91460000MAE41WKN4C,123
5493,三丫拾光（海南）科技有限公司,91460106MA5U2HTC3E,123
5494,三峡（三亚）羊林抽水蓄能绿色开发有限公司,91460000MAA98AAJ3A,123
5495,三峡（三亚）梅东新能源发电有限公司,91460000MA7H6FXRXL,123
5496,三峡（海南）水利电力投资开发有限公司,91460000MAA97PMMXJ,123
5497,三十亩地（海南）农业发展有限公司,91460100MA5TWF542D,123
5498,三瑞堂（三亚）国际旅行社有限公司,91460108MACG7DX668,123
5499,三荔石油（海南）有限公司,91460000MAD1KKTY85,123
5500,三得利（海南）贸易股份有限公司,91460000MA5U0Y997R,123
5501,三盛万物（海南）企业投资咨询服务有限公司,91460204MACHKTER23,123
5502,三北投资（海南）有限公司,91460000MAE9X81GXJ,123
5503,三艾医生集团（海南）有限公司,91460108MAA95YWA9W,123
5504,赛信（海南）生物科技有限公司,91460000MA7FLLUN44,123
5505,赛维斯（海南）生物科技有限公司,91460000MA7GNBM505,123
5506,赛威石（海南）科技有限公司,91460000MA7K0BYX4T,123
5507,赛特罗拉（海南）生物科技有限公司,91460000MABR5XA619,123
5508,赛尔祎（三亚）生物科技有限公司,91460000MAG0XQ6Q8Y,123
5509,若芷实业投资（海南）有限公司,91460000MAEXFBL405,123
5510,润至银达（海南）国际贸易有限责任公司,91460108MADC02MP13,123
5511,润泽睿达（海南）工业科技有限公司,91460000MAC7BNEY5Q,123
5512,润研奕襄（海南）投资有限责任公司,91460106MAD7EK2A2A,123
5513,润研奕美（海南）投资有限责任公司,91469027MAD6JX536W,123
5514,润田（海南）生物科技发展有限公司,91460000MA5TN9Y681,123
5515,润特斯国际贸易（海南）有限公司,91460106MAD9C5JT6J,123
5516,润涛贸易（海南）有限公司,91460000MACK7Y0LX3,123
5517,润圣堂国际中医药科技有限公司,91220701MA150RAP5N,123
5518,润品（海南）农业科技有限公司,91460000MAE255UJ10,123
5519,润国和裕（海南）投资有限公司,91460000MADDE7YG5M,123
5520,润国和裕（海南）供应链管理有限公司,91460000MADDTN3E7R,123
5521,润都科技（海南）有限公司,91460000MAERU2NQ56,123
5522,润都盛和投资（海南）有限公司,91460000MAERGB7H8Y,123
5523,锐劲（海南）智能科技实业有限公司,91460000MA5TX0CJ40,123
5524,锐本（海南）投资有限公司,91460200MA5TU9QD2L,123
5525,芮丰（海南）国际商贸有限公司,91460106MAD2D0RR6T,123
5526,睿之铭（海南）智能科技有限公司,91460000MAC56DQB77,123
5527,睿泽绿色包装技术（海南）有限公司,91460000MAA8Y2FU41,123
5528,睿溪林（三亚）科技有限公司,91460000MAE5HGNXXR,123
5529,睿控云图（海南）科技有限公司,91460107MACUW5JPX9,123
5530,睿变无限（海南）企业管理有限公司,91460108MADNBFFJ3Y,123
5531,瑞智科技控股（三亚）有限公司,91460000MAE1J8RN99,123
5532,瑞阳液压设备（海南）有限公司,91460107MACGTNGG7H,123
5533,瑞拓（海南）科技新材料有限公司,91460000MACENM4E7M,123
5534,瑞派尔供应链（海南）有限公司,91460000MAEJCWQU34,124
5535,瑞派尔干细胞（海南）有限公司,91460000MAE9A0WP3M,124
5536,瑞里科技（海南）有限公司,91460108MACGAAJJ18,124
5537,瑞克斯（海南）国际贸易有限公司,91460108MA7KHHJG9G,124
5538,瑞杰建筑科技（海南）有限公司,91469027MA5TXNTR0W,124
5539,瑞霁（海南）投资有限公司,91460000MAE06MYA35,124
5540,瑞宏（海南）科技发展有限公司,91460106MA5TY4BJ4T,124
5541,软恒（三亚）投资有限公司,91460100MADG22MD8L,124
5542,如是装饰工程（海南）有限公司,91460000MACD4X782W,124
5543,镕诺（海南）商务服务有限公司,91460000MA7KTN770X,124
5544,融智汇（三亚）海洋生物科技股份有限公司,91460000MAC3CDAJ1M,124
5545,融湾出海（海南）产业孵化器有限公司,91460000MAE66GFH95,124
5546,融泰投资控股（海南）合伙企业（有限合伙）,91460000MA7JW7828P,124
5547,融士康科技（海南）有限公司,91460000MAERRDG87R,124
5548,融润（海南）物产科技有限公司,91460000MAC4A8DQ45,124
5549,融缪实业（海南省）有限公司,91460000MA5TMMK935,124
5550,融京（海南）科技有限公司,91460000MAD3LEQX1U,124
5551,融锦瀛晏（海南）投资有限公司,91460000MAEAECH41M,124
5552,融慧通（海南）国际投资咨询有限公司,91460106MAA9ACN072,124
5553,融电企充（海南）科技有限公司,91460000MAK0EYQ161,124
5554,融道（海南）股权投资基金管理有限公司,91460000MA5TAALM82,124
5555,融晟祥（海南）医疗科技有限公司,91460000MAE7UUKNXK,124
5556,荣毅（三亚）企业管理有限公司,91460000MAA92TNW1P,124
5557,荣扬燕联（三亚）投资有限公司,91460000MAEXALNC9Y,124
5558,荣新（海南省）电子科技有限公司,91469006MADPXC3Q86,124
5559,荣平生物技术（海南）有限公司,91460000MAD4FD6183,124
5560,荣程启耀（海南）生态农业开发有限公司,91460100MA5TUM604Q,124
5561,戎卫（海南）国际知识产权有限责任公司,91460000MAEXBA448W,124
5562,嵘泰全石油化工（海南）有限公司,91460000MA5TXXGJXM,124
5563,容与和（海南）科技有限公司,91460108MADK93D76K,124
5564,日照天晨建设有限公司三亚分公司,91460000MAG092B35J,124
5565,日照华耀建设工程有限公司三亚分公司,91460000MAK1PQBP6T,124
5566,壬振浩（海南）投资合伙企业（普通合伙）,91469033MAA8YKK343,124
5567,仁石枫洲投资（海南）有限公司,91460000MAA94KJE5U,124
5568,仁鸟能源科技（三亚）有限责任公司,91460000MAE9T4YW8E,124
5569,人人健康（海南）生物科技有限公司,91460200MA5TWYA970,124
5570,让爱蔓延（海南）文化传媒有限责任公司,91460000MABNR9TW6W,124
5571,权璟未来体育文化发展（海南）有限公司,91460000MA5TW2PR26,124
5572,全占国际供应链（三亚）有限公司,91460000MAG17MGFX2,124
5573,全域全维防务技术（海南）有限公司,91460108MADB3RWQ79,124
5574,全豆联（海南）投资有限公司,91460000MAK1FPC519,124
5575,趣比星（海南）投资控股有限公司,91460000MAK2KA8K64,124
5576,琼粤国际产业发展（海南）股份有限公司,91460000MACD3E4M0Y,124
5577,琼崖（三亚）崖发超市分公司,91460108MAC24NJY42,124
5578,琼崖（三亚）现代农业科技有限公司,91469025MAC32BYA0N,124
5579,琼崖（三亚）生态发展有限公司,91460108MAC2EUB09C,125
5580,琼南之星（海南）孵化基地投资运营有限公司,91460100MA5TH1D94U,125
5581,琼鸿房地产投资（海南）有限公司,91460200MA5T59C948,125
5582,琼东国际科技（三亚）有限公司,91460000MAK169QR8W,125
5583,琼鼎山海错（海南经济特区）投资有限公司,91460000MACH6EEL6T,125
5584,青云端（海南）环保科技有限公司,91460000MABQ6HBJ56,125
5585,青鸟国际传媒有限公司,91131123MA0DBDP2XQ,125
5586,青旅泛华旅游咨询（海南）有限公司,91460108MACGCA4368,125
5587,青禾嘉品（海南）餐饮管理服务有限责任公司,91460000MAK1CWQN0Q,125
5588,青岛智慧蓝色海洋工程研究院有限公司海南分公司,91460000MAE8TDGH4M,125
5589,青岛正海航务工程有限公司海南分公司,91460000MAK108858P,125
5590,青岛飞鹰达机电设备有限公司海南分公司,91460000MAE9LAEK5X,125
5591,轻突华创科技（三亚）有限公司,91460000MA5U1L8823,125
5592,清之源（海南）环保科技有限公司,91460000MAK2MNB75U,125
5593,沁山悦海（三亚）体育科技有限公司,91460000MAEP90G06F,125
5594,勤盈投资（海南）有限公司,91460106MA5TXQBM3K,125
5595,勤勉咨询顾问（三亚）有限公司,91440112MA9YCRMN1B,125
5596,桥守科技（三亚）有限公司,91460000MACAXA6K7J,125
5597,乔秉商贸（海南省）有限公司,91460000MA5TMD7X2Q,125
5598,黔西南州恒胜人力资源有限责任公司海南分公司,91460107MADQ344L9E,125
5599,黔闽顺能源（海南）有限公司,91460000MA5TWWY00R,125
5600,前途（海南）科技有限公司,91460000MA5TU3RH52,125
5601,乾祥玉丰（海南）农业科技有限公司,91460000MAEKFXY09X,125
5602,乾泰控股（海南）有限责任公司,91460000MA5TPT5A14,125
5603,乾黔科技（海南）有限公司,91520900MA6H4QK11C,125
5604,谦沅（三亚）投资有限公司,91460107MAD9KQNR66,125
5605,芊芊源（海南）科技环保服务有限公司,91460000MAD9H1G220,125
5606,千尧（三亚）新能源科技有限公司,91460000MAE424RC8T,125
5607,千心智能科技（三亚）有限公司,91460000MAA92Y234J,125
5608,千问植物新品种科技发展（三亚）有限公司,91460000MA5TGA0Y5Y,125
5609,千海明珠（海南经济特区）进出口贸易有限公司,91460000MAEA17KR47,125
5610,仟诺（海南）投资有限公司,91460000MAE989HX7B,125
5611,启翔低空飞行服务保障（海南）有限公司,91460000MAEL11JF3J,125
5612,企永信（三亚崖州）财务咨询有限公司,91460107MADLNF5T56,125
5613,企发发（海南）科技有限公司,91460000MA5TQK9L80,125
5614,企创（海南）人力资源有限公司,91469030MA5TUCQC2W,125
5615,齐禾生科（三亚）生物科技有限公司,91460000MADXUBK28W,125
5616,祺普科技（三亚）有限公司,91460000MA5TXLQ648,125
5617,奇育季（海南）教育科技有限公司,91460000MAE7KRNY69,125
5618,奇香天下生物科技（海南）有限公司,91460108MADG8P3R7H,125
5619,奇海（海南）供应链科技有限公司,91460000MA5TJK8K5H,125
5620,奇果传媒（海南经济特区）集团有限公司,91469036MA7GP00P5W,125
5621,栖木科技（三亚）合伙企业（有限合伙）,91460000MAENJMPL8W,125
5622,普誉（海南）信息技术有限公司,91460000MABT496Y65,125
5623,普洛斯（三亚）能源有限公司,91460000MA5U2T0M39,125
5624,普轮能源（海南）有限公司,91460000MAA936DP3W,126
5625,普来（北京）建筑工程有限公司海南分公司,91460108MADB5PMU13,126
5626,普必康（海南）贸易有限公司,91460000MA5U14K743,126
5627,蒲钒机械设备（海南省）有限公司,91460000MA5TK9XH56,126
5628,菩荏兰德（海南）健康产业有限责任公司,91460000MA5TW8QC2R,126
5629,璞谷丰达（海南）投资有限公司,91460000MAE7M5W814,126
5630,坡美科技（海南）有限公司,91460000MACM9Y5W4Y,126
5631,平飞科技（海南）有限公司,91410105750706969C,126
5632,品六阁科技研究（三亚）有限公司,91460000MACQ0XN25J,126
5633,品华国际贸易（海南）有限公司,91460106MA5TWRTH47,126
5634,鹏勃石化（海南）有限公司,91460000MA5U1D2N56,126
5635,磐索海洋科技（三亚）有限公司,913710003491668124,126
5636,潘大喜（海南）品牌管理有限公司,91460107MADXJPT82K,126
5637,湃迅国际贸易（海南）有限公司,91460108MAA9AF9Y4G,126
5638,派路博新材料科技（海南）有限公司,91370700MA3MGDM48J,126
5639,派迪管理咨询（海南）有限公司,91460000MAA90W5P7K,126
5640,欧亿（海南）工程建筑有限公司,91460000MAEUXFBC9A,126
5641,欧业旅游（三亚）有限公司,91460000MAK1P9590B,126
5642,欧美瑞国际贸易（海南）有限公司,91460000MACEGGE448,126
5643,欧陆星尘（三亚）进出口有限公司,91460000MAEWE49811,126
5644,欧陆桥体育文化（海南）有限公司,91460000MAA98LMY2A,126
5645,欧利仁（海南）投资发展有限公司,91460200MADL7FU18E,126
5646,欧工（海南）科技有限公司,91460000MAEK9DWF17,126
5647,欧波同科技（三亚）有限公司,91460000MAD8BB4H2J,126
5648,诺亚星野（海南）生物科技有限公司,91460000MAC9KAXR42,126
5649,诺同农业科技（海南）有限公司,91460000MACPEF7X3P,126
5650,诺睿（海南）科技有限公司,91460107MACY6M897Y,126
5651,诺康（海南）投资有限公司,91460000MAEGK3W08T,126
5652,诺德辉行（海南）投资有限公司,91460000MACYGUEM8Y,126
5653,暖云投资（海南）有限公司,91460000MADCCW418H,126
5654,暖云生物科技（海南）有限公司,91460200MADNAN80XH,126
5655,农海飞投资（三亚）有限公司,91460000MAE4484K9A,126
5656,农本（三亚）产业加速器有限公司,91460105MAA99WCJ1N,126
5657,牛世界（三亚）健康食品有限公司,91460108MAA99X176Y,126
5658,牛人生活食品（三亚）有限公司,91460000MA7FU70X6G,126
5659,泞帛（海南）国际贸易有限公司,91420100MA4K47WG8J,126
5660,柠檬科技（海南）有限公司,91460108MAA8YPXR78,126
5661,宁玥国际投资（海南）有限公司,91460200MADQ41W889,126
5662,宁夏六六新能源旅游汽车有限公司三亚分公司,91460200MA5T2LLN25,126
5663,宁波恒英信息科技服务有限公司三亚崖州湾分公司,91460000MAE20DF3X6,126
5664,逆光（海南）文化演艺有限公司,91460000MA5TPK5L7E,126
5665,逆飞客网络科技（海南）有限公司,91460000MA5TPQEH8M,126
5666,逆飞客（海南）贸易有限公司,91460000MA5TPQEF1X,126
5667,霓好未来（三亚）文化科技有限责任公司,91469027MADJQL0U29,126
5668,泥巴（三亚）投资有限公司,91460108MACXFUL73H,126
5669,能量仓（海南）科技投资有限公司,91460000MAEQBBNY0F,127
5670,内蒙古瑞辰建筑工程有限公司海南分公司,91460107MACD003BXN,127
5671,内蒙古方睿建筑工程有限责任公司海南分公司,91460000MAE6T9RB2A,127
5672,南洋（三亚）商贸中心（个人独资）,91460000MA5U0YF603,127
5673,南熙云天（海南）农业科技有限公司,91469033MADW03U840,127
5674,南美联银（海南）科技合伙企业（有限合伙）,91460000MAG1P68513,127
5675,南京数维测绘有限公司海南分公司,91460105MADPJWXF73,127
5676,南京安吉特矿山工程有限公司三亚分公司,91460200MA5U180J60,127
5677,南海九运信息技术（海南）有限公司,91460000MA7KD1T65U,127
5678,南海花仙电影投资发展（海南）有限公司,91460000MAD8E03T0P,127
5679,南海创科（海南）海洋科技有限公司,91460000MAE3WYJM3F,127
5680,南繁生物科技（三亚）有限公司,91460000MAEHP5MP28,127
5681,南繁农科院（海南）农业科技有限公司,91460000MAEK2PNT3Q,127
5682,南繁潞党参农业科技（三亚）有限公司,91460000MADBER1K0H,127
5683,南繁科技城有限公司,91460200MA5T6FBA83,127
5684,南繁华药种业科技（三亚）有限公司,91460106MAD9J1EX4A,127
5685,南凡农业科学研发中心（三亚）有限公司,91460108MAD79P8H4W,127
5686,南岛晟天国际投资集团（海南）有限公司,91460000MAA923DC34,127
5687,南晟合信（海南）投资有限公司,91460000MAEUKQH321,127
5688,南昌学贝科技有限公司三亚分公司,91460204MADWJK6P0M,127
5689,奈特新（海南）科技有限公司,91460200MA5TMT0L33,127
5690,纳远明志（海南）创业投资有限公司,91460000MAA95B6L0C,127
5691,纳禾（海南）生态科技有限公司,91460000MAG1MLRD2L,127
5692,穆悟理（海南省）科技有限公司,91460108MADP85BJ6L,127
5693,目楼（海南）投资有限公司,91460200MADM3W6TXK,127
5694,牧禾种子科技有限公司,91460204MAC8YT8605,127
5695,木源生物科技（海南）有限公司,91460000MAD7HFDG4K,127
5696,木金凝（海南）集团投资有限公司,91460000MA7L6RAB9C,127
5697,木或与集（海南）品牌管理有限公司,91460000MADAHCQW2A,127
5698,木瓜（海南）企业管理咨询有限公司,91460000MAA97W0T6D,127
5699,慕海科技（海南）有限公司,91460000MA5TT0AD0U,127
5700,慕恩（三亚）生物科技有限公司,91460000MAELBUG800,127
5701,末而（三亚）专业设计服务有限公司,91460000MADPEXBG03,127
5702,墨度建筑设计（三亚）有限公司,91460000MAEQKBNG25,127
5703,魔立未来（海南）控股集团有限公司,91460000MA5U07D21G,127
5704,鸣韵恒商贸（海南省）有限公司,91460000MA5TJLJ20G,127
5705,鸣京（三亚）文化有限责任公司,91460000MAC0Y0W75J,127
5706,铭阳教育培训（海南）有限责任公司,91469006MADPBW5X2C,127
5707,铭祥（海南）科技有限公司,91460108MAD8BWC95L,127
5708,铭川企业咨询管理（海南）有限公司,91460000MAC6NUJ96K,127
5709,铭川企业印章服务（三亚）有限公司,91460200MADPY71JXD,127
5710,明耀智农科技（海南）有限公司,91460000MA5TPPEU13,127
5711,明阳国际贸易（海南）有限公司,91460000MAC3UA2Y39,127
5712,明图（海南）能源科技有限公司,91460000MAA9152649,127
5713,明润未来（海南）科技发展有限公司,91460106MADCQLMM0W,127
5714,明朗医疗科技（海南）有限公司,91460105MADNH47J5B,128
5715,明白四达（海南经济特区）科技有限公司,91469027MA5TLGPW11,128
5716,明安天胶（海南）农业投资集团有限公司,91460106MAA96BND9F,128
5717,名影当然（海南）文化传媒有限公司,91460108MADK9UE339,128
5718,闽储石油化工（海南）有限公司,91460000MA5TUP6G3F,128
5719,民殷国富实业（海南经济特区）有限公司,91460106MA5TWCPT6P,128
5720,缪乔（海南省）实业有限公司,91460000MA5TMD948W,128
5721,妙笔远行（三亚）投资合伙企业（有限合伙）,91469033MACGYP6PX9,128
5722,妙安善学（海南经济特区）技术有限公司,91610138MA71406U6P,128
5723,喵鱼传媒（海南）有限公司,91460204MACHUDGEXN,128
5724,面朝大海（海南）影业有限公司,91460000MA5U1JEXX0,128
5725,觅罗宝（三亚）智能科技有限公司,91460000MACBKN4B6P,128
5726,觅果农业科技（三亚）有限公司,91460000MABPYB89X2,128
5727,蜜韵食品科技（海南）有限责任公司,91460000MAE89AD174,128
5728,蜜蔻麦斯（三亚）生物科技有限公司,91460000MAEKC1HK0A,128
5729,幂次人工智能科技（海南）有限公司,91460000MABWNRT42K,128
5730,米西斐（三亚）文化艺术有限公司,91460000MAEDN58478,128
5731,米泰（海南）国际能源有限公司,91460106MA5U0AD2XQ,128
5732,米可维（海南）大数据科技有限公司,91460000MACW8ETT1H,128
5733,米巨（海南）科技有限公司,91460000MA5TU29C71,128
5734,米海（海南）供应链科技有限公司,91460000MA5TQWNAXH,128
5735,梦之芹（海南）生态科技有限公司,91460000MAA9531J04,128
5736,梦享岛（海南）产业发展有限公司,91460106MAC70E206M,128
5737,蒙图国际投资（海南）有限公司,91460000MAG12HC6XE,128
5738,蒙东国际能源发展（海南）有限公司,91460108MA5TW3HN1X,128
5739,蒙蒂（海南）文化传媒科技有限公司,91460000MACK2H0202,128
5740,蒙创生科（三亚）生物科技有限公司,91460000MAEC25QU9K,128
5741,萌涯知识产权（三亚崖州）有限公司,91460000MAE7QDB22H,128
5742,萌趣王国（海南）文旅科技有限公司,91460108MADG2QM66R,128
5743,萌伴友（三亚）科技有限公司,91460000MAK1PQMB1P,128
5744,萌伴友（三亚）科技创新合伙企业（有限合伙）,91460000MAK1FTB05G,128
5745,魅力海岛（海南）旅行社有限公司,91460105MAA9AK0G3D,128
5746,美物优选国际供应链（三亚）有限公司,91460000MAK1LHL25B,128
5747,美实（三亚市）商贸有限责任公司,91460000MAEJ91MK5N,128
5748,美舍雅阁科技（海南）有限公司,914601003951721137,128
5749,美淇屋装饰设计工程（海南）有限公司,91460000MAA92QQJ6R,128
5750,美粮农业科技（海南三亚）有限责任公司,91460000MAE929866Y,128
5751,美东汇成医疗科技（海南）有限公司,91460107MACQ12J20B,128
5752,美迪柯投资（海南）有限公司,91460000MAEHBEB143,128
5753,美诚（海南）科技有限公司,91460000MACKWR4R1N,128
5754,美邦百泰科技（海南）有限责任公司,91460000MA7MA0KCXB,128
5755,梅肽克（海南）国际健康科技有限公司,91460000MABUC9944M,128
5756,蔓迪（三亚）企业管理有限责任公司,91460108MACL7GQX5G,128
5757,漫娱（海南）文化传媒有限公司,91460000MAC33DYN8B,128
5758,曼德利贸易（海南）有限公司,91460000MABUHNYW8N,128
5759,满分教育（三亚）有限公司,91460106MA5U2N3J10,129
5760,麦瑞克（三亚）科技发展有限公司,91460000MAEDQLXU99,129
5761,麦盟科技（海南）有限公司,91440300MA5F1N5XX2,129
5762,麦蒂斯（海南）科技有限公司,91460000MAC1NA555T,129
5763,迈胜农资集团（海南）有限公司,91460000MACUWMTU0A,129
5764,迈步健（三亚）科技有限公司,91460000MAEPC5L328,129
5765,马中（海南）农业科技有限公司,91460000MAC0XFPA0E,129
5766,马扎克国际贸易（海南）有限公司,91460105MAA9AQ6G83,129
5767,马克西蒙科技服务（海南）有限公司,91460000MABTU9FJ2H,129
5768,绿野智控（海南）科技有限公司,91460000MAEAWKMQ36,129
5769,绿篮子（三亚）贸易有限公司,91460000MAE8RB9E94,129
5770,绿川鲜食玉米研究院（海南）有限公司,91460000MA5TW5D62F,129
5771,洛珩（海南）国际贸易有限公司,91460100MACTN6GD5A,129
5772,罗吉（海南）进出口贸易有限公司,91460000MAK1N1CP39,129
5773,罗吉（海南）宠物食品制造有限公司,91460000MAK1N0C304,129
5774,鹿创（海南）网络科技有限公司,91460000MACKE8FQ33,129
5775,路城新材料（海南）有限公司,91460000MAK12JTB16,129
5776,璐博源（海南）广告传媒有限公司,91460108MADDG9725B,129
5777,潞鹿传媒（海南）有限公司,91460000MAE92Y2K0F,129
5778,鲁天能源集团（海南）有限公司,91460000MAA90K0U3X,129
5779,鲁科集团企业总部管理（三亚）有限公司,91460100MA5TJPWX8Q,129
5780,露云科技（海南）有限公司,91460000MAA93TQ39R,129
5781,露卡投资（海南）合伙企业（有限合伙）,91469007MACLMHWAXD,129
5782,龙韵科技有限公司,91460000MA5TYTYA5L,129
5783,龙兴集团新能源（海南）有限公司,91460100MA5TRCHQ3C,129
5784,龙威（海南）实业有限公司,91469025MA5TX0C259,129
5785,龙商科技（海南）有限公司,91460000MA5TXAYE0X,129
5786,龙晟永承（三亚）贸易有限公司,91460000MAETEMA25J,129
5787,龙测科技（海南）有限公司,91460000MAEATGQRXK,129
5788,隆旭（海南）供应链管理有限公司,91460000MAEDQ8HP0E,129
5789,隆平生物技术（海南）有限公司,91460200MA5T9TYA9Q,129
5790,六甲文化传媒（海南）有限公司,91460000MACX76951C,129
5791,六帆济恒能源（海南）有限公司,91460000MA5TWEQ27A,129
5792,硫光溢彩（三亚崖州）科技有限公司,91460000MAEH6F6XXH,129
5793,留邦科技（海南）有限公司,91149900MA0L4CME5A,129
5794,领卓海洋科技（海南）有限责任公司,91460000MAC2M0LH3Q,129
5795,领育菠萝（三亚）企业管理有限公司,91460000MAEW9CE61E,129
5796,领优科技（海南经济特区）有限公司,91460000MAEG6GQ09G,129
5797,领新（海南）私募基金管理有限公司,91460000MA7LF4JH15,129
5798,领鲜（三亚）农业开发有限公司,91469001MA5TK7JK59,129
5799,领睿医疗科技（海南）有限公司,91460000MAA94JH809,129
5800,领航速达（海南）科技有限公司,91460000MADLJXAP1Y,129
5801,领航创想（海南）股权投资合伙企业（有限合伙）,91460000MACY95U46U,129
5802,领鄂投资（海南）有限责任公司,91469002MAD64HWQ08,129
5803,零字符（海南）科技有限公司,91460000MACH0DFD14,129
5804,翎辰投资（三亚）有限责任公司,91460000MAEUC3BR4X,130
5805,灵美文化（海南）有限公司,91469027MADPUMUK1J,130
5806,灵朗（海南）健康产业有限公司,91460106MADMG28A6H,130
5807,灵汇文化（海南）有限公司,91460107MADD9NBA6N,130
5808,凌数和迅（海南）科技有限公司,91460000MACBGJU094,130
5809,凌琶实业（海南省）有限公司,91460000MA5TK9XKXJ,130
5810,琳克普（海南）新材料有限公司,91460000MADG1K62X3,130
5811,林渝投资（海南）有限公司,91460000MABXQD6104,130
5812,临铺兄弟（三亚）信息科技有限责任公司,91110105MA005NE14H,130
5813,猎邦鲜果（三亚）有限公司,91460000MAEB0DYY2T,130
5814,猎邦大富翁（三亚）娱乐有限公司,91460000MAEB0EHK2W,130
5815,猎邦（海南）文娱投资合伙企业（有限合伙）,91460000MAE4X5YR7R,130
5816,猎邦（海南）文化发展有限公司,91460000MAE5TAFG91,130
5817,猎邦（海南）体育发展有限公司,91460000MAEQUYJG4U,130
5818,猎邦（海南）商务秘书有限公司,91460200MADL7FUT75,130
5819,猎邦（海南）科技有限公司,91469007MA5TL4UJ41,130
5820,辽宁顺达机械制造（集团）有限公司海南分公司,91460000MA7LX1B52T,130
5821,辽宁雷迅保安服务有限公司海南分公司,91460000MAA97P6U33,130
5822,辽护企业管理（三亚）有限公司,91460000MAE6R6H428,130
5823,亮堂（海南）文旅产业投资有限公司,91460000MAEBEBY99Q,130
5824,量子出行（广州）科技有限公司三亚分公司,91460106MAA90TCU4K,130
5825,良医健业颐善（海南）健康科技有限公司,91460000MAEEEHWW3H,130
5826,粮易科技（海南）有限公司,91460204MAC80BG40U,130
5827,粮创生物科技（三亚）有限责任公司,91460105MADKDM6U3W,130
5828,连丽泽投资（三亚）有限公司,91460000MAE0RFRJ88,130
5829,联育作物科学（海南）有限公司,91460108MAD205K97P,130
5830,联通数字科技有限公司海南省分公司,91460100589287082H,130
5831,联合文化艺术（海南）有限公司,91460000MA7MGP8N4E,130
5832,粒安作物科学（海南）有限公司,91460000MACKB54B6K,130
5833,立意忱（海南）科技有限公司,91460204MADUNHA70R,130
5834,利泽明（三亚）知识产权服务有限公司,91460200MA5RJGN71A,130
5835,利源优选（三亚）农业科技有限公司,91460000MAEPQH062D,130
5836,利美纳斯咨询（海南）有限公司,91460000MAEWMJTC6G,130
5837,利马格兰恒基研发（海南）有限公司,91460000MAEPW7K066,130
5838,利亨（海南）医疗科技合伙企业（有限合伙）,91460000MAEEWAFF5A,130
5839,利亨（海南）医疗技术有限公司,91460000MAEGNNUF98,130
5840,丽捷国际贸易（海南）有限公司,91460108MAA8YMTQ5H,130
5841,丽疆（海南）贸易有限责任公司,91460100MA5TMAL46L,130
5842,礼韵（海南）商贸有限公司,91460000MAEARPT95Y,130
5843,理与希（海南）投资有限公司,91460000MAE74KNX19,130
5844,理工数科（三亚）企业管理咨询合伙企业（有限合伙）,91469033MAC1MYJDX9,130
5845,理工数科（海南）科技有限公司,91460000MAC2W5HH6B,130
5846,李李投资（海南）有限责任公司,91460000MAE5Q1EW2H,130
5847,骊源（海南）投资有限公司,91460000MAA9579G85,130
5848,离岸医院（海南）有限公司,91460100MA5TC2FC74,130
5849,蕾尔墁（海南）投资发展有限公司,91460000MAD13H7L0U,131
5850,雷赛（海南）生物科技有限公司,91460000MA5TLCA030,131
5851,镭测创芯（海南）科技有限公司,91460000MAC6PXLQ7P,131
5852,乐知新创（海南）咨询服务有限公司,91460000MA5TM6H15B,131
5853,乐香齐晟（海南）科技有限公司,91460000MAEQU12G6M,131
5854,乐熙智能科技（海南）有限公司,91460106MA7MRHDKXB,131
5855,乐圣智能科技（海南）有限公司,91460000MADHWWQR48,131
5856,乐杰健联（三亚）干细胞科技有限公司,91460000MAE6F7092N,131
5857,乐杰（三亚）健康科技有限公司,91460000MAEX83EDX6,131
5858,乐杰（海南三亚）细胞库生物科技有限公司,91460000MADYX4CN76,131
5859,乐杰（海南）生物科技有限公司,91460105MAA9258P3Y,131
5860,乐风（海南）私募基金管理有限公司,91460000MADBXMR53U,131
5861,浪浪山（海南）科技发展有限公司,91460000MAC9MNNT3E,131
5862,朗众诚（海南）科技信息咨询服务有限公司,91469002MAD31QQY3L,131
5863,朗新云贸科技有限公司,91460100MA5TFGFU96,131
5864,览易（海南）智能数据服务有限公司,91460000MA5TMFMB37,131
5865,蓝依澜国际生物科技（三亚）有限公司,91460000MAEX773L0A,131
5866,蓝途优加（海南）国际人力发展有限公司,91460106MAD9M0KG7J,131
5867,蓝途未来（海南）农业科技发展有限公司,91460000MAE1CFP92Y,131
5868,蓝天地（三亚）农业技术开发有限公司,91460000MAEXGM421B,131
5869,蓝梭海洋科技（海南）有限公司,91460000MAEKM1U47Y,131
5870,蓝色愿景（三亚）药食资源科技有限公司,91460107MADJ958F4N,131
5871,蓝点信息科技（三亚）有限公司,91460000MAD1G1KN7Q,131
5872,澜起电子科技（海南）有限公司,91460000MA5TY7E49N,131
5873,澜起创业投资（海南）有限公司,91460200MA5TY3LR00,131
5874,澜空飞训（三亚）航空科技有限公司,91460000MAEL7WUN6P,131
5875,澜境深创（海南）科技有限公司,91460000MAEKH6NP0M,131
5876,澜海星链数字科技（海南）有限公司,91460000MAE8X0X26F,131
5877,莱肯生物科技（海南）有限公司,91460107MAA99Y419U,131
5878,莱帮医疗科技（海南）有限公司,91460000MAC396D93R,131
5879,来时（三亚）珠宝有限公司,91460000MAEJ55UT9A,131
5880,来赋（海南）生物科技有限公司,91460000MAECJT0F9J,131
5881,来吧候鸟（海南）旅游有限公司,91460106MAA99XGK8R,131
5882,阔邦生物技术（海南）有限公司,91460000MAE6521M7N,131
5883,鲲腾科转（海南）股权投资基金合伙企业（有限合伙）,91460000MA5TNXL1XL,131
5884,鲲腾（海南）股权投资基金管理有限公司,91460200MA5RJ1488E,131
5885,鲲鹏汇晟投资（海南）有限公司,91460000MAERCP5E75,131
5886,鲲鹏固能（三亚）投资合伙企业（有限合伙）,91460000MAEW3RBJ7U,131
5887,昆仑海优能源科技（海南）有限责任公司,91460000MAK01R539P,131
5888,昆仑晟鑫环保科技（海南）有限公司,91460000MA5U2GT88N,131
5889,昆宠科学研究（三亚）有限责任公司,91460000MAE7WNBW8Y,131
5890,坤昇钢铁（海南）集团有限公司,91460000MACKLF870H,131
5891,奎珑（海南省）贸易有限公司,91460000MA5TJQQX2H,131
5892,宽窄供应链管理（三亚）有限公司,91460000MA5TKW893R,131
5893,快协同（三亚）科技有限公司,91210231MA11A6UNXT,131
5894,空客之星（三亚）科技有限公司,91460000MA5U0J2R92,132
5895,客多多（三亚）科技有限公司,91460000MAD2054M1K,132
5896,可仕可（海南）国际贸易有限公司,91460000MAD8J7RK6H,132
5897,可成（三亚）生物科技有限公司,91460204MADTGQG66Y,132
5898,蝌蚪肽药科技（三亚）有限公司,91460000MADGFK8P7C,132
5899,科芯睿（海南）建筑工程有限公司,91460000MAA95MTB5C,132
5900,科沃斯（海南）投资有限公司,913205007605178386,132
5901,科文（三亚）教育中心（有限合伙）,91469033MA7KC7Y25B,132
5902,科镕国际先进生物技术研究（海南）有限公司,91460000MA7H6FX33D,132
5903,科纳（海南）供应链管理有限公司,91460000MAA99HMD54,132
5904,科莫（海南）商贸有限公司,91460000MAD9DNET9U,132
5905,科美生物实验器材（海南）有限公司,91460000MACQT28158,132
5906,科雷特（海南）贸易有限公司,91460000MAK2RJGG7R,132
5907,科荟（海南）生物科技有限公司,91460000MAE8KR9D6G,132
5908,科涵（海南）国际贸易有限公司,91460000MAE9HPP00L,132
5909,科大天工技术（海南）有限公司,91469006MA5TP5X61N,132
5910,科博瑞森（海南）农业科技有限公司,91460108MACT7E2Q7M,132
5911,科奥达（海南）国际能源贸易有限公司,91460100MA5U2G876E,132
5912,考拉出海（海南）科技有限公司,91460000MAK0WRAD1N,132
5913,康之源（三亚）健康产业有限公司,91460108MADNRRN251,132
5914,康泽宏云（海南）国际贸易有限公司,91460200MADNT0KM7E,132
5915,康为（海南）国际物流有限公司,91440300MA5D941A67,132
5916,康瑞（三亚）健康产业有限公司,91460000MADY1UQL6J,132
5917,康农种业（海南）有限公司,91460106MACH3K46XK,132
5918,康沣达（海南）供应链管理集团有限公司,91460000MACKWYEC16,132
5919,康德能源（海南）有限公司,91460200MAA969JCXM,132
5920,康泊洱南繁种业科技（海南）有限公司,91460000MAE95XYT1Q,132
5921,康贝音生物医药科技（海南）有限公司,91460000MAC8M6GQ7G,132
5922,康贝生物科技（三亚）有限公司,91460000MADJJ93EXY,132
5923,铠晟（海南）投资有限公司,91460000MAEHBFPT5B,132
5924,凯赢供应链管理（海南）有限公司,91460107MAC3C51QX0,132
5925,凯司葆鲜（三亚）科技有限公司,91460000MAE998W724,132
5926,凯撒世嘉数字科技发展控股（海南）有限公司,91460200MA5TKEPE39,132
5927,凯润通达（海南）进出口贸易有限公司,91460000MA5TMQ4T6G,132
5928,凯锐恒（海南）贸易有限公司,91460000MACUK7RR7D,132
5929,凯人投资（海南）有限公司,91460000MAA92CXL9T,132
5930,凯人控股有限公司,91450100327378048E,132
5931,开瓶科技（海南）有限公司,91460000MAK232P30G,132
5932,卡邦供应链管理（海南）有限公司,91460000MA5TXECY5L,132
5933,菌群资源库控股（三亚）有限公司,91460000MABTQUAHXJ,132
5934,均禹农业科技（海南）有限公司,91469025MADX65AY9J,132
5935,君元实业（海南）有限公司,91460000MA5TWMGP3Q,132
5936,君上佳科技（海南）有限公司,91460000MA7HA39PX9,132
5937,君瑞智航（三亚）科技有限公司,91460000MAEQRF9W36,132
5938,君福（三亚市崖州区）房产有限责任公司,91460000MAE7U0E444,132
5939,军之芹（海南）特供食品有限公司,91460000MA7KKW290Q,133
5940,军强置业（海南）集团有限公司,91460100MAA9AFD44Q,133
5941,钜隆文化投资（海南）有限公司,91469033MA5TKGEUXH,133
5942,聚远新能源（海南）有限公司,91460000MA5TYC2T0H,133
5943,聚沃（海南）谷子农业科学研究有限公司,91460000MAA995N45R,133
5944,聚捷（海南）企业管理有限公司,91469027MADXQLAF6E,133
5945,聚禾未来科技控股（海南）有限公司,91460000MAEP809N4G,133
5946,聚合（海南）物流有限公司,91460200MADXDCX71A,133
5947,炬明（三亚）管理有限责任公司,91460000MAE9003851,133
5948,巨信种业科技（三亚）有限公司,91460000MAEUN1PM76,133
5949,巨力索具（海南）有限公司,91460000MADK5N7P8R,133
5950,玖月屿科技（三亚）有限公司,91460000MAERKXH55B,133
5951,玖亿（海南）农业科技有限公司,91460000MADB5CGP7W,133
5952,玖罗科技（三亚）有限公司,91460000MAE7PHDY2Y,133
5953,玖玖鑫（海南）投资发展有限公司,91460000MAE5YQGG6H,133
5954,玖点玖贸易（海南）有限公司,91460000MACC6XBY01,133
5955,玖成（海南）农业科技有限公司,91460000MAG1NG25X8,133
5956,玖安智道（海南）科技有限公司,91460000MADHPXQE27,133
5957,九天绿（海南）国际中医药科技有限公司,91460000MAG0J2JKXT,133
5958,九泰众和（三亚）农业有限公司,91460000MAC70NKX5Y,133
5959,九荣九九（海南）投资有限公司,91460000MAE8BA1E80,133
5960,九脉（海南）投资有限公司,91460000MADFU4B25F,133
5961,九街（三亚）酒店管理有限公司,91460000MAEJF77138,133
5962,九徽（海南）投资有限公司,91460000MA5TR5KC96,133
5963,九方弘康科技（海南）有限公司,91460106MADDP5HJ64,133
5964,九鼎信国际供应链管理（海南）有限责任公司,91460000MAEHGUAN97,133
5965,九川能源（海南）有限公司,91460000MAA93UM014,133
5966,久荣天（海南）科技有限公司,91460108MAD7CKX669,133
5967,久谷科技（海南）有限公司,91460000MAEJ1FNG3A,133
5968,究竟瑜伽（海南）有限公司,91460000MACLYM1E4Q,133
5969,静和控股（海南）合伙企业（有限合伙）,91460000MAA98J8J5Y,133
5970,靖初科技（海南）有限公司,91460000MAEM757D56,133
5971,景秀山河（海南）宿营酒店运营管理有限公司,91460108MADYLK457N,133
5972,景秀美嘉文旅科技（海南）有限公司,91460000MAG0A96R44,133
5973,景兴辰（海南）建设项目管理有限公司,91460000MAEBMD7TXA,133
5974,景泉（三亚）投资有限公司,91460000MADBHH4W7Y,133
5975,景辉启源科技（海南）有限公司,91460000MAD7HQRQ54,133
5976,景晟智能科技（海南）有限公司,91460106MA5TLRG531,133
5977,鲸鲨（海南）科技有限公司,91460000MAC16BJK7L,133
5978,鲸航海洋科技（海南）有限公司,91460000MAEQ4FD1XY,133
5979,精微视达医疗科技（三亚）有限公司,91460000MA5TWRGR3P,133
5980,精彩（海南）文化科技有限公司,91460000MADB7371XM,133
5981,晶诺宝（海南）生物科技有限公司,91460000MAEJGJN3X7,133
5982,京筑建筑工程（海南）有限公司,91460200MA5RGTAA25,133
5983,京朝未来（海南）控股有限责任公司,91460000MA5TWW2FX4,133
5984,京欣科技（海南）有限公司,91460108MADTW9TK44,134
5985,京投汇（海南）投资有限公司,91460200MADUPAGR46,134
5986,京通源达（海南）贸易有限公司,91460000MAEF9KB18Y,134
5987,京藤能源（海南）有限公司,91460000MA5TY0N04X,134
5988,京琼（海南）国际贸易有限公司,91460106MAA9ALUQ97,134
5989,京九瑞和（海南）健康科技合伙企业（有限合伙）,91469033MACEP4UQ29,134
5990,京宏科技（海南）有限公司,91469028MADT9MBA8Y,134
5991,进化（海南）控股集团有限公司,91460107MAA974DR63,134
5992,晋商财金控股（海南）有限公司,91460000MA5TRPD35G,134
5993,晋康（海南）疗休养管理服务有限公司,91460000MAEQ1BA48U,134
5994,晋海瑞盛（海南）管理咨询有限公司,91460106MA5TYTEW8H,134
5995,锦芝佳商贸（三亚）有限公司,91460000MAE2CT1X52,134
5996,锦衣特卫（海南经济特区）管理服务有限责任公司,91460000MA5TQ94A6T,134
5997,锦霓清（海南）国际贸易有限公司,91460000MAC4MEK91Y,134
5998,锦疆科技（海南）有限公司,91469028MADQGG9X2H,134
5999,锦盛企业管理（海南）合伙企业（有限合伙）,91469002MAA91DJF80,134
6000,锦城石化（海南）有限公司,91460000MA5U2LNG98,134
6001,金洲（海南）投资有限公司,91460000MAE2FLK359,134
6002,金众（海南）科技发展有限公司,91460000MACPMNQXXH,134
6003,金之源（海南）股权投资合伙企业（有限合伙）,91460000MAC9LCDK0T,134
6004,金泽科技（海南）有限公司,91460000MAA94GQH35,134
6005,金誉（海南）新能源科技有限公司,91460000MA7FFMK292,134
6006,金易达能源科技（三亚）有限公司,91460000MA5U2ABX16,134
6007,金弈（海南）投资有限公司,91460000MAK1PJUU9P,134
6008,金钥匙（海南）能源有限公司,91460000MA5U1W4CXX,134
6009,金祥汇投（海南）投资有限公司,91460000MAED4TAD53,134
6010,金文达科技（海南）有限公司,91460107MADJP7L4XP,134
6011,金泰（海南）建材贸易有限公司,91460000MAD8HA7884,134
6012,金税通企业咨询服务（三亚）有限公司,91460000MAEF0XWR02,134
6013,金蔬达（海南）生物科技有限公司,91460000MAE87Y6C7Q,134
6014,金石星源（三亚）投资合伙企业（有限合伙）,91460000MAEUXFLK8H,134
6015,金色地平线贸易（三亚）有限公司,91460000MAEF65LC4L,134
6016,金农源网络技术（海南）有限公司,91469001MAC7X6NC6C,134
6017,金农源（海南）股权投资合伙企业（有限合伙）,91460000MAC5KBED8R,134
6018,金牧（海南）投资合伙企业（有限合伙）,91469036MAC763DP3A,134
6019,金茂智慧生活服务（重庆）有限公司三亚分公司,91460000MABNQTA88N,134
6020,金茂数字科技有限公司,91460000MA5TNUUU6H,134
6021,金麦穗（海南）投资集团有限公司,91460000MAC5MW0869,134
6022,金领园教育科技（三亚）有限公司,91460000MA5TYE3N3T,134
6023,金鳞科技（海南）有限公司,91460000MA5TTQNF0F,134
6024,金澜云舟（海南）科技有限公司,91460000MAG0PF1934,134
6025,金桷海岸（海南）投资有限公司,91460000MAD9YED13K,134
6026,金佳佳（海南）投资有限公司,91460000MACUKUGK25,134
6027,金谷时代（海南）实业有限公司,91460000MA5TXHYD1J,134
6028,金丰亿（海南）投资有限公司,91460000MAE8L97H21,134
6029,金丰（海南）新能源有限公司,91460000MA5TUEKK5H,135
6030,金殿会（三亚）投资俱乐部（个人独资）,91460000MA7GTTDD0B,135
6031,金成（海南）科技发展有限公司,91460000MACPPLNNX0,135
6032,金灿焱科技（三亚）有限公司,91460000MAE5T95520,135
6033,金白蓝（海南）信息科技有限公司,91460105MAA9A03P16,135
6034,津电汇能电力建设有限公司海南分公司,91460200MA5U26R61B,135
6035,杰思敏（上海）信息科技有限公司三亚分公司,91460000MAE9XN5L7E,135
6036,杰祺祥晟（三亚）投资有限公司,91460000MAERCM6G1U,135
6037,杰莱美（海南）科技有限公司,91460000MAG242FC9D,135
6038,杰夫（海南）环保科技有限公司,91460108MACQQD3B9B,135
6039,捷翊投资（海南）有限公司,91460000MAE7XGW22E,135
6040,捷穗（海南）产业园管理有限公司,91460105MAA9A66H1C,135
6041,捷石（海南）科技企业管理合伙企业（有限合伙）,91460205MAC6YDAL0A,135
6042,捷康生物科技（海南）有限公司,91460000MAA91ETU7H,135
6043,捷晟石化（海南）有限公司,91460108MA5TWW4BX4,135
6044,捷晁（海南）跨境电商有限责任公司,91460000MAK2AJDH39,135
6045,角易韵文化体育产业发展（海南）有限公司,91460000MACP1WYC9L,135
6046,角豆仕（海南）农业科技有限公司,91460000MAE9TDCW2N,135
6047,菽新生物科技（三亚）有限公司,91460000MAEEYKYU7J,135
6048,焦点新能源（海南）有限公司,91460000MAC30DPH5X,135
6049,交投资金管理（海南）有限公司,91460000MADE5GK60B,135
6050,交投（三亚）工程咨询有限公司,91460000MA5TWTE80Q,135
6051,交科信通智能科技发展（海南）有限责任公司,91460000MAG02QBD4J,135
6052,交个朋友（海南）文旅投资合伙企业（有限合伙）,91460000MABYE8H39H,135
6053,酱魂（海南）酒业集团有限公司,91460204MACCMDPT1Q,135
6054,江西省鑫瓯建设有限公司海南分公司,91460000MAA974DN3C,135
6055,江西强盛科技有限公司三亚分公司,91460000MACC5A3620,135
6056,江苏远航建筑装饰有限公司海南分公司,91460000MAK0L2EY0P,135
6057,江苏平东建设工程有限公司三亚分公司,91460000MAEFNME94Y,135
6058,江苏南京中顿担保有限公司三亚分公司,91460000MAEAWMRK10,135
6059,江苏风云科技服务有限公司海南分公司,91460000MAC47A294E,135
6060,江苏大橡木集团有限公司海南分公司,91460107MACCMBTN2G,135
6061,江门广发渔业光伏有限公司三亚分公司,91460000MAE7E62A63,135
6062,将潮未来（海南）科技有限公司,91460000MAEP1KUT3T,135
6063,见日智能科技（海南）有限责任公司,91460108MAA9A9GE9U,135
6064,舰发（海南）科技有限公司,91460000MAD2LTLD68,135
6065,建众（海南）投资发展有限公司,91460000MAC44DLW5R,135
6066,建环科技（海南）有限公司,91460107MAD8WE73XC,135
6067,简一瑜伽（三亚崖州）有限责任公司,91460107MADXU7L90E,135
6068,简创（三亚崖州）咨询有限责任公司,91460000MAE90JKMXM,135
6069,稼艺丰（海南）农业生物科技有限公司,91460000MADC2PNQXY,135
6070,价值链（海南）投资中心（有限合伙）,91469036MAA94YFJ9F,135
6071,迦莱（三亚崖州）产业投资有限责任公司,91460000MAEGP2RX0N,135
6072,迦境商业管理（海南）有限公司,91460106MADL5MR41X,135
6073,家家冕信息科技（海南）有限公司,91460108MADLY9E76R,135
6074,家家冕供应链管理（海南）有限公司,91469002MADMHY1R3J,136
6075,家辰业生物科技（三亚）合伙企业（有限合伙）,91460000MACXK0LK57,136
6076,嘉元慈汇（海南）生物医药科技有限公司,91460000MAETHMP86W,136
6077,嘉壹投资（海南）有限公司,91469002MAD7N0LT39,136
6078,嘉胜（海南）农业科技有限公司,91460000MAEEBL1Y75,136
6079,嘉米啦（海南）文化有限责任公司,91460000MACXXTFY13,136
6080,嘉林容平投资咨询（三亚）有限公司,91460000MAE679NFXX,136
6081,嘉康元能源（海南）有限公司,91460000MAD5PP1811,136
6082,嘉华（海南）石化有限公司,91460000MA5TWK6265,136
6083,嘉孚科技（海南）有限公司,91460000MAE5A7EU5Q,136
6084,嘉点（海南）科技服务有限责任公司,91460000MAEMPBR359,136
6085,加基森（三亚市）软件和信息技术服务业有限公司,91460000MADLPXF44P,136
6086,佳垚商贸（三亚）有限责任公司,91460106MADW4GB64J,136
6087,佳粮农业科技（三亚）有限公司,91460000MAE8HEAM49,136
6088,佳科软件（海南）有限公司,91460000MADHE8UEXE,136
6089,佳合（海南）项目咨询服务有限公司,91460000MA5TQDYE0W,136
6090,际海科技（海南）有限公司,91460000MAE7P2GY0D,136
6091,稷因湾生物科技（海南）有限公司,91469005MADNTRUL6R,136
6092,稷颐元（海南三亚）科技有限公司,91460000MABR768314,136
6093,寂照投资（三亚）有限公司,91460000MADYE9GB48,136
6094,集众思（海南）科技有限公司,91460200MADPXA8W3W,136
6095,集天（海南）科技工程有限公司,91460000MACG93KN6E,136
6096,集福堂（三亚）国际旅游有限公司,91460000MAE40W0U9D,136
6097,集典（海南）文化旅游开发有限公司,91469007MADPXAMB06,136
6098,集呈（三亚）科技有限公司,91460100MAA94XT69T,136
6099,极速光轮（三亚）数字科技有限公司,91460000MAC5T4AL8X,136
6100,极欧（海南）投资管理咨询有限公司,91460106MAA9ACYN50,136
6101,极纳诺（三亚）生物科技有限公司,91460000MAK31A6G83,136
6102,极目盛创（三亚）科技有限公司,91460000MAE625U54Y,136
6103,极目（海南）智能育种装备有限公司,91460000MA5T9R7J5G,136
6104,极峰农业科技（海南）有限公司,91460000MAEB1Q5A2F,136
6105,吉苑（海南）科技发展有限公司,91460000MAD2LKQK00,136
6106,吉影（三亚）科技有限公司,91469036MAA926AW67,136
6107,吉林省旭晟人力资源服务有限公司三亚分公司,91460000MABMMPXM57,136
6108,吉林省百姓商贸集团有限公司三亚分公司,91460000MAEDTRGT5M,136
6109,吉林龙兴电力技术有限公司海南分公司,91460000MAC80TTH96,136
6110,吉海海事服务（海南）有限公司,91460000MACR8R9WXH,136
6111,吉川种业（海南）有限公司,91469001MACUC34051,136
6112,佶缔纳士（海南）机械设备有限公司,91460000MAA8Y4MM9T,136
6113,基家家居（三亚）有限公司,91460000MAD7G0E62L,136
6114,货货通（海南）商贸有限公司,91460000MAEGF4WU92,136
6115,火牛文化传媒（三亚）有限公司,91460000MABW8GEW41,136
6116,活力岛（三亚）体育文化有限公司,91460000MAE5RUKDXM,136
6117,荟健医疗科技（海南）有限公司,91460000MAC6ACB447,136
6118,荟锋农业发展（海南）有限公司,91460108MABW30H6X7,136
6119,荟邦（海南）新材料有限公司,91460000MAK0HMR40D,137
6120,汇泽（海南）实业贸易有限公司,91460000MAD3BUHY1D,137
6121,汇优进出口贸易（三亚）有限公司,91460000MA5TXEHM94,137
6122,汇申（海南）实业有限公司,91460106MAA9AQU264,137
6123,汇绿（三亚）投资有限公司,91460204MACHQ36294,137
6124,汇联企创管理有限公司,91460108MA5TWA4U58,137
6125,汇灏（海南）供应链管理有限公司,91460000MACLEF881R,137
6126,汇峰云科技（三亚）有限责任公司,91460000MAEMFYK47R,137
6127,汇达（三亚）国际贸易有限公司,91460000MAEKCF2H94,137
6128,汇铖通（海南）实业贸易有限公司,91460106MAD1Q3QR8K,137
6129,汇成鑫投资（三亚）有限公司,91460000MACG2UL34H,137
6130,慧雅（海南）实业有限公司,91460200MA5T1RXR2P,137
6131,慧氏数字经济技术（海南）有限责任公司,91320118MA7EAR5H1X,137
6132,慧氏领航职业技能培训（海南）有限公司,91320104MA7EX1UT3N,137
6133,慧诺云谱（海南）科技有限公司,91460108MAA99W1R7D,137
6134,慧茂楼宇科技（北京）有限公司三亚分公司,91460000MABMYTH0X3,137
6135,惠强（海南）国际贸易有限公司,91460000MA5TUN4D0G,137
6136,惠军数智医疗健康（海南）有限公司,91460000MADXYD8F58,137
6137,惠酒优选（海南）供应链管理有限公司,91460000MABPQJ046C,137
6138,惠尔稼（三亚）农业科技有限公司,91469002MADCHMQ93C,137
6139,彗芙文化传媒（海南）有限公司,91460000MABTR2XX6N,137
6140,会学网（海南）科技有限公司,91460000MAA8Y54L9G,137
6141,辉艺盛世（三亚）影视文化有限公司,91460000MAE998UW4A,137
6142,晖易得（海南）再生资源回收有限公司,91460000MA5TUX0T33,137
6143,恢春丹生物科技（海南）有限公司,91460000MA5TMQY421,137
6144,徽信（海南）投资有限公司,91460000MAE3UL5Q0F,137
6145,黄骅市华中建设集团有限公司三亚分公司,91460200MA5TC2863Y,137
6146,黄道婆（海南）投资有限公司,91460000MAEDFBJ072,137
6147,皇室影视文化传播（海南经济特区）有限责任公司,91469030MA5TJPY006,137
6148,皇室体育文化传播海南经济特区有限责任公司,91460000MA5T7UED8B,137
6149,焕映煤炭贸易（海南）有限公司,91460000MADXN54H4Q,137
6150,焕轻生物科技（三亚）有限公司,91460000MACHNXPM9G,137
6151,焕畅汽车服务（海南省）有限公司,91460000MA5TJLC69E,137
6152,环宇健康管理有限公司,91410102MA463CBC7E,137
6153,环速科技（海南）有限公司,91460000MAE6X36W68,137
6154,环球旅行（海南经济特区）酒店管理集团有限公司,91460000MA7LP5CEXU,137
6155,环球金枪渔业（大连）有限公司海南分公司,91460000MAC8BNQ47F,137
6156,环能科技（海南）有限公司,91460000MA5TW5E93B,137
6157,环海冷链（海南）科技有限责任公司,91460000MA5TJ24G86,137
6158,桓荧能源（海南）有限公司,91460000MAD0W98U6G,137
6159,寰岛农业科技（海南）有限公司,91460108MACK0BDJ5R,137
6160,骅洋（海南）科技有限公司,91460000MAC7FXTE61,137
6161,华筑壹家（海南）物业管理有限公司,91460000MAC0417759,137
6162,华竹农业科技（海南）有限公司,91460200MADR1U1685,137
6163,华智国研教育集团（海南）有限公司,91460000MAA931FT5D,137
6164,华芝（海南）投资有限公司,91460000MAE99AL510,138
6165,华运鸿通（三亚）供应链管理有限公司,91460000MA7FMH157A,138
6166,华源电力（海南）有限公司,91460106MAA99X5JXB,138
6167,华豫盛农（海南）技术有限公司,91460000MAE43XDK9D,138
6168,华域（海南）科技有限公司,91460107MACWQ64NXK,138
6169,华油（海南）石油进出口集团有限公司,91460100MAA916BQ8P,138
6170,华赢（海南）农业科技发展有限公司,91460000MAD7C27H1L,138
6171,华毅（三亚）国际贸易有限公司,91460000MAERNDB83R,138
6172,华旸贸易（海南）有限公司,91460108MACKBXU59F,138
6173,华馨（三亚）进出口贸易有限责任公司,91460000MADN0EHE2X,138
6174,华芯金瑞（海南）私募股权基金管理有限公司,91460000MACM7Y6B80,138
6175,华夏文产汇寄卖（海南）有限公司,91460000MA5TMQPL40,138
6176,华夏认证中心有限公司海南分公司,91460000MAEPF5EE4Y,138
6177,华夏富康（海南）环境科技有限公司,91460105MAA9A55M3R,138
6178,华兔建设（海南）有限公司,91460000MAA94GH31Q,138
6179,华唐坤泰（海南）能源进出口有限公司,91460000MACDQ7YY6E,138
6180,华师智慧科技（海南）有限公司,91370212MA3EJY0952,138
6181,华厦医生集团（海南）有限公司,91460000MACXAKWH0N,138
6182,华软智能科技（三亚）有限公司,91460000MAEH85HL5K,138
6183,华融环球控股（三亚）集团有限公司,91460000MACMEPKU6P,138
6184,华融海通企业咨询管理（海南）合伙企业（有限合伙）,91460000MAEKEBQK6C,138
6185,华谱（海南）光电技术合伙企业（有限合伙）,91460000MACW0W2759,138
6186,华品（海南）农业科技有限公司,91460108MAA9A5DY2Q,138
6187,华能海南发电股份有限公司南山电厂,91460200747788350L,138
6188,华南测试（海南）技术有限公司,91460000MACCDNYL19,138
6189,华陆洋地球物理勘探（三亚）有限公司,91460200MADQ5MU45E,138
6190,华炼石油化工（海南）有限公司,91460000MA5TW60M3F,138
6191,华莱（海南）能源有限公司,91460000MA5U219B4G,138
6192,华开科技（海南）有限公司,91460000MAEA4E8968,138
6193,华捷数盟（海南）科技有限公司,91460000MAA99C1K5L,138
6194,华和智联（海南）企业管理咨询合伙企业（有限合伙）,91460204MAC3655H9W,138
6195,华海新材料（海南）有限公司,91460000MAA9065W3D,138
6196,华俄国际能源（海南）有限公司,91460108MA5TWNQD1M,138
6197,华电（三亚）新能源有限公司,91460000MACEQQLE26,138
6198,华代（海南）元宇宙版权服务有限公司,91460200MADQ0Q4P5E,138
6199,华创合成制药（海南）有限公司,91460000MAE5Y08545,138
6200,华创（三亚）工程技术与设计服务有限公司,91460000MAA90L0K40,138
6201,华创（海南）生物科技有限公司,91460000MAC2KGFH80,138
6202,花梵妍（海南）生物科技有限公司,91460000MAA96PEN1D,138
6203,沪试实验室（海南）有限公司,91460107MA5U1K8712,138
6204,互通智能（海南）科技有限公司,91460000MA5TWEFC9P,138
6205,虎鲨（三亚）投资有限公司,91460106MAA9A95470,138
6206,湖南铁军工程建设有限公司海南分公司,91460100MA5RCHCD5P,138
6207,湖南天平建设工程有限公司海南分公司,91460000MAE9NR0Y8Y,138
6208,湖南韬略地理信息科技有限公司海南分公司,91460000MAEPCJ6350,138
6209,湖南福云汇商贸有限公司三亚分公司,91460200MA5T349E1F,139
6210,鸿运通达（海南）国际物流有限公司,91460108MAA9AHA16W,139
6211,鸿源鹏福（海南）企业管理有限公司,91460000MABNBW4W2G,139
6212,鸿燕海（海南）石油化工有限公司,91460000MA5TYW4U64,139
6213,鸿图骏达（海南）国际供应链管理有限公司,91460000MAE3Y4AC3C,139
6214,鸿杉（海南）能源科技有限公司,91460000MAD66M5Y9P,139
6215,鸿瑞众恒（海南经济特区）贸易有限公司,91460000MA5U1W2H8N,139
6216,鸿浩（三亚）投资有限公司,91460108MABXQCH26P,139
6217,鸿浩（海南）供应链集团有限公司,9146020032415329XX,139
6218,红远恒辉达建筑劳务（海南）有限公司,91460108MACMD03GXK,139
6219,红景农药批发（海南）有限责任公司,91460000MA5TGQ254J,139
6220,红岸科技（三亚）有限公司,91460000MAEAWC7DX9,139
6221,洪亿石油（海南）有限公司,91330900MA2A3XPJ0R,139
6222,洪业科技（海南）有限公司,91460000MACMC91641,139
6223,洪创教育科技（海南）有限公司,91460100MAA9A1C073,139
6224,泓睿科技（海南）有限公司,91460000MAEPUJ4C4Y,139
6225,泓富智盈（三亚市崖州区）投资合伙企业（有限合伙）,91460000MAEKRRU10J,139
6226,泓成嘉建筑工程服务（海南）有限公司,91460000MAEXQBYL2A,139
6227,弘忻睡眠科技（海南）有限公司,91460000MADGTN2D5L,139
6228,宏跃建筑装饰工程（海南）有限公司,91460000MAD4N6XL8W,139
6229,宏业国际项目管理有限公司海南省分公司,91460108MADEYQ405K,139
6230,宏泰宇恒（海南）贸易有限公司,91460000MA7JG1736L,139
6231,宏牛国际贸易（海南）有限公司,91460106MA5TP85379,139
6232,宏能（海南）技术咨询服务有限公司,91469002MAD19HUP2H,139
6233,宏郡科技（三亚）有限公司,91460000MAEXDHEC7W,139
6234,宏基融诚（海南）科技有限公司,91460000MAEHJETA6X,139
6235,珩圣（海南）国际贸易有限公司,91460000MAE8C8A860,139
6236,恒源丰（海南）农业科技有限公司,91460000MAE7C7003U,139
6237,恒研（海南）作物智能育种有限公司,91469027MADME4956Q,139
6238,恒信商桥文化科技（海南）有限公司,91460000MA5TX6C13N,139
6239,恒新（海南）生物科技有限公司,91460000MACGXUC28G,139
6240,恒天然（海南）牧业科技有限公司,91460000MACQLA4Q2B,139
6241,恒启金熹（三亚）投资控股有限公司,91460107MADPBTLL8G,139
6242,恒铭嘉合（海南）实业有限公司,91460000MAC50CUA9P,139
6243,恒科种业（海南）有限公司,91460000MA7FEAJC66,139
6244,恒久辑因（三亚）科技有限公司,91460200MADPDBYX0W,139
6245,黑莓科技（海南）有限公司,91460000MAC4QU196D,139
6246,黑龙江省泰之诺税务师事务所有限责任公司海南分公司,91460000MAEA6EL490,139
6247,黑龙江乾达基础设施建设工程有限公司海南分公司,91460200MA5T6RJF2M,139
6248,黑龙江隆安电力工程有限公司海南分公司,91460200MA5U03F82J,139
6249,赫影生命科学（三亚）有限责任公司,91460000MAEUNHEC9K,139
6250,赫名（海南）新技术有限公司,91460107MAA99WHR90,139
6251,赫联科技（海南）有限公司,91460000MAE70EA27Q,139
6252,禾新玉（三亚）种业科技有限公司,91460000MAE6UEJ27L,139
6253,禾田供应链科技（海南）有限公司,91460000MAK1CX3J41,139
6254,禾润联丰（海南）渔业有限公司,91460000MAENC40P4P,140
6255,禾满丰农（海南）农业科技有限公司,91460000MAD42E2T39,140
6256,禾合南繁科技服务（三亚市）有限公司,91460000MAE97AXX6U,140
6257,禾橙云（海南）科技有限公司,91460000MACE9DPF87,140
6258,禾畅机械设备（海南省）有限公司,91460000MA5TMD8M9U,140
6259,河玉（三亚）企业管理服务有限公司,91460000MA5TQTPC01,140
6260,河玉（三亚）进出口贸易有限公司,91469027MA5TQBW91L,140
6261,河南中机华远机械工程有限公司海南分公司,91460106MAD84D46XY,140
6262,河南云翔电力工程有限公司三亚分公司,91460000MADXWF6124,140
6263,河南坛城中医馆有限公司三亚分公司,91460000MAEKCP9CXE,140
6264,河南泰弘泽建筑工程有限公司海南分公司,91460000MAEP0M4Y9M,140
6265,河南耐沃建设工程有限公司三亚分公司,91460000MAEJ327E0B,140
6266,河谷宝玉（海南）控股集团有限公司,91460000MAA94BLT6W,140
6267,河北雄安超润运输有限公司海南分公司,91460000MAE9ERH09M,140
6268,河北驷凯工程项目管理有限公司海南分公司,91460106MADK6DDR0P,140
6269,河北省建筑科学研究院有限公司海南分公司,91469027MAC294G37K,140
6270,河北建筑设计研究院有限责任公司三亚分公司,91460200MA5TWWRT3U,140
6271,河北建筑设计研究院有限责任公司海南分公司,914602003957944731,140
6272,河北嘉龙建筑物拆除工程有限公司海南分公司,91460100MABYN81U7C,140
6273,河北冀科工程项目管理有限公司海南分公司,91460200MA5U0R8C6A,140
6274,和艺筑造（三亚）装饰工程有限公司,91460000MAEE85DA71,140
6275,和实（海南）贸易有限公司,91460000MA5TGQ385E,140
6276,和平智慧（海南）农业综合开发有限公司,91460000MACFD17B0A,140
6277,和瓴（海南）企业管理有限公司,91460108MADFJ8HE2L,140
6278,和敬能源（海南）有限公司,91460000MAA90DHK0H,140
6279,和道天下（海南）科技有限公司,91460106MA5TRK9A3R,140
6280,和晟煊（海南）科技有限责任公司,91460000MACXULLP83,140
6281,合裕（三亚）海洋技术有限公司,91460106MADY022L1M,140
6282,合润蚯蚓研究院（海南）有限公司,91460106MA7MH2C55J,140
6283,何善堂（三亚）健康管理有限责任公司,91460000MAC32A1E08,140
6284,皓擎机械设备（海南省）有限公司,91460000MA5TJLYL1A,140
6285,皓科生物科技（海南）有限公司,91460000MAETYFEY2D,140
6286,皓博（海南）石油化工有限公司,91460000MA5TUNXD5X,140
6287,浩瑞恒泰税务师事务所（海南）有限责任公司,91460107MAA98AFN8L,140
6288,浩融（海南）投资有限责任公司,91460300MADFTMJM37,140
6289,昊昇（三亚）电力科技有限公司,91460000MAEJD8Y84W,140
6290,好实杰科技（海南）有限公司,91460000MA5TX3YQXF,140
6291,好客熊（海南）财务咨询有限公司,91460108MACHJTK39B,140
6292,巷口出发（三亚）旅行社有限公司,91460000MAEQPJB631,140
6293,行稳致远（海南）企业管理有限公司,91460108MACFPBEU3A,140
6294,航耀（海南）国际贸易有限公司,91460000MAE8YH4075,140
6295,航辉（海南）科技发展有限公司,91460000MAE9P8Y3XB,140
6296,航大云科技（海南）有限公司,91110114MA01BW1A3B,140
6297,航大防务（海南）科技有限公司,91460000MAA90W3BX0,140
6298,杭州谷银网络科技有限公司三亚分公司,91460106MAA9AKL30N,140
6299,瀚中博裕（三亚）商贸有限公司,91460200MA5T4LX36G,141
6300,瀚翌控股（海南）有限公司,91469034MADQFG0182,141
6301,瀚鸿泰（海南）工业科技有限公司,91460106MAA90X3F5W,141
6302,瀚恒产业投资（海南）有限责任公司,91460200MADWKRH51X,141
6303,汗水粒（海南）科技有限公司,91149900MA0L5K1207,141
6304,汉声（海南经济特区）科技有限公司,91460000MAE15Y7H72,141
6305,汉古堂（海南）艺术品有限公司,91460000MAE1QP0B38,141
6306,涵煜科技（海南）有限公司,91460000MAEGQEMK04,141
6307,海中星（海南）电子商务有限公司,91460106MACWABLJ1W,141
6308,海智耘科（海南）科技有限公司,91460000MAE7B6Q86N,141
6309,海智维（海南）企业服务有限公司,91460000MAE8QB1911,141
6310,海之心教育（海南）有限公司,91460000MADFU1K40R,141
6311,海之南（海南）科技有限公司,91469005MA5TLHYR0X,141
6312,海之安（三亚）科技企业孵化器有限公司,91460000MABU1QQW87,141
6313,海之安（海南）控股集团有限公司,91460000MABU661268,141
6314,海泽通汇（海南）供应链有限公司,91460000MAEA47G8X9,141
6315,海云智投（海南）科技有限公司,91110108MA01KG3937,141
6316,海月湾科技投资（海南）有限公司,91460000MA7HFJ762U,141
6317,海域海岛环境科技研究院（三亚）有限公司,91469034MA5TJWWH6W,141
6318,海永盛（海南）海洋工程技术有限公司,91460108MAA9A2QA0N,141
6319,海一信息科技（海南）有限公司,91460000MAC0UCJ81X,141
6320,海燕燕（海南）能源贸易有限公司,91460000MADCMPJE5N,141
6321,海亚（海南经济特区）科技有限公司,91460106MA5TP7H9XG,141
6322,海崖创展（海南）文化传媒有限公司,91460000MA7L3XG66M,141
6323,海旭川文旅（海南）有限责任公司,91460000MA5TW9P86K,141
6324,海芯润（海南）科技有限公司,91370211MABW97RY4X,141
6325,海欣投资（海南）合伙企业（有限合伙）,91460000MAD4G44M83,141
6326,海外国际旅游集团海南旅行社有限公司三亚崖州营业部,91460000MAE0YHN6X1,141
6327,海豚科技（海南）有限公司,91460000MAA8YQGU6U,141
6328,海泰装饰工程（海南）有限公司,91460000MABWG0RD11,141
6329,海泰工程机械（海南）有限公司,91460100MAA9ACC74G,141
6330,海塔（海南）节能科技有限公司,91460000MACQCEJP1M,141
6331,海丝之路（海南）科技研究有限公司,91460000MACQ8DM01Q,141
6332,海誓山盟（海南）餐饮服务有限责任公司,91460000MA5TU77D6P,141
6333,海上南音食品（三亚）有限公司,91469026MADM7C5X3N,141
6334,海熵科技（海南）有限公司,91460000MAE99H8A9C,141
6335,海瑞达能源（海南）有限公司,91460000MA5TXY4D7F,141
6336,海企融（三亚）园区管理服务有限公司,91460106MA5TLQMQ0G,141
6337,海诺彩植保（海南）有限公司,91460000MAEA5T817H,141
6338,海南祚安冶金辅料科技有限公司,91460000MA5U2KDCXP,141
6339,海南左券投资合伙企业（有限合伙）,91469030MADQY73AXN,141
6340,海南左罗农业科技有限公司,91460000MAE9AU285U,141
6341,海南佐佑旅游发展有限公司,91460000MA5TWRD03W,141
6342,海南佐僖投资有限公司,91460000MAE7G9WW6E,141
6343,海南佐骐商业有限公司,91460000MAC5J4QG4Y,141
6344,海南尊钺电力科技有限公司,91460000MAA93K3970,142
6345,海南尊鸿投资有限公司,91460106MAA9A67P3W,142
6346,海南尊海企业管理有限公司,91460000MAD3K8LT5B,142
6347,海南尊海德坤实业有限公司,91460000MA5TPY3L23,142
6348,海南醉云轩商贸有限公司,91460200MA5T6K9077,142
6349,海南钻盈商贸有限公司,91460100MA5RHBN691,142
6350,海南祖祖生态农业开发工作室（个人独资）,91460000MACDHQJPXY,142
6351,海南足尔投资有限公司,91460000MAEWN65K9T,142
6352,海南纵禾广告装饰工程有限公司,91460000MA5TKP6F07,142
6353,海南综海科技发展有限公司,91460000MAC29H1J8B,142
6354,海南宗信企业管理咨询服务有限公司,91460200MA5TM11L34,142
6355,海南宗石建筑工程有限公司,91460000MAE6AE887E,142
6356,海南宗贡软件科技有限公司,91460000MA5U0G20XP,142
6357,海南自游鱼生态科技有限公司,91460000MAA938B44F,142
6358,海南自然岛生态科技有限公司,91460000MABTA4DG2C,142
6359,海南自贸区鑫锋农业开发有限公司,91460000MA5TB07E1T,142
6360,海南自贸区沃佳实业有限公司,91460200MA5RC0AK3N,142
6361,海南自贸区荣升健康养老集团有限公司,91440400321648713A,142
6362,海南自贸区南点创客科技有限公司,91460000MA5TAFRD64,142
6363,海南自贸区君来商务服务有限公司,91460200MA5T22XE31,142
6364,海南自贸区橘红网络科技有限公司,91460000MA5TAX285E,142
6365,海南自贸区京东智谷投资有限公司,91460200798724090W,142
6366,海南自贸区建投商贸有限公司,91460000MA5T8GYG7E,142
6367,海南自贸区爱在心中国际贸易有限责任公司,91460300MA5TA1A978,142
6368,海南紫钻农业科技有限责任公司,91460000MAEA57WX14,142
6369,海南紫竹林国际贸易有限公司,91460000MAE0MEBL22,142
6370,海南紫薇数据科技有限公司,91460000MAEP31NW2T,142
6371,海南紫外线文化传媒有限公司,91460000MA5TADNQ1G,142
6372,海南紫苏香科技有限公司,91210102MA0P45J65L,142
6373,海南紫升农业科技有限责任公司,91460000MAE9DD3J1H,142
6374,海南紫奇奇国际贸易有限公司,91469030MA5TJQUE21,142
6375,海南紫奇林科技有限公司,91460000MA5TJQPF93,142
6376,海南紫禾纤纤农业科技有限公司,91460200MADMRJA031,142
6377,海南梓州生物科技有限公司,91460000MACY9K6R23,142
6378,海南梓兴商贸有限公司,91460000MAC0LDAA4W,142
6379,海南梓瑞尔国际贸易有限公司,91460000MACHY13J79,142
6380,海南梓磐投资有限公司,91460000MABWGCAN8H,142
6381,海南子越投资股份有限公司,91460000MAER5F7MXU,142
6382,海南子懿传文化传媒有限公司,91460000MA5TQJHK85,142
6383,海南子欣建设投资集团有限公司,91460000MACME18C7X,142
6384,海南子何为酒店管理有限公司,91460200MA5T27L49A,142
6385,海南子航项目管理有限公司,91460000MADFDCPH6K,142
6386,海南子都皓海贸易有限公司,91460106MAD79ACD6T,142
6387,海南资化海纳材料科技有限公司,91460000MADF8J1D2T,142
6388,海南茁壮通信工程有限公司,91460000MA5TDRGRX4,142
6389,海南灼建实业有限公司,91460000MAA92CXX7X,143
6390,海南卓云企业重组咨询有限公司,91469036MA5TP5JC1W,143
6391,海南卓越华廷科技有限公司,91460108MADA9M0B92,143
6392,海南卓源广纳能源有限公司,91460000MA5TH12X0G,143
6393,海南卓誉农业有限公司,91460000MAEHWQPK6U,143
6394,海南卓宇旅游发展有限公司,91460000MACA7D5038,143
6395,海南卓耀寰宇国际贸易有限公司,91460000MAE8T4WP78,143
6396,海南卓焱网络科技有限公司,91460108MADHY2A94L,143
6397,海南卓鑫达商贸有限公司,91460000MAEFQL5U2G,143
6398,海南卓炜碳博材料科技有限公司,91460000MAE6UJT83Q,143
6399,海南卓旺国际贸易有限公司,91460100MA5TWUJF29,143
6400,海南卓廷会计服务有限公司,91460106MADW1N171M,143
6401,海南卓时国际贸易有限公司,91460000MACKW5AB9J,143
6402,海南卓燃能源科技服务有限公司,91460000MAEXT2XJ1X,143
6403,海南卓然卓尔科技有限公司,91460000MAD5R77Y4Y,143
6404,海南卓立企业管理咨询合伙企业（有限合伙）,91460000MAE3MTX47M,143
6405,海南卓锂科技投资合伙企业（有限合伙）,91460000MACQP2NA2G,143
6406,海南卓昊石油化工有限公司,91460000MA5TURN81A,143
6407,海南卓丰项目管理有限公司,91460107MAA93GN934,143
6408,海南卓凡国际贸易有限公司,91460108MACL4A4N0M,143
6409,海南卓鼎力石化贸易有限公司,91460000MA5TUB4F4F,143
6410,海南卓大建筑工程有限公司,91460000MADJ9YBT7N,143
6411,海南卓川建筑工程有限公司,91460200MA5T3B3D48,143
6412,海南准一科技有限公司,91460200MA5T4D1KXN,143
6413,海南著泽投资有限公司,91460000MACF8K4Q9X,143
6414,海南筑优投资有限公司,91460108MADNA7830W,143
6415,海南筑荣上品科技有限公司,91460000MAD7X9RL5G,143
6416,海南筑美隆科技有限公司,91460000MAK20BMX59,143
6417,海南筑港科技有限公司,91460000MACGUUYA7C,143
6418,海南助成医疗科技服务有限公司,91460000MABMTWGG53,143
6419,海南主流投资有限公司,91460108MADCR9GEX8,143
6420,海南主流水融商务咨询服务有限公司,91460107MADFKRR09D,143
6421,海南主流菁华工程管理咨询有限公司,91460000MAA93EQ46T,143
6422,海南逐梦星河科技有限公司,91460000MAEW4HHC6J,143
6423,海南逐丰农业科技发展有限公司,91460106MADMQFQ33P,143
6424,海南猪生生科技有限公司,91460000MAETK6HG3W,143
6425,海南宙合文化传媒有限公司,91469034MA5U0ERR40,143
6426,海南宙昶产业发展有限责任公司,91460108MA5U0L1P1Q,143
6427,海南舟顺船务有限公司,91460000MA5TC7074F,143
6428,海南洲镇四方科技有限公司,91460108MA5TLHXY1H,143
6429,海南洲钰科技有限公司,91460000MACC7R9T6Y,143
6430,海南洲洋农业发展有限公司,91460000MA5TUGTT1J,143
6431,海南洲亚致卓储能科技有限公司,91460000MAD79Y1H4Y,143
6432,海南洲熙科技有限公司,91460000MAD5QG4L89,143
6433,海南洲拓海洋科技有限公司,91460000MACRFTPM3N,143
6434,海南洲明科技有限公司,91460106MA5TPGB375,144
6435,海南洲佳国际供应链管理有限公司,91460000MADA4B503Q,144
6436,海南洲盛建筑劳务有限公司,91460000MA7NJ59B5U,144
6437,海南周到商贸有限公司,91460000MAEA19XT9Y,144
6438,海南重山科技有限公司,91460000MA5TX1EJX0,144
6439,海南重达成信息咨询有限责任公司,91460000MABLTNB66H,144
6440,海南重八投资有限公司,91460000MAD98WM42U,144
6441,海南众志承生物科技有限公司,91460000MABLT7L23T,144
6442,海南众泽恩林企业管理有限公司,91460000MAD52TRC5W,144
6443,海南众悦鑫文化传媒有限公司,91460000MADA5L1D7L,144
6444,海南众源祥食品科技有限公司,91460000MABMKFLA26,144
6445,海南众誉达广告装饰工程有限公司,91460000MA7G8NN902,144
6446,海南众育农业科技有限公司,91460000MACL4W7B1P,144
6447,海南众赢科技有限责任公司,91460000MACF3QC14H,144
6448,海南众义人力资源有限公司,91460200MA5T7MRF5H,144
6449,海南众业科技有限公司,91460200MA5T2DRT8M,144
6450,海南众垚项目管理有限公司,91460000MADC4QQY86,144
6451,海南众研农业科技有限公司,91460000MAE8KTAW3K,144
6452,海南众兴南繁科技服务有限公司,91469002MA5TT9EY2P,144
6453,海南众信联盟房地产营销策划有限公司,91460200MA5RGUN81B,144
6454,海南众鑫旺商贸有限公司,91460000MABQ61DP3W,144
6455,海南众维科技有限公司,91460000MAC99QPG7P,144
6456,海南众为信息科技有限公司,91460200324058014E,144
6457,海南众泰合盈投资有限责任公司,91460107MADN568R7W,144
6458,海南众思瑞医疗科技有限公司,91460000MABYQT6E15,144
6459,海南众声源电子智能化工程有限公司,91460200MA5T5R1MX7,144
6460,海南众上善健康管理科技有限责任公司,91460000MAD20B7X7T,144
6461,海南众嵘科技有限公司,91460000MAK10PTY5T,144
6462,海南众谦堂文化科技服务有限责任公司,91469035MA5TWJKJ1Y,144
6463,海南众沐科技有限责任公司,91460000MAE7ELX533,144
6464,海南众力建筑材料科技有限公司,91460000MAA8YE5N60,144
6465,海南众铠汽车租赁有限公司,91460200MA5T4T7X80,144
6466,海南众聚鑫农业科技有限公司,91460108MADWYEFF11,144
6467,海南众吉特新型建筑材料有限公司,91460000MAE5LJMR48,144
6468,海南众恒电器有限公司,91460200MA5T68LR1D,144
6469,海南众鹤国际贸易有限责任公司,91460106MAA9ANGR3M,144
6470,海南众禾尚易实业有限公司,91460000MA7FH4UWXW,144
6471,海南众合信建材有限公司,91460000MAEH5U170K,144
6472,海南众合同达企业管理咨询合伙企业（有限合伙）,91460107MAA9AH4Y8G,144
6473,海南众合和生物科技有限责任公司,91460000MAER0WTM91,144
6474,海南众昊建材贸易有限公司,91460000MA5TPWEB53,144
6475,海南众丰生态农业发展有限公司,91460000MA7DP43X8X,144
6476,海南众铖智能科技有限公司,91460000MACFHFKJ9M,144
6477,海南众诚优晟科技有限公司,91460000MACUDRJJ72,144
6478,海南众程商贸有限公司,91460000MA5U0HHX81,144
6479,海南众邦税务师事务所有限公司,91460106MAA9AGX44H,145
6480,海南仲亚能源贸易有限公司,91460106MADC9CAW9K,145
6481,海南仲德医疗器械有限公司,91460000MAA96FQK6Q,145
6482,海南种源科技有限公司,91460000MA5U1APW74,145
6483,海南种都种业科学研究有限公司,91460000MAE9KRXL5Q,145
6484,海南钟源投资有限公司,91460108MADGHBN8XY,145
6485,海南钟城进出口贸易有限公司,91460000MAE7Q2P138,145
6486,海南忠悦盛安装工程有限公司,91460000MAE90YHT98,145
6487,海南忠意农业科技有限公司,91460000MAA99JFC8H,145
6488,海南忠森科技股份有限公司,91460000MAA922990R,145
6489,海南忠海科技有限公司,91460000MACF776C65,145
6490,海南忠成财务咨询有限公司,91460000MA5TW7XB6A,145
6491,海南中洲旅人旅游发展有限公司,91469028MA5TXE0P5B,145
6492,海南中州文化传媒有限公司,91460000MA5U0QLJ3R,145
6493,海南中智龙星农业科技有限公司,91460000MA7MA0KU7N,145
6494,海南中智建材有限公司,91460200MA5RC1JF24,145
6495,海南中志宏项目管理有限公司,91460000MACLXA1H08,145
6496,海南中之林仿生科技有限公司,91460106MAA9A165X1,145
6497,海南中正达利工程咨询管理有限公司,91469007MA5U2XYX0W,145
6498,海南中泽能源工程有限公司,91469035MA5TJWB46D,145
6499,海南中圆租赁服务有限公司,91460000MACNBT623U,145
6500,海南中圆鑫诚物流服务有限公司,91460000MACHJW6E8F,145
6501,海南中园新能源有限公司,91460000MA5U1F4059,145
6502,海南中油力威投资发展有限公司,91460000MA5U2DJB0X,145
6503,海南中优正进出口贸易有限公司,91460200MA5T4J2L0P,145
6504,海南中盈恒业投资有限公司,91460000MAE85YRM1U,145
6505,海南中亿聚胜国际贸易有限公司,91460100MA5TX5BU1K,145
6506,海南中亿丰实业有限公司,91469001MA5TLRM19X,145
6507,海南中以农业技术有限公司,91460200MA5RC91QXA,145
6508,海南中仪盟科技有限公司,91460000MAE52JLL55,145
6509,海南中扬云烁科技有限公司,91460000MAEW8HQQXW,145
6510,海南中延升星科技有限公司,91460000MACWDETU7U,145
6511,海南中秀建筑工程有限公司,91469030MA5TJKLN2D,145
6512,海南中星未来宇航科技产业有限公司,91460000MA5TJ5QW7N,145
6513,海南中星未来私募投资基金合伙企业（有限合伙）,91460000MAA97D453Q,145
6514,海南中星融泰私募基金管理有限公司,91460000MAA91HT69P,145
6515,海南中鑫投资有限公司,91460000MACYFU2W8A,145
6516,海南中鑫特国际贸易有限公司,91460000MAG1P54W46,145
6517,海南中芯卫国科技合伙企业（有限合伙）,91469006MABTD1F45C,145
6518,海南中芯寰岛科技有限公司,91460108MAC7KDT12B,145
6519,海南中新国联智慧科技有限公司,91460000MA5U13349D,145
6520,海南中熹投资合伙企业（有限合伙）,91469031MADNDG073Q,145
6521,海南中韦达投资合伙企业（有限合伙）,91460000MAEWYWE462,145
6522,海南中为志达咨询有限公司,91460000MA7FUK4L9X,145
6523,海南中万投资控股有限公司,91460000MA5TWCJ51A,145
6524,海南中万启航管理服务有限公司,91460108MA5TQF5FX1,146
6525,海南中万启盛管理服务有限公司,91460000MA5TQAYM87,146
6526,海南中同新能源科技有限公司,91460000MA5TXLG79B,146
6527,海南中天宇泰商贸有限公司,91460000MAA8Y24171,146
6528,海南中天极乐传承文化艺术品有限公司,91460000MADN43U61T,146
6529,海南中唐汇海行国际旅行社有限公司,91460106MA7GW50H1C,146
6530,海南中泰新材料有限公司,91460000MAA8Y0CQ7P,146
6531,海南中泰聚安投资有限公司,91460000MACPUGF714,146
6532,海南中泰捷安科技有限公司,91460000MACL8CG49P,146
6533,海南中太宇航国际贸易有限公司,91460000MAK2GBUL5X,146
6534,海南中拓恒业科技发展有限公司,91460000MA5U2C0X7Q,146
6535,海南中数文科技有限公司,91460000MAA97TUW31,146
6536,海南中枢贸易有限责任公司,91460000MA5TPM607X,146
6537,海南中润信德信用评级认证有限公司,91210245MA0QCLU98F,146
6538,海南中润康达科技有限公司,91460000MACFRNECXH,146
6539,海南中全通物流有限公司,91460105MADT38X996,146
6540,海南中趣智发人工智能有限公司,91611104MAB2R2JU8J,146
6541,海南中趣云海科技有限公司,91460000MAD6408W0K,146
6542,海南中擎展工程管理咨询有限责任公司,91460000MADJN4LX8Q,146
6543,海南中旗汇鑫工程造价咨询有限公司,91460000MABYMW7K3D,146
6544,海南中农五丰健康产业开发有限公司,91460000MAA8YKFN6W,146
6545,海南中农富建设投资有限公司,91110000786644376R,146
6546,海南中能旭力新能源科技有限公司,91460000MA5TKHG18Y,146
6547,海南中能润通达石化有限公司,91460000MA5TLC8Y96,146
6548,海南中南和泰农业科技有限公司,91460200MA5REHYY8D,146
6549,海南中沐国际贸易有限公司,91460000MACBC4NF4K,146
6550,海南中梦生物科技有限公司,91460000MACAMAG07R,146
6551,海南中盟产业发展有限公司,91460108MACNW94P9A,146
6552,海南中贸建材有限公司,91460200MA5RC23G14,146
6553,海南中曼国际贸易有限公司,91460000MACRE7RE50,146
6554,海南中论会展服务有限公司,91460200MA5TXMPX1J,146
6555,海南中瓴智慧科技有限公司,91460000MA5TXC013X,146
6556,海南中琅科技有限责任公司,91460000MAA936JT4F,146
6557,海南中榔进出口贸易有限公司,91460000MAEF67X161,146
6558,海南中澜石化有限公司,91460000MA5U05891W,146
6559,海南中兰宝鼎投资有限公司,91460000MAE0L4N98P,146
6560,海南中科智联科技有限公司,91460000MA5TJCGR16,146
6561,海南中玖达商贸有限公司,91460000MAC2LF6Y28,146
6562,海南中景石油有限公司,91460000MA5U2KAF5F,146
6563,海南中金佰悦国际贸易有限公司,91460000MA5TK2GX9J,146
6564,海南中教融媒科技有限公司,91460000MA5U0LXQ36,146
6565,海南中疆品牌管理有限公司,91460000MACY7J173G,146
6566,海南中健智荣信息技术有限公司,91460000MABNLA9Y5U,146
6567,海南中检科医药科技有限公司,91469007MA5TMWMK32,146
6568,海南中济安生物科技有限责任公司,91460108MADGCE420P,146
6569,海南中吉源业信息科技有限公司,91460000MACNGECCXQ,147
6570,海南中汇星耀科技有限公司,91460000MAEHEENY70,147
6571,海南中汇浩科技有限公司,91110400MA04BAWE6X,147
6572,海南中鸿熹宝投资有限责任公司,91460000MAERLFRH3H,147
6573,海南中禾新质数字科技有限公司,91460204MADECQW89G,147
6574,海南中和一诺信息科技有限责任公司,91460000MA5TWB4F5A,147
6575,海南中和恒科技有限公司,91460000MACWK9AD1A,147
6576,海南中合佳源科技管理有限公司,91469007MA5RD7609K,147
6577,海南中关信华生态科技有限公司,91460000MAEA2FBN1Y,147
6578,海南中谷云创新材料有限公司,91460000MADAC0TU5G,147
6579,海南中谷生物科技有限公司,91460000MAE6LTA48W,147
6580,海南中莆孝投资有限责任公司,91460000MACJQNYY5L,147
6581,海南中莆安国际贸易有限公司,91460000MACK2YN15B,147
6582,海南中浮环保科技有限公司,91410182MA9FTH4K0G,147
6583,海南中发石油化工有限公司,91460000MA5U1YHXXP,147
6584,海南中恩投资发展有限公司,91469002MA5TMJFN82,147
6585,海南中驮旺达进出口贸易有限公司,91460000MACW13XA3J,147
6586,海南中鼎双胜劳务服务有限公司,91460200056385077P,147
6587,海南中迪商贸有限公司,91460000MACMUM7589,147
6588,海南中大之星投资有限公司,91460000MADAU18FXK,147
6589,海南中大博瑞农业生物科技有限公司,91460000MAD41GRW71,147
6590,海南中船蓝泰海洋工程有限公司,91460200MA5T6N3X7Q,147
6591,海南中诚汇鑫投资管理企业（有限合伙）,9151010058498054X0,147
6592,海南中诚安实业有限公司,91460200MA5RDG6R4L,147
6593,海南中承晟大商贸有限公司,91460000MACMKXL36N,147
6594,海南中测安普生物科技有限责任公司,91460000MA7NHUPM4R,147
6595,海南中财置业顾问有限公司,91460000MACPPP7M0M,147
6596,海南中财投资有限公司,91460000MA7LFEY56L,147
6597,海南中财科创投资合伙企业（有限合伙）,91460000MAD3WNBY9K,147
6598,海南中铂装饰工程有限公司,91460000MACTDEBF75,147
6599,海南中柏帆建设项目管理有限公司,91460000MAD2K1PG4R,147
6600,海南中宝实业有限公司,91460000MA5TL4CM4A,147
6601,海南中邦兆业投资有限公司,91460000MAC649TB5J,147
6602,海南中邦百顺农业科技有限公司,91460000MA5TGFP50C,147
6603,海南中安和工程建设管理有限公司,91460000MAC4A7NU8G,147
6604,海南中安迪晶生物科技有限公司,91460000MAD02JXF63,147
6605,海南质康生物科技有限公司,91460000MAG12G7KX8,147
6606,海南质合生物科技有限公司,91469028MADW048958,147
6607,海南致远蓝谷科技孵化器有限公司,91460108MAD4CBNP0Y,147
6608,海南致远方略科技成果转化有限公司,91460108MAA9AA2X80,147
6609,海南致语商务服务有限公司,91460000MAD0YQUB8X,147
6610,海南致泰机械设备有限公司,91460000MADEL0UP34,147
6611,海南致胜建筑工程有限公司,91460000MAEXWWR06F,147
6612,海南致青春文化传媒有限公司,91460000MADMMNEY01,147
6613,海南至正国际进出口有限责任公司,91460000MAC8K5EQ0Q,147
6614,海南至臻家养老服务有限公司,91460000MADBEE6N1L,148
6615,海南至元科技有限公司,91460108MACJRQP70L,148
6616,海南至欣科技有限公司,91460000MACNU9C8XM,148
6617,海南至上科技有限责任公司,91460000MA5TXXM459,148
6618,海南至博业贸易有限公司,91460000MABYN8N87T,148
6619,海南智耘农业贸易有限公司,91460000MAK2E2437F,148
6620,海南智云数字科技有限公司,91460000MAE3DPW40N,148
6621,海南智玉农业信息咨询合伙企业（有限合伙）,91460200MA5TGLWK42,148
6622,海南智渔科技服务有限公司,91460000MAA93PYC2R,148
6623,海南智佑工程服务有限公司,91460107MADWNC3J28,148
6624,海南智勇商贸有限公司,91460000MADYBYUF8P,148
6625,海南智亿投资有限公司,91460000MADC13C1X6,148
6626,海南智伊科技有限公司,91460106MADEKGHW6H,148
6627,海南智迅信息科技有限公司,91469030MA5TKKEG69,148
6628,海南智迅供应链管理有限公司,91460000MA5TX6C99H,148
6629,海南智信诚业科技有限公司,91460000MAEX30WR35,148
6630,海南智信成建筑工程有限公司,91460000MA5T8WLL9N,148
6631,海南智晓新能源开发有限公司,91469001MAA8YMXJ3B,148
6632,海南智骛智能科技有限公司,91410100MA3XBACH5T,148
6633,海南智维实业股份有限公司,91460200MA5RCENHXE,148
6634,海南智为创新投资合伙企业（有限合伙）,91460204MA7KYXN859,148
6635,海南智税云创科技有限公司,91460000MAEMLKTJ1L,148
6636,海南智数创投合伙企业（有限合伙）,91469006MADLWYFE7F,148
6637,海南智守医疗科技有限公司,91460000MAE2G7A20F,148
6638,海南智守商业咨询有限公司,91460000MAE1GYC50H,148
6639,海南智守明蹊医疗商业运营合伙企业（有限合伙）,91460000MAE2D6Y24Y,148
6640,海南智守明德商业运营合伙企业（有限合伙）,91460000MAE0J7H89K,148
6641,海南智融信达信息技术有限公司,91460000MA7JDKFR9W,148
6642,海南智趣工场文化有限公司,91460000MACFHGBB98,148
6643,海南智谱科技有限公司,91460000MAD55146XC,148
6644,海南智鹏商贸有限公司,91460000MAD7EW9U3U,148
6645,海南智欧新能源科技有限公司,91460107MADKF84B8Y,148
6646,海南智农科技有限公司,91460000MA5TJCBE3L,148
6647,海南智侬科技有限公司,91460000MABPP1HM7Y,148
6648,海南智能侠广告有限公司,91460000MABLXRK319,148
6649,海南智能农舍科技有限公司,91460000MADAF8C77K,148
6650,海南智能空建科技有限公司,91460000MAEUH0PQ42,148
6651,海南智联优筑实业有限公司,91460100MA7MBTNK9E,148
6652,海南智联汇创文化传播有限公司,91460000MAD411RL69,148
6653,海南智康未来生物科技有限公司,91460000MAK127047E,148
6654,海南智蕈生物科技有限公司,91460000MAEB5UTR7A,148
6655,海南智晶科技有限公司,91460100MA5TULA74F,148
6656,海南智慧海事科技有限公司,91460000MA5TYPEC30,148
6657,海南智会环保科技有限公司,91460000MA5TXH0L0C,148
6658,海南智寰科技有限公司,91460000MAEJKH4C9C,148
6659,海南智灏科技有限公司,91460200MACFFHAQ7U,149
6660,海南智国供应链管理有限公司,91460000MACWMF404Y,149
6661,海南智感科技有限公司,91460000MABMUKGJ2J,149
6662,海南智丰生物技术有限公司,91460000MAC2H4BE93,149
6663,海南智尔商贸有限公司,91460000MAA90C065U,149
6664,海南智铎教育咨询服务有限公司,91460200MA5T6Q3H4H,149
6665,海南智多猩科技有限责任公司,91460000MAEUR18F3M,149
6666,海南智地科技有限公司,91460000MADFTHCM5Y,149
6667,海南智地汇水科技有限公司,91460100MA5T3ALL1A,149
6668,海南智得升实业有限公司,91460000MAA8YURB1L,149
6669,海南智达投资有限公司,91460106MAA9APJB76,149
6670,海南智存科技有限公司,91460000MACL8EGL34,149
6671,海南智诚联盟广告传媒有限公司,91460200MA5RCWE96N,149
6672,海南智诚合晟体育有限公司,91460000MAC9BWG65U,149
6673,海南智诚国际贸易有限公司,91460000MACB69EN30,149
6674,海南智城科技发展股份有限公司,91460000056386803E,149
6675,海南智辰网络科技有限公司,91460000MAE801XTX6,149
6676,海南智宸美容美发用品有限公司,91460000MAD7A1HG3U,149
6677,海南智巢数通技术发展有限公司,91610138MAB0WW0GXU,149
6678,海南智财通发展有限公司,91460000MAA93XC30F,149
6679,海南智博教育集团有限公司,91460200MA5T6G9H5W,149
6680,海南志远海洋工程有限公司,91460000MAEM8UTJ87,149
6681,海南志祥庭建筑工程有限公司,91460000MAK1646A83,149
6682,海南志敏燃料有限公司,91460000MA5U1LYTX6,149
6683,海南志江投资发展有限公司,91460000MAE76DEN42,149
6684,海南志合物流科技有限公司,91460000MA5TUJTTXP,149
6685,海南志登建筑工程有限公司,91460108MACHN9QC82,149
6686,海南志德企业管理有限公司,91460000MAD33JX366,149
6687,海南志诚优达进出口贸易有限责任公司,91460000MACJE3E937,149
6688,海南志城实业有限公司,91460000MA5TXLX26N,149
6689,海南纸上谈兵工程技术有限公司,91460000MA5TKEL46W,149
6690,海南祉猷软件开发有限公司,91460000MACLP9PAX2,149
6691,海南指南帮科技有限公司,91460200397984537Q,149
6692,海南职招天下科技有限责任公司,91460000MACWG7TP30,149
6693,海南职无双人力资源股份有限公司,91460000MA5U228P5H,149
6694,海南职无双农业服务有限公司,91460000MAK0EPHKXG,149
6695,海南直播网络科技有限公司,91460000MAA8YN5K6N,149
6696,海南植氧净科技有限公司,91460000MAEP94GM75,149
6697,海南织命同创投资合伙企业（有限合伙）,91460000MACX8RYL4D,149
6698,海南织命旅途信息科技有限公司,91460000MACWD2J21B,149
6699,海南织梦同创企业管理咨询合伙企业（有限合伙）,91460000MACW4UTP0A,149
6700,海南知崖商务服务有限公司,91460000MADCRQPX95,149
6701,海南知新睿科科技有限公司,91460000MAECEY5UX7,149
6702,海南知遂环保科技有限公司,91460106MAD9236Q9R,149
6703,海南知其白实业有限公司,91460000MA5TGFFB6P,149
6704,海南知木投资有限公司,91460105MADUMM905T,150
6705,海南知博技术服务有限公司,91460000MAD3H2F4XP,150
6706,海南知帮科技有限公司,91110111MA001KFC07,150
6707,海南之达科技有限公司,91460000MAD1QKYT1Q,150
6708,海南郑科农业科技有限公司,91460000MA5T8BFQ44,150
6709,海南正中和新能源科技有限公司,91460000MACAP7E61U,150
6710,海南正展信息科技有限公司,91410102MA9LNJ7G57,150
6711,海南正则企业管理咨询合伙企业（有限合伙）,91460205MA5U1R432X,150
6712,海南正越企业管理合伙企业（有限合伙）,91469025MA5U28AP4U,150
6713,海南正悦轩餐饮服务有限公司,91460000MA5TFMHH1D,150
6714,海南正沅康投资发展有限公司,91460107MADK4Y4GXY,150
6715,海南正沅康健康科技有限公司,91460105MADMR4Y72L,150
6716,海南正元智能科技有限公司,91460000MAG05HE250,150
6717,海南正元商贸有限公司,91460000MADHG20N7D,150
6718,海南正宇软件技术开发有限公司,91460000MA5TYBEE15,150
6719,海南正弦大数据有限公司,91460100MA5TXYUF9F,150
6720,海南正夏科技有限公司,91460000MAA9226T5R,150
6721,海南正卫安保服务有限公司,91460200MA5RD7LF72,150
6722,海南正通大投资合伙企业（有限合伙）,91469031MADPX25K4X,150
6723,海南正堂投资管理有限公司,91460200MA5RCCEF0N,150
6724,海南正身堂健康科技有限公司,91460000MAELW1ED4X,150
6725,海南正强海运有限公司,91460000MABTH0MF9P,150
6726,海南正明电力有限公司,91460106MAA9A57H5M,150
6727,海南正利科技有限公司,91460108MA5TX6BC7H,150
6728,海南正久商业咨询有限责任公司,91460000MA5TW4HP0A,150
6729,海南正杰鼎盛劳务服务有限公司,91460000MAE60ULP8M,150
6730,海南正光伟业房地产营销有限公司,91460200MA5REJ72X6,150
6731,海南正风科技有限公司,91460000MAG12A6F6U,150
6732,海南正锋华工程有限公司,91460000MAEXXGT6XK,150
6733,海南正诚积建贸易有限公司,91460000MAA9420L2P,150
6734,海南正百能源有限公司,91460000MA5U2H481B,150
6735,海南政培教育培训有限责任公司,91460000MAA98X5L00,150
6736,海南政翰食品科技有限公司,91460105MADB9HK46P,150
6737,海南政成投资控股有限公司,91460000MAE78CFL2P,150
6738,海南政博投资有限公司,91460000MAE78YT855,150
6739,海南铮载祥广告有限公司,91460000MABP2GG30T,150
6740,海南震腾实业有限公司,91460000MAA98W3T0K,150
6741,海南震腾贸易有限公司,91460000MACDBQYT5D,150
6742,海南振忠进出口贸易有限公司,91460000MAEHC5584Y,150
6743,海南振溢房地产营销策划有限公司,91460200MA5T3D1Q3K,150
6744,海南振学科技有限公司,91460000MAEFNNTB9U,150
6745,海南振星咨询服务有限公司,91460000MAEPJ97Q09,150
6746,海南振通凯翔中医文化有限公司三亚崖州分公司,91469034MADQBYT28W,150
6747,海南振通凯翔中医文化有限公司三亚第一分公司,91460000MAEQ65N5XD,150
6748,海南振荣进出口贸易有限公司,91460200MA5T56QM1R,150
6749,海南振澜实业有限公司,91460000MAC2YDJ61F,151
6750,海南振嘉建筑有限公司,91460200MA5T1JFT2N,151
6751,海南贞泰国际贸易有限公司,91460000MAEWTC0P7N,151
6752,海南臻智教育科技有限公司,91460000MAC32LJ19F,151
6753,海南臻元科技有限公司,91460000MAEND0GG7F,151
6754,海南臻宇投资有限公司,91460108MADHEEUR2A,151
6755,海南臻映管理咨询有限公司,91460000MADD2DPF0U,151
6756,海南臻翔信息技术有限责任公司,91460000MA5TXTJQ57,151
6757,海南臻品盛世国际贸易有限公司,91460000MAER340F7T,151
6758,海南臻集农业科技开发有限责任公司,91460000MACWAMHN95,151
6759,海南臻果田园农业科技有限公司,91460000MADXNWUF7Q,151
6760,海南臻观科技服务有限公司,91460000MAA91RU54N,151
6761,海南臻度投资有限公司,91460204MADQJXBAXC,151
6762,海南臻德生物科技有限公司,91460108MADQGXHQ2E,151
6763,海南臻成商贸有限公司,91460000MACKM49A78,151
6764,海南臻采贸易有限公司,91460000MAEU8DF20R,151
6765,海南真顺农业开发有限公司,91460105MAA99XYK28,151
6766,海南真品鲜餐饮管理有限公司,91460000MACYL8WA13,151
6767,海南真品惠供应链有限公司,91460000MACKANUPXW,151
6768,海南真的好家庭农场有限公司,91469001MADC12CP33,151
6769,海南真本旅游文化有限公司,91460200MA5T66B52A,151
6770,海南甄祯贸易有限公司,91460000MACTPUK35B,151
6771,海南甄玉萃食品贸易有限公司,91460000MAEHPQM721,151
6772,海南珍旺汽车服务有限公司,91460000MA5T9W105H,151
6773,海南珍妹房地产信息咨询有限公司,91460200MA5RJPXM26,151
6774,海南浙华数字科技有限公司,91460000MAK110G1X0,151
6775,海南者东科技有限公司,91460000MACLFURR4K,151
6776,海南喆喆屋网络科技有限公司,91460000MAE93ELX90,151
6777,海南哲瑞未来信息技术有限公司,91460000MAEFX1YK99,151
6778,海南哲科众鑫科技有限公司,91460000MAD215CWXN,151
6779,海南哲晟源投资有限公司,91460203MADQ4L8F7G,151
6780,海南赵旭文化创意有限公司,91460000MA7J2LND87,151
6781,海南赵胜农业有限公司,91460000MAA947YE59,151
6782,海南兆育生物科技有限公司,91460108MAD5MXD830,151
6783,海南兆升进出口贸易有限公司,91469033MA5TY6P38P,151
6784,海南兆森建设项目管理科技有限公司,91460000MA7K2XMQ1T,151
6785,海南兆福科技有限公司,91460000MA5TYAAM97,151
6786,海南兆孚科技股份有限公司,91460200MAD2FGW014,151
6787,海南兆达汽车旅游有限责任公司,91460000MAA90YE725,151
6788,海南兆晟商贸有限公司,91460100MA5TKJ732P,151
6789,海南爪哇金丝燕科技有限公司,91460000MAA9418J42,151
6790,海南找兔迪信息咨询有限责任公司,91460000MABWJ7877Y,151
6791,海南朝夕食光餐饮服务有限公司,91460100MADT1JEC1U,151
6792,海南朝广商贸易有限公司,91460107MADWFRKH1N,151
6793,海南昭翊投资中心（有限合伙）,91469036MAA8YCC90X,151
6794,海南昭翊国际贸易有限公司,91460000MA5U2ADH3B,152
6795,海南昭成商务咨询有限公司,91460108MACK49LR8J,152
6796,海南招商通服股权投资基金合伙企业（有限合伙）,91460000MAE2KG269A,152
6797,海南招商国金商业保理有限公司,91460000MACUXBJE12,152
6798,海南涨粉科技有限公司,91610139357100821J,152
6799,海南章马国际贸易有限公司,91460000MA5TW8W024,152
6800,海南章桦秧建材贸易有限公司,91460200MA5T2HBXX7,152
6801,海南章华企业管理咨询有限公司,91460000MA5U0C7L28,152
6802,海南漳鼎门窗工程有限公司,91460000MA5TWNBXXA,152
6803,海南樟依倾酒店管理有限公司,91460200MA5T2CJE1L,152
6804,海南彰昱科技有限公司,91460200MADPHRERXU,152
6805,海南战千里科技有限公司,91460100MA5T2XJR52,152
6806,海南展悦新能源有限公司,91460000MAENMXYK35,152
6807,海南展赢科技有限公司,91460000MAD8034A3F,152
6808,海南展逸投资有限公司,91460000MAK1QRA626,152
6809,海南展颜科技有限公司,91460000MAA99CMB5X,152
6810,海南展梦星程科技有限公司,91460000MAC4EK2B6X,152
6811,海南展冀物业服务有限公司,91469028MA5U0PM01H,152
6812,海南展会国际贸易有限公司,91460000MA5U04TQ1B,152
6813,海南展泓商贸有限公司,91460000MA7HECXG59,152
6814,海南展尘科技有限公司,92460000MACURPY59A,152
6815,海南展博仕公关策划有限公司,91460000MAE2891RXE,152
6816,海南展博工程机械租赁有限公司,91460000MA5TGALE50,152
6817,海南詹姆斯传媒有限公司,91460000MAC7K2H40W,152
6818,海南宅配机电设备有限公司,91460105MAA9A9M02Q,152
6819,海南宅乐乐房地产有限公司,91460000MAC07J3H75,152
6820,海南宅急民康医疗科技有限公司,91460000MABY0CKX85,152
6821,海南宅急民康生物科技有限公司,91460000MAC8QT779R,152
6822,海南宅地科技有限公司,91460000MA5TUN287M,152
6823,海南增氧工信创业投资基金合伙企业（有限合伙）,91460000MAA9209X13,152
6824,海南增新化工有限公司,91460000MA5TY28L6P,152
6825,海南泽臻进出口贸易有限公司,91460000MACA91BF2F,152
6826,海南泽跃生物科技有限公司,91460000MAEMBQN85E,152
6827,海南泽源节水灌溉工程技术有限公司,91460000MAEJWYPH5L,152
6828,海南泽遇能源科技有限公司,91460000MAG0986Q8G,152
6829,海南泽玉生物科技有限公司,91460000MADCM7RU8H,152
6830,海南泽祐投资有限公司,91460108MACDL34M9P,152
6831,海南泽祎教育咨询服务有限公司,91460108MACHH2109W,152
6832,海南泽冶投资有限公司,91460106MAD6UU0K5D,152
6833,海南泽耀能源有限公司,91460000MAE0QJW69X,152
6834,海南泽阳国际贸易有限公司,91460000MAC96BFD1F,152
6835,海南泽雅建筑工程有限公司,91460000MAE1TC4777,152
6836,海南泽顺国际贸易有限公司,91460000MACG3GW158,152
6837,海南泽润东方动物营养研发有限公司,91460000MAEUWWGR4T,152
6838,海南泽瑞装饰工程有限公司,91460000MA5TGA7B1N,152
6839,海南泽平华晟市政建设有限公司,91460108MA5U17J687,153
6840,海南泽农联科农业科技有限公司,91460000MAEN08BPXK,153
6841,海南泽农高科信息技术有限公司,91460000MA5TKTMC9T,153
6842,海南泽淼财务咨询有限公司,91460000MAD4NRTX8E,153
6843,海南泽科科创服务有限公司,91460107MAD71C2M8F,153
6844,海南泽郡商贸有限公司,91460000MADJNXPC04,153
6845,海南泽金项目管理有限公司,91460000MAEFCD5A09,153
6846,海南泽家科技有限公司,91460200MA5RDAPN6W,153
6847,海南泽帆浩科技有限公司,91460000MAD8TABL5K,153
6848,海南泽晨网络科技有限公司,91460200MA5T333KX2,153
6849,海南造种地带农业发展有限公司,91460000MACJG6H67N,153
6850,海南造浪八号游艇服务有限公司,91460105MA5U0LT3XD,153
6851,海南赞赏赋能数字科技有限公司,91460000MAET2HY537,153
6852,海南赞领科技有限公司,91460000MA5U19ER3A,153
6853,海南在线数字科技有限公司,91460000MA5TP5DD1W,153
6854,海南韵洋能源科技有限公司,91469001MA5U18E77T,153
6855,海南韵爱施贸易有限公司,91460200MA5T54EY8H,153
6856,海南运来再生资源回收有限公司,91460000MAC3EM5K3R,153
6857,海南运捷经贸有限责任公司,91460200MA5T65041G,153
6858,海南运红医疗科技有限责任公司,91469001MACYCNA79P,153
6859,海南运航贸易有限公司,91460000MA5TUPXG58,153
6860,海南运长农业科技有限公司,91460000MAC870WD48,153
6861,海南运昌铭医贸易有限公司,91460000MAG0GUE048,153
6862,海南蕴成农业科技有限公司,91460000MAEX0RNU82,153
6863,海南允盈投资有限公司,91460106MADTW7UB1W,153
6864,海南雲河实业有限公司,91460000MA7KWURF9U,153
6865,海南芸龙科技发展有限公司,91460000MAEU2TYH5D,153
6866,海南芸乐再生资源回收有限公司,91460105MAA9ALNF4K,153
6867,海南耘耔农业科技发展有限公司,91460000MAK2RK2P4F,153
6868,海南耘育农业科技有限公司,91460000MAEHL8BUXM,153
6869,海南云子科技有限公司,91460000MACXT39530,153
6870,海南云卓建筑工程有限公司,91460000MAEUAF7D68,153
6871,海南云珠企业管理有限公司,91460000MAELWREK2B,153
6872,海南云中帆游艇俱乐部有限公司,91460200MA5RFDX83C,153
6873,海南云智慧信息技术有限公司,91469036MA5TLHQH89,153
6874,海南云帧网络科技有限公司,91460000MAEDR20K06,153
6875,海南云越建筑材料有限公司,91460000MA5TWEBPXA,153
6876,海南云游数创科技有限公司,91460108MACHEG6R3E,153
6877,海南云游科技有限公司,91460000MABP5FGR0H,153
6878,海南云毅运输有限公司,91460000MAA910FT1A,153
6879,海南云易融科技有限公司,91460000MAA98BF7X3,153
6880,海南云涯空间科技有限公司,91460000MAEEQ3TW18,153
6881,海南云兴谦科技发展有限公司,91460000MAC170K486,153
6882,海南云飨餐饮有限公司,91469030MAA91QCF92,153
6883,海南云玮咨询策划合伙企业（有限合伙）,91460000MACEGUC82A,153
6884,海南云碳技术发展有限公司,91460000MAD92GYJ5H,154
6885,海南云拓文化科技有限公司,91460000MAK1AAXA80,154
6886,海南云水堂培训中心有限公司,91460000MAD09MA895,154
6887,海南云水间科技有限公司,91460000MAE2H0UT5D,154
6888,海南云时文化产业有限公司,91469005MA5TLGP50A,154
6889,海南云时空信息科技有限公司,91460000MAA960GH70,154
6890,海南云尚体育发展有限公司,91131023MA0D5L5M5T,154
6891,海南云尚海洋环境科技有限公司,91460106MAA96N8R00,154
6892,海南云上榴农业科技有限公司,91460000MAE78YRY56,154
6893,海南云上本草科技有限公司,91460000MAEXLWFJ58,154
6894,海南云山商贸有限公司,91460000MA5TKK9E83,154
6895,海南云睿国际商务服务有限公司,91460108MADXPEH70D,154
6896,海南云清教育科技有限公司,91460107MAA960DE3R,154
6897,海南云桥环保科技有限公司,91410100MA477BCL7R,154
6898,海南云千羽信息科技有限公司,91460000MAD8YRYY1Q,154
6899,海南云起建筑工程有限公司,91460000MACPLHET9U,154
6900,海南云启星合企业管理咨询合伙企业（有限合伙）,91460000MAEGT61WXB,154
6901,海南云鹏万佳贸易有限公司,91460000MAE0344A7U,154
6902,海南云梦医疗美容医院有限公司,91460200MA5T48K462,154
6903,海南云贸链科技有限公司,91460000MACDCAQ923,154
6904,海南云迈税务师事务所有限公司,91460000MAA93JTD20,154
6905,海南云鲤信息科技有限公司,91420111MA4K52320Y,154
6906,海南云境生物科技有限公司,91469036MADTPX302D,154
6907,海南云景睿居房地产有限公司,91460000MAC7AFBA2F,154
6908,海南云加管理咨询合伙企业（有限合伙）,91460000MADE39WP24,154
6909,海南云火柱投资发展有限公司,91460108MAA9ADJH3L,154
6910,海南云鸿途咨询服务有限公司,91460000MAD9EXHX3P,154
6911,海南云恒商贸有限公司,91460000MACEUHYG9B,154
6912,海南云禾科技有限公司,91460000MA5TMPD54G,154
6913,海南云合易投资合伙企业（有限合伙）,91469006MACYAKBY72,154
6914,海南云浩泽投资有限公司,91460000MAE8JGQY0U,154
6915,海南云海山城物业管理有限公司,91460200MA5RHUAM95,154
6916,海南云海广告有限公司,91460000MADM8JA26E,154
6917,海南云海创合投资合伙企业（有限合伙）,91469005MACJH0J18E,154
6918,海南云谷健康科技有限公司,91460000MAEHY99Q8T,154
6919,海南云根智能科技有限公司,91450200MA5QKMYQ84,154
6920,海南云凡盛世劳务有限公司,91460000MAEQ0QNQ6L,154
6921,海南云度科技创新中心（有限合伙）,91469031MA5TYRYG9C,154
6922,海南云道智造科技有限公司,91460000MAEF51T196,154
6923,海南云创净界科技有限公司,91460000MAK15YAB8Y,154
6924,海南云承瀚装饰工程有限公司,91460000MAEBBUN355,154
6925,海南云仓营销管理有限公司,91460000MAA911J458,154
6926,海南云仓酒庄有限公司,91460000MAA8Y9053L,154
6927,海南云仓供应链管理有限公司,91460000MAA911J61X,154
6928,海南阅川科技发展有限公司,91460108MACGA15Q50,154
6929,海南阅财科技有限公司,91460000MA5TKYDN58,155
6930,海南跃阳科创实业有限公司,91460000MA5TMJ6TXP,155
6931,海南跃轩科技有限公司,91469033MA5TXAE33A,155
6932,海南跃天装饰工程有限公司,91460200MA5RFBT15U,155
6933,海南跃浪来斯体育有限公司,91460108MADEDRHG7P,155
6934,海南跃泓新能源有限公司,91460000MA5TXW7H3R,155
6935,海南越洋咨询服务有限公司,91460100MACC9GET98,155
6936,海南越享科技合伙企业（有限合伙）,91460000MAEQ198P10,155
6937,海南越强保安服务有限责任公司,91460107MADJNQ2T4X,155
6938,海南越梦投资有限公司,91460108MADQFTKL4E,155
6939,海南越镁网络科技有限公司,91460000MAEPLDJH5C,155
6940,海南越枫凯投资有限公司,91460000MAEXC8X181,155
6941,海南越彩星华文化传媒有限责任公司,91460106MAD8Q1WD2Y,155
6942,海南粤豪石油化工有限公司,91460000MA5TWU0M9R,155
6943,海南粤海和众餐饮有限公司,91460000MAEDXDQC3Y,155
6944,海南玥晴沉香产业发展有限公司,91460000MACEJY2270,155
6945,海南玥宁祥悦科技有限公司,91460000MA7KXPG599,155
6946,海南玥珑汇实业投资股份有限公司,91460000MA5T84DG0H,155
6947,海南月神生物工程有限公司,91460000MAD87G5X1N,155
6948,海南悦源医疗科技有限公司,91460000MAC9FE1P8B,155
6949,海南悦源企业管理有限公司,91460000MAD1FQWX8L,155
6950,海南悦岩数字科技有限公司,91210112MA118LNP1Q,155
6951,海南悦翔优品电器有限公司,91460000MAEC6WL588,155
6952,海南悦吾贸易有限公司,91460000MA7H6F8XXH,155
6953,海南悦硕装饰工程有限公司,91460000MA5TWEFG13,155
6954,海南悦生和科技有限公司,91510100MADELJHAXP,155
6955,海南悦瓴管理咨询合伙企业（有限合伙）,91460000MAEN1GB457,155
6956,海南悦乐科技有限公司,91460000MAK0JCFF8F,155
6957,海南悦客进出口贸易有限公司,91460000MAA93EA28F,155
6958,海南悦君伊贸易有限公司,91460000MA5TQMP03R,155
6959,海南悦禾科技有限公司,91460000MAEPMG2P68,155
6960,海南悦达图广告有限公司,91460200MA5RJ8HK86,155
6961,海南悦达共创科技有限公司,91460000MAD5RBD80T,155
6962,海南悦川科技有限公司,91460000MADY7R3A4T,155
6963,海南悦诚农业科技合伙企业（有限合伙）,91469006MADJNHQN3W,155
6964,海南悦潮新能源科技有限责任公司,91460000MAC1K9484N,155
6965,海南悦潮科技有限公司,91460000MAD5GY5E1A,155
6966,海南岳能实业有限公司,91460200MA5RH3L72C,155
6967,海南岳东贸易有限责任公司,91460000MAD4DMLQ1Y,155
6968,海南远中金属科技有限公司,91460000MAE6A2TQ58,155
6969,海南远阳投资有限公司,91460000MADAPUHD2X,155
6970,海南远阳房地产经纪有限公司,91460200MA5RD90222,155
6971,海南远为管理咨询有限公司,91460204MAC8D6XK7B,155
6972,海南远探海洋工程服务有限公司,91460000MAE9KQ8T9W,155
6973,海南远思企业管理咨询合伙企业（有限合伙）,91469030MADXLX355M,155
6974,海南远南投资控股集团有限公司,91460000MACJT54J9M,156
6975,海南远明投资合伙企业（有限合伙）,91460000MAE1FPLQX2,156
6976,海南远领投资合伙企业（有限合伙）,91469002MA5U1ABJ1F,156
6977,海南远科农业科技有限公司,91460000MAE7HBWG68,156
6978,海南远景咨询管理有限公司,91460108MAA9A8HN69,156
6979,海南远方好种科技有限公司,91460000MAE7Q0BE59,156
6980,海南远达物流有限公司,91460000MA5TM5G16H,156
6981,海南远达国际贸易有限公司,91460000MACBEERH4E,156
6982,海南远程互联网医院有限公司,91460108MA5U1A7A20,156
6983,海南远翱投资有限公司,91460000MAEL4R138R,156
6984,海南袁创农业有限公司,91460000MACEEQBRXL,156
6985,海南缘顺能源技术有限公司,91460000MAECDXM39C,156
6986,海南缘如文化管理有限公司,91460000MADCW922XT,156
6987,海南缘融综合管理服务有限公司,91460000MA5TCKAD2Y,156
6988,海南缘景文旅有限公司,91460107MA7MLQX218,156
6989,海南源质生物科技有限公司,91460000MAK03YE87D,156
6990,海南源悦福科技有限公司,91460000MADC1XEM6T,156
6991,海南源缘圆咨询管理有限公司,91460106MAA90Q4P4K,156
6992,海南源源供应链管理有限公司,91460000MABU695B3L,156
6993,海南源益农农业科技有限公司,91460000MADK803F4N,156
6994,海南源杨贸易有限公司,91460107MAD9B3RT6J,156
6995,海南源头活水网络科技有限公司,91460000MAC9ELML2T,156
6996,海南源硕实业有限公司,91460000MAA90T7E1L,156
6997,海南源润科技有限公司,91460000MADHUGX38U,156
6998,海南源宁溟科技有限公司,91460000MA5TYDD73W,156
6999,海南源茂林业科技发展有限公司,91460000MAE19T3C9E,156
7000,海南源隆投资集团有限公司,91460000MACQ1F3F07,156
7001,海南源粮科技集团有限公司,91460000MA5T9GUA82,156
7002,海南源丽农业发展有限公司,91460000MAD235HU6A,156
7003,海南源坤置业有限公司,91460000MA5TMERK68,156
7004,海南源坤合创工程管理有限公司,91460000MACWAL448E,156
7005,海南源科企业管理咨询有限公司,91460000MA7J25D556,156
7006,海南源佳利贸易有限公司,91460000MA5TR4EA1P,156
7007,海南源宏财务咨询服务有限公司,91460000MA5TY1WH3M,156
7008,海南源汉实业有限公司,91460200MA5RDGE63B,156
7009,海南源晗综合能源服务有限公司,91230109MA1BY8Y96J,156
7010,海南源海石化有限公司,91460000MA5U09M080,156
7011,海南源发互动科技有限公司,91460000MAE14TNY96,156
7012,海南源成达贸易有限公司,91460000MA5TRCWM6U,156
7013,海南源昌科技中心（有限合伙）,91469031MACG3J2D0C,156
7014,海南源博春投资有限公司,91460000MACQRWAHXJ,156
7015,海南沅泽能源科技有限公司,91460200MADNAK1588,156
7016,海南垣昇科技有限公司,91460000MAK2MR0RX0,156
7017,海南圆萍澜酒店管理有限公司,91460200MA5T1UWF6J,156
7018,海南圆丰强农业科技有限公司,91460000MAD42YNF7F,156
7019,海南圆创广告装饰工程有限责任公司,91460000MAE7W2D28Y,157
7020,海南园野农业有限公司,91460000MABR4E9N7J,157
7021,海南园禾农业科技有限公司,91460000MAE3JDR303,157
7022,海南原子之芯企业管理合伙企业（有限合伙）,91469031MACQUM6F7Y,157
7023,海南原一商贸有限公司,91460000MAA8Y1W98D,157
7024,海南元兆贸易有限公司,91460108MAD6BH8G4D,157
7025,海南元毅成人工智能科技有限公司,91460000MAA91GKJ5Q,157
7026,海南元一数码科技有限公司,91460000MAD51CHW3W,157
7027,海南元勋物业服务有限公司,91460200MA5T4XEX3X,157
7028,海南元翔生物科技有限公司,91460000MA5TWY0BX3,157
7029,海南元湍网络科技有限公司,91460000MAEDLQJ6X1,157
7030,海南元宿传媒有限公司,91460000MA5U2HLP9E,157
7031,海南元视界科技有限公司,91460000MAD8YUEF7F,157
7032,海南元闰科技有限公司,91469025MADJP3NGXY,157
7033,海南元奇科技有限公司,91460000MAC6YJKK24,157
7034,海南元米电子商务有限公司,91460000MACN7H004T,157
7035,海南元聚禾科技发展有限公司,91460000MAEUJ7P79A,157
7036,海南元玖通实业投资股份有限公司,91460000MA5T84DC86,157
7037,海南元璟咨询有限公司,91460106MADWL6M43R,157
7038,海南元亨信泰电子科技有限责任公司,91460000MA5TKNAM8M,157
7039,海南元亨泰投资有限公司,91460105MADKYAGF6N,157
7040,海南元豪投资有限公司,91460000MAG065FQ0X,157
7041,海南元罡农业开发有限公司,91460000MAA91AX14H,157
7042,海南元方科技有限公司,91460000MAC2RLK88Q,157
7043,海南元成装配式建筑工程有限公司,91460000MAC6RNDD35,157
7044,海南驭种科技合伙企业（有限合伙）,91469033MACC76RA8F,157
7045,海南驭禾科技合伙企业（有限合伙）,91469035MACA0RL803,157
7046,海南钰淼投资有限公司,91460107MADA1A977Y,157
7047,海南钰和得环保科技有限公司,91460100MA5T20K86P,157
7048,海南钰富源农业发展有限公司,91469025MABYAF3K6K,157
7049,海南钰辰轩投资合伙企业（有限合伙）,91460000MAD4C9UA7C,157
7050,海南遇见你食品有限公司,91460000MAC6AP6K99,157
7051,海南豫信商贸有限公司,91460000MAE4NPM93M,157
7052,海南豫想琼思咨询服务有限公司,91460000MA5TW3CT9M,157
7053,海南豫能进出口贸易有限公司,91460000MAA96TWN75,157
7054,海南豫帆通投资实业有限公司,91460000MAC998JL06,157
7055,海南誉鹰管理服务有限公司,91469027MA5U2PHD7U,157
7056,海南誉森生态农业开发有限公司,91460200676057955A,157
7057,海南誉璞文化传播有限公司,91469034MA5U1N0J7M,157
7058,海南誉海体育用品有限公司,91460000MAD3XCQ95T,157
7059,海南誉鼎九合科技有限公司,91460000MAEDMCXW99,157
7060,海南裕泽熙农业科技有限公司,91460000MADJ6RXP9L,157
7061,海南裕轩良酒店管理有限公司,91460200MA5T2K7U8U,157
7062,海南裕顺惠农实业有限公司,91460000MA7GFCF47Q,157
7063,海南裕隆泽科技有限公司,91460000MAE9MX7C3R,157
7064,海南裕利美贸易有限公司,91460000MAE7WG2500,158
7065,海南裕九州农业科技开发有限公司,91460000MABPCKP68H,158
7066,海南裕见琼崖旅游发展有限公司,91469025MAC0JFK27N,158
7067,海南裕稼禾农业科技发展有限公司,91460000MAE9UMPN1D,158
7068,海南裕丰咨询服务有限公司,91460000MA5TRR871A,158
7069,海南裕丰和商贸有限公司,91469002MACBJD4464,158
7070,海南裕丰和科技合伙企业（有限合伙）,91460000MAEW068H8C,158
7071,海南裕恩科技有限公司,91469028MADM6RR090,158
7072,海南裕东环境工程有限公司,91460108MACUWB713D,158
7073,海南裕成科技有限公司,91460108MADKMN3787,158
7074,海南裕晨起重机械有限公司,91460000MA5TGFHT6J,158
7075,海南裕彩文化传媒有限公司,91460200MA5T28K29R,158
7076,海南育星教学设备有限公司,91460000MACU4KH003,158
7077,海南育丰商务服务有限公司,91460000MACTP50U0R,158
7078,海南玉智生物科技咨询合伙企业（有限合伙）,91460200MA5TGLWG1M,158
7079,海南玉之芯农业科技有限公司,91460000MADAQ56C14,158
7080,海南玉硕生物科技合伙企业（有限合伙）,91460000MAA919PD94,158
7081,海南玉平生物科技咨询合伙企业（有限合伙）,91460200MA5TUFUC6C,158
7082,海南玉盘科技合伙企业（有限合伙）,91460000MAEWUAE870,158
7083,海南玉莲生态农业有限公司,91460000MA5TX0E01F,158
7084,海南玉丰源生物科技有限公司,91460000MAD7GG0B8G,158
7085,海南玉丰盈贸易有限公司,91460000MAD78PP67F,158
7086,海南玉畅科技发展有限公司,91469034MADUPFR4XJ,158
7087,海南煜通科技资讯有限责任公司,91460000MACT738U8M,158
7088,海南煜龙园林工程有限公司,91460000MA5U0DAW4Y,158
7089,海南煜坤国际贸易有限公司,91460107MADFGGPL65,158
7090,海南煜合盛康生物科技有限公司,91460000MACB640U81,158
7091,海南煜高生物科技有限公司,91460000MACHG99B35,158
7092,海南煜盛科技有限公司,91460000MAA8YAJ066,158
7093,海南毓卉创汐投资有限公司,91460000MA5U184R7N,158
7094,海南昱正实业集团有限公司,91469027MACEWM5WX0,158
7095,海南昱星科技有限公司,91460000MAC77NGQ0F,158
7096,海南昱欣科技有限公司,91469002MAD7X14EX0,158
7097,海南昱熙网络科技有限公司,91460000MAE3F63L4A,158
7098,海南昱金国际投资控股有限公司,91460000MAETJ6TM3D,158
7099,海南御尊房地产有限公司,91460200MA5RHWE859,158
7100,海南御源贸易有限公司,91460000MADNLD714H,158
7101,海南御享世家生活服务有限公司,91460000MAEWUMTXXD,158
7102,海南御品科技有限公司,91460000MAE4EKNF60,158
7103,海南御金国际投资有限公司,91460000MAA92CHN36,158
7104,海南御风行建筑工程有限公司,91460000MAEP9GLA3T,158
7105,海南寓墅科技有限公司,91460000MAC3GYP6XK,158
7106,海南雨溪企业管理合伙企业（有限合伙）,91469033MADCGQLDX5,158
7107,海南雨甜农业科技有限公司,91460000MAD5XQA34X,158
7108,海南雨树科技有限公司,91460106MABQE0NN1B,158
7109,海南雨林照明有限公司,91460000MACU4XMD4U,159
7110,海南羽熙咨询服务有限公司,91460000MACGW4FC2B,159
7111,海南羽诺科技有限公司,91460000MAELCTCX2M,159
7112,海南羽澜投资有限责任公司,91460000MAE76X802N,159
7113,海南羽坤建筑劳务有限公司,91460000MAC0GY5E5K,159
7114,海南禹兴禾科技有限公司,91460000MAC9E8232N,159
7115,海南禹荣江亿供应链管理有限公司,91460000MABTFKA549,159
7116,海南禹帆科技有限公司,9111010858253698XH,159
7117,海南屿铭建筑装饰设计工程有限公司,91460000MA5TR53F52,159
7118,海南宇信科技有限公司,91469027MADMQX8M3C,159
7119,海南宇向贸易有限公司,91460000MAEA6HXK4Q,159
7120,海南宇彤荣泰投资有限公司,91210204MA112RPT0N,159
7121,海南宇山辉炎科技有限公司,91230109MA1F4YCC10,159
7122,海南宇骏咨询有限责任公司,91460000MAECP5Y340,159
7123,海南宇汇盛达贸易有限公司,91460106MAD4JUHWXN,159
7124,海南宇合投资合伙企业（有限合伙）,91460000MAK1UDJC2A,159
7125,海南宇航医疗科技有限公司,91460000MABMDK1Y7W,159
7126,海南宇航轻量化科技有限公司,91460000MAA95HWB0B,159
7127,海南宇福贸易有限公司,91460000MACGB3J025,159
7128,海南宇帆互动娱乐有限公司,91460000MABNYYMH5G,159
7129,海南宇恩海洋科技有限公司,91460000MAE820QB6B,159
7130,海南宇川科技有限公司,91460108MAD5FALX85,159
7131,海南宇驰特装新能源有限公司,91469001MAC8JY3YX5,159
7132,海南宇盛达科技发展有限公司,91460000MAA9068N9T,159
7133,海南宇博信纳科技发展有限公司,91460000MA5TKQ8K7K,159
7134,海南宇奥科技有限公司,91460300MA7KWJR57R,159
7135,海南宇安智能科技有限公司,91460000MADATAF51K,159
7136,海南予路文化传媒科技有限公司,91460000MAE7P46UXR,159
7137,海南鱼乐控股有限公司,91460000MABUQ68G4K,159
7138,海南鱼果文化科技有限责任公司,91460106MAA9ANHD55,159
7139,海南渝亚昊晟石化有限公司,91460000MA5TG97Y7M,159
7140,海南渔丰港供应链管理有限公司,91460000MAEFRRKP9D,159
7141,海南妤佳科技有限公司,91460000MAE3HD7LXG,159
7142,海南余建实业有限公司,91469028MA5TTHEY4D,159
7143,海南于远生物科技有限公司,91460000MAE2Q3G656,159
7144,海南右上角知识产权服务有限公司,91460105MA5TXBFJ3T,159
7145,海南侑靓车汽车配件有限公司,91460000MABMW3EX9C,159
7146,海南佑泰能投国际贸易有限责任公司,91460000MAK1GCA08N,159
7147,海南佑宁环境科技有限公司,91469006MADXXJ8703,159
7148,海南佑禾文化传媒有限公司,91460000MA5TJ4D856,159
7149,海南佑晟农业生态科技有限公司,91460000MAC4CQK570,159
7150,海南佑傲赛贸易有限公司,91460200MA5T545TXB,159
7151,海南佑安围贸易有限公司,91460000MA7NFCAF1L,159
7152,海南有惟生物科技有限公司,91460000MACY2C4GX9,159
7153,海南有为创新产业运营服务有限公司,91460000MAE5URKD8M,159
7154,海南有态度农业有限公司,91460108MACD2P9R8A,160
7155,海南有棵树科技有限公司,91460000MAE7LY233E,160
7156,海南有家很好的农业科技有限公司,91460108MA5U00PA41,160
7157,海南有点贸易有限责任公司,91460000MACC2TFEXC,160
7158,海南有点好琪贸易有限公司,91460108MAD5GW8C9C,160
7159,海南有诚建材批发有限公司,91460000MABLLGXG55,160
7160,海南友信厚康商贸有限公司,91460000MA5TUK9R9F,160
7161,海南友隆物业管理有限公司,91460000MAA92M4Y85,160
7162,海南友邻聚投资合伙企业（有限合伙）,91460000MADF7B8H2C,160
7163,海南友开科技有限公司,91469001MAD09BHK15,160
7164,海南友机科技有限公司,91532901MA6NWXH36Q,160
7165,海南友方科技有限公司,91460000MAA960HN2B,160
7166,海南游夏科技服务有限公司,91460000MACQRBFL73,160
7167,海南柚子进出口贸易有限公司,91460000MA5TYEEN39,160
7168,海南优源达农业发展有限公司,91460000MA5TXMKL18,160
7169,海南优驿果业供应链有限公司,91460200MA5T7AMR92,160
7170,海南优逸旅馆有限公司,91460000MACU537KXU,160
7171,海南优忆成科技有限公司,91460000MAEJJUUD2T,160
7172,海南优扬自喜网络科技有限公司,91460000MACLFUJTXA,160
7173,海南优选珍品农业科技有限公司,91460000MAEDNADW1Y,160
7174,海南优选泽田国际贸易有限公司,91460000MAA904WU3G,160
7175,海南优璇雪酒店管理有限公司,91460200MA5T28JQ9T,160
7176,海南优锐聚力科技有限公司,91460000MABYCR5Q1M,160
7177,海南优瑞制国际贸易有限公司,91460000MADGR5E561,160
7178,海南优瑞迪科技有限公司,91460100MADX37H12C,160
7179,海南优全生命科学研究中心（个人独资）,91460000MAE34A0K8C,160
7180,海南优普保鲜技术有限公司,91460200MADMX6ET3T,160
7181,海南优尼克新材料科技有限公司,91460000MACHUCDM31,160
7182,海南优鸣贸易有限公司,91460000MAA94YRL1W,160
7183,海南优觅电子信息科技有限公司,91460108MACFMHF20Q,160
7184,海南优联生态环境有限公司,91460000MA5TPMJE47,160
7185,海南优科利至贸易有限公司,91460000MAETWYWL1C,160
7186,海南优聚全商贸有限公司,91460000MAA8Y1M51U,160
7187,海南优福实业有限公司,91460000MACADF640M,160
7188,海南优房旅居网络科技有限公司,91460000MA5TUFGQ1G,160
7189,海南优东诚瑞源健康产业有限公司,91460000MAEJ6EG45H,160
7190,海南优创达实业有限公司,91460000MAA8YJKK0N,160
7191,海南优安旅游服务有限公司,91460000MACHEXBK4W,160
7192,海南用九科技有限公司,91460108MAA99XQT52,160
7193,海南用川农业科技有限公司,91460000MA5TJ9078Q,160
7194,海南甬科声学技术有限公司,91460000MAE9CRQ217,160
7195,海南甬和科技有限公司,91460108MACTPM7X6J,160
7196,海南永正科技有限公司,91460000MAD7K07Q3R,160
7197,海南永臻传媒有限公司,91460000MAE98Q5P1T,160
7198,海南永增企业管理中心（有限合伙）,91469002MA5TWYA54L,160
7199,海南永沅科技有限公司,91460000MADGH59C71,161
7200,海南永义能源有限公司,91460000MACMJKD851,161
7201,海南永颐私募股权投资基金合伙企业（有限合伙）,91460200MA5TXLKX77,161
7202,海南永祥贸易有限公司,91460000MAG09PF41M,161
7203,海南永署科技有限公司,91230604MA18YCHF5J,161
7204,海南永瑞五星科技有限公司,91460000MACULWXU39,161
7205,海南永利欣建筑工程有限公司,91460000MAD6PATE9J,161
7206,海南永利环保科技有限公司,91460000MA5TXNA256,161
7207,海南永敬堂药业连锁经营有限公司三亚崖州分店,91460200MA5RJDXF2P,161
7208,海南永贵祥国际贸易有限公司,91460108MAA94HN67T,161
7209,海南永固投资合伙企业（有限合伙）,91469006MAA95HJAXH,161
7210,海南永固航标制造有限公司,91460000MADP012E3G,161
7211,海南永顿建筑装修工程有限公司,91460100MAA92RKA7L,161
7212,海南永诚科技有限责任公司,91460000MAE6J8G48D,161
7213,海南永盛化工有限公司,91460000MACJ01R270,161
7214,海南咏巢旅游信息咨询有限公司,91460000MACAJ3AC1P,161
7215,海南勇胜建筑工程有限公司,91460000MAD9C4CK53,161
7216,海南勇康源投资有限责任公司,91460000MADCW90E5H,161
7217,海南映宽科技服务有限公司,91460000MACFLREN8R,161
7218,海南颖美网络科技有限公司,91460000MA5TPPDP4J,161
7219,海南颍川世家农业科技开发有限公司,91460000MAEL46GA3D,161
7220,海南影相摄影有限公司,91460108MAA9ALQ51N,161
7221,海南影卫信息科技有限责任公司,91460000MAD071MW3M,161
7222,海南影名智能科技有限公司,91460000MADC65H73D,161
7223,海南影动创意文化传媒有限公司,91460100MA5RD67X2T,161
7224,海南迎旺广济科技有限公司,91460200MA5THD158U,161
7225,海南迎诺酒店管理有限公司,91469007MA5TK7W47F,161
7226,海南迎峰科技有限公司,91460000MAC7T2FD01,161
7227,海南赢胜未来科技合伙企业（有限合伙）,91469005MADGC7LX34,161
7228,海南赢海科盛达建设管理有限公司,91460000MA5U142M2T,161
7229,海南赢创供应链管理有限公司,91460203MACG2278XB,161
7230,海南盈睁建材有限公司,91460200MA5T2EJ96D,161
7231,海南盈天下网络科技有限公司,91460200MA5RDTYN55,161
7232,海南盈润科技有限公司,91460000MAD48DMQ6K,161
7233,海南盈隆科技有限公司,91460000MAEMMQNY8U,161
7234,海南盈库科技有限公司,91460000MA5TP1AT2F,161
7235,海南盈巨投资有限责任公司,91460000MAEH67M697,161
7236,海南楹炬文化有限公司,91460000MAA954NE2L,161
7237,海南鹰巢孵化器运营有限公司,91460000MA5TLYC73L,161
7238,海南英威明投资有限公司,91460108MADLU9WM11,161
7239,海南英特斯克农事服务有限公司,91460108MAA96KGA4H,161
7240,海南英特斯克尔国际种业科创有限公司,91460000MAA8Y76C3F,161
7241,海南英斯达国际贸易有限公司,91469033MA5TXGMN44,161
7242,海南英菲伦特贸易有限公司,91460000MA7N0PHY5K,161
7243,海南英大项目管理有限公司,91460000MA5TWJ8269,161
7244,海南英晁国际贸易有限公司,91469025MAC0UGMT3B,162
7245,海南应特建筑劳务有限公司,91460000MA5TU0GU3D,162
7246,海南应测空间信息技术有限公司,911101085658407447,162
7247,海南印三川新能源有限公司,91460000MA5U21EY4G,162
7248,海南印迹文化传媒有限公司,91460000MAE77FF46H,162
7249,海南饮马峰酒店管理有限公司,91460200MA5T27GX4X,162
7250,海南隐酌投资有限公司,91460108MADM6A895N,162
7251,海南银展技术服务有限公司,91460000MAD4307R6G,162
7252,海南银雁商贸有限公司,91460000MADC51T22K,162
7253,海南银米滩土壤修复工程有限公司,91460100MA5TP8A55T,162
7254,海南银脉商贸中心（个人独资）,91460000MAA964JJ3W,162
7255,海南银理投资合伙企业（有限合伙）,91469033MA7N2D2R0A,162
7256,海南银禾君安贸易有限责任公司,91460000MAA90E941Y,162
7257,海南银行股份有限公司三亚崖州湾科技支行,91460200MAA90G082U,162
7258,海南银达农业科技有限责任公司,91460000MACDYETJ46,162
7259,海南银达国际餐饮管理有限公司三亚崖州花园里分店,91460108MAD5XEAH63,162
7260,海南寅鼎海峡绿建投资有限公司,91460000MABTHJA793,162
7261,海南垠海知识产权代理服务有限公司,91460000MA5TX9BA9J,162
7262,海南逸云时尚影视传媒有限公司,91460200MA5RD6M59C,162
7263,海南逸文商旅服务有限公司,91460108MA5TWWXB4L,162
7264,海南逸彤科技有限公司,91460000MAC7PHCK84,162
7265,海南逸臣信息科技有限公司,91410100MA9FYW6E2J,162
7266,海南谊安正茂科技有限公司,91460200MADQ9GT28T,162
7267,海南译来问翻译服务有限公司,91460000MA5TECNX83,162
7268,海南译凯国际贸易有限公司,91460100MACMEAA578,162
7269,海南艺巡汽车服务有限公司,91460000MAA92TJ63G,162
7270,海南艺鑫文达文化艺术有限责任公司,91460000MA5TGPN71M,162
7271,海南艺绅装饰装修工程有限公司,91460200MA5T23JN0Q,162
7272,海南艺绅房地产经纪有限公司,91460100MA5TLYPN74,162
7273,海南艺盟创联教育科技有限公司,91460106MAA950916Q,162
7274,海南艺海轩文化传媒有限公司,91460108MAC9T60U7T,162
7275,海南翼舟教育有限公司,91460000MADCRGJH2W,162
7276,海南翼友智能科技有限公司,91460000MAK03MDX2W,162
7277,海南翼赋科技有限公司,91460000MACYUF4K33,162
7278,海南翼辰智能科技有限公司,91210102313241032J,162
7279,海南翌光商贸有限公司,91460000MAE7RND288,162
7280,海南翊泰科技有限公司,91469007MAA970AN33,162
7281,海南翊寿科技有限公司,91460100MAA96YFT1Y,162
7282,海南翊生创新科技有限公司,91460000MAE8H1AT6N,162
7283,海南羿竣达环境科技发展有限公司,91460000MAD1WNNR6E,162
7284,海南益芝仙大药房有限公司,91460000MAA8Y8YN4C,162
7285,海南益源进出口贸易有限公司,91460000MACMTNJT8W,162
7286,海南益鑫源育种有限公司,91460000MAC7M9A46R,162
7287,海南益鑫现代农业发展有限公司,91460000MADBTEHX5K,162
7288,海南益文环保科技有限公司,91460105MAA9A5F822,162
7289,海南益拓方科技有限公司,91460000MAD95RTP9L,163
7290,海南益润健康科技有限公司,91460000MA5TX7191H,163
7291,海南益能劳务工程有限公司,91460106MA7N65ET3G,163
7292,海南益盟生态农业有限公司,91460108MACUT0F50N,163
7293,海南益禾建设工程有限公司,91469001MA5U24BC3D,163
7294,海南益丰源农业发展有限公司,91460000MA7KHPM334,163
7295,海南益顶丰农资有限公司,91460000MAC84XND04,163
7296,海南益奥尚科技有限公司,91460200MA5T54510P,163
7297,海南益安易捷商贸有限责任公司,91460200MA5T58KN7F,163
7298,海南熠星科技有限公司,91460000MACPLWW90D,163
7299,海南熠昇信息科技有限公司,91460200MA5RE2LL8X,163
7300,海南熠灿科技有限公司,91460000MABPH00969,163
7301,海南溢洋康健科技有限公司,91460000MADBQ1L17G,163
7302,海南毅阳物业有限公司,91460000MA5TX5JM7J,163
7303,海南毅阳商务服务有限公司,91460000MAEP4HRY3C,163
7304,海南毅家装饰有限公司,91460000MAC5DX5R7K,163
7305,海南毅泓工程管理有限责任公司,91460000MADKD3C04N,163
7306,海南易卓龙投资有限公司,91460200MADUM4LD95,163
7307,海南易众房地产经纪有限公司,91469002MACCWDMJ50,163
7308,海南易择居房地产营销策划有限公司,91460108MAA8Y3BU11,163
7309,海南易讯科技有限公司,91460107MA5TXBLQ9W,163
7310,海南易维医疗器械有限公司,91460000MAEK6C41XQ,163
7311,海南易通达供应链管理有限公司,91460000MACQ720D2T,163
7312,海南易取送科技有限公司,91510100MAACKD8G2K,163
7313,海南易配通贸易有限公司,91460000MAA910NL7E,163
7314,海南易纳酒店管理有限公司,91460200MA5T2GQG3U,163
7315,海南易美久晟贸易有限公司,91460000MAC7Y1D14D,163
7316,海南易科生物科技有限公司,91460000MACWEGXD4B,163
7317,海南易凯蓝房地产有限公司,91460000MABPDPF8XU,163
7318,海南易巨和能源投资有限公司,91460200MA5RH62Y0D,163
7319,海南易佳达生物科技有限公司,91460000MAD6KGRC97,163
7320,海南易积分能源有限公司,91460000MA5TW1LR44,163
7321,海南易行新能源网络科技有限公司,91460000MA5U1MMC7P,163
7322,海南易得科技发展有限公司,91460000MACP23FX6T,163
7323,海南易达科技有限公司,91460106MA5TN0LH0M,163
7324,海南易盛科技有限公司,91460000MA5TU1RQ3L,163
7325,海南易佰达贸易有限公司,91460000MAK2CY45XG,163
7326,海南易安初旅游服务有限公司,91460000MA5TWAN35W,163
7327,海南懿泰朗晟新能源投资合伙企业（有限合伙）,91469006MAD2QGTB2Q,163
7328,海南懿风新能源投资合伙企业（有限合伙）,91460202MADUR1CP98,163
7329,海南意展贸易有限公司,91460108MA5TM2PW9H,163
7330,海南意德心能源有限公司,91460108MACMJJEM3F,163
7331,海南忆友科技有限公司,91460000MAE73JB07G,163
7332,海南忆崖文化传媒有限公司,91460000MADDF1E65W,163
7333,海南忆蓝房地产业有限公司,91460000MA5T95KX26,163
7334,海南奕洋优选贸易有限公司,91460000MABNER0R9X,164
7335,海南奕杉商务服务有限公司,91460200082522004M,164
7336,海南奕涞投资有限公司,91460108MADCEXKF8L,164
7337,海南奕广科技发展有限公司,91460100MA7HG01RXU,164
7338,海南亿照化工有限公司,91460000MA5U091P99,164
7339,海南亿泽建筑工程有限公司,91460200MA5RJ3AG74,164
7340,海南亿萱生物科技有限公司,91460000MAENFJEL8W,164
7341,海南亿心宇投资合伙企业（有限合伙）,91460000MAEA20DA74,164
7342,海南亿像文化传媒有限公司,91460000MACQHYFQ6F,164
7343,海南亿翔贸易有限公司,91460000MABWQ55L55,164
7344,海南亿强科技有限公司,91460000MAEJTP487K,164
7345,海南亿睦崇业国际贸易有限公司,91460106MA5TNM2P5W,164
7346,海南亿联旭业信息产业有限公司,91460108MADH7GJD5C,164
7347,海南亿利信石化有限公司,91460000MA5TXR7789,164
7348,海南亿康达运输有限公司,91460000MAK1GXAU0L,164
7349,海南亿嘉美贸易有限公司,91460200MA5T54UP6X,164
7350,海南亿嘉电力科技有限公司,91460204MAC6HFA36N,164
7351,海南亿嘉达科技有限责任公司,91460108MAA99UXC28,164
7352,海南亿佳轩建筑材料有限公司,91460000MA5TWW4T7N,164
7353,海南亿佳康健康管理服务有限公司,91460106MACX444C5R,164
7354,海南亿汇缘国际贸易有限公司,91460400MA5TXAP25X,164
7355,海南亿丰佰福房地产开发有限公司,91460200MA5RGM788G,164
7356,海南亿丁会网络科技有限公司,91460000MAE3YTGQ4W,164
7357,海南亿迪科技投资有限公司,91460000MAC5JM621U,164
7358,海南亿储新能源科技有限公司,91460000MAE1W0M40P,164
7359,海南亿诚富联科技有限公司,91460000MACGB60188,164
7360,海南亿佰消防工程有限公司,91460000MAEHLRHN2R,164
7361,海南亿傲科技有限公司,91460100MA5TRCLX6U,164
7362,海南亿安化工技术发展有限公司,91460000MAE475YC2J,164
7363,海南亦鸿酒店管理有限公司,91460200MA5RJMUEXQ,164
7364,海南义源海洋技术服务有限公司,91460000MAA93B157N,164
7365,海南义腾工贸有限公司,91460000MAG0MJPA9T,164
7366,海南义鹏达农业科技有限公司,91460100MAD5AQQC4Q,164
7367,海南义铭义潼贸易有限公司,91460200MADX404912,164
7368,海南义杰科技有限公司,91460000MA7KCH2H1E,164
7369,海南钇生香餐饮业有限公司,91460000MAE4P3GD97,164
7370,海南钇森包装有限公司,91460000MAE2CFN90M,164
7371,海南钇坤智能科技有限公司,91460000MA5TX6KD2P,164
7372,海南以腾商贸有限公司,91460000MAE0BXND5H,164
7373,海南以肽生物有限公司,91469027MADQ5NKD84,164
7374,海南以创农业科技有限公司,91460000MADGJQYM6F,164
7375,海南颐泰科技有限公司,91460000MAENH8PY58,164
7376,海南颐光能源科技有限公司,91120116MA05R0P406,164
7377,海南诒天数字技术有限公司,91460000MAEM9AR35M,164
7378,海南移崖农业开发有限公司,91460200676091352J,164
7379,海南怡永香科技有限公司,91460108MADEENT07C,165
7380,海南怡家房产营销策划有限公司,91460000MAE10A2F69,165
7381,海南怡柏颂酒店管理有限公司,91460200MA5T283D0E,165
7382,海南宜易信息技术有限公司,9165010031331625XH,165
7383,海南宜苒房产投资有限公司,91460200MA5RDD2P46,165
7384,海南宜纳科技有限公司,91460000MACWEABNXG,165
7385,海南宜乐千家健康管理有限公司,91460000MA5TPFXK3C,165
7386,海南宜康海洋科工有限公司,91460000MAEKHFPN1E,165
7387,海南宜景物业管理有限公司,91460108MADQ2U744C,165
7388,海南宜嘉鑫实业有限公司,91460200MA5RJATP03,165
7389,海南宜合丰科技有限公司,91460107MAA9A4A96Q,165
7390,海南宜尔居装修设计工程有限公司,91460106MAA983X13X,165
7391,海南宜达科技有限公司,91460000MACRU64D55,165
7392,海南宜驰投资有限公司,91460000MACTM2AY2N,165
7393,海南仪电信息技术有限公司,91320106MA21K76AXR,165
7394,海南壹拾伍科技有限公司,91460106MAD59FHU9X,165
7395,海南壹企办众创空间服务工作室（个人独资）,91469036MAA955UJ0T,165
7396,海南壹鸣通工程有限公司,91460000MAG24FM785,165
7397,海南壹鸣科技有限公司,91460107MACQTN1U56,165
7398,海南壹陆捌房产营销策划有限公司,91460000MAA900126R,165
7399,海南壹路长农业科技有限公司,91460000MAE4XEFK33,165
7400,海南壹联科技有限公司,91460200MA5T298Y79,165
7401,海南壹玖文化传媒有限公司,91460000MA7HE95WX2,165
7402,海南壹嘉壹投资有限公司,91460000MADBLBB13A,165
7403,海南壹嘉科技合伙企业（有限合伙）,91460000MAC3PW1J7N,165
7404,海南壹号大厅财务咨询中心（个人独资）,91460000MAD3XBM033,165
7405,海南壹高企业管理有限公司,91460106MAD2TB1K0X,165
7406,海南壹贰叁肆技术服务有限公司,91460000MA5TYKKL1H,165
7407,海南壹岛咨询服务有限责任公司,91460000MADJKLN35C,165
7408,海南壹程科技有限公司,91460000MAD7WYG574,165
7409,海南壹盛商业管理中心（个人独资）,91469031MABX0BY70N,165
7410,海南壹捌零广告有限公司,91460000MA5TJ7G23G,165
7411,海南医泽生物科技有限责任公司,91460000MAD1E82H1K,165
7412,海南医享互联网医院有限公司,91460000MAEGUFCQ0L,165
7413,海南医脉云投资合伙企业（有限合伙）,91469007MACL5NDT80,165
7414,海南医科出版社有限公司,91460000MAD4YDM21P,165
7415,海南医和德昇供应链管理有限公司,91460108MADWD1UG51,165
7416,海南依耐喆净水设备贸易有限公司,91460200MA5T2KB91A,165
7417,海南依隆科技有限公司,91460000MA5U11CC61,165
7418,海南伊文特进出口贸易有限公司,914600007987400905,165
7419,海南伊诺农业发展有限公司,91460000MACLNR736L,165
7420,海南伊茗能源科技有限公司,91460000MA5TYMP82D,165
7421,海南伊曼联行贸易有限公司,91460200MADQHKEX0D,165
7422,海南伊兰特数字科技有限公司,91460000MAEN296U2E,165
7423,海南伊家田园农业科技发展有限公司,91469007MA5TMNHK7C,165
7424,海南伊和新材料科技有限公司,91460000MA5U0G3J19,166
7425,海南一筑万象装饰设计工程有限公司,91460100MA5TPR2C39,166
7426,海南一只印品文化有限公司,91460000MACL29UN2Y,166
7427,海南一知行企业管理咨询有限责任公司,91460000MAE8RFX32H,166
7428,海南一眼通释码科技有限公司,91469033MA5TGEM91A,166
7429,海南一通网络科技有限公司,91460000MA7G4GLY15,166
7430,海南一仕生物科技有限公司,91460000MAD29E7G5J,166
7431,海南一生有鱼科技有限公司,91460200MAC85C1B28,166
7432,海南一燊祥科技有限公司,91460000MA5THTU482,166
7433,海南一商贸易有限公司,91460000MA5U0JUC43,166
7434,海南一起学教育科技有限公司,91460106MADJQ7BJ4Y,166
7435,海南一诺慧控科技有限公司,91460000MAEMDGY89X,166
7436,海南一诺保洁服务有限公司,91460000MACNFX2W6X,166
7437,海南一念元环境科技有限公司,91460300MA5U0HR950,166
7438,海南一路荣耀咨询服务有限公司,91460106MAD7FK1C81,166
7439,海南一颗食品有限公司,91460000MADYE1EN8T,166
7440,海南一和农业科技有限公司,91460000MAET7UP24E,166
7441,海南一涵文化科技有限公司,91460000MAD4BJJQX5,166
7442,海南一嗨自驾车服务有限公司三亚崖州区分公司,91460200MA5TW0D776,166
7443,海南一个盒子电子商务有限公司,91460200MA5RCGXN8Q,166
7444,海南一风贸易有限责任公司,91460000MACKFXY99T,166
7445,海南一昂商业管理有限公司,91460000MA5TG2EH31,166
7446,海南烨荣智能科技有限公司,91460108MADA5G4Y4R,166
7447,海南烨鼎能源有限公司,91460000MA5U0MXF6D,166
7448,海南晔智人力资源有限公司,91460108MAA9AMB918,166
7449,海南夜光文化传媒有限公司,91310115MA1H95M23A,166
7450,海南叶迅农业发展有限公司,91460000MACLACAQ11,166
7451,海南业可长兴生物技术有限公司,91460000MAC685A3XU,166
7452,海南业海边贸易有限责任公司,91460000MABLTNG5X4,166
7453,海南野生棉农业科技服务有限公司,91460300MA5TKAUQ2F,166
7454,海南也会飞影视文化传媒有限公司,91460000MAC5LEW933,166
7455,海南椰云旅行社有限公司,91460107MA5TTTQPXM,166
7456,海南椰君食品饮料有限公司,91460200090532894R,166
7457,海南椰广投资有限公司,91460000MAE849J66L,166
7458,海南椰盾网络安全科技有限公司,91460000MACLTBGP2R,166
7459,海南椰嘟嘟农业科技有限公司,91460000MAD5DLY26U,166
7460,海南椰岛旅居科技有限公司,91460200MA5T0YXR6G,166
7461,海南椰醋生物科技发展有限公司,91460000MACH8THG6X,166
7462,海南椰百惠食品有限公司,91460000MACB140T2N,166
7463,海南耀誉实业有限公司,91469033MA5T5PU413,166
7464,海南耀一贸易有限公司,91460106MAA95RDJ29,166
7465,海南耀阳文化传媒有限公司,91460200MA5RFATW6K,166
7466,海南耀微供应链管理有限公司,91460000MACNAF9M26,166
7467,海南耀泰投资有限公司,91460000MAE75M0W87,166
7468,海南耀时石化有限公司,91460000MA5U0B1771,166
7469,海南耀火物流有限责任公司,91460000MAEQ2PAE35,167
7470,海南曜泰华安私募股权投资基金合伙企业（有限合伙）,913200000763128792,167
7471,海南曜胜生物科技有限公司,91460000MAEN1LU82R,167
7472,海南尧天兆汇投资有限公司,91460000MAE6TJQP8L,167
7473,海南尧庙里贸易有限责任公司,91460000MABMJ2QK5R,167
7474,海南垚鑫种业有限公司,91460000MA5TJRJR1F,167
7475,海南垚鑫工程设备管理有限公司,91460000MABMKH1RXU,167
7476,海南垚泰化工科技有限公司,91460000MAA95UCRX1,167
7477,海南垚森投资有限公司,91460108MADJGT995M,167
7478,海南阳华企业管理合伙企业（有限合伙）,91469027MACJHTC399,167
7479,海南阳光链接农业科技有限公司,91460000MA5U1PW94H,167
7480,海南阳崔美贸易有限公司,91460000MABMRQNK5K,167
7481,海南洋梓科技有限公司,91460000MACE0AY05T,167
7482,海南洋圣传媒有限公司,91460000MAD7L64C19,167
7483,海南洋洺能源科技有限公司,91370211MABTXKXQ0E,167
7484,海南杨顺建筑工程有限公司,91460000MAD6ECUF92,167
7485,海南扬子科技有限公司,91460000MABYR7HY0F,167
7486,海南扬马科技有限公司,91460000MA7L900403,167
7487,海南央须绪建材有限公司,91460200MA5T1Y5M2F,167
7488,海南艳奇果业有限公司,91460000MAEDQWJF72,167
7489,海南艳明消防工程有限公司,91460000MA5TU62999,167
7490,海南燕祥和生物科技发展有限公司,91460000MAER9RWW57,167
7491,海南燕凌实业有限公司,91460106MAD3W9AJ1N,167
7492,海南焱能科技有限公司,91460000MACK9GN9XY,167
7493,海南焱坤文化科技有限公司,91460107MADNMW1G6K,167
7494,海南晏喜进出口贸易有限公司,91460000MAED7JGW8B,167
7495,海南晏晟环保科技有限公司,91460108MACTQFUGXA,167
7496,海南衍济矿业技术开发有限公司,91460000MAE8DC4E3F,167
7497,海南言亿鸣商贸有限公司,91460000MADCH05T3X,167
7498,海南言曦亿万美妆有限公司,91460000MAC2528C2Y,167
7499,海南言圣科技有限公司,91460000MAE31DU901,167
7500,海南言蹊科技有限公司,91460106MAA914Y9XD,167
7501,海南言冠食品科技管理有限公司,91460000MADXN1GQ34,167
7502,海南研学谷餐饮服务有限公司,91460000MADKBRWM6W,167
7503,海南研海科技有限公司,91460000MAEW3LPL6T,167
7504,海南炎洋科技有限公司,91460000MA5TXJ3894,167
7505,海南炎森贸易有限公司,91460000MAEPBR4C2F,167
7506,海南炎林供应链管理有限公司,91460000MAA92PRT11,167
7507,海南炎昊信息技术有限公司,91510100MA6B6EML0J,167
7508,海南炎发祥能源科技投资有限责任公司,91460000MADBWJGN79,167
7509,海南延良科技服务有限公司,91460000MAD8J98B7A,167
7510,海南焉知教育科技有限公司,91460000MAK1EAG85R,167
7511,海南亚舟农业科技有限公司,91460000MADAXW680R,167
7512,海南亚兴科技有限公司,91460200099284575Y,167
7513,海南亚太基金街区商务服务有限公司,91460000MA5TGKA16X,167
7514,海南亚拓物流有限公司,91460000MAEWCABT1T,168
7515,海南亚若思农业科技发展有限公司,91460200MA5T5LPE0Y,168
7516,海南亚蓉科技有限公司,91460000MAEH7DTE03,168
7517,海南亚美智能科技有限公司,91460000MADDY6485E,168
7518,海南亚芒精准农业开发有限公司,91460200MA5T78TM7M,168
7519,海南亚玲贸易有限公司,91460000MA7GUC852F,168
7520,海南亚联物业有限公司,91460000MA5TUNL29U,168
7521,海南亚科自动化工程有限公司,91460100MAD5B6G70F,168
7522,海南亚江建材有限责任公司,91460200MA5T50GNXQ,168
7523,海南亚华服务有限公司,91460000MAE4NRQ00J,168
7524,海南亚恒建筑工程有限公司,91460000MA5U2L5F6D,168
7525,海南亚海工程有限公司,91460000MAC279LG8U,168
7526,海南亚峰昌庆汽车出租管理有限公司,91460200MA5RCNYK9R,168
7527,海南亚飞咨询管理有限公司,91460000MA5TND9T8B,168
7528,海南亚盛石油化工有限公司,91460000MA5TX9D77L,168
7529,海南亚安虹智能工程有限公司,91460200MA5RDX3T8Y,168
7530,海南雅之颂文化传媒有限公司,91460000MAE4KBWF1F,168
7531,海南雅石投资合伙企业（有限合伙）,91460400MA5U18Q81Q,168
7532,海南雅森装饰工程有限公司,91460200MA5T31765J,168
7533,海南雅女士进出口贸易有限公司,91460000MAA98KP51H,168
7534,海南雅凯农业科技有限公司,91460000MAD42BNJ79,168
7535,海南雅静鸾酒店管理有限公司,91460200MA5T21XU11,168
7536,海南雅度投资有限公司,91460000MAEWW5W70C,168
7537,海南雅德科技有限公司,91610131MA6TYD144R,168
7538,海南雅晨财务服务有限公司,91460200MA5T46GE70,168
7539,海南雅博国际贸易有限公司,91460107MA5TLT2F1B,168
7540,海南芽苗农业科技发展有限公司,91460000MAD6U7UA1L,168
7541,海南涯洲农业有限公司,91460000MA5U2M8H4H,168
7542,海南崖芯未来科技有限公司,91460000MAEXW8295J,168
7543,海南崖鲜科技有限公司,91460000MACWL8FH94,168
7544,海南崖通达商贸有限公司,91460000MADFC89W08,168
7545,海南崖田农业科技有限公司,91460000MAK1N4MX0Y,168
7546,海南崖胜农业科技有限公司,91460000MAET3LN25A,168
7547,海南崖舍酒店管理有限公司,91460000MAC7KLHH98,168
7548,海南崖农科技有限公司,91610131MA6UPRW84A,168
7549,海南崖美文化传媒有限公司,91460000MAD1C3FC9D,168
7550,海南崖美科技有限公司,91460000MACWL5JFXB,168
7551,海南崖媒科技有限公司,91460000MACYUC8E1Q,168
7552,海南崖海文化有限公司,91460000MAECXC6F7E,168
7553,海南崖都餐饮有限公司,91460000MAD4YARM95,168
7554,海南崖创永合投资合伙企业（有限合伙）,91460203MAC4GCLR78,168
7555,海南迅智驭能科技有限公司,91460204MACGYBC48T,168
7556,海南迅翔科技有限责任公司,91460000MAEG80CU2E,168
7557,海南迅乐科技有限公司,91140100MA0L0HGD0R,168
7558,海南迅彩科技有限公司,91460108MADCWQ8597,168
7559,海南讯汇强鑫供应链有限公司,91460000MA5U2H297K,169
7560,海南巽阳科技有限公司,91460000MABT19U47D,169
7561,海南巽丰飨泽餐饮文化传播有限公司,91460000MACWMTDXXW,169
7562,海南循环岛能源科技有限公司,91460000MAG075H22G,169
7563,海南寻果岛农业科技有限公司,91140109MA0L62P70F,169
7564,海南雪晴网络科技有限公司,91460000MACEER8108,169
7565,海南雪骑友创品牌管理有限公司,91460000MAETAUUKXB,169
7566,海南雪来国际贸易有限公司,91460000MACECC7P9P,169
7567,海南雪佳科技有限公司,91460000MAC8DT8585,169
7568,海南雪肤莱芽生物科技有限公司,91469001MACN914P1R,169
7569,海南雪窦无人船技术有限公司,91460000MAE2G1H613,169
7570,海南雪崩信息科技有限公司,91460000MAD8YP6P44,169
7571,海南绚蓝科技有限公司,91460000MA5TYKJM33,169
7572,海南炫奇商旅有限公司,91460200MA5T2A879Y,169
7573,海南炫翻天文化创意有限公司,91440101MA5D1CQ44D,169
7574,海南玄鸿信息科技有限公司,91460000MAA951TAX5,169
7575,海南轩之鑫环境工程有限公司,91460107MADADHJC6K,169
7576,海南轩羽科技发展有限公司,91460000MA5T9YEJ9Q,169
7577,海南轩坤科技有限公司,91460000MADAG6H01F,169
7578,海南轩刊教育科技有限公司,91410108MA9GE4LRXX,169
7579,海南轩合贸易有限公司,91460000MABMP3PL2R,169
7580,海南轩皓鑫宸投资有限公司,91460000MAEX18878T,169
7581,海南轩晟富鑫商贸有限公司,91460108MADQDTK44E,169
7582,海南萱彤建材有限公司,91460000MA5TT4C08F,169
7583,海南萱爱医疗科技有限公司,91460000MACA4M3P37,169
7584,海南瑄舟璟界技术有限公司,91460200MADYCTLT7D,169
7585,海南暄源商务服务有限公司,91460000MAA90RYB33,169
7586,海南续坤文化传媒有限公司,91460000MAK0WGP27N,169
7587,海南旭耀科技有限公司,91460000MAE4UT4M41,169
7588,海南旭阳联盟健康产业有限公司,91460200MA5RGUNF9B,169
7589,海南旭霞珠宝有限公司,91460107MAA9A7PKXR,169
7590,海南旭添贸易有限公司,91460000MAC290TW6J,169
7591,海南旭泰企业管理有限公司,91460000MACQDLCA92,169
7592,海南旭松科技有限公司,91460000MAE6QPJB9X,169
7593,海南旭康投资有限公司,91460000MA5U1A1F5K,169
7594,海南旭久商贸有限公司,91460000MA5U1Y36XG,169
7595,海南旭华环境服务有限公司,91460000MAE296X85K,169
7596,海南旭禾农业贸易有限公司,91460000MAEM8GE094,169
7597,海南旭瀚蜂汇投资有限公司,91460000MAERLR2E21,169
7598,海南旭广科技有限公司,91460000MAA95WRE49,169
7599,海南旭耕农业有限公司,91460000MAEJ6N8X6T,169
7600,海南旭创医疗科技有限公司,91460000MAC6H96XXJ,169
7601,海南旭初防腐科技工程有限公司,91460000MAD06T7U2Y,169
7602,海南栩光生物科技有限公司,91460000MAA92KC05U,169
7603,海南徐家营企业投资有限公司,91460000MAE5T3CN8G,169
7604,海南徐呼网络科技有限公司,91460000MA7HXRAM2B,170
7605,海南秀途科技有限公司,91460107MAA9G9R823,170
7606,海南秀风影科技有限公司,91469033MA5TM2Y983,170
7607,海南秀尔天鹰酒店餐饮管理有限公司,91460000MACX9P0G7H,170
7608,海南修思科技投资合伙企业（有限合伙）,91460000MAELD9YG4H,170
7609,海南休禾农业科技有限公司,91460000MAE3JBKA8J,170
7610,海南雄益凯酒店管理有限公司,91460200MA5RJCCQ6M,170
7611,海南雄祥实业有限公司,91460200MA5RJUL34K,170
7612,海南杏林产业孵化有限公司,91460000MACY7YJ36W,170
7613,海南幸泰科技有限公司,91460000MAD00NA078,170
7614,海南幸福海源投资有限公司,91460200324022724L,170
7615,海南醒新号电子有限公司,91460000MABNFLAE5J,170
7616,海南邢呓新科技有限公司,91460000MAD8XWAD50,170
7617,海南形衣旧商务服务有限公司,91460200MA5T283B4Q,170
7618,海南星舟实业有限公司,91460000MAA98EGW96,170
7619,海南星悦腾汽车租赁有限公司,91460200MA5T4C4U8P,170
7620,海南星远企业管理有限公司,91460000MAG0PKAR1E,170
7621,海南星远晶电科技有限公司,91460000MAET3R615J,170
7622,海南星原种业有限公司,91460000MAE815359K,170
7623,海南星原贸易有限公司,91460108MACP369J7N,170
7624,海南星与文商贸有限公司,91460000MAE502UG4J,170
7625,海南星耀未来科技有限公司,91460106MADTGCD34M,170
7626,海南星耀木马酒店民宿管理有限公司,91460000MAE0WN1E0W,170
7627,海南星讯投资有限公司,91460000MAE7PBGW98,170
7628,海南星翔瑞贸易有限公司,91460105MADKR6M61N,170
7629,海南星舞互娱文化传媒有限公司,91460000MACJ7ER8XE,170
7630,海南星通智联科技有限公司,91460000MAEJPY201Q,170
7631,海南星鲨科技合伙企业（有限合伙）,91469006MAC22HEC5M,170
7632,海南星启航文化科技发展有限公司,91460000MAA996UU55,170
7633,海南星齐石油化工有限公司,91460000MA5TY8NW81,170
7634,海南星能汇创环保科技有限公司,91460000MAEXLMC544,170
7635,海南星麦科技有限公司,91460000MAA90BJR5E,170
7636,海南星链易方数据科技有限公司,91460000MAE2BFQ27P,170
7637,海南星磊生物技术有限公司,91460000MAE766ND07,170
7638,海南星览博酒店管理工作室（个人独资）,91460000MAA90GED26,170
7639,海南星空百代国际贸易有限公司,91460108MAD04RFU7X,170
7640,海南星科建筑工程有限公司,91469027MA5TW13A0B,170
7641,海南星凯石油化工有限公司,91460000MA5TY8HR9L,170
7642,海南星爵商务服务有限公司,91460200MA5T33GK28,170
7643,海南星聚汇融投资合伙企业（有限合伙）,91460000MAEQARR14C,170
7644,海南星际宇航南繁科技有限公司,91460000MA5TW17R5D,170
7645,海南星火能控科技有限公司,91460000MADHGC7R1X,170
7646,海南星浩海洋科技有限公司,91460000MAE6J02L6E,170
7647,海南星瀚未来信息技术有限公司,91460000MAD5EL3J3H,170
7648,海南星海科技有限公司,9146010032409631X8,170
7649,海南星嗨夜市商业管理有限公司,91460000MACNUYGQ0T,171
7650,海南星光投资合伙企业（有限合伙）,91469033MABNTK107E,171
7651,海南星光体育咨询有限公司,91460000MA5TWH9Q35,171
7652,海南星歌农业发展有限公司,91460000MAEBDNLR0C,171
7653,海南星动商业运营工作室（个人独资）,91469025MABXNDHF94,171
7654,海南星达伟贸易有限公司,91460000MAED84P75N,171
7655,海南星楚信息科技有限公司,91469001MAD78P1G6P,171
7656,海南星盛科技发展有限公司,91460000MAE8N0WD5U,171
7657,海南星橙科技有限公司,91460000MAE7HJE61H,171
7658,海南星本综合服务有限公司,91460000MAE998DR5T,171
7659,海南兴云实业有限公司,91460000MACE0MCQ0D,171
7660,海南兴易诚信息咨询服务有限公司,91460000MACAPKGP5U,171
7661,海南兴艳廷能源科技有限公司,91460000MAD9LBUY2T,171
7662,海南兴星科技有限公司,91460108MADJFRTR94,171
7663,海南兴伟实业有限公司,91460000MAC5P6CE77,171
7664,海南兴旺实业有限公司,914602000954920279,171
7665,海南兴同贸易科技有限公司,91460106MACJ4LT0XU,171
7666,海南兴天建筑工程有限公司,91460000MA5TANKW9D,171
7667,海南兴碳管科技有限公司,91460000MAENKPUA30,171
7668,海南兴圣投资有限公司,91460000MAEU4DXU2A,171
7669,海南兴燊旅游发展有限公司,91460200MA5RDU206R,171
7670,海南兴瑞康贸易有限公司,91460000MA5TU6862J,171
7671,海南兴蓉通贸易有限公司,91460000MAG1GHCT42,171
7672,海南兴荣景进出口贸易有限公司,91460108MADQAJNU20,171
7673,海南兴农艺园林工程有限责任公司,91460100MA5RCR0R0A,171
7674,海南兴隆居房地产销售有限公司,91460200MA5RE6GL71,171
7675,海南兴林实业有限公司,91460000MA5TWAD23J,171
7676,海南兴林桥顺劳务工程有限公司,91460000MAD60PTT6H,171
7677,海南兴康生物科技有限公司,91460000MAELPFN808,171
7678,海南兴郡海科技有限公司,91460000MAA8YDC50C,171
7679,海南兴聚粤商贸有限公司,91460000MAD43EY136,171
7680,海南兴劲辉科技有限公司,91460000MAA9646R69,171
7681,海南兴简民网络科技有限公司,91460200MA5T1GP86F,171
7682,海南兴华坤国际贸易有限公司,91460000MAE6B30C44,171
7683,海南兴航航空技术开发有限公司,91469035MADP6JQ2X1,171
7684,海南兴复鼎贸易有限公司,91460200MA5T54537F,171
7685,海南兴东嘉晟实业有限公司,91460000MA5TWJUY88,171
7686,海南兴叠船舶维修服务有限公司,91460200MA5RDEPL05,171
7687,海南兴百盛进出口贸易有限责任公司,91469007MA5TY2B03F,171
7688,海南信众农业有限公司,91460108MACQM9CH2T,171
7689,海南信知天地私募股权投资基金合伙企业（有限合伙）,913202000763122383,171
7690,海南信之购国际贸易有限公司,91469025MABPMAYQ61,171
7691,海南信源慧通咨询服务有限公司,91460000MA5TQ99575,171
7692,海南信羽科技有限公司,91460000MAE90AQ032,171
7693,海南信亿达工贸有限公司,91460000MAC47NGM54,171
7694,海南信熙通达网络科技有限公司,91460200MA5T45HD2X,172
7695,海南信米科技有限公司,91460000MAELYXAB0J,172
7696,海南信立嘉投资有限公司,91460000MAA97AXGXW,172
7697,海南信华智能科技有限公司,91460000MAE8N78L7A,172
7698,海南信行新能源科技有限公司,91469005MACD666Q0J,172
7699,海南信风投资有限公司,91460108MADBUYH99F,172
7700,海南信方管理咨询合伙企业（有限合伙）,91460108MAA9G9GX7K,172
7701,海南信盾信息技术有限公司,91430104MA4L6YW02M,172
7702,海南信德投资有限公司,91460000MACP9W8D5A,172
7703,海南信德乐家房地产有限公司,91460000MAA99MLA8H,172
7704,海南信达能源发展有限公司,91460000MACGYTLX1L,172
7705,海南信安融金科技有限公司,91460000MA5TJ42W10,172
7706,海南馨越优建材有限公司,91460000MABLXM1X24,172
7707,海南馨逸科技有限责任公司,91460000MA5TGER185,172
7708,海南馨湾健康产业中心（个人独资）,91460000MAA96TRD3E,172
7709,海南馨美果业有限公司,91460000MA5TYP4K5L,172
7710,海南馨华媛科技有限公司,91460000MACJUCBP7N,172
7711,海南鑫滋瑞投资有限公司,91460000MAEADWFN3Y,172
7712,海南鑫众诚实业有限公司,91460000MA5TLHUK8P,172
7713,海南鑫韵道文化投资有限公司,91460000MADHERU317,172
7714,海南鑫越鹏达科技有限公司,91460000MAD3XDWL41,172
7715,海南鑫沅物业服务有限公司,91460200MADQRX1C6T,172
7716,海南鑫元财务咨询有限公司,91460000MA7FNPG334,172
7717,海南鑫宇川石油化工有限公司,91460000MA5TURXR0G,172
7718,海南鑫宇铂科技有限公司,91460000MADGQEJN4C,172
7719,海南鑫渔贸易有限责任公司,91460000MAE8FJRX57,172
7720,海南鑫亿茂新型建材有限责任公司,91460000MAC24E6U48,172
7721,海南鑫怡建材贸易有限公司,91460000MAA96CU77T,172
7722,海南鑫业达投资有限公司,91460000MAC8HRAG7G,172
7723,海南鑫垚盛建材贸易有限公司,91460000MAC32UJ3X2,172
7724,海南鑫扬德丰商贸有限责任公司,91460000MAA969E931,172
7725,海南鑫亚国际商贸有限公司,91469027MAA903TJ12,172
7726,海南鑫涯装饰材料有限公司,91460000MAEBAYNX61,172
7727,海南鑫勋煜华科技投资有限公司,91460000MAE7XKWY5A,172
7728,海南鑫鑫隆劳务有限公司,91469031MACHTT3K43,172
7729,海南鑫想事成科技有限责任公司,91460106MAD20QR13H,172
7730,海南鑫翔旺科技有限公司,91460108MACQNP5K1Y,172
7731,海南鑫武石油贸易有限公司,91460000MAE28KCRX5,172
7732,海南鑫炜环保科技有限公司,91460000MAC6HHMX31,172
7733,海南鑫伟达建材设备有限公司,91460000MAA99N5P1B,172
7734,海南鑫旺胜贸易有限公司,91460000MA5TW0UP2C,172
7735,海南鑫万昌生商贸有限责任公司,91460000MA5TX0QWXU,172
7736,海南鑫童建筑装饰工程有限公司,91460105MAA9A3C45P,172
7737,海南鑫桐汇东科技有限公司,91460000MAG0GF8Y3B,172
7738,海南鑫通宝链网络科技有限公司,91460200MA5RJECU41,172
7739,海南鑫天域科技有限公司,91460000MAD5GX1M9C,173
7740,海南鑫思维脑科技有限公司,91460000MA5TU1RX0G,173
7741,海南鑫顺程贸易有限公司,91460000MAD1DRKB37,173
7742,海南鑫升农业科技有限责任公司,91460000MAE6H83NXF,173
7743,海南鑫睿嘉企业管理有限公司,91460000MACRF2K40P,173
7744,海南鑫瑞源供应链有限公司,91460000MAK236KA7K,173
7745,海南鑫瑞百年劳务服务有限公司,91460000MA5TRL8LXA,173
7746,海南鑫荣懋农业科技有限公司,91460000MA5TR9EDXM,173
7747,海南鑫群升实业有限公司,91460200MA5RH9DC9T,173
7748,海南鑫启点科技有限公司,91460000MAE39EBF51,173
7749,海南鑫骐骥贸易有限公司,91460000MA5TXBXC0D,173
7750,海南鑫朋永盛贸易有限公司,91460000MACJHD979T,173
7751,海南鑫磐企业管理有限公司,91460000MADAR6GPXX,173
7752,海南鑫磐建筑劳务有限公司,91460107MADX2GF51G,173
7753,海南鑫磐供应链有限公司,91460000MAER12C63B,173
7754,海南鑫诺煜华建设有限公司,91460000MAE89GYGXK,173
7755,海南鑫南洋商业服务有限公司,91460000MAE8X1BC08,173
7756,海南鑫铭源供应链有限公司,91460000MAEXM0HN9H,173
7757,海南鑫铭仁科技有限公司,91460000MAG1EWH5X6,173
7758,海南鑫锰钛医疗科技有限公司,91460000MAA963C6XP,173
7759,海南鑫禄人力资源发展有限公司,91460108MA5TQNGA03,173
7760,海南鑫龙源投资中心（有限合伙）,91460205MADPHRN57Q,173
7761,海南鑫龙兴建筑工程有限公司,91460200MA5T7GT76X,173
7762,海南鑫龙辉煌投资有限公司,91460108MADLTD425N,173
7763,海南鑫连新广告传媒有限公司,91460000MAA952GM8X,173
7764,海南鑫夸欧房地产有限责任公司,91460000MABLPLRM1B,173
7765,海南鑫卡伦酒店管理有限公司,91460000MABNQG2Q9L,173
7766,海南鑫君泽科技有限公司,91460000MAC9K9KM8A,173
7767,海南鑫巨海科技有限公司,91460000MACB3X1G26,173
7768,海南鑫精英汇旅游开发有限公司,91460106MAA9AFY48C,173
7769,海南鑫捷盛物业服务有限公司,91460000MACAPN7P6H,173
7770,海南鑫建化工有限公司,91460000MABWLNBA5Q,173
7771,海南鑫嘉泽商贸有限公司,91469034MADYLL6K5G,173
7772,海南鑫嘉睿废旧物资回收有限公司,91460000MACD4MK50X,173
7773,海南鑫嘉隆服务有限公司,91460000MAEEQ1RQ49,173
7774,海南鑫慧进出口贸易有限公司,91460000MAA987NQ55,173
7775,海南鑫辉汽车服务有限公司,91460000MACMY26G90,173
7776,海南鑫华源农业科技有限公司,91460000MAC9C5N29P,173
7777,海南鑫鸿盛新能源汽车销售服务有限公司,91460000MAC7FNQF8A,173
7778,海南鑫弘志劳务有限公司,91460000MAA941235K,173
7779,海南鑫宏源贸易有限公司,91460100396299052D,173
7780,海南鑫宏利科技投资有限公司,91460000MACKU0J95M,173
7781,海南鑫恒锋工程机械有限公司,91460000MA5TA0FF5X,173
7782,海南鑫恒达商贸有限公司,91460000MAD9T4EE19,173
7783,海南鑫昊岩进出口贸易有限公司,91460108MAD21G5J9Y,173
7784,海南鑫昊达贸易有限公司,91460000MAE4250Q31,174
7785,海南鑫航盛贸易有限公司,91460000MACMN7257X,174
7786,海南鑫航晟贸易有限公司,91460000MAK25G5N65,174
7787,海南鑫瀚环保科技有限公司,91460000MA5TKUAE1W,174
7788,海南鑫海贵实业有限责任公司,91460000MA7H7DHW9Y,174
7789,海南鑫果地实业有限公司,91460200MA5RHG154J,174
7790,海南鑫格绿建新材料科技有限公司,91460000MAEW9PUA1U,174
7791,海南鑫福轩酒店管理有限公司,91460000MABPJ89B2K,174
7792,海南鑫飞阳企业管理咨询有限责任公司,91460000MAE9JDDY0A,174
7793,海南鑫法咨询服务有限责任公司,91460000MACHTLY22W,174
7794,海南鑫鼎盛农业科技有限公司,91469002MAD7J1XJ9Y,174
7795,海南鑫德来建筑工程有限公司,91460200MA5RCGB770,174
7796,海南鑫德鸿科技有限公司,91460000MAE87ATC8W,174
7797,海南鑫创智商贸有限公司,91460000MACGKH7F6M,174
7798,海南鑫川悦成农业科技有限公司,91460000MADB683C23,174
7799,海南鑫诚小盈管理有限公司,91460000MAEHDLBW86,174
7800,海南鑫盛泽投资有限公司,91460108MADR5N443X,174
7801,海南鑫晟隆科技有限公司,91460000MADFFRFN3F,174
7802,海南鑫晟利贸易有限公司,91460000MAE784H79H,174
7803,海南鑫晨投资有限公司,91460000MAE8DY644M,174
7804,海南鑫超越科技有限公司,91460000MADH1TCK02,174
7805,海南鑫布罗医疗工程有限公司,91460000MA5TXGHE9B,174
7806,海南鑫铂轩投资有限公司,91460108MAC05E5P0D,174
7807,海南鑫博鸿丰企业管理有限公司,91460000MAD5PX351L,174
7808,海南鑫北源商贸科技有限公司,91460000MA7H913Q94,174
7809,海南鑫安汇通商业投资股份有限公司,91460200MA5RJATH5C,174
7810,海南辛域咨询策划合伙企业（有限合伙）,91460000MACFU4FY0D,174
7811,海南辛蒲里食品科技有限公司,91460000MAE2AU2Q6D,174
7812,海南薪火湘传科技有限公司,91460000MAD18X0992,174
7813,海南芯云科技股份有限公司,91440300306236155P,174
7814,海南芯玉科技有限公司,91460000MACBYHLC28,174
7815,海南芯业达农业发展有限公司,91460000MA7GQGC063,174
7816,海南芯未来机器人科技有限公司,91469031MADWHE3F2Y,174
7817,海南芯思维科技集团有限公司,91460000MA5U1UJJ78,174
7818,海南芯娘生物科技有限公司,91460000MAER2MHM6H,174
7819,海南芯蓝途农业科技有限公司,91460000MADHCMY40R,174
7820,海南芯澜电子科技有限公司,91460000MAK0MKFG4X,174
7821,海南芯空生物医学科技有限公司,91460000MABMQXJA1K,174
7822,海南芯都通汇咨询有限公司,91460000MAC0JEMK4C,174
7823,海南芯都通汇投资合伙企业（有限合伙）,91460000MABYQJ4742,174
7824,海南歆美科技有限公司,91460000MA5TKKF1XQ,174
7825,海南歆达科技有限公司,91210113MACFTYE45E,174
7826,海南欣卓工程有限公司,91460106MAA99WQ21Q,174
7827,海南欣知元投资有限公司,91460000MAE7YKGL2A,174
7828,海南欣泽餐饮有限公司,91460000MACBP1NL6E,174
7829,海南欣悦泰宇实业有限公司,91460200MA5RDCJQ87,175
7830,海南欣源凯企业管理有限公司,91460105MACX1024XX,175
7831,海南欣阳新能源有限公司,91460000MAA9405G84,175
7832,海南欣想事成投资有限公司,91460000MAD8605E7E,175
7833,海南欣享农业有限公司,91460000MADYNPD759,175
7834,海南欣熙望农业科技有限公司,91460000MAC38JTK53,175
7835,海南欣卫投资有限公司,91460000MAE7AD762J,175
7836,海南欣润园种业有限公司,91460000MAEAXFD644,175
7837,海南欣荣创科技有限公司,91460000MADAG6J129,175
7838,海南欣曼杰皓投资有限公司,91460000MAE500QR39,175
7839,海南欣迈生物科技有限公司,91460106MADHRQ1U6M,175
7840,海南欣燎科技有限公司,91460000MACFJN6T4Y,175
7841,海南欣慧通信息咨询有限公司,91460000MADH91WCXQ,175
7842,海南欣飞农业发展有限公司,91460000MA5TWJLE7W,175
7843,海南昕卓盈创投资有限公司,91460000MAE5NCTG03,175
7844,海南昕忆诚食品科技管理有限公司,91460000MADXAH2A66,175
7845,海南昕茂迪供应链管理有限公司,91460000MACJ1M9J4L,175
7846,海南昕禾科技有限公司,91460000MAK1NPW95T,175
7847,海南昕都汇达咨询有限公司,91460000MABYXRRN1Q,175
7848,海南昕都汇达投资合伙企业（有限合伙）,91469027MAC0CDYN4G,175
7849,海南新卓越建材贸易有限公司,91460000MAE0K8UQ7M,175
7850,海南新重康发动机销售服务有限公司,91460000MAD7NL894T,175
7851,海南新中关生物科技集团有限公司,91460105MAA9AAEL69,175
7852,海南新质农业科技有限公司,91460000MADB8L4J25,175
7853,海南新至管理咨询有限公司,91460000MA7N1PPG4U,175
7854,海南新智合科技有限公司,91460100MADHF7LB0F,175
7855,海南新展鹏土石方清运有限公司,91460000MAE5U6TT9L,175
7856,海南新泽特种材料有限公司,91460000MAEL8F1B26,175
7857,海南新再灵科技有限公司,91460100MAA98QJ17W,175
7858,海南新运达建材有限公司,91460000MA5TURK15E,175
7859,海南新粤泰贸易有限公司,91460000MACNAXYR1K,175
7860,海南新玥海洋服务有限责任公司,91460000MADLFY1G1L,175
7861,海南新塬鑫贸易有限公司,91460000MABT3YTB76,175
7862,海南新义合成生物科技有限公司,91460000MAERHFQA8W,175
7863,海南新一代体育文化有限责任公司,91460000MAD8YGYC15,175
7864,海南新椰科技有限公司,91149900MA0K8M1D1Q,175
7865,海南新鑫阳科技工程有限责任公司,91460000MACHYYAU19,175
7866,海南新鑫阳建材有限公司,91460000MAD67N1C1L,175
7867,海南新欣源互联网科技有限公司,91460000MA5TX3430C,175
7868,海南新蔚蓝信息科技有限公司,91460600MA5RHX580J,175
7869,海南新伟投资控股有限责任公司,91460000MAC4HXW682,175
7870,海南新微安全科技有限公司,91460107MABQLC5269,175
7871,海南新田农林科技有限公司,91460000MAE7KD7E2G,175
7872,海南新天邦投资有限公司,91460000MAC9PEYC6C,175
7873,海南新时达新能源有限公司,91460000MAA938NY6Y,175
7874,海南新胜源科技有限公司,91460000MAC7L2BW71,176
7875,海南新胜道竞技科技有限公司,91460000MAE1WLR236,176
7876,海南新社科技咨询有限公司,91460106MA5TXLJT83,176
7877,海南新三农实业有限公司,91460000MA5TXGL507,176
7878,海南新锐恒丰科技投资合伙企业（有限合伙）,91469026MA5TMCMQ8K,176
7879,海南新睿海鸿生物科技有限公司,91460000MACFU78N4F,176
7880,海南新睿海辰投资合伙企业（有限合伙）,91460000MAA92FW25U,176
7881,海南新融基金合伙企业（有限合伙）,91460000MA5TL7DY78,176
7882,海南新融德投资有限公司,91460000MACNUTEM1J,176
7883,海南新荣基建筑劳务有限公司,91460000MABQNMDA0J,176
7884,海南新秋振荣新能源有限公司,91460000MAA97GJ30J,176
7885,海南新诺亚贸易有限公司,91460000MAEQPJFN8P,176
7886,海南新诺生物科技有限公司,91460000MADYL30D06,176
7887,海南新能技术服务有限公司,91460108MAA9A4033Y,176
7888,海南新牧管理咨询合伙企业（有限合伙）,91469025MA7MTRQP1K,176
7889,海南新美达半导体材料有限公司,91460000MACDF77L82,176
7890,海南新茂防水科技有限公司,91460000MA7KWTY169,176
7891,海南新灵感管理咨询服务有限公司,91460000MA5TUK190M,176
7892,海南新凌装饰有限公司,91460000MAEC70RM33,176
7893,海南新雷宾医疗科技有限公司,91469002MAA98FN205,176
7894,海南新奎科技有限公司,91350213MA343YKM29,176
7895,海南新景象文化传媒有限责任公司,91460000MA5TR24783,176
7896,海南新际源国际贸易有限公司,91460000MAC5KCF19D,176
7897,海南新基新型建材有限公司,91460000MAEQXT1F4W,176
7898,海南新基科技有限公司,91460107MACJ58KE7X,176
7899,海南新华亚机电工程有限公司,91460000676061065A,176
7900,海南新鸿科技有限公司,91460105MAA9A66M2K,176
7901,海南新合元投资发展有限公司,91460000MAE831AP7A,176
7902,海南新国旅国际旅行社有限公司三亚崖州湾营业部,91460000MAE2G4X88L,176
7903,海南新格林信息科技有限公司,91460000MA7K3YLP5F,176
7904,海南新高信息科技有限公司,91460000MAA93JCX8K,176
7905,海南新辅合贸易有限公司,91460000MAERHH68X4,176
7906,海南新方案科技有限公司,91460000MAD8YFBW62,176
7907,海南新发现置业有限公司,91460200MA5RDFYW0C,176
7908,海南新电科技有限公司,91469002MADGXYD00K,176
7909,海南新迪讯科技有限公司,91460000MACP9F5T09,176
7910,海南新导科技有限公司,91469027MA7NHEEX08,176
7911,海南新川森贸易有限公司,91460000MAD6DCTR5J,176
7912,海南新承科技有限公司,91460000MAEWYHB46H,176
7913,海南新博美装饰设计有限公司,91469001MADGDEKQ4W,176
7914,海南新并行科技有限公司,91460000MACJYL2875,176
7915,海南新奥电梯设备有限公司崖州分公司,91469027MABR018T28,176
7916,海南忻泽数字科技有限公司,91469007MADXRFCU08,176
7917,海南心之境教育有限公司,91460000MAK0MN6UX9,176
7918,海南携客旅游服务有限公司,91460000MAA96TEF7E,176
7919,海南协拍影视服务有限责任公司,91460000MA5TN5W99Y,177
7920,海南协农食品有限公司,91460000MAE3EC1J6N,177
7921,海南协力创新科技文化服务有限公司,91460000MACW8WD36L,177
7922,海南协鸿之诺国际贸易有限公司,91460000MAEQU7JQ2P,177
7923,海南协尔科技有限公司,91460000MACG866E6A,177
7924,海南协晟生物科技有限公司,91460000MAA94F6Q7B,177
7925,海南肖瑶科创服务有限公司,91460000MAEAXR291P,177
7926,海南笑脸兔知识产权服务有限公司,91460000MACH783N1B,177
7927,海南笑观山水汽车租赁有限公司,91460000MA5TWDPNX6,177
7928,海南孝满庭健康养老服务有限公司,91460000MAER017C23,177
7929,海南啸谦贸易有限公司,91460000MACWB3X73W,177
7930,海南晓风吟电子商务有限公司,91460000MAEWYMEY44,177
7931,海南小植农业科技有限公司,91460000MAD81T395W,177
7932,海南小鲨渔业有限责任公司,91460000MAC11A7M7A,177
7933,海南小青秋锦投资有限公司,91460000MAE8E8BH7H,177
7934,海南小青芒科技有限公司,91460000MA5TU0575G,177
7935,海南小胖文化有限公司,91460000MACXH6JK2E,177
7936,海南小鹿奔奔科技开发有限公司,91440106340174066K,177
7937,海南小灵珑财务咨询有限责任公司,91460000MAD2C9AKX4,177
7938,海南小浪麦新材料科技有限公司,91460000MAEMTMUE6J,177
7939,海南小橘数惠科技有限公司,91460000MAD76TMB9M,177
7940,海南小福熊科技有限公司,91460000MACYMXX18L,177
7941,海南小般投资中心（有限合伙）,91460202MADL7EMX6Q,177
7942,海南骁业贸易有限公司,91460107MACWA4D651,177
7943,海南骁阳科技有限公司,91460000MACLP5N20D,177
7944,海南骁骏商务服务有限公司,91460200MA5RFA1B64,177
7945,海南霄组显建材贸易有限公司,91460200MA5T2G9M4Y,177
7946,海南潇阳科技有限公司,91460000MAA960D334,177
7947,海南宵铭科技有限责任公司,91460106MADDEM7P8L,177
7948,海南项屿企业管理有限公司,91460000MAEU15FC2A,177
7949,海南象上本草科技有限公司,91460000MAK0MRYT0C,177
7950,海南向种图强种业服务有限公司,91460000MAEA7E1D09,177
7951,海南向天图强航天服务有限公司,91460000MAEA82051F,177
7952,海南向腾机械设备有限公司,91460000MABTM6G44T,177
7953,海南向数图强数字服务有限公司,91460200MADWK4D7X8,177
7954,海南向绿图强能源服务有限公司,91460000MAEAXU1E4Y,177
7955,海南向洁建筑工程有限公司,91460106MAA9A8587W,177
7956,海南向晖农业科技有限公司,91460106MAA97F8P8U,177
7957,海南向海图强海洋科技有限公司,91460000MAEFYHCG5Y,177
7958,海南向海图强海洋服务有限公司,91460000MAEA772P69,177
7959,海南像塔网络科技有限公司,91460000MA7J7WBH1P,177
7960,海南飨农生农业科技有限公司,91460000MACCWM2G8Q,177
7961,海南享臻企业管理中心（有限合伙）,91460000MAE76YQ18C,177
7962,海南享盟商贸有限公司,91460000MA5TWHDM62,177
7963,海南享靓投资有限公司,91460000MAETM3L78X,177
7964,海南翔翔专利代理有限公司三亚分公司,91460108MADK5R6U37,178
7965,海南翔顺建筑工程有限公司,91460000MAK2EYPG4R,178
7966,海南翔捷投资有限公司,91460100MABTDCFW4G,178
7967,海南翔达装饰设计有限公司,91460000MA5TDAT72A,178
7968,海南祥裕德投资有限公司,91460000MABR8ATFX2,178
7969,海南祥又瑞投资有限公司,91460200MADMQMKMX8,178
7970,海南祥微贸易有限公司,91460200MA5T4XTJ4R,178
7971,海南祥如腾广告有限公司,91460200MA5T21L18Q,178
7972,海南祥诺科技有限公司,91460000MAC6RANN3T,178
7973,海南祥能广告有限公司,91460200MA5T2N0W8T,178
7974,海南祥康宏贸易有限公司,91460000MAA8Y3Q52E,178
7975,海南祥珲建筑工程有限公司,91460000MA7KLCUU1G,178
7976,海南祥合建筑工程有限公司,91460108MAD81AP18L,178
7977,海南祥春福贸易有限公司,91460204MACX5LWX7D,178
7978,海南祥晟惠通私募股权投资基金合伙企业（有限合伙）,91320200076312094H,178
7979,海南祥昌化工有限公司,91460000MA5TY8EC70,178
7980,海南香药农业科技集团有限公司,91460000MA5U0W6J4A,178
7981,海南香树旅游会展服务有限公司,91460000MAC8XPB71Q,178
7982,海南香兰阁旅游服务有限公司,91460200MA5T6C1A6E,178
7983,海南香蕉树科技合伙企业（有限合伙）,91469005MA5U1J0L2B,178
7984,海南香乘轩文化传播有限公司,91460200MA5RHP511E,178
7985,海南相弈网络科技有限公司,91460000MA5TNWH62X,178
7986,海南相伶贸易有限公司,91460000MAC6UKJ11Q,178
7987,海南湘泽英汇投资有限公司,91460000MAE568PK4Q,178
7988,海南湘酉科技有限公司,91460000MAEHA63N60,178
7989,海南湘邮科技有限公司,91430102MA4R32HU4P,178
7990,海南湘印阁图文广告有限公司,91460000MA7H4K2N22,178
7991,海南湘鹿建筑装饰工程有限公司,91460000MADFG4K42G,178
7992,海南湘林科技有限公司,91460000MAC66RDM30,178
7993,海南湘济农资有限公司,91460000MAE1G9FP5W,178
7994,海南湘恒建材有限公司,91460000MAEQ19T273,178
7995,海南湘工劳务建筑工程有限公司,91460000MAD23N3A2P,178
7996,海南湘楚贸易有限公司,91460106MAD9623Y47,178
7997,海南乡舍院落投资有限公司,91460108MADMBJY840,178
7998,海南乡邻房地产营销策划服务有限公司,91460200MA5REKJF5Y,178
7999,海南线点线信息设计有限公司,91460000MAD9GH8T01,178
8000,海南现岱智能科技有限公司,91460000MA5TWWT92J,178
8001,海南闲农奇遇企业管理合伙企业（有限合伙）,91460000MAE96FAK1J,178
8002,海南闲农奇遇科技有限公司,91460000MAE8TMWM1E,178
8003,海南贤腾电子信息科技有限公司,91460200MA5T5YX45E,178
8004,海南贤宁健康科技有限公司,91469034MADQM0WY6K,178
8005,海南贤惠建筑装饰工程有限公司,91469036MA7H62WD3Q,178
8006,海南鲜汇供应链管理有限公司,91460000MAEFGLDM3W,178
8007,海南鲜丰科技有限公司,91460000MACWHFXM1A,178
8008,海南鲜动食品有限公司,91460200MA5RD3TF77,178
8009,海南先正网络科技有限公司,91460000MA7HXJ7D82,179
8010,海南先信进出口贸易有限公司,91460000MADBAL870R,179
8011,海南先硕科技服务有限公司,91460108MADBXBU01C,179
8012,海南先峰志达投资有限公司,91460108MADABEKU0F,179
8013,海南先尔农业现代科技有限公司,91460100MAD19NDE0F,179
8014,海南霞逸文化旅游有限公司,91469033MACQAXFP7D,179
8015,海南禧力岛贸易有限公司,91460200MA5T4UKC14,179
8016,海南禧禾电子商务有限公司,91460000MAK1JBK80H,179
8017,海南玺赢鼎实业有限公司,91460000MAA98X6R6D,179
8018,海南玺皓贸易有限公司,91460000MAEX8K4815,179
8019,海南喜之家房地产有限公司,91460108MA5TL4FY14,179
8020,海南喜燕食品有限公司,91469002MA5TQNHJ0L,179
8021,海南喜雅投资有限公司,91460105MAA9A9YK2F,179
8022,海南喜莲街广告有限公司,91460200MA5T28J22E,179
8023,海南喜绘网络科技有限公司,91460000MAE1N0L7XG,179
8024,海南喜歌旅游文化有限公司,91460108MAD14DFA65,179
8025,海南习琼国际贸易服务有限公司,91469031MADXD4694B,179
8026,海南习华农业发展有限公司,91460000MAE6FJ2129,179
8027,海南西卓科技有限公司,91460106MAD5RRFJ77,179
8028,海南西岳经贸有限公司,91460000MA5TXU6290,179
8029,海南西莎诺丽果产业研发有限公司,91460000MAD7Q06C5L,179
8030,海南西沙诺丽生物科技有限公司,91460200324191739N,179
8031,海南西荣科技有限公司,91460000MAD6QFYJ0D,179
8032,海南西密种业科技有限公司,91460000MACK0MRY70,179
8033,海南西马实业有限公司,91460000MABRWE3705,179
8034,海南西马贸易有限公司,91460100MAA8YTFH10,179
8035,海南西丽网络销售有限公司,91460200MA5RD83D9W,179
8036,海南西格林科技有限公司,91460000MAD53F0B2W,179
8037,海南西尔维酒店管理有限公司,91460200MA5RHW2X3L,179
8038,海南西创投资控股集团有限公司,91460105MAA94TDA9P,179
8039,海南西部印象投资有限公司,91460000MAE71L7D2N,179
8040,海南西北商务有限公司,91460106MAC129HE8B,179
8041,海南西北国际贸易有限公司,91460107MAA9A9EE6Q,179
8042,海南羲和之扬科技有限公司,91460000MAA99CL92W,179
8043,海南熙煜科技发展有限公司,91460000MA5TTFMA3W,179
8044,海南熙熠贸易有限公司,91460000MAEAEWT34L,179
8045,海南熙涯商务咨询有限公司,91460200MA5T3WH713,179
8046,海南熙鑫和项目管理有限公司,91460000MAEU88806E,179
8047,海南熙隆贸易有限公司,91460000MA5TWTRC6X,179
8048,海南熙堃文化传媒有限公司,91460200MA5RGR1J36,179
8049,海南熙和普惠旅游发展有限公司,91469001MA5TNQLD9W,179
8050,海南熙晟轩广告有限公司,91460200MA5T2QLY6N,179
8051,海南溪树环保科技有限公司,91460200MA5T6KLK79,179
8052,海南溪淇海洋科技有限公司,91460000MAE2W66U94,179
8053,海南曦煜仁文法律咨询有限公司,91460105MADQPLK48H,179
8054,海南曦轩普润商贸有限公司,91460000MA5TE3RX96,180
8055,海南惜饭汇网络科技有限公司,91140100554139696L,180
8056,海南希夷实业投资有限公司,91460000MA5TUM25XF,180
8057,海南希沃科技有限公司,911401000730847431,180
8058,海南希庆投资有限公司,91460000MAE8HDCN28,180
8059,海南希路新能源科技有限公司,91460000MAA97BJF5A,180
8060,海南希尔克投资有限公司,91460000MAC2MTXU58,180
8061,海南希哆国际贸易有限公司,91460000MAD8B1N58N,180
8062,海南希承科技发展有限公司,91460000MA5TWYM50A,180
8063,海南希奥科技有限公司,91460000MAC6CH6D0B,180
8064,海南夕相拥老龄产业服务有限公司,91460000MABX5PT903,180
8065,海南夕下文化传媒有限责任公司,91460000MACW28EMX5,180
8066,海南夕夕木贸易有限公司,91460000MADHPE1X77,180
8067,海南雾计算科技有限公司,91460000MA5TLJCA7D,180
8068,海南物种科技有限公司,91460000MAEAET4613,180
8069,海南戊戌科技集团有限公司,91460108MACXPPGQ8W,180
8070,海南悟一劳务有限公司,91460108MAA9AL857E,180
8071,海南悟容迪建筑工程有限公司,91460200MA5T1YQY4T,180
8072,海南悟牛智能科技有限公司,91460000MA7KR4P64A,180
8073,海南武韦网络科技技术有限公司,91460200MA5RD3E5XW,180
8074,海南武雀投资有限公司,91460000MA5TUYFJXP,180
8075,海南武理教育科技有限公司,91460000MAEBAYKK03,180
8076,海南武丞投资服务有限公司,91460000MAE8ED4900,180
8077,海南午煜科技合伙企业（有限合伙）,91469001MADRHUL11M,180
8078,海南五指峰富硒产业科技有限公司,91460000MACEUYDB0P,180
8079,海南五育实践教育科技有限公司,91460000MAA93WWN9J,180
8080,海南五象贸易有限公司,91460000MA5TX79179,180
8081,海南五五商务有限公司,91460000MA5U035E88,180
8082,海南五里信息科技有限公司,91469002MACNPQ39XD,180
8083,海南五贰五投资咨询有限责任公司,91460000MA5TKG8B6E,180
8084,海南梧铜咨询服务有限公司,91460106MAA9A1EW1F,180
8085,海南无依藉网络科技有限公司,91460000MA7H5RRY6C,180
8086,海南无瓦营地旅游管理有限公司,91460200MA5T1TT95N,180
8087,海南无声广告传媒装饰有限公司,91460000MAA92LM28H,180
8088,海南无理数发展投资合伙企业（有限合伙）,91469033MAA8YRJ88A,180
8089,海南无界传媒有限公司,91460200MA5T4YQ535,180
8090,海南吾之家家具有限公司,91460000MA5TM1M640,180
8091,海南屋盟信息科技有限公司,91460100082510054F,180
8092,海南乌托邦投资有限公司,91460107MAD6PHWX2L,180
8093,海南乌托邦旅游开发有限公司,91460000MAD85EJJXX,180
8094,海南沃泽水产养殖有限公司,91460000MAENAD5B5C,180
8095,海南沃野农业发展有限责任公司,91460000MAEJNM9P72,180
8096,海南沃土农业科技有限公司,91460108MA5TLQQR4U,180
8097,海南沃土股权投资基金合伙企业（有限合伙）,91460000MAA969J95X,180
8098,海南沃特森广告有限公司,91460200MA5RJ26591,180
8099,海南沃实科技服务有限公司,91460000MAEDP64J82,181
8100,海南沃庆投资有限公司,91460000MAK10Y3J12,181
8101,海南沃普瑞企业管理咨询服务有限公司,91460000MAC729T64D,181
8102,海南沃方科技有限公司,91460000MADA02E39H,181
8103,海南沃德能源科技有限公司,91460000MA7GDPDD27,181
8104,海南沃创智众科技发展有限公司,91460108MAA9A1035F,181
8105,海南窝刚配贸易有限责任公司,91460000MA7ND5NT9T,181
8106,海南问源进出口贸易有限责任公司,91460000MA5TYMHT31,181
8107,海南稳艺科技有限公司,91460000MAEP0PUW6B,181
8108,海南稳立投资有限公司,91460000MAETPM0L78,181
8109,海南稳进实业有限公司,91460000MA5TUQFB2H,181
8110,海南稳进创兴贸易有限公司,91469002MAD4K7LH5R,181
8111,海南稳发广告有限公司,91460200MA5RJ80M6H,181
8112,海南闻鑫科技有限公司,91460106MAA9AAK96Q,181
8113,海南闻思修投资有限公司,91460000MAE95T0T42,181
8114,海南闻杰贸易有限公司,91460106MADTTN1X42,181
8115,海南闻达致磬私募股权投资基金合伙企业（有限合伙）,91320200076312078U,181
8116,海南闻博运输有限公司,91460000MAA902HW97,181
8117,海南文宇科技有限公司,91460000MAG119584R,181
8118,海南文赢进出口贸易有限公司,91460000MAD3D4291U,181
8119,海南文欣机电科技有限公司,91460000MAE8Y0EC20,181
8120,海南文伟农业科技有限公司,91460000MADCQXQ33R,181
8121,海南文通天下投资有限公司,91460000MAE581PG3F,181
8122,海南文升建筑工程有限公司,91460200MA5RCEDQXJ,181
8123,海南文森商贸有限公司,91460200MA5REHEW44,181
8124,海南文润成帅科技有限公司,91460000MAC83YHL5X,181
8125,海南文科生物科技有限公司,91460000MAC3JA627R,181
8126,海南魏英商贸有限公司,91460000MAEK7TT536,181
8127,海南魏氏德康投资有限公司,91460108MADM4LUQ3L,181
8128,海南魏秦国际贸易有限公司,91460000MAEJKEM4XW,181
8129,海南蔚琪文化传媒有限公司,91460000MABTYAG401,181
8130,海南蔚蓝时空新材料科技有限公司,91460000MAD0NLXU92,181
8131,海南蔚海芯程创业投资合伙企业（有限合伙）,91469030MA5U07JH2D,181
8132,海南未农科技有限公司,91460000MAK0JE2C6T,181
8133,海南未莱新能源科技有限公司,91469027MACR6JXB82,181
8134,海南未来智动科技有限公司,91460000MAEW4U97XF,181
8135,海南未来智创企业管理合伙企业（有限合伙）,91460000MAEALBYD9Q,181
8136,海南未来宇航科技研究院有限公司,91460200MA5T7QDQ7J,181
8137,海南未来宇航创业投资基金合伙企业（有限合伙）,91460000MA5TU07D78,181
8138,海南未来优才国际教育中心有限公司,91460200MA5T4J6UXF,181
8139,海南未来微星创业投资基金合伙企业（有限合伙）,91460000MAA97LCY3J,181
8140,海南未来探索企业管理合伙企业（有限合伙）,91460000MA5TW2BY01,181
8141,海南未来汇富创业投资基金合伙企业（有限合伙）,91460000MAA97D3T3Q,181
8142,海南未来共赢企业管理合伙企业（有限合伙）,91460000MA5TW2B290,181
8143,海南卫星海洋应用研究院有限公司,91460000MA5TNAHC1Y,181
8144,海南卫士信息技术有限公司,91460200MA5RCR9827,182
8145,海南位姿导控技术有限公司,91460203MAD01HD05C,182
8146,海南纬度秘密旅游文化产业有限公司,91460200MA5RGRF828,182
8147,海南玮瑞天成管理合伙企业（有限合伙）,91469036MAD6D5Q228,182
8148,海南玮盛新能源科技有限公司,91460000MAA95T2451,182
8149,海南玮宸贸易有限公司,91460000MACPLUC55N,182
8150,海南炜煌科技有限公司,91460108MACTB0XPXU,182
8151,海南炜恒投资有限公司,91460000MAK01PL00F,182
8152,海南炜博装饰工程有限公司,91460200MA5RHY9DXT,182
8153,海南伟祈供应链有限公司,91460000MACJY19521,182
8154,海南伟汉文化传媒有限公司,91460000MA5TUJ0088,182
8155,海南伟大小镇建设有限公司,91460105MA5TU8GMXY,182
8156,海南维舟农业科技有限公司,91460000MAE8D081XJ,182
8157,海南维先进出口有限公司,91469005MADRDUXP2D,182
8158,海南维顺能源有限公司,91460000MA5TU092XC,182
8159,海南维奇科技有限公司,91460000MAA8Y1M78K,182
8160,海南维凯德科技有限公司,91460000MA5TX04Q0C,182
8161,海南维金生物科技有限公司,91460000MAA94MWJ44,182
8162,海南维港金渡咨询有限公司,91460000MAEXW3208E,182
8163,海南维度折叠科技有限公司,91460000MAEJWG1X4U,182
8164,海南维都豪房地产业有限公司,91460000MABM4X1G6X,182
8165,海南惟勤实验科技有限公司,91460000MAD2NPF1XG,182
8166,海南唯思达科技发展有限公司,91460105MAA9ADL15A,182
8167,海南唯实农业科技发展有限公司,91460000MAE9K5DD2W,182
8168,海南唯实建设工程造价咨询有限公司,91460000MAD0CRYR76,182
8169,海南唯圣贸易有限公司,91460000MA5U2LGA5K,182
8170,海南唯国实业有限公司,91469002MA5TT1AH66,182
8171,海南为农生物科技有限公司,91460000MAD85KXF2R,182
8172,海南微伟生物科技有限公司,91460200MADNUXUM62,182
8173,海南微唐柏贸易有限公司,91460200MA5T545D90,182
8174,海南微碳科技有限公司,91460000MACB2XMW19,182
8175,海南微铭测控科技有限公司,91460000MAK25LTN2W,182
8176,海南微芒科创服务有限公司,91460000MADDHGRN94,182
8177,海南微科科技有限公司,91460107MAD99C5293,182
8178,海南微景通信息科技有限公司,91460200MA5RC14M41,182
8179,海南微基智能生物科技产业有限公司,91460000MAETFDUE11,182
8180,海南微触点科技有限公司,91230103MA1C52UU9C,182
8181,海南威震水产食品供应链有限公司,91460000MAD6G3EW2E,182
8182,海南威瑞建筑工程有限公司,91460000MAETTGTN3L,182
8183,海南威客科技有限公司,91460108MADLUHTL6X,182
8184,海南威成项目管理有限公司,91460000MAD950UP1W,182
8185,海南威邦斯按摩店（个人独资）,91460000MAA8YAAT6K,182
8186,海南望星诚文化传媒有限公司,91460000MACTD90T81,182
8187,海南旺众实业有限公司,91460000MAC94KDN41,182
8188,海南旺龙科技有限责任公司,91460108MAA993W98L,182
8189,海南旺景科技有限公司,91460000MAEQTW554G,183
8190,海南旺辉板业有限公司,91460000MAC3384W7N,183
8191,海南王子投资有限公司,91460106MAA94EL23C,183
8192,海南王先生信息咨询有限公司,91460000MACB8N8T3F,183
8193,海南王果生态农业科技有限公司,91460106MAA99XPX16,183
8194,海南汪世兴实业有限公司,91460000MA5TWMWA2C,183
8195,海南汪世兴品牌管理有限公司,91460000MAE1K4J55E,183
8196,海南万众南山实业有限公司,91460200MA5RCJD19R,183
8197,海南万众长鸿集团有限公司,91460000MAC9NY6A5T,183
8198,海南万丈立能源科技有限公司,91460000MA5U1H4P5F,183
8199,海南万昀物业服务有限公司,91469028MAD3YBKQ9W,183
8200,海南万云胜房地产有限公司,91460000MABPJ8C796,183
8201,海南万盈商务咨询有限公司,91460000MA5TXNU308,183
8202,海南万益管理服务有限公司,91460000MA5TK4Y17D,183
8203,海南万亦企业管理有限公司,91460106MABQNAUN21,183
8204,海南万叶奇种业有限公司,91460000MAC1N89L6M,183
8205,海南万星文化传媒有限公司,91460108MAA95EJMXR,183
8206,海南万兴房地产开发有限公司,91460108MAA995129M,183
8207,海南万鑫垅贸易有限公司,91460000MA7MR9MR2M,183
8208,海南万鑫华昇贸易有限公司,91460000MAE4PJPDX9,183
8209,海南万橡新材料有限公司,91460000MA5TTFQB7B,183
8210,海南万夏建筑装饰工程有限公司,91460000MACL18CQ43,183
8211,海南万锡共创企业管理有限公司,91460000MAC18PEY9M,183
8212,海南万物智博物业服务有限公司,91460108MAA96EGP0E,183
8213,海南万物智博商业管理有限公司,91460000MAA96ELQ0D,183
8214,海南万物阳光物业服务有限公司,91469030MAA96LW589,183
8215,海南万物阳光商业管理有限公司,91460000MAA96E4D6R,183
8216,海南万物生活科技有限公司,91460106MADAWBU48Y,183
8217,海南万同博汽车服务有限公司,91460200MA5T54EXXH,183
8218,海南万田房地产有限责任公司,91460000MA5TX3NE11,183
8219,海南万泰宝汇进出口贸易有限公司,91469033MA5TT85F7A,183
8220,海南万思摩科技有限公司,91460000MA5TR1R985,183
8221,海南万事和建材有限公司,91460000MA5T7Y484N,183
8222,海南万润科盛服务有限公司,91460000MACDAAEM14,183
8223,海南万泉物流有限公司崖城分公司,91460200MA5RHYYP78,183
8224,海南万乔企业管理有限公司,91460000MADJ71LJ8K,183
8225,海南万启洋贸易有限公司,91460204MACCLMY78L,183
8226,海南万鹏国际货运代理有限公司,91469006MA5TAB6Y3R,183
8227,海南万农先锋种子有限公司,91460000MAA98P099Q,183
8228,海南万摩科技有限公司,91460000MACQGWQJ8C,183
8229,海南万溟智能科技有限公司,91460000MACTT62E7U,183
8230,海南万马共创企业管理有限公司,91460000MAC0QMP0XJ,183
8231,海南万楼阁网络科技有限公司,91460000MAA9374F75,183
8232,海南万立投资有限公司,91460000MAC30MXL3N,183
8233,海南万立通劳务有限公司,91460000MAE68CPQ63,183
8234,海南万历工贸有限公司三亚崖州分公司,91460000MADXH4901C,184
8235,海南万利云商电子商务有限公司,91460200MA5T26H75Q,184
8236,海南万利天恒工程有限公司,91460000MACY19M694,184
8237,海南万利恒科技有限公司,91460000MA7GX98MXD,184
8238,海南万里祥和汽车租赁服务有限公司,91460200MA5RC0K111,184
8239,海南万客源餐饮管理有限公司,91460200MA5T2QF77M,184
8240,海南万颗子实业有限公司,91460107MAA99W683D,184
8241,海南万科物业服务有限公司,91460106MA5U2W773W,184
8242,海南万科企业管理有限公司,914600006872970735,184
8243,海南万骏管理服务有限公司,91460400MA5TK4NT6B,184
8244,海南万聚盈通企业管理有限公司,91460200MADL7G9P3N,184
8245,海南万玖玖商贸有限公司,91460106MAC33Y3776,184
8246,海南万净环卫科技服务有限公司三亚分公司,91460000MACF6GKJ1Y,184
8247,海南万净环卫科技服务有限公司,91460000MAA92M5D2N,184
8248,海南万疆智集科技合伙企业（有限合伙）,91460000MAEXFN250F,184
8249,海南万加医疗管理有限公司,91460000MABQAEXB38,184
8250,海南万吉象投资有限公司,91469030MA5TQWMH07,184
8251,海南万吉迈科技有限公司,91460000MA5TYT2XXK,184
8252,海南万禾保生物科技有限公司,91460200MA5RCAW15Q,184
8253,海南万合惠生企业管理有限公司,91460000MAE0JPB128,184
8254,海南万合洪建材有限公司,91460000MABWACL82T,184
8255,海南万航启胜管理服务有限公司,91469002MA5TJXC538,184
8256,海南万海行运输服务有限公司,91460000MA5T8W7C6B,184
8257,海南万贯家财投资有限公司,91460000MA7N5AJE02,184
8258,海南万福惠民互联网科技创新有限责任公司,91460000MADC50BA09,184
8259,海南万福互联网生活服务平台集团有限公司,91460000MACKD8KG89,184
8260,海南万代农业科技发展股份有限公司,91460106MAA9AGHJ5Y,184
8261,海南万盛家居有限公司,91460000MA7LEK3RXK,184
8262,海南万晟合贸易有限公司,91460000MA5TXT8H1T,184
8263,海南万铂科技有限公司,91460000MAD01AEW4K,184
8264,海南万保天勤生物科技有限公司,91460200MADM4BYU4C,184
8265,海南万邦仁和实业有限公司,91460200MA5RERF14P,184
8266,海南皖和星宇实业有限公司,91460200MA5RF39H78,184
8267,海南宛珊投资有限公司,91460106MAD55BNE3E,184
8268,海南婉宁科技服务有限公司,91520115MA6J95UQ10,184
8269,海南湾连湾信息技术有限公司,91460000MA5TH12Q3L,184
8270,海南瓦希格酒店管理有限公司,91460200MA5RJCDA1D,184
8271,海南瓦尼亚国际贸易有限责任公司,91460000MADCN6687F,184
8272,海南托普云农数智科技有限公司,91460100MAD0MMWF7E,184
8273,海南暾通投资有限公司,91460000MAE8D0MN94,184
8274,海南团团和小伙伴实业有限公司,91460106MA5TMKAA2D,184
8275,海南吐纳佰盛贸易有限公司,91460000MAE27DJK2A,184
8276,海南途之乐科技有限公司,91460000MAELB3FM5R,184
8277,海南途讯信息技术有限公司,91460000MA5U2EGP92,184
8278,海南涂森新能源汽车有限责任公司,91460200MA5T5XY30C,184
8279,海南图益帕酒店管理有限公司,91460200MA5T1L7D6N,185
8280,海南图凌智联科技有限公司,91460000MAA98G8X1F,185
8281,海南图程土石方工程机械有限公司,91460000MACGEGK437,185
8282,海南图柏仪器设备有限公司,91460000MAE78UYF37,185
8283,海南透明防护科技有限公司,91460108MAD54YJM04,185
8284,海南头号传媒有限公司,91460000MACR4GKQ98,185
8285,海南统信金玲电子有限公司,91460000MAE9DDF37Q,185
8286,海南潼珲实业有限公司,91469028MA5T98RR68,185
8287,海南桐韵林科技有限责任公司,91460000MAE1658E5H,185
8288,海南桐盈科技有限公司,91460000MAK21D751T,185
8289,海南彤诚企业管理有限公司,91460000MABXAYW830,185
8290,海南同钊海洋科技有限责任公司,91460000MAEWYNH83J,185
8291,海南同愿同行贸易有限公司,91460000MAK14M0W8Y,185
8292,海南同玉建筑工程有限公司,91460000MADHHL25X5,185
8293,海南同享保洁服务有限公司,91460106MAD2TQP27W,185
8294,海南同瑞科技有限公司,91460000MAK20WW30H,185
8295,海南同凌科技有限公司,91460000MABW1BUF56,185
8296,海南同力科技有限公司,91460000MA5TYRFA9L,185
8297,海南同浪科技有限公司,91460000MAE61BC26G,185
8298,海南同辉商贸有限公司,91460000MA5TC0BC6N,185
8299,海南同辉农业贸易有限公司,91460000MADKUMEX15,185
8300,海南同和科技有限公司,91460200MA5T5R9HXG,185
8301,海南同和分享供应链管理有限公司,91460000MA5U2M2H6M,185
8302,海南同道共创企业管理合伙企业（有限合伙）,91460000MACAR5LY0L,185
8303,海南同驰网络科技有限公司,91460000MACECU2872,185
8304,海南同城互联电子商务有限公司,91460200MA5RCMNM2H,185
8305,海南同保新材料科技有限公司,91460106MAC5KD34XD,185
8306,海南同邦文化传媒有限公司,91460000MAC7H6J991,185
8307,海南同邦图文广告有限公司,91460000MA5TLG2B3T,185
8308,海南仝晨网络科技有限公司,91460000MAA99TGL50,185
8309,海南通塬商贸有限责任公司,91460000MAD96XCP24,185
8310,海南通托运输有限责任公司,91460000MABMGNJM84,185
8311,海南通盟文旅服务有限公司,91460108MADJJQWC4J,185
8312,海南通联智行科技有限公司,91460000MA5TP83Y81,185
8313,海南通汇利华贸易有限公司,91460000MA5TUD2K83,185
8314,海南通达亨运商贸有限责任公司,91460000MAE6JEGH0D,185
8315,海南通达峰新能源科技有限公司,91460000MABPHR4524,185
8316,海南通昌石油化工贸易有限公司,91460000MAD9X6MJ0P,185
8317,海南通舶科贸有限公司,91460204MAD78PDH0G,185
8318,海南挺好建筑工程有限公司,91460100MA5TTR573C,185
8319,海南廷杰国际口腔集团有限公司,91460204MAC9E64A7E,185
8320,海南庭院餐饮服务有限公司,91460000MAA8YJGR22,185
8321,海南婷好影业有限公司,91460000MADE7D0T4A,185
8322,海南听涛科技集团有限公司,91469027MACQJQGP3T,185
8323,海南铁拳科技发展有限公司,91460000MAEHWWBT7Y,185
8324,海南田小二农业科技有限公司,91460100MAA9AFAC0K,186
8325,海南田田房地产有限公司,91460000MA5TPU3267,186
8326,海南田顺贸易有限公司,91460000MABLUT80X6,186
8327,海南田农农产品有限公司,91460000MAC419CH86,186
8328,海南田辉智能科技有限公司,91460000MAK188FH4D,186
8329,海南甜帆贸易有限公司,91460000MA7H4XJC67,186
8330,海南添誉贸易有限公司,91460000MACBE9JB00,186
8331,海南添陶题酒店管理有限责任公司,91460000MABMKEXB49,186
8332,海南添佳国际贸易有限公司,91460105MAA9ABLQ4G,186
8333,海南添积投资合伙企业（有限合伙）,91460000MAEPDBU235,186
8334,海南添泓项目管理有限公司,91460000MAC3RM0M97,186
8335,海南添弘科技有限公司,91460108MAA9AKJ46U,186
8336,海南添浩国际贸易有限公司,91460000MADFU00Y64,186
8337,海南天之禾农业科技有限公司,91460000MACK4WND95,186
8338,海南天泽国际咨询有限公司,91460106MA5U1K4E3A,186
8339,海南天藻生物技术有限公司,91460000MAEA7EDA2G,186
8340,海南天玉农业科技发展有限公司,91460000MAD43GUA79,186
8341,海南天屿科技有限公司,91460000MA5TUY4W6C,186
8342,海南天应科技有限公司,91460000MA5TTXWA63,186
8343,海南天益喜悦投资有限公司,91460106MAD90JBHXR,186
8344,海南天毅再生资源回收有限公司,91460000MAA92LDF7E,186
8345,海南天涯水业西部供水有限公司中部分公司,91460107MAA9AE4W39,186
8346,海南天象智研管理合伙企业（有限合伙）,91460000MAEU2KY01W,186
8347,海南天娴农业科技有限公司,91460000MAEP6P532N,186
8348,海南天网云联科技有限公司,91460100MA5RDFMP7L,186
8349,海南天烁企业管理咨询合伙企业（有限合伙）,91469005MACTQQL36X,186
8350,海南天时达电梯销售有限公司,91460000MA5TH7JH4N,186
8351,海南天昇海润投资合伙企业（有限合伙）,91460000MADAC3E02W,186
8352,海南天申新科技能源有限公司,91460107MAD6U3315W,186
8353,海南天尚邦富运营管理有限公司,91460108MAA9A69T9T,186
8354,海南天森园林景观工程有限公司,91460200MA5T22CA7Q,186
8355,海南天润轩国际贸易有限公司,91460000MAEU1DMX0H,186
8356,海南天润和一科技有限公司,91460000MAC27W786W,186
8357,海南天睿旅游发展有限公司,91460000MA5TWRJB1E,186
8358,海南天泉科技有限公司,91460000MAD6F33482,186
8359,海南天宁房地产经纪有限公司,91460200MA5T3MHM7H,186
8360,海南天冕科技合伙企业（有限合伙）,91460107MAA8YXE58E,186
8361,海南天科能源有限公司,91460000MA5U1FR607,186
8362,海南天九云科技有限公司,91460000MAE7TGY31G,186
8363,海南天椒红泰农业科技有限公司,91460200MADM6UJ65Q,186
8364,海南天健厚德集团有限公司,91460000MA5TQFP12C,186
8365,海南天慧泰工程技术有限公司,91460106MADATA7E4L,186
8366,海南天辉瑞农农业生物科技有限公司,91460200MA5RH6T20Q,186
8367,海南天盛和投资发展有限公司,91460108MADME38J1Y,186
8368,海南天盛和健康科技有限公司,91469035MADQME9A17,186
8369,海南天波人泰贸易有限公司,91460000MA5TW64A0H,187
8370,海南天邦汇达建设项目管理有限公司,91460000MAA967RL9Y,187
8371,海南提分教育发展有限公司,91460106MA5U0GH214,187
8372,海南腾跃智谷国际贸易有限责任公司,91460000MAK20R914A,187
8373,海南腾跃普惠私募股权投资基金合伙企业（有限合伙）,913202000763121077,187
8374,海南腾喜国际贸易有限公司,91469025MAA91WGT5D,187
8375,海南腾图投资有限责任公司,91460203MAD47X6Y9F,187
8376,海南腾上云信息科技有限公司,91460000MA5TKJ1181,187
8377,海南腾瑞化工有限公司,91460000MAA91K1XXX,187
8378,海南腾徕科技有限公司,91460000MA5T9MD040,187
8379,海南腾聚能源发展有限公司,91460000MAC1BE2X0T,187
8380,海南腾步建筑劳务有限公司,91469025MADJUQFN6W,187
8381,海南特维生物科技有限公司,91469002MADPYW9H20,187
8382,海南特色食品有限公司,91460000MAA9001E40,187
8383,海南特瑞森科技发展有限公司,91469007MA5TKY4F29,187
8384,海南特瑞宝新材料技术有限公司,91460000MAEAH0EE85,187
8385,海南特康机械设备经营租赁有限公司,91460000MADH0D4U2D,187
8386,海南特尔赛贸易有限公司,91460000MAK2AJM87R,187
8387,海南陶尼龟建筑工程有限责任公司,91460000MABMPG2T76,187
8388,海南淘阅居房产营销策划有限公司,91460000MA5TBQJJXH,187
8389,海南淘信科技有限公司,91460000MA5TU4G92L,187
8390,海南淘曼投资控股有限公司,91460000MAE43B8DXN,187
8391,海南桃果鲜生农产品有限公司,91460000MA5TC5WC32,187
8392,海南滔滔装饰工程有限公司,91460000MA5TNMF545,187
8393,海南糖罐信息科技有限公司,91460000MACNX9MN23,187
8394,海南棠朵生物科技有限责任公司,91460000MAEGWY3891,187
8395,海南唐研农业科技有限公司,91460000MAD5A9K795,187
8396,海南唐古特物业管理有限公司,91460000MACRGH8P27,187
8397,海南探越科技有限公司,91460000MAG1EW9J3M,187
8398,海南探元私募股权投资基金管理有限公司,91460000MA7JG4UA89,187
8399,海南探斯特科技发展有限公司,91460204MACKDM6W8X,187
8400,海南探海海洋服务有限公司,91460000MADJMH5T37,187
8401,海南潭牛文昌鸡研发有限公司,91460000MAC2D1DJ28,187
8402,海南坛城康域疗愈之旅管理有限公司,91460000MAE6LT9J49,187
8403,海南钛盈文化科技有限公司,91460000MAD126MD5C,187
8404,海南钛浦文化科技有限公司,91460000MAD2BAGH0R,187
8405,海南钛基人防工程有限公司,91460000MAC9N1LD5U,187
8406,海南钛禾钼国际贸易有限公司,91460108MACUCTYN5C,187
8407,海南钛度科技有限公司,91460000MADG7L2K7F,187
8408,海南钛城科技有限公司,91460000MAD793MUX5,187
8409,海南肽好基因工程有限公司,91460000MACMCTPM22,187
8410,海南泰子文化传媒有限责任公司,91460000MA5TY84Q8N,187
8411,海南泰知投资合伙企业（有限合伙）,91460000MAA8Y4BH8T,187
8412,海南泰泽龙生命科技有限公司三亚分公司,91460106MAA9A4LM23,187
8413,海南泰泽工程咨询有限公司,91460000MAG1C26F9Q,187
8414,海南泰跃卓景科技有限公司,91460000MAE0KP86XP,188
8415,海南泰源控股有限公司,91460000MAG12APE9L,188
8416,海南泰瑀新能源投资合伙企业（有限合伙）,91469005MAD1C7UD3L,188
8417,海南泰宜得科技有限公司,91460107MAC6BYTH0H,188
8418,海南泰阳影视传媒有限公司,91460000MAA8YRGC14,188
8419,海南泰晤科技有限公司,91460000MAC1BK282F,188
8420,海南泰瑞环保科技有限公司,91460200MA5T5MPF1A,188
8421,海南泰牛光伏充电桩科技开发建设集团有限公司,91460107MACB1M3DX3,188
8422,海南泰纳酒店管理有限公司,91460200MA5T2HF80E,188
8423,海南泰金种业有限公司,91460000MA5TX9UB8B,188
8424,海南泰华电力技术有限公司,91469033MA5U0JJJ16,188
8425,海南泰弘石油有限公司,91460000MADCN1MQ2H,188
8426,海南泰恒达科技有限公司,91460200MA5T4R0E2Y,188
8427,海南泰禾阳信息咨询合伙企业（有限合伙）,91460000MA5TXPLA6H,188
8428,海南泰和鼎盛科技发展有限公司,91460000MACPLJX59J,188
8429,海南泰和盛世环境工程有限公司,91460200MA5T467801,188
8430,海南泰合瑞祥科技发展有限公司,91460000MAEQ260N1K,188
8431,海南泰合丰商贸有限公司,91460000MAEX2T301B,188
8432,海南泰戈添翼投资合伙企业（有限合伙）,91469005MA7HJ1YAXA,188
8433,海南泰达科技有限公司,91469036MA5TLGCL94,188
8434,海南泰达惠盈供应链管理有限公司,91460107MAD6N2R92T,188
8435,海南泰盛合商贸有限公司,91460106MADQTYMB5Q,188
8436,海南泰辰源投资有限责任公司,91460000MAEMK4FWX3,188
8437,海南太悦投资有限公司,91460000MACK81EY09,188
8438,海南太阳骑士文化旅游发展有限公司,91460200MA5RDGCCXN,188
8439,海南太曦科技合伙企业（有限合伙）,91460105MADQ5TLF7F,188
8440,海南太迥科技有限公司,91460000MACNWDLQ61,188
8441,海南拓优兄弟科技有限公司,91460000MACKR7WP1K,188
8442,海南拓优巨浪科技有限公司,91460000MACXWNR24K,188
8443,海南拓鑫能源科技有限公司,91460108MAD69XUM6U,188
8444,海南拓翔豪科技有限责任公司,91460000MA5TX0PP6R,188
8445,海南拓维环保科技有限公司,91460000MAEL6KDCXC,188
8446,海南拓璞科技有限公司,91460000MABQ81BB71,188
8447,海南拓派科技有限公司,91460000MAE1M9BB8R,188
8448,海南拓凯健智能科技有限公司,91460000MA7J05C072,188
8449,海南拓境科技有限公司,91460000MAENYQ7M49,188
8450,海南拓界电子商务有限公司,91460000MAEKRU2U8N,188
8451,海南拓辉科技有限公司,91460000MACGLU6Y6F,188
8452,海南拓菲克酒店管理有限公司,91460000MABMRQLP36,188
8453,海南拓佰嘉家具有限公司,91460200MA5RD48J9H,188
8454,海南塔纳青庐文化有限公司,91460000MAENCBG27Q,188
8455,海南塔纳利斯国际贸易有限公司,91460000MACLJ0NM8Y,188
8456,海南塔克斯投资有限公司,91460000MA5TR4D03X,188
8457,海南塔克斯数字科技有限公司,91460108MADM4PJP6F,188
8458,海南他山科技有限公司,91460000MACAPGW796,188
8459,海南索引领时科技有限公司,91460000MAEBPF6H75,189
8460,海南笋辰锡建筑工程有限公司,91460200MA5T2D9572,189
8461,海南岁稔丰成贸易有限公司,91460000MAEC66X377,189
8462,海南随机贸易商行（个人独资）,91460000MA5U1RP791,189
8463,海南算想科技有限公司,91460000MAEXUAXT0L,189
8464,海南算棱网络科技有限公司,91460000MAEEDJGXXE,189
8465,海南酸豆树建材科技有限公司,91460300MA5TJD247A,189
8466,海南速威海洋科技有限公司,91460000MAE9898J5N,189
8467,海南速美优电子商务有限公司,91460000MAEXY202XE,189
8468,海南速果农业有限公司,91460000MAA93HEPXJ,189
8469,海南素灵智联科技有限公司,91460000MAG01JPX2X,189
8470,海南溯流从源投资有限公司,91460000MAE8NMU73H,189
8471,海南溯本求源进出口有限公司,91460000MAE8CG2E6J,189
8472,海南宿酲网络科技有限公司,91460000MA7J7WC17F,189
8473,海南苏鹰光电科技有限公司,913205055668826479,189
8474,海南苏湾农业科技有限公司,91460000MA5U1XR786,189
8475,海南苏瑞商业投资发展有限公司,91460000MAA9790A8R,189
8476,海南苏科达文化科技有限公司,91460000MADB0CJ55Q,189
8477,海南苏航海洋科技发展有限公司,91460000MAD4R37W6K,189
8478,海南颂智物生物有限公司,91460000MAEJLX3704,189
8479,海南宋家烧坊数据科技有限公司,91460000MAK10HKWX0,189
8480,海南淞博川盛科技有限责任公司,91460200MADM283K6U,189
8481,海南松序投资有限公司,91460000MAE4CU8G5Q,189
8482,海南松涛泰嘉贸易有限公司,91460000MADFPDPQ8M,189
8483,海南松柏居装饰工程有限公司,91460000MACD2407XK,189
8484,海南松本天下餐饮管理服务有限公司,91460000MA5TA8TN11,189
8485,海南驷玛农业投资有限公司,91460000MA7H6Y1M7R,189
8486,海南寺客科技有限公司,91469026MACTC4MF4R,189
8487,海南四喜仁房地产营销策划有限公司,91460200MA5T24NY9T,189
8488,海南四顺投资有限责任公司,91460108MADBK8UG30,189
8489,海南四季顺利建筑工程有限公司,91460000MA5TULMJ9K,189
8490,海南四海汇金能源有限公司,91460000MAA942N310,189
8491,海南四达教育科技有限公司,91460000MA5TLFPH6A,189
8492,海南斯玮迪种业有限公司,91460000MA5TMAMJ5G,189
8493,海南斯维柯贸易有限公司,91460000MABNW0264X,189
8494,海南斯望答汽车配件有限公司,91460000MA7MR9D397,189
8495,海南斯图尔广告有限公司,91460200MA5RHWDP8C,189
8496,海南斯汀比酒店管理有限公司,91460200MA5RHW1FX1,189
8497,海南斯普瑞医养旅游有限公司,91460000MACQ93F05J,189
8498,海南斯普加科技发展有限公司,91120105MA05WR5CX0,189
8499,海南思喻投资咨询有限公司,91460000MA5U2FHDXJ,189
8500,海南思雨博商贸有限公司,91460000MACGWAM483,189
8501,海南思宇服务有限公司,91460000MACMHY055U,189
8502,海南思永网络科技有限公司,91460000MA5TH0CNXL,189
8503,海南思莹文化传媒有限公司,91460000MAEDATXLXY,189
8504,海南思特科技有限公司,91149900MA0L12KF7N,190
8505,海南思麦尔企业咨询服务有限公司,91460000MAC9UYFN77,190
8506,海南思迈柠檬科技有限公司,91460000MAD5WUQ58R,190
8507,海南思立生命科技有限公司,91460000MACAFK1A22,190
8508,海南思凯劳务有限公司,91460108MAA99XU46F,190
8509,海南思憬贸易有限公司,91460000MABNGLH6X4,190
8510,海南思瀚投资有限公司,91460108MABUTGKN1F,190
8511,海南思而学生物科技有限公司,91460000MACJF6UQ8D,190
8512,海南思地农业科技服务有限公司,91460000MA7LDPM40F,190
8513,海南思北科技有限公司,91460106MAA99XTX7R,190
8514,海南丝丝蕾贸易有限公司,91460000MABMGX813R,190
8515,海南丝鹭贸易有限公司,91460000MAD99RQR87,190
8516,海南丝路惠丰种业有限公司,91460000MABPBWPM64,190
8517,海南硕源建筑劳务有限公司,91460000MADLBQKN66,190
8518,海南硕拓投资有限公司,91460000MAE7U4KA2D,190
8519,海南硕清技术检测有限公司,91460200MA5RCL142H,190
8520,海南硕果累累农业科技有限公司,91460000MAENEKYJ6Y,190
8521,海南硕大加乘贸易有限公司,91460000MADBCYE753,190
8522,海南硕澄科技管理有限公司,91460000MAA975GQX7,190
8523,海南硕晟信息科技有限公司,91460108MADERFRY1M,190
8524,海南硕邦种业有限公司,91460000MADEKUXX44,190
8525,海南烁华建筑劳务有限公司,91460000MAET0U1K0G,190
8526,海南顺中篮贸易有限公司,91460000MAD25TKC47,190
8527,海南顺中发实业有限公司,91460000MABX15QU7Y,190
8528,海南顺源通贸易有限公司,91469025MACELUK486,190
8529,海南顺源惠泰私募股权投资基金管理有限公司,91460000MA5TXHH23K,190
8530,海南顺源泓泽健康产业有限公司,91460000MA5TYR220N,190
8531,海南顺洋船舶管理有限公司,91460106MACYB0H67F,190
8532,海南顺扬劳务派遣有限公司,91460106MAA98YRK53,190
8533,海南顺旭物流有限公司,91460106MADMU1WHXF,190
8534,海南顺信通设备工程有限公司,91460000MAEP77336U,190
8535,海南顺芯顺逸文化传媒有限公司,91460100MABRAWEX2F,190
8536,海南顺翔科技发展有限公司,91469001MA5U0YEG68,190
8537,海南顺祥康达科技有限公司,91110105MA009EP463,190
8538,海南顺势农业技术开发有限公司,91460100MA5TYQHFX1,190
8539,海南顺尚禾建筑工程有限公司,91460108MA5U10BU46,190
8540,海南顺麒贸易有限公司,91460000MAE7Q1KHXB,190
8541,海南顺路发科技有限公司,91460000MA5TT39G7L,190
8542,海南顺锦餐饮管理有限公司,91460000MAE3P6L95G,190
8543,海南顺嘉文化传播有限公司,91460107MACRKAAH2B,190
8544,海南顺华鑫达贸易有限公司,91460000MAD8E55D6C,190
8545,海南顺丰速运有限公司三亚崖州分公司,91469026MACUM6QP2K,190
8546,海南顺丰速运有限公司三亚崖城分公司,91460200324039905B,190
8547,海南顺发道之科技有限公司,91460000MAC2QLAA5N,190
8548,海南顺晟承投资合伙企业（有限合伙）,91460000MAECF0793E,190
8549,海南舜壹知识产权代理有限公司,91410100MA9LN61W2L,191
8550,海南舜勉贸易有限公司,91460108MADWGPDLX6,191
8551,海南舜盛商务服务有限公司,91460000MACCL31T67,191
8552,海南瞬鼎供应链管理有限公司,91460000MAE3P5DM87,191
8553,海南税少少创业孵化有限公司,91460000MAC5J5RB2G,191
8554,海南税典通企业管理咨询有限公司,91460108MAC77C5247,191
8555,海南水之声海洋科技有限公司,91460106MADP2J5D4R,191
8556,海南水喜生物环保科技有限公司,91460000MA5U00U04L,191
8557,海南水声技术有限公司,91460000MADACA4AXL,191
8558,海南水瓶纪元信息科技有限公司,91460000MA5TTCG80F,191
8559,海南水牛科技有限公司,91460000MAD9KXTU8Y,191
8560,海南水木鑫颐投资有限责任公司,91460000MAD9AF0716,191
8561,海南水裹科技有限公司,91460108MAA9A5KY7A,191
8562,海南水道信息科技有限责任公司,91460000MAC1M28X66,191
8563,海南双卓锐悦电子科技有限公司,91460000MAC9JH074M,191
8564,海南双镇商贸有限公司,91460000MA5TK7G10X,191
8565,海南双韵承霄投资有限公司,91460000MAEE5AG1XR,191
8566,海南双赢劳务服务有限公司,91460200MA5RELPC13,191
8567,海南双循环投资控股有限公司,91460000MA5TY09U0K,191
8568,海南双信咨询服务有限公司,91460204MACD12U96M,191
8569,海南双鑫达米咨询服务有限公司,91460000MABP90ND1W,191
8570,海南双芯科技合伙企业（有限合伙）,91460000MAK0W6MC2X,191
8571,海南双喜科技有限公司,91460106MAA92M1U6N,191
8572,海南双生莲医疗科技有限公司,91460100MABMPBKT8T,191
8573,海南双瑞生物科技有限公司,91460000MACF1NAP9E,191
8574,海南双巧春酒店管理有限公司,91460200MA5T276Q3W,191
8575,海南双年展文化传媒有限公司,91460200MA5RCN3E2M,191
8576,海南双梦旅拍摄影有限公司,91460000MA5U1GW06U,191
8577,海南双猴科技有限公司,91460200324062603Q,191
8578,海南双泓科技有限公司,91460000MAC2N8GY8G,191
8579,海南双贺投资有限公司,91460107MACGA1YN5D,191
8580,海南双橙传媒有限公司,91460000MABYMYUCXN,191
8581,海南帅筠物流服务有限公司,91460000MAEBH8058Q,191
8582,海南帅家明家政服务有限公司,91460000MA5TWYB186,191
8583,海南树仁实业有限公司,91460200MA5RD4WW8A,191
8584,海南树发生物科技有限责任公司,91460000MAD23AHP9K,191
8585,海南术竹进出口贸易有限公司,91460000MAC6WT7379,191
8586,海南数字能源交易有限公司,91460108MAA8Y67X9T,191
8587,海南数字海洋科技有限公司,91460000MA5TP88NX6,191
8588,海南数智云链科技中心（有限合伙）,91460000MAG0AXLL65,191
8589,海南数智兴创科技有限公司,91460000MAEXJCFJXF,191
8590,海南数智时代数据服务有限公司,91460000MAER7C6Y4U,191
8591,海南数智赋能投资有限公司,91460000MAETK1WJXR,191
8592,海南数智百畜科技有限责任公司,91460000MAEJ89ER8G,191
8593,海南数智爱护健康管理有限公司,91460000MADKGBND9D,191
8594,海南数栈网络科技有限公司,91460000MAEDLN2R51,192
8595,海南数造科技有限公司,9146010032413366XW,192
8596,海南数奕科技有限公司,91460000MA5TK74N4U,192
8597,海南数通信息科技有限公司,91460200396298543R,192
8598,海南数琼分汇标准化服务中心（特殊普通合伙）,91469007MACXWNGJ3J,192
8599,海南数聚智造投资合伙企业（有限合伙）,91469006MAC8EG33XD,192
8600,海南数晶通数字通宝总汇中心（特殊普通合伙）,91460202MAD0LLNRXX,192
8601,海南数合道科技有限公司,91460107MAD7UNY18B,192
8602,海南数航智联信息技术合伙企业（有限合伙）,91469002MADC53P73M,192
8603,海南蜀通新能源环保科技有限公司,91460204MACEC9NG94,192
8604,海南蜀润贸易有限公司,91460000MACHHKBNXC,192
8605,海南蜀青舟投资有限公司,91460000MADD4RT10L,192
8606,海南蜀林物业管理有限责任公司,91460200324143075E,192
8607,海南曙萌实业有限公司,91460000MABTAK213X,192
8608,海南曙景种业科技有限公司,91460000MACTW4DG44,192
8609,海南蔬芯种子有限责任公司,91460108MAD6JY926Y,192
8610,海南舒飞环保科技有限公司,91410100MA9GNA4F9G,192
8611,海南舒驰投资管理有限公司,91460200MA5RC8BN6J,192
8612,海南姝钰国际投资有限责任公司,91460000MAA92AD8X3,192
8613,海南首杨农业发展有限公司,91460106MA7FY8FM6P,192
8614,海南首瑞投资有限责任公司,91460000MAA95X3N88,192
8615,海南首勤新材料科技有限公司,91460000MA5TY4PP22,192
8616,海南首衡物流有限公司,91460000MADYMW4A6Q,192
8617,海南首晨科技发展有限公司,91460000MAE8JWGB2P,192
8618,海南守珍劳务服务有限公司,91460200MA5RHLJE6F,192
8619,海南守望之境科技有限公司,91460000MADFN9944G,192
8620,海南守孚科技有限公司,91460000MA5TWL9F4L,192
8621,海南收付通科技有限公司,91460000MA5T93C49U,192
8622,海南释文科技有限公司,91460000MAE2PFUG3P,192
8623,海南视佳文化传媒有限公司,91469033MA5TK58X6T,192
8624,海南士杰信达企业管理合伙企业（有限合伙）,91460000MAD653JY0U,192
8625,海南士弘毅劳务服务有限公司,91460000MAE4X9T21M,192
8626,海南士多德生物科技有限公司,91460000MAETLH8G1T,192
8627,海南士宝酒店有限公司,91460100MAD9GNAG3L,192
8628,海南仕鑫农业发展有限公司,91460000MA5T884B3F,192
8629,海南仕华仕其商务服务有限公司,91460200MA5T3DUH43,192
8630,海南事禾房地产信息咨询有限公司,91460000MABNKHTAXW,192
8631,海南世御科技投资有限公司,91460000MAK25LQ13Y,192
8632,海南世隐网络科技工作室（个人独资）,91460000MABW95NR6R,192
8633,海南世业新能科技有限公司,91460000MACQ3XX17N,192
8634,海南世信国际展览有限公司,91460000MAA92FTD6Y,192
8635,海南世图出版社有限公司,91460000MAD4T9BK0H,192
8636,海南世通商贸有限公司,91469007MAA8YRYH70,192
8637,海南世拓装饰工程有限公司,91460200MA5T4JX9XF,192
8638,海南世茂欣兴实业有限公司,91460000MA5U11CJ3X,192
8639,海南世聚新能科技有限公司,91460000MACPBL7M3C,193
8640,海南世净管理咨询合伙企业（有限合伙）,91460000MACM5NKN4F,193
8641,海南世纪通贸易有限公司,91460000MABX8KL419,193
8642,海南世纪京工国际贸易有限公司,91460000MACT4R7M58,193
8643,海南世纪京方投资有限公司,91469027MADW5D0F5A,193
8644,海南世纪鸿图科技有限公司,91460000MACJX6985R,193
8645,海南世都投资有限公司,91460000MAEN1FGW3Y,193
8646,海南世达石油化工有限公司,91460000MACF85L2XT,193
8647,海南世晟文化传媒有限公司,91460000MACGXFJL7B,193
8648,海南食域星河健康科技有限公司,91460000MAEXQJQJ78,193
8649,海南食技未来技术有限公司,91460000MAE83MHQ7K,193
8650,海南食安安投资有限公司,91460108MACEYNFF86,193
8651,海南石泰投资有限公司,91469001MADTT90N8M,193
8652,海南石笋山企业管理服务有限公司,91460000MACLD2CD7J,193
8653,海南石榴商贸有限公司,91460000MA5TTBWJXG,193
8654,海南石古信息技术有限公司,91220204081917688Q,193
8655,海南石成鑫贸易有限公司,91460000MAET76UX49,193
8656,海南时正科技有限公司,91460107MAA9AEEL76,193
8657,海南时宇智星科技发展有限公司,91460000MAEA5BA45D,193
8658,海南时英商贸有限公司,91460000MA7JWPEE3A,193
8659,海南时序万物科技有限责任公司,91460000MAEQTW204A,193
8660,海南时梦国际贸易有限公司,91460000MAD71BGQ7D,193
8661,海南时空智能高科技有限公司,91460000MAENRJ4U39,193
8662,海南时代云图供应链有限公司,91460200MADLTDH87E,193
8663,海南时代信息咨询有限公司,91460000MA5TXR2B94,193
8664,海南拾亿网络科技有限公司,91460000MAC2H0KP5G,193
8665,海南实邦信息咨询合伙企业（有限合伙）,91469036MA7M8HE09L,193
8666,海南十通机器人科技有限公司,91460200MADQLK2P0A,193
8667,海南十方农产品科技有限公司,91460000MABWY4KQ2N,193
8668,海南诗礼网络科技有限公司,91460000MA7GYC504N,193
8669,海南诗蓝华酒店管理有限公司,91460200MA5T2FKCXL,193
8670,海南狮子鱼深海技术有限公司,91460000MA5TNM0J3A,193
8671,海南狮门文化传媒有限公司,91460108MAD9GGR52K,193
8672,海南狮林商务服务有限公司,91460200MA5T53G34D,193
8673,海南胜业茗贸易有限公司,91460000MAE8KB332J,193
8674,海南胜锦贸易有限公司,91460200MA5RGHJK9G,193
8675,海南圣之盛科技有限公司,91460000MAE5D94083,193
8676,海南圣音家政服务有限公司,91460000MACT46K00X,193
8677,海南圣耀科技有限公司,91469002MAD8QTGQ3E,193
8678,海南圣晞投资中心（有限合伙）,91460202MABQYN0T68,193
8679,海南圣森实业有限公司,91460000MA5U02X09X,193
8680,海南圣睿科技发展有限公司,91460000MAG0YN9H09,193
8681,海南圣娜投资有限公司,91460000MABTMG7YX8,193
8682,海南圣露易腾生物科技有限公司,91460200MADPRPGJ68,193
8683,海南圣露农业科技有限公司,91460200MADN0L9R71,193
8684,海南圣康生物科技有限公司,91460108MABUW69D9D,194
8685,海南圣凯盾商贸有限公司,91460000MACY55L39D,194
8686,海南圣瀚管理咨询有限公司,91460000397984924T,194
8687,海南圣海装修工程有限公司,91460000MACFBNRN5K,194
8688,海南圣冠原生物科技合伙企业（有限合伙）,91460000MADC6E192J,194
8689,海南圣格林科技有限公司,91460000MABP27L389,194
8690,海南圣岛健康管理有限公司,91460200MADT36YC4X,194
8691,海南圣达鑫物资有限公司,91460000MA5U1MMP3N,194
8692,海南圣柏锐科技有限公司,91460100MADBQN232R,194
8693,海南省宗景传媒有限公司,91460000MA5TWG7L7T,194
8694,海南省梓岳经贸有限公司,91460000MACFAQBAXQ,194
8695,海南省子福商贸有限公司,91460000MA5TK7MG1W,194
8696,海南省子钗文化传媒有限公司,91460000MA7L311M4F,194
8697,海南省卓运投资有限公司,91460000MA5U1CFG8U,194
8698,海南省住易居房地产有限公司,91460000MAA8Y5NQ0Y,194
8699,海南省众邑新材料研究院有限公司,91460200MA5RCEA24D,194
8700,海南省众维丽泰贸易有限公司,91460000MA5TX1J575,194
8701,海南省众策信息咨询有限公司,91460000MADAA33L3N,194
8702,海南省中浩昌瑞投资发展有限公司,91460108MADJ9DAF9R,194
8703,海南省中佰文体有限责任公司,91469034MADMR4LQ51,194
8704,海南省智慧南繁众创农业科技有限公司,91469025MAC8DJMM9F,194
8705,海南省直勇建材有限公司,91460000MA5TMWFJ01,194
8706,海南省知众信息技术有限公司,91460000MABUH0M58W,194
8707,海南省郑鑫广告有限公司,91460000MA5TRFF57A,194
8708,海南省正鑫法律咨询服务有限公司,91460000MA5TYR1Y6G,194
8709,海南省正枫科技发展有限公司,91460000MADGMC9R6W,194
8710,海南省震兴物流有限公司,91460000MA5TMR6W65,194
8711,海南省振锌秦建材有限公司,91460000MA7HK7L58N,194
8712,海南省振威海洋科技有限公司,91460000MAECMQ1W2Q,194
8713,海南省祯韵文化传媒有限公司,91460000MA7HR55R99,194
8714,海南省张家姑娘餐饮有限公司,91460000MAEH16B50K,194
8715,海南省展扬商贸有限责任公司,91460000MADDR06G9C,194
8716,海南省展迅商贸有限公司,91460000MACFLQF89W,194
8717,海南省泽浩建筑装饰工程有限责任公司,91460000MACQRQEXXQ,194
8718,海南省允寅文化传媒有限公司,91460000MA7HR55J3F,194
8719,海南省芸伟琼酒店管理有限公司,91460000MABLUHJ31A,194
8720,海南省云熙技术咨询服务有限公司,91460000MACDKTN80A,194
8721,海南省云德运输有限公司,91460000MA5TWG7K90,194
8722,海南省跃速辰达运输有限公司,91460000MA7JAR0L7G,194
8723,海南省跃素汽车服务有限公司,91460000MA5TW75595,194
8724,海南省粤飞翼科技有限公司,91460000MAEGD0UP39,194
8725,海南省玥振盛建筑工程有限公司,91460000MA7JWYJR68,194
8726,海南省悦源琴琴汽车服务有限公司,91460000MA7LE1AR2M,194
8727,海南省悦澜盛商贸有限公司,91460000MA7MJKE58X,194
8728,海南省源楼信息发展有限公司,91460000MA5U04BN27,194
8729,海南省源景雀酒店管理有限公司,91460000MAA9822G6A,195
8730,海南省原启莱酒店有限公司,91460000MAEDBY7H0R,195
8731,海南省豫煌农业研究有限公司,91460000MADJU3AJ97,195
8732,海南省玉华锦悦建筑工程有限公司,91460000MA7MGQWM1W,195
8733,海南省雨荣科技有限公司,91460000MACK3HHR9X,195
8734,海南省宇钊文化传媒有限公司,91460000MA7HR55WXA,195
8735,海南省瑜誉商贸有限责任公司,91460000MA5TU70K9F,195
8736,海南省有容吉视投资合伙企业（有限合伙）,91469033MA5TM3QU15,195
8737,海南省友点文化科技有限公司,91460000MAD3NBJXXA,195
8738,海南省优都枫建材贸易有限公司,91460000MA5TJXCC0R,195
8739,海南省永唯石化有限公司,91460000MAA90R4D94,195
8740,海南省勇杰砂科科技有限公司,91460000MA5TW8LQ5Q,195
8741,海南省雍盛医疗科技有限公司,91460000MAA911RU94,195
8742,海南省颖满兴船舶制造有限公司,91460000MAE7FDEEXW,195
8743,海南省樱珠网络科技有限公司,91460000MA5TRELM1D,195
8744,海南省樱珠投资控股有限公司,91460000MADBFA0L1B,195
8745,海南省樱珠贸易有限公司,91460107MADK4L4R4J,195
8746,海南省印博投资发展有限公司,91460000MADJJRLK2L,195
8747,海南省寅峰运输有限公司,91460000MA5TWDWT36,195
8748,海南省益星合贸易有限公司,91460000MA5TX45K9M,195
8749,海南省忆谦礼科技有限公司,91460000MA5TDU5FXR,195
8750,海南省亿泰洲进出口贸易有限公司,91460000MA5TJY0J4F,195
8751,海南省亿果农业有限公司,91460000MAEJBBME46,195
8752,海南省以太魔方数据科技有限公司,91460000MAEP0Q25X4,195
8753,海南省一诺电力咨询有限公司,91460000MA7HKHUL3N,195
8754,海南省一目广告传媒有限公司,91460000MABT8UWU86,195
8755,海南省一迦贸易有限公司,91460000MADMYY1EX0,195
8756,海南省叶杰旅行社有限公司,91460000MA5TRDH62Q,195
8757,海南省业赫餐饮有限公司,91460000MA5TWA2D3F,195
8758,海南省耶之义汽车租赁服务有限公司,91460108MAC9KLAT48,195
8759,海南省垚鑫淼国际经贸有限责任公司,91460108MA5U26UH0D,195
8760,海南省燕杰汽车服务有限公司,91460000MA5TW99U4H,195
8761,海南省言诺农业科技有限公司,91460000MAA97LGA2H,195
8762,海南省延卓文化传媒有限公司,91460000MA7K3J5G9Q,195
8763,海南省雅度药业有限公司,91460000MA5TNR0F47,195
8764,海南省芽麦咨询服务有限公司,91460000MA5TJQRRXN,195
8765,海南省涯帆新向投资有限公司,91469007MADQHCYKXF,195
8766,海南省鸭味坊食品管理有限公司,91460000MAE1HGQG66,195
8767,海南省丫丫汽车租赁有限公司,91460200MA5RCHQN6D,195
8768,海南省暄杞文化传媒有限公司,91460000MA7HLT9L8Q,195
8769,海南省熊行天下商贸有限公司,91469025MA5TWRH25J,195
8770,海南省星光熠文化传播有限公司,91460000MA5U2J9K7W,195
8771,海南省兴亿发再生资源回收有限公司,91460000MA5U164R1M,195
8772,海南省兴晟生物科技有限公司,91460000MADH3E6Y7R,195
8773,海南省信新商贸有限公司,91460000MAE9BMG101,195
8774,海南省信鸣物业管理有限公司,91460106MACFE4LR48,196
8775,海南省信服科技有限公司,91460000MACFX4BX3E,196
8776,海南省鑫渝虹商贸店（个人独资）,91460000MABPDUG8XE,196
8777,海南省鑫旺电子科技有限公司,91460000MAE4EJ696P,196
8778,海南省鑫銮投资有限公司,91460106MADKNGQ97W,196
8779,海南省鑫乐客旅游发展有限公司,91460100MAA9G9849Y,196
8780,海南省鑫涵宇实业有限公司,91460108MAA9G96U9Y,196
8781,海南省辛巴赫精酿啤酒销售有限公司,91460000MAE10JEQ7K,196
8782,海南省芯丝缎生物科技有限公司,91460000MA7GX7C0X0,196
8783,海南省新砼供应链管理有限公司,91460000MAD4Y9T5X1,196
8784,海南省新楷源商务咨询有限公司,91460000MACLQ0PU4W,196
8785,海南省新惠博实业有限公司,91460000MA5TFN5T69,196
8786,海南省潇洋贸易有限公司,91460000MAA93WFF55,196
8787,海南省祥润物流运输有限责任公司,91460000MA5TQBNG16,196
8788,海南省贤驰文化传媒有限公司,91460000MA7KYJFG1R,196
8789,海南省先行官实业有限公司,91460000MA5U1WF799,196
8790,海南省喜乐建筑劳务工程有限公司,91460105MACTAE331Y,196
8791,海南省西育种子工程有限公司,91460000MAA958WP0N,196
8792,海南省西蒙农业科学技术研究发展有限公司,91460000MAA917CD0B,196
8793,海南省希衍瑞科技有限公司,91460000MA5U0RJ08J,196
8794,海南省伍师巧贸易有限公司,91460000MABPJP8A4F,196
8795,海南省无际光电技术有限公司,91460000MAE8GCYA8M,196
8796,海南省屋园体建材有限公司,91460000MAA95E7E8A,196
8797,海南省沃菲德体育用品有限公司,91460000MADDCA5W9N,196
8798,海南省蔚霆贸易有限公司,91460000MA5TJ1L53Y,196
8799,海南省蔚辉贸易有限公司,91460000MA5TJ738XD,196
8800,海南省未来方舟农业科技有限公司,91460000MAEMTM2B38,196
8801,海南省韦克文化传媒有限公司,91460000MA7JDH9B15,196
8802,海南省维晟投资发展有限公司,91460000MAE7QYPD9H,196
8803,海南省威跃建筑装饰工程有限公司,91460100MA5T4B0R59,196
8804,海南省旺和升进出口贸易有限公司,91460000MACK0RMQ3K,196
8805,海南省万果丰生态农业发展有限公司,91460000MAEFU0A70Q,196
8806,海南省万福源建筑有限公司,91460000MAD1245K9M,196
8807,海南省童瑞科技有限公司,91460000MACFDK2D7P,196
8808,海南省桐田建材有限公司,91460000MA7N5E1881,196
8809,海南省同余酒店管理有限公司,91460000MA5TW98Q5U,196
8810,海南省通研农业科技发展有限公司,91460000MAD4YD7W13,196
8811,海南省天牧海洋科技投资有限公司,91469002MA5TMA6912,196
8812,海南省天诚国信科技有限公司,91469001MAA8YG0CXW,196
8813,海南省腾灿科技有限公司,91460000MA7G9JJB6T,196
8814,海南省棠淞文化发展有限公司,91460000MAK0W28N2H,196
8815,海南省塔利投资有限公司,91460000MAE1UPKU8B,196
8816,海南省素游贸易有限公司,91460000MACLEGNH30,196
8817,海南省苏禾网络科技服务有限公司,91460000MA5TB1MY38,196
8818,海南省四方通汽车服务有限公司,91460000MA5TW1UT89,196
8819,海南省硕谱农业发展有限公司,91460106MAA9ABKF8C,197
8820,海南省顺玮进出口贸易有限公司,91460000MAEDREDH1P,197
8821,海南省顺路通物流有限公司,91460000MAA921N2XY,197
8822,海南省树润建筑装饰工程有限公司,91469036MA5TWBLC93,197
8823,海南省数字自然人数字出版中心,91469034MA5TMM248N,197
8824,海南省蜀道度药业有限公司,91460000MA5TL75T5G,197
8825,海南省舒强文化传媒有限公司,91460000MA7HQLJD1J,197
8826,海南省仕庄汽车服务有限公司,91460000MA5TWE0G6D,197
8827,海南省世达嘉颖商贸有限公司,91460000MA5TUYL88Q,197
8828,海南省拾迩科技有限公司,91460000MAEMAR4F9B,197
8829,海南省诗璟文化传媒有限公司,91460000MA7K26JT3U,197
8830,海南省师巧伍商贸有限公司,91460000MABRQYN7XF,197
8831,海南省圣泰新能源有限公司,91460000MA5U2UGN6M,197
8832,海南省圣铭德贸易有限公司,91460000MAA989XH0L,197
8833,海南省圣洁森生态林业开发有限公司,91460200MA5T1QJ694,197
8834,海南省笙飞酒店管理有限公司,91460000MA5TJQR682,197
8835,海南省深蓝逐光生物科技有限公司,91469028MADR6CQ223,197
8836,海南省上兴智联贸易有限公司,91460000MAA977H68P,197
8837,海南省上德鲲阳贸易有限公司,91460000MAD1U34N77,197
8838,海南省善发建筑工程有限责任公司,91469033MA5TGNY25C,197
8839,海南省森沣源投资有限责任公司,91460000MACGPQF065,197
8840,海南省森丹房地产有限公司,91460000MA5TWE064W,197
8841,海南省三亚蓁晗教育科技有限责任公司三亚分公司,91460200MADR6YAL6W,197
8842,海南省三亚昭钦建材有限公司,91460000MA5TQ5JJ4F,197
8843,海南省三亚鑫朋咨询服务有限公司,91460000MADM460RXY,197
8844,海南省三亚唯美车友汽车租赁有限责任公司,91460108MACKL3T98L,197
8845,海南省三亚桐娇商贸有限公司,91460000MACK91MM9B,197
8846,海南省三亚市卓玛投资有限公司,91460000MAD3U7QG25,197
8847,海南省三亚市洲宇贸易有限公司,91460000MA5TKFY33J,197
8848,海南省三亚市智镪工程有限公司,91460108MADPRWEM7M,197
8849,海南省三亚市泽然酒店管理有限公司,91460000MA5TK9YX2Y,197
8850,海南省三亚市悦往建材有限公司,91460000MA5TKK8U28,197
8851,海南省三亚市玉桦建材有限公司,91460000MA5TK9XD2Q,197
8852,海南省三亚市永灿贸易有限公司,91460000MA5TK8NBXB,197
8853,海南省三亚市赢兴实业有限公司,91460000MA5T9WB25C,197
8854,海南省三亚市羊医道医疗科技有限责任公司,91460000MACEPR8Y0U,197
8855,海南省三亚市洋松石油及制品批发有限公司,91460000MA5TRM8D76,197
8856,海南省三亚市延生阁贸易有限公司,91460000MADH62637E,197
8857,海南省三亚市旭然汽车服务有限公司,91460000MA5TKHY47E,197
8858,海南省三亚市袖岚贸易有限公司,91460000MA5TKMQE11,197
8859,海南省三亚市信庭贸易有限公司,91460000MA5TKHWH0T,197
8860,海南省三亚市鑫朋物流有限公司,91460000MABQ1HHN92,197
8861,海南省三亚市鑫恒铭房管家房地产咨询有限责任公司,91460000MADCXEN22L,197
8862,海南省三亚市芯语婚姻家庭心理咨询中心工作室（个人独资）,91460000MAG0J7C48C,197
8863,海南省三亚市欣惴实业有限公司,91460000MA5T8KHGXE,197
8864,海南省三亚市小蚁劳务服务有限公司,91460000MAE7KPWU5N,198
8865,海南省三亚市文焕贸易有限公司,91460000MA5TN6P70U,198
8866,海南省三亚市守正瑞颐科技有限责任公司,91460000MAG0CXK41Y,198
8867,海南省三亚市琼州御品供应链管理有限公司,91460000MAA9098K2P,198
8868,海南省三亚市青岭农业开发有限公司,91460000MACEYLDA9H,198
8869,海南省三亚市清涟生态养殖科技有限公司,91460000MAEW11M77C,198
8870,海南省三亚市启旭贸易有限公司,91460000MA5TKFEE6C,198
8871,海南省三亚市闽欣农业发展有限公司,91460000MA5TL2YJ4Y,198
8872,海南省三亚市美骄颜贸易有限公司,91460000MADHWJFP2L,198
8873,海南省三亚市茂众经贸有限公司,91460108MAD1EWJ57X,198
8874,海南省三亚市娄西科技有限公司,91460000MA5TNK2W7X,198
8875,海南省三亚市隆海海洋智能装备制造有限公司,91460000MABTN6N872,198
8876,海南省三亚市立禾农业有限责任公司,91460000MAET2F4M6Y,198
8877,海南省三亚市坤转贸易有限公司,91460000MAC78NEP5A,198
8878,海南省三亚市久迪一网络科技有限责任公司,91469028MADUKLCN9W,198
8879,海南省三亚市江冉汽车服务有限公司,91460000MA5TKGL09G,198
8880,海南省三亚市集商荟医药信息咨询有限责任公司,91460000MACH78549W,198
8881,海南省三亚市极物严选科技发展有限公司,91460000MACDHRTF4X,198
8882,海南省三亚市吉唯农农业科技有限公司,91460000MAE1UXMG8N,198
8883,海南省三亚市辉途医疗器械有限公司,91460000MA5U0HQT23,198
8884,海南省三亚市华响控股有限公司,91460106MAD03NQB50,198
8885,海南省三亚市华灿信息咨询有限公司,91460000MA5TK9U15A,198
8886,海南省三亚市禾杰科技有限公司,91469033MAD8MXUK20,198
8887,海南省三亚市赣畔贸易有限公司,91460000MA5TKJD651,198
8888,海南省三亚市弗庭贸易有限公司,91460000MA5TKG2J3A,198
8889,海南省三亚市烽钺经贸有限责任公司,91460000MAEE805HXT,198
8890,海南省三亚市多盈物流有限公司,91460000MAA98A7J4C,198
8891,海南省三亚市东达种业有限公司,91460000MA5TU16232,198
8892,海南省三亚市彩技商贸有限责任公司,91460000MA5THY9804,198
8893,海南省三亚市标桐科技有限公司,91460000MA5TPLTD7M,198
8894,海南省三亚市毕航运输有限公司,91460100MA5TKKUJ20,198
8895,海南省三亚市蓓通贸易有限责任公司,91460000MAD9A7K34D,198
8896,海南省三亚市安瑞汽车租赁有限公司,91460000MA5TK5H118,198
8897,海南省三亚瑞文鑫再生资源有限公司,91460000MAA97U6CX1,198
8898,海南省三亚融尚智速实业有限责任公司,91460000MA7KY2UXXE,198
8899,海南省三亚美嘉源农业科技有限责任公司,91460000MA7FP4WC2W,198
8900,海南省三亚骏丹医疗器械有限公司,91460000MA5TKK8C52,198
8901,海南省三亚恒澳能源有限公司,91460000MAA8YFJ26C,198
8902,海南省三亚河陇贸易有限公司,91460100MA5TKB7817,198
8903,海南省三亚广成商贸有限责任公司,91460000MADC8XU065,198
8904,海南省三亚赣亚建筑装饰工程有限公司,91460108MA5TR4EY8T,198
8905,海南省三亚峰含汽车服务有限公司,91460000MA5TL6KC9N,198
8906,海南省三亚德禄再生资源回收有限公司,91460000MA5TNH7T6N,198
8907,海南省三榕种业科技有限公司,91460000MAC3UJT28X,198
8908,海南省三嵘投资发展有限公司,91460106MADRQYUQ35,198
8909,海南省润咫农业开发有限公司,91460000MADAHTU10E,199
8910,海南省润泽宇工程管理咨询有限公司,91460000MAE5DEN29J,199
8911,海南省锐澜轩贸易有限公司,91460000MA7MX4E77M,199
8912,海南省瑞志安贸易有限公司,91460000MAEF9DYX79,199
8913,海南省瑞阳龙江装修装饰工程有限公司,91460000MAC7P43K5R,199
8914,海南省瑞斯沃综合贸易有限公司,91469036MA5TXN5B7X,199
8915,海南省瑞声科运输有限公司,91460300MA5TL89X64,199
8916,海南省瑞鸿程程汽车租赁有限公司,91460200MA5T44NE6G,199
8917,海南省镕毅尘投资有限公司,91460000MAEELX5L3U,199
8918,海南省融展食品有限公司,91460000MA7GX10N5W,199
8919,海南省权佳医疗供应链合伙企业（有限合伙）,91460204MADC39QN6P,199
8920,海南省秋琳溪广告有限公司,91460000MA7GQUTR3J,199
8921,海南省晴夏百货有限公司,91460000MA5TXKTR2R,199
8922,海南省沁典进出口贸易有限公司,91460000MACJUJ1K1J,199
8923,海南省乾睿德投资有限公司,91460000MAG13JKN0U,199
8924,海南省起树文化传媒有限公司,91460000MA7HR5663Q,199
8925,海南省企银汇鑫科技有限公司,91460000MACAL4JE9N,199
8926,海南省齐轩奕酒店管理有限公司,91460000MA7KHTGNXH,199
8927,海南省琪芽酒店管理有限公司,91460000MA5TJQR17R,199
8928,海南省琦君琳怡科技有限公司,91460000MA7LCQ3B4C,199
8929,海南省琦华琴盛机械设备有限公司,91460000MA7LCPUE8W,199
8930,海南省琦彬盛商贸有限公司,91460000MAA981L2X2,199
8931,海南省淇闻科技有限公司,91460000MAA99RFW35,199
8932,海南省奇智洋餐饮管理有限公司,91460000MAEC4JUG9N,199
8933,海南省蒲医子商贸有限公司,91460000MACXJ1AM9C,199
8934,海南省胖麒麟餐饮服务有限责任公司,91460000MAE6DCAY3W,199
8935,海南省欧畅侨实业有限公司,91460000MA5TMD9F88,199
8936,海南省农垦科学院集团有限公司,91460000MA5T7LP231,199
8937,海南省农大科茂农业研究有限公司,91460000MA5TYMDU6L,199
8938,海南省纽汉生物科技贸易有限公司,91460000MAE8DH365U,199
8939,海南省宁振辰商贸有限公司,91460000MAA9801Q6E,199
8940,海南省聂灵文化传媒有限公司,91460000MA7K5UC38G,199
8941,海南省尼内莱贸易有限公司,91460000MA5TL6X62K,199
8942,海南省楠输辉贸易有限公司,91460000MABP6JU48G,199
8943,海南省楠加文化传媒有限公司,91460000MA7HR4QQ14,199
8944,海南省南一梵宇旅行社有限公司,91460000MA5TRCX372,199
8945,海南省南居一品房地产投资服务有限公司,91460200MA5T1KFH74,199
8946,海南省南繁种业科技有限公司,91460000MACR6B9DXD,199
8947,海南省南繁科技有限公司,91460200MA5T5NE36H,199
8948,海南省耐末喃贸易有限公司,91460000MA5TL6YN8C,199
8949,海南省牧湾生物科技有限公司,91469002MACRKTWA7F,199
8950,海南省木杉智科技有限公司,91469002MAD4PRA405,199
8951,海南省默航农业投资有限公司,91460108MADXELNF31,199
8952,海南省铭宇豪建材有限公司,91460000MA5TJXE058,199
8953,海南省明会顺投资有限公司,91460100MADNL1T2XA,199
8954,海南省明合未来环保科技有限公司,91460000MA5T9PXH9A,200
8955,海南省明飞世纪商贸有限公司,91460000MA7K5U7R28,200
8956,海南省闽坎建材有限公司,91460000MA5TQE5C2A,200
8957,海南省闽古建筑工程有限公司,91460108MA5TUX4CXL,200
8958,海南省敏振沈药业有限公司,91460000MA7KF8EF3W,200
8959,海南省敏协皆医疗器械有限公司,91460000MA7MYM6L52,200
8960,海南省觅原电力设备发展有限公司,91460000MAC12N679T,200
8961,海南省米玛都建筑工程有限公司,91460000MA5TKNB63C,200
8962,海南省米豆薯投资有限公司,91460000MAECRJR39G,200
8963,海南省梦翔实业有限公司,91469034075723852C,200
8964,海南省蒙瑞现代农业科技有限公司,91460000MAK2E8PJ89,200
8965,海南省蒙邦实业有限公司,91460000MA5U1X4R58,200
8966,海南省美兴管理服务有限公司,91460000MAENYJW63J,200
8967,海南省梅念灵文化传媒有限公司,91460000MA7HR57E5W,200
8968,海南省茂艺兴汽车服务有限公司,91460000MA5TA5GB2A,200
8969,海南省茂苍贸易有限公司,91460000MA7LJ1UN48,200
8970,海南省芒种之心贸易有限公司,91460106MAD6N27U78,200
8971,海南省马萨杜尔农业科研有限公司,91460000MAA91WF79R,200
8972,海南省马尔蒂贸易有限公司,91460000MA5TKNB124,200
8973,海南省罗德曼商贸有限公司,91460000MA5TL1GP6K,200
8974,海南省陆跨埕医疗器械有限公司,91460000MA5TMUU64X,200
8975,海南省喽百百农业科技有限公司,91460000MABN56U456,200
8976,海南省龙晋公路勘察设计咨询有限公司,91460000MACH4YA61A,200
8977,海南省龙辉星亚五金有限公司,91460000MA5TX0QP23,200
8978,海南省柳坞石油及制品批发有限公司,91460000MA5TWDUB31,200
8979,海南省灵韵教育咨询有限公司,91460000MAC647G58E,200
8980,海南省霖君咨询服务有限公司,91460000MA5TW9WU01,200
8981,海南省林夏智能科技有限公司,91460000MAETRL7Y6F,200
8982,海南省粮心农业科技有限公司,91460000MAE7F6NT0A,200
8983,海南省梁玛强文化传媒有限公司,91460000MA7KYDJW13,200
8984,海南省莲汇农业科技有限公司,91460000MA5TWB6131,200
8985,海南省联兴恒高新技术产业发展有限公司,91460107MADCK6EA85,200
8986,海南省荔添环保科技有限公司,91460106MA5TR7XA0B,200
8987,海南省利众医药科技贸易有限公司,91460100MACU5CN45D,200
8988,海南省利泽水土保持生态技术咨询有限公司,91460000MAC9FF042N,200
8989,海南省丽秀环境安全管理有限公司,91460000MADF8YC072,200
8990,海南省黎鹃科技有限公司,91460000MA5TW99C7B,200
8991,海南省棱望霖沈贸易有限公司,91460000MA7LWYD331,200
8992,海南省乐智云科技有限责任公司,91460108MAC8M7056Y,200
8993,海南省乐智疗科技有限公司,91460000MACAKPMF87,200
8994,海南省乐斌机械设备有限公司,91460000MA5TRC4T5M,200
8995,海南省劳宾国际贸易有限公司,91460108MA5U27L664,200
8996,海南省蓝碳科学技术有限公司,91460000MAC9ADFX2G,200
8997,海南省徕硕农牧业科技有限公司,91460000MAD9D4HF1N,200
8998,海南省阔海数科创新科技有限公司,91460000MAE6L269XY,200
8999,海南省昆仁惠商贸有限公司,91460000MABPGHMJ96,201
9000,海南省坤子文化传媒有限公司,91460000MA7L31040U,201
9001,海南省坤钰邦投资有限公司,91460000MAEN9DR778,201
9002,海南省坤锐环保科技有限公司,91460000MAK1AAWMXN,201
9003,海南省坤德善利投资有限公司,91460108MADKPXPX45,201
9004,海南省邝成旅行社有限公司,91460000MAA946B52K,201
9005,海南省酷一同创实业有限公司,91460000MAC5EPQ388,201
9006,海南省康维多贸易有限公司,91460000MA5TL1EH88,201
9007,海南省康士达贸易有限责任公司,91460000MAA962EM0H,201
9008,海南省楷金文化传媒有限公司,91460000MA7KYJTY8C,201
9009,海南省楷家文化传媒有限公司,91460000MA7KYHQ48Y,201
9010,海南省楷承技术服务有限公司,91460106MAA9AP0L8C,201
9011,海南省凯西隆国际贸易有限公司,91460000MAK0R0JT9E,201
9012,海南省凯隆农业发展有限公司,91460000MACG8QQU99,201
9013,海南省凯迪雅贸易有限公司,91460000MA5TKNAT5H,201
9014,海南省卡德加贸易有限公司,91460000MA5TL6TC65,201
9015,海南省咔咨物业管理有限公司,91460000MA5TJQR92J,201
9016,海南省骏泷石油及制品批发有限公司,91460000MA5TWDUR4J,201
9017,海南省俊聂文化传媒有限公司,91460000MA7JN95D5Q,201
9018,海南省俊川智联国际贸易有限公司,91460105MAA97HD94D,201
9019,海南省君域进出口贸易有限公司,91460000MABXMU551K,201
9020,海南省君旺鑫建筑工程有限公司,91460000MAE49TC43E,201
9021,海南省聚天亿房地产营销策划有限公司,91460000MADPL7R76B,201
9022,海南省聚福源租赁有限公司,91460108MAD4PJ6HXF,201
9023,海南省聚帛科技有限公司,91460000MA5TY3DD51,201
9024,海南省九十九度科技有限责任公司,91460000MACQMQPY04,201
9025,海南省九建科技实业有限公司,91460000MAE9Q6359F,201
9026,海南省劲羽建材有限公司,91460000MA5TW99095,201
9027,海南省景祥园林工程有限公司,91460000MA5U05C976,201
9028,海南省景宸科技有限公司,91460000MAG1279JXH,201
9029,海南省京睿科技有限公司,91460000MACKXJ6K0X,201
9030,海南省锦裕生态养殖有限公司,91460000MACGB60T7Y,201
9031,海南省锦悠悠贸易有限公司,91460000MA5TL7G911,201
9032,海南省锦赫生物科技有限责任公司,91460000MAC6TY2D4B,201
9033,海南省金樽酒满商贸有限公司,91460000MA5TXDRK3M,201
9034,海南省金政顺投资控股有限责任公司,91460000MAE810A760,201
9035,海南省金园政泰实业发展有限公司,91460000MAA975064C,201
9036,海南省金育融禾生物科技有限公司,91460000MAEHTCK30U,201
9037,海南省金育嘉禾生物科技有限公司,91460000MAEH05PY9E,201
9038,海南省金育盛禾生物科技有限公司,91460000MAEHMXGK3Q,201
9039,海南省金色拾年种业有限公司,91460000MAEDBCMC5H,201
9040,海南省金纳多汽车服务有限公司,91460000MA5TL7BX6Q,201
9041,海南省金葵花种业科技有限公司,91460000MAK35JLX9U,201
9042,海南省金杰尼汽车服务有限公司,91460000MA5TL1GK5C,201
9043,海南省金辉种业科学研究有限责任公司,91460000MA5TYMM32W,201
9044,海南省金博凯实业有限公司,91460000MACHM9EU3Q,202
9045,海南省杰文汽车服务有限公司,91460000MA5TW99T6N,202
9046,海南省杰瑞博承科技有限公司,91460204MADN0XNE2T,202
9047,海南省江瑞清季科技有限公司,91460000MA5TWKA3X4,202
9048,海南省江边素贸易有限公司,91460000MABQRJXR0E,202
9049,海南省健康医疗集团有限公司,91460000MA5TLQ2L2T,202
9050,海南省家国芹怀科技有限公司,91460108MAA96YRM03,202
9051,海南省嘉益永宏农产品物流有限公司,91460000MAEPRU215W,202
9052,海南省加链文化传媒有限公司,91460000MA7JN8PC1A,202
9053,海南省佳祥文化传媒有限公司,91460000MA7HLT2M1C,202
9054,海南省佳和亿商贸有限公司,91460000MACN4LYX5L,202
9055,海南省霁田种业科学研究发展有限责任公司,91460000MAE9W6YWXD,202
9056,海南省吉莱瑞米投资有限公司,91460000MAC63B7645,202
9057,海南省汇途科技有限公司,91460000MA5TYB2277,202
9058,海南省汇千祥国际贸易有限公司,91460000MAD7P91635,202
9059,海南省慧铂投资发展有限公司,91460108MADF45MC8R,202
9060,海南省辉达悦运输有限责任公司,91460000MA7M1AQ83M,202
9061,海南省晖广科技有限公司,91460000MA5TWQJJ4P,202
9062,海南省黄道婆文化旅游有限公司,91460200MA5T41KF7X,202
9063,海南省荒雨贸易有限公司,91460000MA5TQ7564P,202
9064,海南省桓灵文化传媒有限公司,91460000MA7KDJP18R,202
9065,海南省华勤种业有限公司,91220184MAD7HEYQ7B,202
9066,海南省华禾农业科技有限公司,91460000MADYXGD597,202
9067,海南省花千树农业科技有限公司,91350623MA31WMKG6D,202
9068,海南省呼仑泰投资发展有限公司,91460108MADGEJ652Q,202
9069,海南省逅目眼镜产业有限公司,91460000MAER57UN21,202
9070,海南省鸿阳电动吊篮租赁有限公司,91460000MACWWFKU6C,202
9071,海南省鸿翔农业科技投资有限公司,91460000MAK21GE97Y,202
9072,海南省鸿霆投资有限公司,91460100MA5TJKJR2C,202
9073,海南省宏伍餐饮有限公司,91460000MA5TWA4696,202
9074,海南省赫翔咨询服务有限公司,91460000MA5TW9WA75,202
9075,海南省和盛绿色智业咨询服务有限责任公司,91460000MA5TDWU79P,202
9076,海南省合泰行贸易有限公司,91460000MAET04MJ5A,202
9077,海南省浩玥欣贸易有限公司,91460000MA7KFX0XX4,202
9078,海南省浩健瀚宇五金有限公司,91460000MA5TWX8595,202
9079,海南省浩渤文旅传媒有限公司,91460000MACDM29N14,202
9080,海南省航宇供应链有限公司,91460000MAD71XML4E,202
9081,海南省航初文化传媒有限公司,91460000MA7HLRQB9G,202
9082,海南省航晨教育发展有限公司,91460000MACLE3FT5R,202
9083,海南省翰康文化传媒有限公司,91460000MA7HLTDNXJ,202
9084,海南省海育天成生物科技有限公司,91460000MAG0X1DK52,202
9085,海南省海易通智能科技有限公司,91460000MAEWU4CW4L,202
9086,海南省海新烁辰投资有限责任公司,91460000MACL8BD20H,202
9087,海南省海途建筑建材有限公司,91460000MAA92A6F2Y,202
9088,海南省海升工程咨询有限公司,91460100MADHL7XA1B,202
9089,海南省海慧酒店投资有限公司,91460000MAD2ACPH81,203
9090,海南省海缔医疗科技有限公司,91460000MAA8YP6C20,203
9091,海南省果然果美农业科技研发有限公司,91460000MA5TNU8X05,203
9092,海南省国营南滨农场南滨生猪屠宰厂,91460200665112349T,203
9093,海南省国荣建筑劳务有限公司,91460108MAA99YPR5J,203
9094,海南省郭学萌科技有限公司,91460000MA5TWF200W,203
9095,海南省桂正文化传媒有限公司,91460000MA7KGCQ11M,203
9096,海南省顾行建筑工程科技有限责任公司,91460000MAC6Q9G96M,203
9097,海南省谷梓文化传媒有限公司,91460000MA7HR6WN04,203
9098,海南省谷重梦文化传媒有限公司,91460000MA7HR5655X,203
9099,海南省龚振熙洋贸易有限公司,91460000MA7GP65E3G,203
9100,海南省龚隆添贸易有限公司,91460000MAA965WH2Q,203
9101,海南省格能斯餐饮管理有限公司,91460000MAEF6NXE6T,203
9102,海南省高云建材有限公司,91460000MA5TMWFEXN,203
9103,海南省刚森能源有限公司,91460000MAA94AU894,203
9104,海南省富银泽汽车服务有限公司,91460000MAA98FFC1E,203
9105,海南省富瑞德科技发展有限公司,91460000MA5TW6GPXW,203
9106,海南省付凡汽车服务有限公司,91460000MA5TRFGB2N,203
9107,海南省福源顺建筑工程有限公司,91460000MAD4R5953C,203
9108,海南省福莱特农业科技有限公司,91460108MACDU6MQ3L,203
9109,海南省福电弧医疗器械有限公司,91460000MA5TL73T2U,203
9110,海南省枫腾贸易有限公司,91460000MAD50N3L98,203
9111,海南省峰齐贸易有限公司,91460000MA5TRDGH6T,203
9112,海南省丰庆广源进出口贸易有限公司,91469033MA5TW25JXM,203
9113,海南省芬鑫斌锦商贸有限公司,91460000MA7HK6YY5Q,203
9114,海南省沸点科技有限公司,91460106MA7LPMWM9F,203
9115,海南省非凡优品五金有限公司,91460000MA5TX42X6M,203
9116,海南省凡晨文化传媒有限公司,91460000MA7HR50P0Y,203
9117,海南省发旺农业发展有限公司,91460000MAA96XYE7X,203
9118,海南省洱生控股有限责任公司,91460000MAD05P0R77,203
9119,海南省尔利投资有限公司,91460000MAE2FFB82K,203
9120,海南省恩钰贸易有限公司,91460000MAC6LKQE38,203
9121,海南省栋英建材有限公司,91460000MA5TW99A0K,203
9122,海南省冬繁农业科技有限公司,91460000MABM4EU75Q,203
9123,海南省东炬贸易有限公司,91460000MACHWQ2R35,203
9124,海南省东合控股有限公司,91460000MAEXQ6D54C,203
9125,海南省鼎易通国际贸易有限公司,91460000MA5U1B8D6K,203
9126,海南省电影有限公司三亚分公司,91460000MAE8R215XA,203
9127,海南省迪丽鑫华贸易有限公司,91460105MAD5QT890H,203
9128,海南省迪卡芽旅行社有限公司,91460000MA5TL1R01F,203
9129,海南省德观实业有限公司,91460107MABPBC5W6U,203
9130,海南省道康建筑设备租赁有限公司,91460108MACYHXQH7F,203
9131,海南省丹若农业有限责任公司,91460400MA5TAFAL3H,203
9132,海南省大健康管理有限公司,91460000MA5TL1PK2T,203
9133,海南省大健康服务有限公司,91460000MA5TL6X383,203
9134,海南省大果供应链管理有限责任公司,91460000MADDTDQ602,204
9135,海南省达旗投资有限公司,91460000MAG0F3U82Y,204
9136,海南省达椿生企业管理有限公司,91460000MAEM8DCT5H,204
9137,海南省达北久安能源有限公司,91460000MA7N770U3C,204
9138,海南省辞谷文化传媒有限公司,91460000MA7JDFY567,204
9139,海南省慈扬教育科技技术有限公司,91460000MACM1JKW5W,204
9140,海南省淳希经贸集团有限公司,91460000MACB89PN4M,204
9141,海南省创翼达网络科技有限公司,91460000MAEB5J5H2A,204
9142,海南省传统工艺品有限公司,91460000MAA90C444D,204
9143,海南省翀邕科技有限责任公司,91460000MACUGJ0U04,204
9144,海南省诚翼投资有限公司,91460107MADCA30JXK,204
9145,海南省诚熹贸易有限公司,91460000MAEUTRLU02,204
9146,海南省程美悦莉数字科技有限公司,91210112MACK2WXU0F,204
9147,海南省盛世金运商贸有限公司,91460000MACD503G87,204
9148,海南省盛世海农业发展科技有限公司,91460108MACPQEWQ88,204
9149,海南省盛润种业有限公司,91460000MAD81Q602W,204
9150,海南省盛鹊琳信息咨询有限公司,91460000MA7JAR523X,204
9151,海南省盛祺翔科技发展股份有限公司,91230100301273459K,204
9152,海南省晟丰科技有限公司,91460000MAA9612CXN,204
9153,海南省城市供应链管理有限公司,91460000MA5TLRBK4A,204
9154,海南省城兰文化传媒有限公司,91460000MA7JN8T25D,204
9155,海南省宸岳投资有限公司,91460000MAE7QCLX7Q,204
9156,海南省车驿旅游开发有限责任公司,91469027MA5TWER4XR,204
9157,海南省超鹏伟贸易有限公司,91460000MA5TWGBY92,204
9158,海南省超博乾五金有限公司,91460000MA5TX2RT7R,204
9159,海南省曹越物业有限公司,91460000MA5TW9X1XM,204
9160,海南省曹辉机械设备有限公司,91460000MABR14L280,204
9161,海南省沧利医疗器械有限公司,91460000MA5TW7508W,204
9162,海南省财立通企业管理咨询有限公司,91460000MAE3DTXPXF,204
9163,海南省博铭康健农业科技发展有限公司,91460000MAE8HF0R4U,204
9164,海南省波聂文化传媒有限公司,91460000MA7K1TBF5P,204
9165,海南省秉正项目管理有限公司,91460000MA7HKB5B6E,204
9166,海南省冰哚哚进口美妆有限公司,91460000MABNA72JXY,204
9167,海南省斌怡秦振贸易有限公司,91460000MA7KFX0N8U,204
9168,海南省斌欢贸易有限公司,91460000MABPJG8P24,204
9169,海南省碧新广告有限公司,91460000MA5TJQQTX2,204
9170,海南省犇凤达物业管理服务有限公司,91460000MACA71C215,204
9171,海南省北河种业有限公司,91460000MAECUR2Y13,204
9172,海南省鲍宗广告有限公司,91460000MAA946B79B,204
9173,海南省宝祥荣劳务服务有限公司,91460108MAD7Q0F12U,204
9174,海南省百达利进出口贸易有限公司,91460000MACKL4TA97,204
9175,海南省佰澳生物科技有限公司,91460000MAA98DL9X0,204
9176,海南省巴梅文化传媒有限公司,91460000MA7KGDDQ6M,204
9177,海南省澳欣科技投资有限公司,91460000MACHUWDM84,204
9178,海南省奥俪贸易有限公司,91460000MAA98DLE0B,204
9179,海南省安扬投资发展有限公司,91460100MADGF1L62J,205
9180,海南省安畅国际贸易有限公司,91460108MA5U1YLM5Y,205
9181,海南省艾芝蔓文化传媒有限公司,91460000MA7KDWW344,205
9182,海南省艾加生物科技有限公司,91460000MA5TUQKW66,205
9183,海南省爱达金生物科技股份有限公司,91460106MAA9AKY33Q,205
9184,海南生亿种业有限公司,91130101MA0FHX1429,205
9185,海南生蓝科技有限公司,91460000MAD6C4280P,205
9186,海南生科生物有限公司,91460000MAER36FU05,205
9187,海南椬生健康管理有限公司,91460000MA5TN3AR0Y,205
9188,海南生稷科技有限公司,91460000MAEBBHCN3H,205
9189,海南昇核动力科技服务有限公司,91460000MAEQ33481X,205
9190,海南昇鼎企业服务有限公司,91460000MAE12XJJ0D,205
9191,海南昇辰新材料有限公司,91460000MAK22C2T9D,205
9192,海南声之源海洋科技有限公司,91460000MAEPJ9R80Y,205
9193,海南声拓网络科技有限公司,91460000MAEEU0WU8R,205
9194,海南声科深蓝海洋技术有限公司,91460108MACBY3B7X7,205
9195,海南声科海洋科技有限公司,91460106MADWRGDA5P,205
9196,海南声谷科技有限公司,91460100MA5T3742XX,205
9197,海南升元通能国际贸易有限公司,91460000MAEU0XMMXY,205
9198,海南升威进出口贸易有限公司,91460000MA5U2F6Y1Y,205
9199,海南升望园林管理有限公司,91460200MA5T2KXR9R,205
9200,海南升瑞贸易有限公司,91460000MAEU2CCA1E,205
9201,海南升巨满科技有限公司,91460200MA5T548W3X,205
9202,海南升峰装饰工程有限公司,91460000MADA5QD78J,205
9203,海南慎独投资有限公司,91460000MAEKQEQN4C,205
9204,海南神州卓越能源有限公司,91460000MAD6FX1635,205
9205,海南神州泰岳软件有限公司,91460000MA5TT2XM61,205
9206,海南神谕科技有限公司,914201113037965604,205
9207,海南神麒投资有限公司,91460000MAG0HJR7X2,205
9208,海南神农稷泰农业科技有限公司,91460000MAEXYQF12X,205
9209,海南神龙农业科技发展有限公司,91460000MAEA5XGX0U,205
9210,海南神护科技有限公司,91460000MACYCCPK0U,205
9211,海南莘瑞企业管理中心（有限合伙）,91469006MA5TWNKD3W,205
9212,海南莘咚顺机电设备有限公司,91460000MACKQ5WY4X,205
9213,海南莘创再生资源回收有限公司,91460000MAA940152F,205
9214,海南申旺科技有限责任公司,91460100MAD2YBAX1N,205
9215,海南申瑟德投资有限公司,91460000MACG9FX70U,205
9216,海南申然能源有限公司,91460000MAA991443G,205
9217,海南申和富能投资控股有限公司,91460200MADPHRTQ7T,205
9218,海南申光农业科技有限公司,91460000MAENFHBNXP,205
9219,海南申承科技有限公司,91460000MACN947F7W,205
9220,海南申呈知识产权代理有限公司,91460000MA7LH94W3T,205
9221,海南申呈科技有限公司,91460000MAA92K7N1R,205
9222,海南珅玥实业有限公司,91460000MAA95XMD72,205
9223,海南燊吉投资有限公司,91469026MACWHUDH4G,205
9224,海南深远海新能源科技有限公司,91460000MA5TUNPD4Q,206
9225,海南深远海海洋服务有限公司,91469034MADM46PP2K,206
9226,海南深维智能科技有限公司,91460000MAEL47A81A,206
9227,海南深水湾食品有限公司,91460000MAE7HH7L4A,206
9228,海南深水能源有限公司三亚分公司,91460000MAA914QF8L,206
9229,海南深水能源有限公司,91460000MA5T93ADXP,206
9230,海南深迈海洋科技有限公司,91460000MACG97Y40L,206
9231,海南深林源科技有限公司,91460000MA5TUK0B02,206
9232,海南深蓝智汇经营管理有限公司,91460000MAENTPT717,206
9233,海南深蓝先河科技有限公司,91460000MAEQ9U9F70,206
9234,海南深蓝数智科技有限公司,91460000MAENB14F4Q,206
9235,海南深澜海洋科技有限责任公司,91460108MADW2G1E5J,206
9236,海南深阔网图电子科技有限公司,91210103MA10185K1K,206
9237,海南深空探索科技有限公司,91460000MA5TMHN21U,206
9238,海南深科海洋技术服务有限公司,91460000MA5TPJLN2Y,206
9239,海南深吉达供应链管理有限公司,91460000MA5TXR41X3,206
9240,海南深海科技有限公司,91460000MA5T8LPR3G,206
9241,海南深海比特数字科技有限公司,91460108MAA9A6NW21,206
9242,海南深耕海海洋发展有限公司,91460000MAE1X95Y89,206
9243,海南深度探索信息工程有限公司,91460000MAEDE9MD1P,206
9244,海南深层水生物科技有限公司,91460000MAK0ATP49U,206
9245,海南深沧工科技有限公司,91460000MAEHKFP23A,206
9246,海南深爱农投资有限公司,91460000MAE9LCLYX4,206
9247,海南绍闻贸易有限公司,91460000MAD89CD37E,206
9248,海南绍强科技有限公司,91210124MAC79LW64A,206
9249,海南绍铭能源科技有限公司,91460108MAA9A6KM1M,206
9250,海南少工不凡投资有限公司,91460000MAE2DTXY2G,206
9251,海南尚轶贸易有限公司,91460108MADLR4FT0M,206
9252,海南尚世农业科技有限公司,91460000MAK1MC6138,206
9253,海南尚善实业有限公司,91460200MA5RCRWK7X,206
9254,海南尚宏汽车服务有限公司,91460000MAA95LM83F,206
9255,海南尚恒建筑劳务有限公司,91460108MADRXJ1M3B,206
9256,海南尚和供应链有限公司,91460000MAE3CBW8X6,206
9257,海南尚合贸易有限公司,91460200MA5T559W2P,206
9258,海南尚府科技有限公司,91460000MA5TU7849D,206
9259,海南尚诚弘瑞投资有限公司,91460000MAC8GU531T,206
9260,海南尚裁电子商务有限公司,91460000MA5TUG0506,206
9261,海南上淼企业管理有限公司,91460000MAC8UTT89X,206
9262,海南上凯博元科技有限公司,91460000MAEB17RW0J,206
9263,海南上交卫安环保科技有限公司,91460000MAEJ6LJ6XL,206
9264,海南上禾鸿丰农业科技有限公司,91460000MAD3ME6G0W,206
9265,海南上鼎优农业科技有限公司,91460100MADUM7W00R,206
9266,海南上步物业管理有限公司,91460000MAC62EPX2F,206
9267,海南熵跃投资有限公司,91460000MAEP3MLA7W,206
9268,海南熵易企业管理合伙企业（有限合伙）,91469027MAA94HMF40,206
9269,海南熵辰科技有限公司,91460000MAG0KMEH3J,207
9270,海南商悦环境能源投资有限公司,91460000MACGKXAA8E,207
9271,海南商禧拆迁工程有限公司,91460000MAA905LM0T,207
9272,海南商事法务有限公司,91460000MABRAY6QXR,207
9273,海南商海墅置业有限公司,91460000MA5TWLWQ0D,207
9274,海南商道酬信商贸有限公司,91460000MADKMBU774,207
9275,海南商博士科技产业发展有限公司,91460000MAEB6PDF97,207
9276,海南商宝投资有限公司,91460000MAE15NBC17,207
9277,海南膳之源餐饮管理有限公司,91460000MA5TU3YC9M,207
9278,海南善友恩科技有限公司,91460000MABN526T6U,207
9279,海南善水明德企业管理有限公司,91460000MAC5P5A669,207
9280,海南善粮科技有限公司,91460000MA5T9EJ51M,207
9281,海南陕龙生物科技有限公司,91460000MAK2MC6731,207
9282,海南闪进科技有限公司,91211400MA0YAQ441F,207
9283,海南闪极智能科技有限公司,91410100MA453PCJ54,207
9284,海南闪飞科技有限公司,91460000MAC5K86L4H,207
9285,海南珊鲨椰宠品科技有限公司,91460000MA7LT9UF5U,207
9286,海南珊海海洋科技有限公司,91460000MAA8YCHM9X,207
9287,海南山中观岚科技有限公司,91460000MAK2RUY43H,207
9288,海南山隐旅游投资有限公司,91460000MAD51KH62M,207
9289,海南山壹能源有限公司,91460000MA5TY2K78Y,207
9290,海南山鸟与山科技有限公司,91460000MAK1438054,207
9291,海南山明工程机械有限公司,91460000MAA906CD2J,207
9292,海南山禾木盛园林环境有限公司,91460200MA5RCNGK4T,207
9293,海南山海云天贸易有限公司,91460108MACFA7WP47,207
9294,海南山海跃动投资有限公司,91460000MAELFD703P,207
9295,海南山海国际咨询有限公司,91460000MAE2MEJR4A,207
9296,海南山瓜瓜农业科技有限公司,91460000MAE4D53697,207
9297,海南山谷优帮技术转移有限公司,91460000MAA8YTW6X0,207
9298,海南山繁国际贸易有限公司,91460000MA5U2AG03T,207
9299,海南山北水南投资有限公司,91460000MADYUM9W4D,207
9300,海南鲨跃咨询有限公司,91460000MAEPTAXJ6P,207
9301,海南森宇知识产权代理有限公司,91460000MAE8DXM86X,207
9302,海南森宇环保科技有限公司,91460000MAA8Y5W3X5,207
9303,海南森予电子科技有限公司,91460000MA7HDH5Q7U,207
9304,海南森亿新能源科技有限公司,91469033MA5TL6XL5L,207
9305,海南森燚投资有限公司,91460108MACY7FKJ1Y,207
9306,海南森迅投资合伙企业（有限合伙）,91460000MAD24EYB9M,207
9307,海南森鑫和贸易有限公司,91460000MAD33QW55T,207
9308,海南森腾投资有限公司,91460000MAE6L12WXL,207
9309,海南森特生物科技有限公司,91460106MAD7N38F42,207
9310,海南森特能源有限公司,91460000MADEBTDT2T,207
9311,海南森瑞斯达舞台搭建有限公司,91460105MAA99YF19D,207
9312,海南森燃天然气有限公司,91460107MADN544Q8R,207
9313,海南森起智能科技有限公司,91460000MA5T8PNJ6J,207
9314,海南森鹏技术发展有限公司,91460000MA5U28HM4T,208
9315,海南森廿投资有限公司,91460000MAE7XX105A,208
9316,海南森莫卡酒店管理有限公司,91460200MA5T1NHY7J,208
9317,海南森美智慧家居有限公司,91460000MA5U0DXJ4G,208
9318,海南森罗科技有限公司,91460000MAEW184631,208
9319,海南森隆汇鑫环保科技有限公司,91460000MAC2HCX06B,208
9320,海南森林乐园发展有限公司,91460107MA7GJUU519,208
9321,海南森蓝能源科技有限公司,91220201MA150P4A9B,208
9322,海南森棵源科技有限公司,91460000MACLMW2P2E,208
9323,海南森江科技有限公司,91460108MAD49RC89G,208
9324,海南森汇林业建设有限公司,91460106MADK2AK98D,208
9325,海南森海骄阳贸易有限公司,91460000MA5TTQUJ8P,208
9326,海南森工康盛医药科技有限公司,91460000MA5TWRBN9T,208
9327,海南森方进出口贸易有限公司,91460000MA5TY6W75M,208
9328,海南森迪海洋科技有限公司,91460108MACH20KH19,208
9329,海南森岛餐饮管理有限公司,91460100MA5T3GWL8Q,208
9330,海南瑟笛网络科技有限公司,91230110MA1B1H035W,208
9331,海南桑田梓地种业科技有限公司,91460000MAD0802582,208
9332,海南桑海投资有限公司,91469002MACMYXTY79,208
9333,海南叁能锐达深海科技有限公司,91460000MAE0EC7A8Y,208
9334,海南叁零贰科技有限公司,91460000MAK31MMYX7,208
9335,海南叁棵松科技有限公司,91460000MA5TDTYW04,208
9336,海南叁丰人农业研究有限公司,91460000MA5TY6215U,208
9337,海南三子实业发展有限公司,91460000MA5TMRG755,208
9338,海南三沅科创有限公司,91460000MAEXP8RF5L,208
9339,海南三寅科技有限公司,91460200MA5RGEYW4Q,208
9340,海南三毅贸易有限公司,91460000MACHCHTW2Y,208
9341,海南三亚醉桃花商贸有限公司,91460000MA5TE1UW4J,208
9342,海南三亚正恒基实业有限公司,91460000MA5TTDE05J,208
9343,海南三亚政铧建筑工程有限公司,91460100MAD48HMB42,208
9344,海南三亚斋骏信息咨询有限公司,91460000MA5TKK7278,208
9345,海南三亚玉青腾农副产品贸易有限公司,91460000MABN44RTXM,208
9346,海南三亚翊卓贸易有限公司,91460000MAD27M8R2B,208
9347,海南三亚一斗米科技有限公司,91460000MA5TE1DC2C,208
9348,海南三亚轩诺科技农业有限公司,91460000MA7HR1144G,208
9349,海南三亚鑫鲁伟电子商务集团有限公司,91460000MA5TW6U47K,208
9350,海南三亚晓天物流服务有限公司,91460000MA7L54NR40,208
9351,海南三亚圣然酒店管理有限公司,91469027MA5TKB1F0P,208
9352,海南三亚尚法弘义咨询有限公司,91460000MAELCUBD50,208
9353,海南三亚融展科技有限责任公司,91460108MACAAKDQ2N,208
9354,海南三亚企创现代服务业孵化基地有限公司,91469006MA5TMWXH9H,208
9355,海南三亚平商惠装饰设计工程有限公司,91460200MA5T7QCC6D,208
9356,海南三亚胖姐餐饮管理有限责任公司,91460100MAA93GHK53,208
9357,海南三亚欧臻国际贸易有限公司,91460000MAEARER176,208
9358,海南三亚墨栀科技有限公司,91460000MAK1L9898X,208
9359,海南三亚铭瑞商贸有限公司,91460000MA5TA4W1XG,209
9360,海南三亚觅果网络科技有限公司,91460000MADG02CY55,209
9361,海南三亚满心房地产营销策划有限公司,91460000MA5TQBGC49,209
9362,海南三亚禄海能源有限公司,91460000MAA9148T85,209
9363,海南三亚隆汇坤科技有限公司,91460000MA5TDYAN82,209
9364,海南三亚零道壹农副产品有限公司,91460000MACHL47P9K,209
9365,海南三亚库崖发展有限责任公司,91460000MAC778DK17,209
9366,海南三亚凯凌投资合伙企业（有限合伙）,91469006MABPG72N76,209
9367,海南三亚凯晶企业咨询合伙企业（有限合伙）,91460000MABNYKE15Q,209
9368,海南三亚崛起企业管理有限责任公司,91460000MA7LFX6M9J,209
9369,海南三亚九万亩贸易有限公司,91460000MACD53RJ3C,209
9370,海南三亚净观科技投资有限公司,91460000MAA8Y7621Y,209
9371,海南三亚金满利贸易有限公司,91460000MAEHM4XGXB,209
9372,海南三亚金稻穗商贸有限公司,91460000MA5TE1TU1J,209
9373,海南三亚洁盛康医疗科技有限公司,91460000MACQPE1E8N,209
9374,海南三亚轿姿科技有限公司,91469007MA5TRDC60T,209
9375,海南三亚简宁建筑工程有限公司,91469002MA5TUCKC45,209
9376,海南三亚汇城海贸易有限公司,91460106MADFH6DN49,209
9377,海南三亚浣淞贸易有限公司,91460000MADB2AXX9D,209
9378,海南三亚华桂工程有限公司,91469007MA5U0T328B,209
9379,海南三亚鸿山里农副产品有限公司,91460000MACGXW9AX0,209
9380,海南三亚贡和投资合伙企业（有限合伙）,91469028MABPRDXP7D,209
9381,海南三亚耕读山水投资有限公司,91460100MA5TUR6AXD,209
9382,海南三亚抚民医药及医疗器材专门零售有限责任公司,91460000MA5TW0YN19,209
9383,海南三亚福宝商贸服务有限责任公司,91460000MACB51G27H,209
9384,海南三亚德泰坤商贸有限公司,91460000MA5TE1UX2D,209
9385,海南三亚创想未来信息技术有限责任公司,91460000MABLJPPT4D,209
9386,海南三亚川鸣互联网科技有限公司,91460108MAA9AD2T33,209
9387,海南三亚盛诗投资有限公司,91460106MAA9ACJ28G,209
9388,海南三亚昌盛企业投资有限公司,91460000MACFC2C69W,209
9389,海南三亚阿辉帅厨餐饮管理有限公司,91460000MA5TC5BQ41,209
9390,海南三丫成果转化科技有限公司,91460000MAEKKK2K0D,209
9391,海南三网合企信息科技有限公司,91460000MAC0TEAP3W,209
9392,海南三恬芸道科技有限公司,91460000MAG1288U65,209
9393,海南三泰创新实业有限公司,91460100394558110X,209
9394,海南三四粒农业发展有限公司,91460000MA5TUMKW5D,209
9395,海南三升元吉科技有限公司,91460000MADCGKNXXK,209
9396,海南三润生物科技有限责任公司,91222424MA84R1DP2Y,209
9397,海南三日厨科技有限公司,91460000MAC8M17DX2,209
9398,海南三然健康产业集团有限公司,91460108MAA9ARB36E,209
9399,海南三品茶文化有限公司,91460000MABLHJBB0H,209
9400,海南三农司南农业投资中心（有限合伙）,91460204MA5TT91A34,209
9401,海南三农司南科技有限公司,91460000MA5TR9RM65,209
9402,海南三龙机械设备租赁有限公司,91460000MACPWLCF23,209
9403,海南三晋京华生物技术有限公司,91460000MAA99K0C5A,209
9404,海南三合惠业控股有限公司,91460000MAEM0XQT5B,210
9405,海南三好农业科技有限公司,91460000MAEBXFTWXL,210
9406,海南三个人投资合伙企业（有限合伙）,91469001MAA8Y24H8J,210
9407,海南三鸽汽车租赁有限公司,91460000MAC7KGAT9W,210
9408,海南三丰泰投资有限责任公司,91460000MAD0YH440Q,210
9409,海南三丰葵房地产经纪有限公司,91460200MA5T2DBU4T,210
9410,海南三丁进出口贸易有限公司,91469031MADN2GF876,210
9411,海南三草牛科技有限公司,91460000MA5U0W9085,210
9412,海南赛之蓝科技有限公司,91460000MACJ8TDR2N,210
9413,海南赛泽通贸易有限公司,91460108MACW4FK401,210
9414,海南赛宇林科技有限公司,91460200MA5T548D8X,210
9415,海南赛芯农业科技有限公司,91460000MAEPC8FC67,210
9416,海南赛唯斯技术服务有限公司,91460107MAD5M2A63B,210
9417,海南赛天使数字科技有限公司,91460000MAE81ML68M,210
9418,海南赛诺化工材料有限公司,91460200MADW01A81Q,210
9419,海南赛沐科技有限公司,91460000MA5TTKQ43L,210
9420,海南赛默科技有限公司,91460000MA5TMQN26X,210
9421,海南赛卡科技有限公司,91460000MA5TWBRM94,210
9422,海南赛福云充科技有限公司,91460000MAEXYWMC3B,210
9423,海南赛孚斯科技有限公司,91469002MAD9G4M15Y,210
9424,海南赛飞科技有限公司,91460000MAD7U0NK0E,210
9425,海南赛德斯低温科技有限公司,91460000MACRAJWK7W,210
9426,海南赛德建材有限公司,91460000MA5TJ8MY6A,210
9427,海南赛猜宝网络科技发展有限公司,914602003241872038,210
9428,海南赛百诺生物科技有限公司,91460000MAG037HP4U,210
9429,海南塞尔特酒店管理有限公司,91460200MA5RJBLH7P,210
9430,海南萨维卡建材有限公司,91460200MA5RJ26404,210
9431,海南萨科塞斯实业有限公司,91460200MA5REEQ6XX,210
9432,海南卅三教育智能科技有限公司,91460000MA5U2GD439,210
9433,海南卅米建筑装饰有限公司,91460000MAC44UKN1N,210
9434,海南若氢新能源科技有限公司,91460000MABUM9X25X,210
9435,海南若芳华酒店管理有限公司,91460200MA5T21WU5P,210
9436,海南弱水农业科技开发有限公司,91460100MADFKQLY6A,210
9437,海南润姿优品网络科技有限公司,91460000MADHEN2D47,210
9438,海南润智投资有限责任公司,91460108MADPB39Q1Q,210
9439,海南润智数科咨询服务合伙企业（有限合伙）,91460000MAEF2LEY19,210
9440,海南润知数科咨询服务合伙企业（有限合伙）,91460000MAEG8H4Q52,210
9441,海南润泽鑫建材有限公司,91460200MA5RE68L6G,210
9442,海南润泽泰供应链管理有限公司,91460000MACD3CEGXX,210
9443,海南润泽农农业贸易有限公司,91460200MA5RD423XX,210
9444,海南润泽开源商务科技服务有限公司,91460108MAC7YLXR9J,210
9445,海南润泽春辉科技有限公司,91460000MAC9PH7E9T,210
9446,海南润耀石油化工有限公司,91460000MA5TR7AG33,210
9447,海南润焱生物科技有限公司,91460108MAC7PXQY5R,210
9448,海南润星建筑工程有限公司三亚分公司,91460000MAEMJGGW37,210
9449,海南润信通商业管理有限公司,91460000MAE86GNR3P,211
9450,海南润砼贸易有限公司,91460000MAEACHWB7J,211
9451,海南润泰鑫邦投资有限公司,91460000MACG1AF609,211
9452,海南润斯通投资合伙企业（有限合伙）,91460000MADC992X8J,211
9453,海南润世物流有限公司,91460000MA7FDJQK5E,211
9454,海南润生堂大药房连锁有限公司,91460000MAG0HAUU2L,211
9455,海南润仁中宝种业科技有限公司,91469031MACB884T7C,211
9456,海南润清春进出口贸易有限公司,91460000MAE19T2N2D,211
9457,海南润秦石化有限公司,91460000MAA964T87C,211
9458,海南润璞能源科技有限公司,91460000MA5TYG0951,211
9459,海南润民农业科技发展有限公司,91460106MAA99X440D,211
9460,海南润淼企业管理合伙企业（有限合伙）,91469031MA5TW0AU6Q,211
9461,海南润联投资合伙企业（有限合伙）,91460400MA5TW12E7G,211
9462,海南润科医疗器械有限公司,91460000MA7GQFKUXN,211
9463,海南润康慧成健康产业有限责任公司,91460108MAC27X3084,211
9464,海南润璟科技发展有限公司,91460000MAETF2EL7G,211
9465,海南润佳业化工贸易有限公司,91460000MAE1H07Y9R,211
9466,海南润宏企业管理有限公司,91460000MA7JJ5LR9T,211
9467,海南润恒企业服务有限公司,91460108MAA9AFLH18,211
9468,海南润戈企业管理有限公司,91460000MA5TU7NU7E,211
9469,海南润峰投资有限公司,91460000MAD44QNN18,211
9470,海南润德轩建筑劳务服务有限公司,91460108MA5U0TGE9Q,211
9471,海南润道爱家科技有限公司,91460108MAA9A8X18X,211
9472,海南润盛房地产中介服务有限公司,91460200MA5T3DYL21,211
9473,海南锐佑智控科技有限公司,91460000MADD2LDG43,211
9474,海南锐讯科技有限公司,91460000MAEFY3ADXM,211
9475,海南锐星信息咨询有限责任公司,91460000MAEQ1EGH08,211
9476,海南锐兴华科技有限公司崖州分公司,91460000MAEJ1PPY0Y,211
9477,海南锐雯生物科技有限公司,91460000MACYF95G90,211
9478,海南锐思华辉实业有限公司,91460000MAA92THF47,211
9479,海南锐恒科技有限公司,91460000MA5TXK1DX3,211
9480,海南锐港建筑装饰工程有限公司,91460000MAA8Y0J33P,211
9481,海南锐峰生物科技有限公司,91460200MADX50227R,211
9482,海南芮花秀贸易有限公司,91460000MAEWRXCJ03,211
9483,海南睿之为科技有限公司,91460000MAC96A1A52,211
9484,海南睿造科技有限责任公司,91460000MA5TAQAT9N,211
9485,海南睿誉科技有限公司,91460000MAD9E85RX8,211
9486,海南睿语泰企业管理有限公司,91460000MAD40TGL76,211
9487,海南睿银咨询有限公司,91460108MACWLMGD0G,211
9488,海南睿奕文化传媒有限公司,91460000MACML50N50,211
9489,海南睿垚汇投资有限公司,91460000MAECB79A18,211
9490,海南睿阳旅游开发有限公司,91460000MACLK6R21R,211
9491,海南睿雪青网络科技有限公司,91460000MAA98151XU,211
9492,海南睿霖科技有限公司,91460000MA5U1H6C13,211
9493,海南睿金启航投资有限公司,91460000MAED2PREXE,211
9494,海南睿泓行商贸有限公司,91460000MAC94EXW9D,212
9495,海南睿豪水泥制品有限公司,91460000MA5TH4L34X,212
9496,海南睿航文化传媒有限公司,91460000MA5TX07R87,212
9497,海南睿海智企业管理咨询有限公司,91460000MADBBM0191,212
9498,海南睿海海洋科技有限公司,91469031MADTUNFK29,212
9499,海南睿谷鸟投资有限公司,91460000MAE3BT581H,212
9500,海南睿锋科技有限公司,91460000MA5TQXKYXC,212
9501,海南睿峰硅材料有限公司,91460000MACGGA155C,212
9502,海南睿丰投资集团有限公司,91460100MAA9A982XC,212
9503,海南睿东旅游租赁咨询服务有限公司,91460100MACW6FYN6G,212
9504,海南睿驰实业有限责任公司,91460000MA5TEXW02F,212
9505,海南睿博技术有限公司,91460204MADW3K5885,212
9506,海南瑞资盛投资有限公司,91460000MADY46YW8J,212
9507,海南瑞智共赢企业管理咨询合伙企业（有限合伙）,91469006MAA912653C,212
9508,海南瑞之为科技合伙企业（普通合伙）,91469002MAA993UD8N,212
9509,海南瑞柘投资有限责任公司,91460000MA5TY8WR4K,212
9510,海南瑞泽新型建材股份有限公司崖城分公司,914602000510564500,212
9511,海南瑞泽新型建材股份有限公司,914600007358252730,212
9512,海南瑞云捷工程科技有限公司,91460000MACHKFBC21,212
9513,海南瑞垣农业科技有限公司,91460000MAEU685KXQ,212
9514,海南瑞雨智能科技有限公司,91460107MA5TM6JU56,212
9515,海南瑞雨椰创科技开发有限公司,91460108MA5TLYU19Y,212
9516,海南瑞语科技有限公司,91460000MAEXP6WRXU,212
9517,海南瑞盈胜科技有限公司,91460000MAD75YC03R,212
9518,海南瑞垠种业有限公司,91460000MAE9PUGG1U,212
9519,海南瑞垠科技有限公司,91460000MAC88TBQ1D,212
9520,海南瑞阳合泰生物科技有限公司,91460000MACD5JM0X0,212
9521,海南瑞旭丰蓖麻种业科技有限公司,91460108MACT3MT06M,212
9522,海南瑞鑫疏浚工程有限公司,91460000MA5T9W3LXU,212
9523,海南瑞祥治商贸有限公司,91460000MACR8WRX6U,212
9524,海南瑞祥颐和科技有限公司,91460000MA5TJWK19T,212
9525,海南瑞祥麟实业有限公司,91460000MA5TAQ550Q,212
9526,海南瑞祥船务有限公司,91460106MAA8Y5YLXX,212
9527,海南瑞玺行商贸有限责任公司,91460000MA5THT3X34,212
9528,海南瑞物丰实业有限责任公司,91460000MADE2EN5XF,212
9529,海南瑞泰华诚私募股权投资基金合伙企业（有限合伙）,91320200076312123W,212
9530,海南瑞顺新能源有限公司,91460000MA5U20XR5C,212
9531,海南瑞双科技服务有限公司,91460000MA7GK3MYXP,212
9532,海南瑞仕达科技有限公司,91460000MAEFCCX127,212
9533,海南瑞昇科创有限责任公司,91460000MAG1G7F255,212
9534,海南瑞森恒达实业有限公司,91460204MACFJM0E01,212
9535,海南瑞庆时代投资合伙企业（有限合伙）,91469033MAD2CUQPX3,212
9536,海南瑞勤生态科技有限公司,91460000MAA92TA66C,212
9537,海南瑞淇科技有限公司,91460000MAE9C4GJ4U,212
9538,海南瑞纳体育服务有限公司,91460000MAA971G220,212
9539,海南瑞民商贸有限公司,91460200MA5T4AQC52,213
9540,海南瑞马克生物技术有限公司,91469002MACRU8HQXF,213
9541,海南瑞隆石油销售有限公司,91460000MA5TW8HL90,213
9542,海南瑞链喜投科技发展有限公司,91460200MA5T7FF90P,213
9543,海南瑞利源投资有限公司,91460000MADKMG5P92,213
9544,海南瑞康一生进出口贸易有限公司,91460106MAA9697PX4,213
9545,海南瑞璟晟投资合伙企业（有限合伙）,91460000MAEHBXN04W,213
9546,海南瑞锦洋船舶工程技术有限公司,91460000MAE47XTD5K,213
9547,海南瑞泓数据科技有限公司,91210245MA0YXJNG7U,213
9548,海南瑞禾智影科技有限公司,91460000MACU1T2978,213
9549,海南瑞和通科技有限公司,91460000MA5TDRGU4Q,213
9550,海南瑞福莱科技有限公司,91140100MA0HAWRE03,213
9551,海南瑞大康元贸易有限公司,91460000MACLYEK846,213
9552,海南瑞达鑫欣国际贸易有限公司,91460000MAE6EA5E8Q,213
9553,海南瑞创恒泰科技有限公司,91460000MA5TME3T7M,213
9554,海南瑞初环保科技有限公司,91460000MA5TQYML9N,213
9555,海南蕊博投资有限公司,91469036MA5TXN558T,213
9556,海南如明石化有限公司,91460000MA5TU9F30N,213
9557,海南如初见物业管理有限责任公司,91460000MABM8D5AX1,213
9558,海南儒玉国际物流有限公司,91460000MADGWQ2Y1P,213
9559,海南儒雅建设有限公司,91460000MA5U124Y8K,213
9560,海南儒同国际贸易有限公司,91460000MAD7UKMT2F,213
9561,海南儒仕文化科技有限公司,91460000MAD7BENW3A,213
9562,海南儒睿投资有限公司,91460000MAE85L0X47,213
9563,海南融智人才创新创业投资基金合伙企业（有限合伙）,91460000MA5TMQYXXE,213
9564,海南融源盛贸易有限公司,91460000MAG1MRU1XB,213
9565,海南融盈兴元贸易有限公司,91460000MAEAK8YC74,213
9566,海南融亿商务信息咨询有限公司,91460000MA5TLMBB7E,213
9567,海南融亿建筑发展有限公司,91460000MAE7T7UK0U,213
9568,海南融欣科技有限公司,91469001MA5TQKAW4F,213
9569,海南融熙旅业发展有限公司,91460200MA5T5A576U,213
9570,海南融舒卉房地产有限公司,91460000MABNQG3M2H,213
9571,海南融世旅游发展有限公司,91460000MAA966UY1L,213
9572,海南融祺种业有限公司,91460000MAE843MP4M,213
9573,海南融珺房地产营销策划有限公司,91460200MA5RHUAP3L,213
9574,海南融汇资创运营管理有限责任公司,91460000MAEEBKUT8G,213
9575,海南融汇通富私募股权投资基金合伙企业（有限合伙）,913202000763120439,213
9576,海南融汇贯通私募股权投资基金合伙企业（有限合伙）,91320200076312916J,213
9577,海南融慧通科技有限公司,91460000MA5U1D6J82,213
9578,海南融阜化工有限公司,91460000MAE86B4K11,213
9579,海南融盛企业管理咨询有限公司,91460000MAD53ERB1G,213
9580,海南融承江管理咨询有限公司,91460000MA7KL8CK4F,213
9581,海南融邦汇鑫商贸有限公司,91460000MAA94TDC50,213
9582,海南荣源物业服务有限公司,91460000MA7HPKAT76,213
9583,海南荣优管理咨询有限公司,91460000MAA93W680B,213
9584,海南荣业科创投资有限公司,91460000MA5U1KE02M,214
9585,海南荣业复材科技有限公司,91460000MAET9RDM4A,214
9586,海南荣信嘉昊科技有限公司,91460000MA5U2AG468,214
9587,海南荣硕实业有限公司,91469002MA5TJBJP1L,214
9588,海南荣圣科技有限公司,91460106MADUU33U4C,214
9589,海南荣江科技发展有限公司,91460000MAEW9UEX1J,214
9590,海南荣辉新能源有限公司,91460000MABT7MJL4N,214
9591,海南荣华金服企业管理有限公司,91460000MA5T8FQM2T,214
9592,海南荣鸿商贸有限公司,91460108MACXP4RQ0X,214
9593,海南荣富新能源有限公司,91460000MACC4H1L6A,214
9594,海南荣晟恒义置业投资有限公司,91460100MA5REL2R8R,214
9595,海南荣安木华投资有限公司,91460000MAE8Y18Q1E,214
9596,海南熔点技术有限公司,91460000MA5U1PLQ3G,214
9597,海南熔创优选智能科技有限公司,91340181MA8P7PQN4F,214
9598,海南榕沐科技有限公司,91460000MAC2G59P3X,214
9599,海南榕幕科技有限公司,91460000MAC527NR0A,214
9600,海南榕林国际能源有限公司,91469025MAC6NCG636,214
9601,海南榕鸿创业投资基金合伙企业（有限合伙）,91460000MADBHW5TX6,214
9602,海南戎华海洋科技有限公司,91460000MAEJGMRM9J,214
9603,海南戎光投资有限公司,91469007MA5U0U6P89,214
9604,海南戎创科技有限公司,91460106MADNEX9B5B,214
9605,海南戎安投资合伙企业（有限合伙）,91469033MACE7QN90U,214
9606,海南嵘通企业管理有限公司,91460000MA5U106902,214
9607,海南容体实业有限公司,91460200MA5RDAA10T,214
9608,海南容卉生态农业有限公司,91460000MA5TWKB28P,214
9609,海南容海智科技有限公司,91460107MADBRU3M9Q,214
9610,海南日跃贸易有限公司,91460000MA5TK9BW8L,214
9611,海南日悠悠旅游发展有限公司,91460106MABQXD4J7M,214
9612,海南日盈建筑材料有限公司,91460000MAC61W0D3W,214
9613,海南日盈行贸易投资有限公司,91460000MAE0QCXP11,214
9614,海南日樱国际贸易有限公司,91460000MAD1N0LHXL,214
9615,海南日昇隆科技服务有限公司,91469007MACA0KPW35,214
9616,海南日升农业有限公司,91460000MADM939N3F,214
9617,海南日日盛商贸有限公司,91469001MAD7NC3T1T,214
9618,海南日隆投资控股有限公司,91460000MAE43PUG2Q,214
9619,海南日进再生资源回收有限公司,91460000MACGD0B04D,214
9620,海南认知引擎科技有限公司,91460000MAEKX0N075,214
9621,海南认知信息技术中心（有限合伙）,91130702MA0FN78Q9G,214
9622,海南任氏盛业贸易有限公司,91460000MAD32L1WXY,214
9623,海南任康桥商务咨询合伙企业（有限合伙）,91469005MA7M2JDA7Y,214
9624,海南任创酒店管理有限公司,91460200MA5T2MT833,214
9625,海南仁裕如贸易有限公司,91460200MA5T54887M,214
9626,海南仁義实业有限公司,9146020039517192X4,214
9627,海南仁人投资有限公司,91460108MADEA1LL65,214
9628,海南仁民旅游文化投资有限公司,91469030MA5TW0XL98,214
9629,海南仁厚房地产开发有限公司,91460000MA5TU28F58,215
9630,海南仁德医疗投资管理有限公司,91460200324160342W,215
9631,海南仁德农业开发有限公司,91460200MA5T4FF007,215
9632,海南仁本通企业服务有限公司,91460108MAA9AG5H2D,215
9633,海南人生无限互联网零售有限责任公司,91460000MADA3BL0XN,215
9634,海南人人巴士科技有限公司,91469025MAC83J4C85,215
9635,海南人和城市管理有限公司,91460000MA5TW6J043,215
9636,海南热海科技发展有限公司,91460108MAA9AHPX3A,215
9637,海南然润潮贸易有限公司,91460000MABPJ8AGX2,215
9638,海南然坤国际贸易有限公司,91460106MAA9AR8U8F,215
9639,海南群元汽车贸易有限公司,91460000MACX49UU1P,215
9640,海南群海建材有限公司,91460000MA5TMJ9P6E,215
9641,海南鹊禧佳木影视文化传媒有限公司,91460000MAD6WUCY7Y,215
9642,海南铨钧实业有限公司,91460000MA5TJCLC0C,215
9643,海南荃银五星种业有限公司,91340100MA8N1C5X2R,215
9644,海南荃香种业科技有限公司,91340100MAD6E8L24N,215
9645,海南荃创种业科技有限公司,91341302MA8N2M4173,215
9646,海南泉之水科技有限公司,91460000MABQ7N2T1T,215
9647,海南泉悦风吟科技发展有限公司,91460000MA5TM218X5,215
9648,海南泉舜博汇科技有限公司,91460000MAE68MAL79,215
9649,海南泉昇海洋技术服务有限公司,91460000MACMAHC81J,215
9650,海南泉礼科技有限公司,91460000MA5TEYFD3D,215
9651,海南泉发贸易有限公司,91460000MAEXFBM043,215
9652,海南权义建筑工程有限公司,91460000MACKE5JD46,215
9653,海南权璟科技有限公司,91460000MAC9LBQY5W,215
9654,海南全优联行贸易有限公司,91460106MAA9AR0H0Y,215
9655,海南全一投资有限公司,91460108MAA9AN0A25,215
9656,海南全心泉意科技有限公司,91460000MAEA5TTG3T,215
9657,海南全微任途旅游信息咨询服务有限公司,91460200MA5RJDXL1R,215
9658,海南全网全通科技有限公司,91460100394419348T,215
9659,海南全流程投资发展有限公司,91460000MAD923DP58,215
9660,海南全流程商务服务有限公司,91460000MAC1N0EE9B,215
9661,海南全合昌石油化工有限公司,91460000MA5TXA7049,215
9662,海南全诚商务服务有限公司,91460000MAD5TN5E21,215
9663,海南全晟科技有限公司,91460000MADE7WHP1T,215
9664,海南全成农业科技有限公司,91460000MAA9849T2E,215
9665,海南趣聚科技有限公司,91460000MA5T9MN838,215
9666,海南趣达商务服务有限公司,91460200MA5T4U9703,215
9667,海南曲元宜成科技有限公司,91460108MAA9A39K7P,215
9668,海南曲径通幽投资有限公司,91460000MAE4CJ0M39,215
9669,海南屈臣氏个人用品商店有限公司三亚崖州招商花园分店,91460200MADPP4Q65D,215
9670,海南求真科技有限公司,91460108MADRKMF18X,215
9671,海南求实三公科技鉴定评估有限公司,91460000MA5TUG2G36,215
9672,海南秋知稻国际贸易有限公司,91460000MACNBGK782,215
9673,海南秋烁农业发展有限公司,91460106MAD4MBWF0H,215
9674,海南秋收农业开发有限公司,91469007MAA95Y8G51,216
9675,海南秋丰生态农业发展有限公司,91460000MAD6BH7H66,216
9676,海南秋榜化工有限公司,91460000MA5TFK3G97,216
9677,海南穹宇宇航工业合伙企业（有限合伙）,91460000MAED1RP02P,216
9678,海南琼舟船舶修理有限公司,91460000MAETGXW42T,216
9679,海南琼育商务服务有限公司,91460107MAA9A7AY9D,216
9680,海南琼宇康瑞科技有限公司,91460000MAEX1H4L1W,216
9681,海南琼甬农业科技有限公司,91460000MAK1NPHR73,216
9682,海南琼焱信息科技有限公司,91460100MA5TK1PN18,216
9683,海南琼研农业科技有限公司,91460000MA5TTPPG9T,216
9684,海南琼崖椰创科技有限公司,91460000MAG06DNW2R,216
9685,海南琼崖抱古建材有限公司,91460000MAEF91HJ1T,216
9686,海南琼生堰武科技有限公司,91510107MAD63Y2LXG,216
9687,海南琼旅国际旅游有限公司,91460000MAEJMAHU0N,216
9688,海南琼粮国际贸易有限公司,91460000MACK6UW3X3,216
9689,海南琼环物联科技有限公司,91460000MA5TNYDE8G,216
9690,海南琼果鲜生商贸易有限责任公司,91460000MAEDM6L71C,216
9691,海南庆园农业科技有限公司,91469025MA7MD1WW96,216
9692,海南庆余国际贸易有限公司,91460108MADMQ5276W,216
9693,海南庆享电子科技有限公司,91460200MA5T69WQ6G,216
9694,海南庆瓦然酒店管理有限公司,91460200MA5T1N81XM,216
9695,海南庆升石油化工有限公司,91460000MA5TXP7L75,216
9696,海南庆荣房地产投资服务有限公司,91460200MA5RF8AR9G,216
9697,海南庆华堂贸易有限公司,91460000MA5TTBQ22M,216
9698,海南庆华敏杰酒店管理有限公司,91460200MA5T1UEY7M,216
9699,海南庆合建材贸易有限公司,91460000MA5TU6YC75,216
9700,海南庆海劳务有限公司,91460000MA5TW9KA0C,216
9701,海南晴顺科技有限公司,91460200MA5RHTD640,216
9702,海南晴琼旅游发展有限公司,91460000MAA99KA51F,216
9703,海南晴湖农业有限公司,91460000MAK1G18W7M,216
9704,海南擎霄环境检测有限公司,91460000MA5TXBYY7B,216
9705,海南青逐梦旅游客运有限公司,91460000MAA97U7K17,216
9706,海南青之友教育科技有限公司,91460108MADAA0TH8Q,216
9707,海南青玉富强种子有限公司,91460000MAD7K7NT96,216
9708,海南青藤研学教育科技有限公司,91460107MAA99W5NXN,216
9709,海南青石应急科技有限公司,91460108MA5TY8DF50,216
9710,海南青青懿芯投资有限公司,91460000MAEECJAA80,216
9711,海南青牛图文化科技有限公司,91460000MAET0A2GX2,216
9712,海南青鸾绿境科技有限公司,91460000MADEMJ3041,216
9713,海南青庐文化有限责任公司,91460106MACWE7FK2N,216
9714,海南青莲科技有限公司,91460108MAA9AJ1L8T,216
9715,海南青岚科技服务有限公司,91460000MACWJTEY8B,216
9716,海南青禾创孵投资有限公司,91460105MAD6GY794R,216
9717,海南青耕鸟科技有限公司,91460000MAE792YR0B,216
9718,海南青峰生物科技有限公司,91460100687271869E,216
9719,海南青辰贸易有限公司,91460000MA5TU27E02,217
9720,海南轻途互联网科技有限公司,91460000MA5T7WJM9L,217
9721,海南轻巧智联科技有限公司,91460000MAEPN2DH89,217
9722,海南清御商贸有限公司,91460000MAK0GMYJ2N,217
9723,海南清溪之水文化传媒有限公司,91460000MAC9YLTG58,217
9724,海南清晴环境科技有限公司,91460000MA5TT9J49W,217
9725,海南清穆源餐饮管理有限公司,91460000MAD5A43E4X,217
9726,海南清朗文化传播有限公司,91460108MAA97FRW68,217
9727,海南清环科技有限公司,91140400MA0HEN4151,217
9728,海南清枫天晨房地产营销策划有限公司,91460200MA5T1LLRX4,217
9729,海南清大博雅深海智能装备有限公司,91460000MAE2BA1E2X,217
9730,海南清澈文化科技有限公司,91460000MAE8UE6C83,217
9731,海南氢能科技有限公司,91460000MA5TUY1B5N,217
9732,海南卿苑投资有限公司,91460000MAEDY33J2A,217
9733,海南沁隐投资有限公司,91460000MAEDP6JF0M,217
9734,海南沁昇智能科技有限公司,91460000MACLXTGJ4E,217
9735,海南沁澜澳贸易有限公司,91460000MAC1C3214J,217
9736,海南沁海酒店管理有限公司三亚分公司,91469031MADQCB7W6Q,217
9737,海南沁海酒店管理有限公司,91469036MA5TQWWEXC,217
9738,海南秦源物业管理有限公司,91460000MAC5J6QGXT,217
9739,海南秦玉农业科技有限公司,91460000MAC7H1W04W,217
9740,海南秦亚科技有限公司,91460107MAA9ACDQ63,217
9741,海南秦象科技有限公司,91460000MAD1PQJMXJ,217
9742,海南秦腔科技有限公司,91460000MA5TL8UT7T,217
9743,海南秦桓卓装饰工程有限公司,91460000MAEJYC9W74,217
9744,海南秦寰建工集团有限公司,91460108MAC4LAW67M,217
9745,海南琴瑞投资有限公司,91460000MAEGDL4A2N,217
9746,海南琴瑞贸易有限公司,91460000MAEF8KHN06,217
9747,海南琴超康企业管理咨询有限公司,91460200MA5RJLUJ8L,217
9748,海南勤益满满工程机械有限公司,91460000MACMGWTB8Q,217
9749,海南勤久投资有限公司,91460000MAERXUE67G,217
9750,海南勤诚广告传媒有限公司,91460000MAA92HBE56,217
9751,海南勤盛农业科技有限公司,91460108MADFBK6K0E,217
9752,海南钦佑农业科技有限公司,91450702MA5Q3Y4Y20,217
9753,海南钦丰农业开发有限公司,91460000MAEH82GQ10,217
9754,海南乔信智源科技有限公司,91460000MAEBGG6H0G,217
9755,海南乔氏益农科技有限公司,91460108MADL4MT657,217
9756,海南乔府种业有限公司,91460000MACX4WGBXQ,217
9757,海南乔府供应链管理有限公司,91460000MAE6TBER65,217
9758,海南强之静装饰工程有限责任公司,91460200MA5T6MJA86,217
9759,海南强通能源有限公司,91460000MAE6R99X7R,217
9760,海南强腾实业有限公司,91460107MAA99CT0XK,217
9761,海南强克涂料技术有限公司,91460000MAEHHTTA6W,217
9762,海南倩礼农业有限公司,91460000MADK5UD43W,217
9763,海南黔丰投资有限公司,91460108MADKD5EB2E,217
9764,海南潜行创新科技有限公司,91460000MA5U0TDF8W,218
9765,海南前景农业投资有限公司,91460200MA5T4LP00Q,218
9766,海南前航海洋工程有限公司,91460000MAE0LPEP95,218
9767,海南乾助科技有限公司,91460000MAA93LN118,218
9768,海南乾岳投资有限公司,91460108MAD9PK9T4G,218
9769,海南乾元智云科技有限公司,91460000MAEUFCKJ7M,218
9770,海南乾元实业发展有限公司,914602006989294195,218
9771,海南乾元利贞实业发展有限公司,91460000MA5TY0FU9H,218
9772,海南乾钰贸易有限公司,91460000MA5TWH5H4A,218
9773,海南乾曜投资合伙企业（有限合伙）,91460000MAG2330U84,218
9774,海南乾通实业有限公司,91460000MACHR1F0X8,218
9775,海南乾璐科技有限公司,91460000MACPXNWU3K,218
9776,海南乾露电力工程有限公司,91460000MACTUUCJ2Q,218
9777,海南乾鸿本源生物科技有限公司,91460000MAA92GJN75,218
9778,海南乾海数字科技有限公司,91460000MA7G4D6N8D,218
9779,海南乾丰永晟企业管理咨询有限公司,91460000MABUDKH67E,218
9780,海南乾德农业科技有限公司,91460000MACEUNB91K,218
9781,海南乾呈永晟贸易有限公司,91460000MABWHGE363,218
9782,海南乾丞农业有限公司,91460000MAEBLCEA0Q,218
9783,海南阡陌纵横农业开发有限公司,91460107MADE755U22,218
9784,海南谦益安和健康管理有限公司,91460000MAEEBLTD35,218
9785,海南谦亦科技有限公司,91460000MAEUF7L201,218
9786,海南谦晔能源有限公司,91460100MADE8Y6M8B,218
9787,海南谦业教育科技有限公司,91469027MADPJ15524,218
9788,海南谦仁房地产咨询服务有限公司,91460000MA7MT82B2U,218
9789,海南谦德善科技有限公司,91460000MA5TDXX70E,218
9790,海南谦创国际投资有限公司,91460000MAE8W0GG7F,218
9791,海南芊幸珠宝有限责任公司,91460000MACMKW945Y,218
9792,海南芊芊科技有限公司,91469033MADJQE833B,218
9793,海南千字文科技有限公司,91460105MAA984YJXE,218
9794,海南千羽达建筑工程有限公司,91460000MAENJKRA56,218
9795,海南千艺科技有限公司,91460000MAE67JGK3G,218
9796,海南千艺虹新材料科技有限公司,91460000MAE0QXD82L,218
9797,海南千奕建筑装饰工程有限公司,91460000MAD88QCD5U,218
9798,海南千焱贸易有限公司,91460200MA5T423C77,218
9799,海南千洵信息科技有限公司,91469036MA5TQC2427,218
9800,海南千禧佳商务服务有限公司,91469002MAC7WGLP1U,218
9801,海南千喜进出口贸易有限公司,91460200MA5T5UKF1Y,218
9802,海南千拓旅游服务有限公司,91460108MADAGLA40N,218
9803,海南千石石化有限公司,91460000MA5TGGHR2C,218
9804,海南千实贸易有限公司,91460000MA5U053Y4F,218
9805,海南千人科贸有限公司,91460000MAEKAYJ68D,218
9806,海南千泉咨询服务有限公司,91460000MACF111U22,218
9807,海南千霖能源科技有限公司,91460000MAC7QU164U,218
9808,海南千楷顺国际贸易有限公司,91460108MAA96N8H9G,218
9809,海南千垓农业发展有限公司,91460000MABLUGX462,219
9810,海南千诚商业管理中心（有限合伙）,91460400MACCME155A,219
9811,海南仟值生物科技有限公司,91469001MAD6QRXYX4,219
9812,海南仟屹文化旅游有限公司,91460204MAD8HEB09N,219
9813,海南仟禧居房产有限公司,91460200MA5REA6K61,219
9814,海南起源机械设备有限公司,91460000MAD9H0W99R,219
9815,海南起元房地产经纪有限公司,91460200MA5T31H50T,219
9816,海南起航建筑工程有限公司,91460000MA7J5NTP6P,219
9817,海南启云信息技术有限公司,91460000MA5U1MXX9W,219
9818,海南启悦生物科技有限责任公司,91460000MACBFNG994,219
9819,海南启湘建筑有限公司,91460000MAEPE5486E,219
9820,海南启荣投资有限公司,91460000MAK1EMX273,219
9821,海南启能企业管理有限公司,91460000MAD474Y267,219
9822,海南启麓贸易有限公司,91460000MAA93UWQ8A,219
9823,海南启蓝科技有限公司,91460000MADK5U5A1F,219
9824,海南启岚电子商务有限公司,91460106MAA9ADUT1X,219
9825,海南启鸿育远科技创业投资基金合伙企业（有限合伙）,91460000MADA83FY5U,219
9826,海南启德供应链管理有限公司,91460106MAC4EN5R4Q,219
9827,海南启程农业科技有限公司,91460000MAD8TFN971,219
9828,海南启盛科技有限公司,91460000MA5TJKML23,219
9829,海南启盛建筑机械租赁安装有限公司,91460000MACCYAHN97,219
9830,海南启宝富科技有限公司,91460000MAA91QXD69,219
9831,海南企助科技有限公司,91210213MA7EKQ3CXL,219
9832,海南企祥科技有限公司,91460000MAD7UTDX2P,219
9833,海南企旺鲜配贸易有限公司,91460000MAD8TNET5H,219
9834,海南企泰企业管理有限公司,91460108MACBAWR02M,219
9835,海南企惠智服科技有限公司,91460000MADH57AT3W,219
9836,海南企动力企业服务有限公司,91460000MAEC8AKG2Q,219
9837,海南齐翼房地产开发有限公司,91460000MACF4WAB58,219
9838,海南齐鑫生活服务有限公司,91460000MAA95YFY7Q,219
9839,海南齐路贸易有限公司,91460000MAE7R6Q83R,219
9840,海南齐鲁园林开发集团有限公司,914602007987053753,219
9841,海南齐鲁热带景观设计有限公司,91460200394550573F,219
9842,海南齐景科技合伙企业（有限合伙）,91460000MACDLX734R,219
9843,海南齐宏胜宇贸易有限公司,91460000MADJ927P10,219
9844,海南麒云科技有限公司,91460100MA5RCXAW16,219
9845,海南麒业供应链管理有限公司,91460106MA5U2FG66A,219
9846,海南麒麟鑫坤科技有限公司,91460000MABMLQ9G0G,219
9847,海南麒霖实业投资有限公司,91460106MADR5FEJ85,219
9848,海南祺舟科技有限公司,91460000MAA94KWQ62,219
9849,海南祺耀旅游发展有限公司,91460000MA5TYTE303,219
9850,海南祺牛农业科技有限公司,91460000MACBG4TT94,219
9851,海南琦筠装饰工程有限公司,91460000MAEE8QKP17,219
9852,海南琦晟农业有限公司,91460000MACHGDXJ2P,219
9853,海南旗辉建筑工程有限公司,91469007MAA90MTR95,219
9854,海南岐源健康管理有限公司,91460000MADKLR6K9W,220
9855,海南奇云思房地产营销策划有限公司,91460200MA5T324P47,220
9856,海南奇迅科技有限公司,91460000MAD5FNP174,220
9857,海南奇芯科技有限公司,91210112MA10CYCR40,220
9858,海南奇偶娱乐文化有限公司,91460108MACLEP7P16,220
9859,海南奇秒科技有限公司,91460100MAA95DET2R,220
9860,海南奇迹国际贸易有限公司,91469027MA5TWPQK47,220
9861,海南奇浩科技有限公司,91469025MADYB41F19,220
9862,海南亓梵建筑工程有限公司,91460000MA7NBWHKXU,220
9863,海南栖山农业发展有限公司,91460000MAE75PAX8F,220
9864,海南栖龙进出口贸易有限公司,91460000MACJ5Y9A5F,220
9865,海南栖金网络科技有限公司,91460000MACJ1QWN4A,220
9866,海南栖凤海洋科技有限公司,91460000MAEKB8EX1H,220
9867,海南柒慈堂生物科技有限公司,91460000MAA94X97X4,220
9868,海南七音律文化传媒有限公司,91460000MABPGETXX6,220
9869,海南七音符科技有限公司,91460000MA5TPFXMXY,220
9870,海南七亿七农业科技有限公司,91460000MAEF4FAU8G,220
9871,海南七叶莲科技有限公司,91460107MAD8DL3B5T,220
9872,海南七小七贸易有限公司,91460000MAENFF5J3J,220
9873,海南七玺进出口贸易有限公司,91460000MA5U07XW4F,220
9874,海南七箭供应链有限公司,91430105MADT6XA70Y,220
9875,海南七加教育咨询有限公司,91460100MA5TF5AT99,220
9876,海南谱赛实业有限公司,91460000MA5U2UWF26,220
9877,海南谱成惠业私募股权投资基金合伙企业（有限合伙）,9132020007631257X9,220
9878,海南浦翔丰科技有限公司,91460203MADMCA37XX,220
9879,海南普众信诚商业投资有限公司,91460200MA5RJPAC47,220
9880,海南普照文旅有限公司,91460000MAEY1U3F20,220
9881,海南普田生物科技有限公司,91460000MAEFUPBF0W,220
9882,海南普世赢达科技有限公司,91460106MAC77FC51H,220
9883,海南普润思生物技术有限公司,91460105MAA99UQU59,220
9884,海南普睿信息技术有限公司,91320804MA22R1C41U,220
9885,海南普瑞赛司仪器有限公司,91460000MAEQ953Q0J,220
9886,海南普日光具身智能供应链有限公司,91460000MAC4TDEA7M,220
9887,海南普仁惠民私募股权投资基金合伙企业（有限合伙）,913202000763121745,220
9888,海南普米新瑞实业投资合伙企业（有限合伙）,91460205MAC5E0PY7P,220
9889,海南普米瑞欣实业投资合伙企业（有限合伙）,91469025MAA95HK71X,220
9890,海南普丽思企业管理有限公司,91460000MAE8BPCG55,220
9891,海南普勒托科技有限公司,91460000MA5TWFT293,220
9892,海南普聚智能科技有限公司,91469002MA5TKHU25H,220
9893,海南普吉亚进出口贸易有限公司,91460000MAG166W26D,220
9894,海南普惠海洋科技有限公司,91460000MAE1Q1B16N,220
9895,海南普和佳福咨询有限公司,91460000MACLK6DD24,220
9896,海南普和恒益投资有限公司,91460000MACNEFWK45,220
9897,海南普盛企业管理有限公司,91460000MA7MBFPP44,220
9898,海南普晟能源有限公司,91460000MA5TB9LK44,220
9899,海南普晨科技投资有限公司,91460000MAERCKMX7J,221
9900,海南蒲余乐渔业科技有限公司,91460000MAEJ3H5E98,221
9901,海南葡今营销策划有限公司,91460000MAC77N1H16,221
9902,海南菩悦投资有限责任公司,91460000MAA979GQ0A,221
9903,海南菩睿企业管理有限公司,91460108MAA9A12L5C,221
9904,海南璞裕装饰工程有限公司,91460000MA5U26BN9T,221
9905,海南铺发发科技有限公司,91460000MACYMXUL2A,221
9906,海南潽众科技有限公司,91460000MACAFKRW8F,221
9907,海南平捷农业科技有限公司,91460000MAEA6H2M3E,221
9908,海南品卓投资有限公司,91460204MADRXQX305,221
9909,海南品著建筑工程有限公司,91460000MAE7PAQH7W,221
9910,海南品臻源食材有限公司,91460000MAE0NNG02B,221
9911,海南品尚置业有限公司,91460000MA5TU9JF4G,221
9912,海南品和新材料科技有限公司,91460000MAC7UEA27D,221
9913,海南品丰源农业科技有限公司,91460000MAC8XEWX8L,221
9914,海南品度科技投资有限责任公司,91460000MAE74A0M8Q,221
9915,海南品创科技有限公司,91460100MA5U2TCU5Y,221
9916,海南品盛源贸易有限公司,91460100MA5TPKTM8Y,221
9917,海南票房大卖文化科技有限公司,91460200MADNRNHQ2X,221
9918,海南朴树种子有限责任公司,91460000MACY1X4A2J,221
9919,海南朴石文化传媒有限公司,91460000MACUJ52J1T,221
9920,海南批酒信息技术科技有限公司,91460108MA5U0TJQ65,221
9921,海南鹏重起重设备有限公司,91460000MACKPN2N7E,221
9922,海南鹏之禾农业科技有限责任公司,91460000MACNFRR31A,221
9923,海南鹏昱建设工程有限公司,91460000MAETF5HH1H,221
9924,海南鹏宇科创合伙企业（有限合伙）,91469034MAA90FRN4L,221
9925,海南鹏宇国际能源有限公司,91460200MADQW93TXJ,221
9926,海南鹏游旅游开发有限公司,91469001MA5U0CNA47,221
9927,海南鹏崖国际人才集团有限公司,91460000MA7L039L69,221
9928,海南鹏憬投资有限公司,91460107MADPHMDK2F,221
9929,海南鹏昊生物科技有限公司,91460106MAA9AE8K0Y,221
9930,海南鹏橙广告设计工程有限公司,91460000MACH8Y5Y0J,221
9931,海南鹏昌装饰建材有限公司,91460000MABRPEPW7B,221
9932,海南蓬蓬棉农业科技有限公司,91460000MAEX3U0D79,221
9933,海南芃然时空技术有限公司,91460000MAEEH0JC71,221
9934,海南朋云投资有限公司,91460200MADMXHDG01,221
9935,海南朋云商贸有限公司,91460200MADT370L43,221
9936,海南朋程锦秀企业管理有限公司,91460106MACTR2PM7H,221
9937,海南彭超供应链管理有限公司,91460000MADCEBWH06,221
9938,海南澎东项目管理有限公司,91460000MADBM7D61F,221
9939,海南沛知优选置业有限公司,91460000MAD1KRG73G,221
9940,海南沛达商贸有限公司,91460000MAE6U7QP04,221
9941,海南佩言商贸有限公司,91460000MADDE6D24C,221
9942,海南佩期建筑工程有限公司,91460200MA5T2MA74A,221
9943,海南裴索思酒店管理有限公司,91460200MA5T547Y3A,221
9944,海南培创新材料科技有限公司,91360982MACR0KGN89,222
9945,海南磐基泰和能源科技有限公司,91460000MAEAXL682C,222
9946,海南磐鼎实业有限公司,91460200MA5T2J4E5W,222
9947,海南潘宏建筑工程有限公司,91460000MAEL7LYQ61,222
9948,海南派森诺基因科技有限公司,91460000MAERQDUG6M,222
9949,海南派恒旅游开发有限公司,91460000MAC9C9YR4A,222
9950,海南派对日记食品科技有限公司,91460108MADECTKJ0Y,222
9951,海南拍莫刚广告有限责任公司,91460000MA7MFPHB8T,222
9952,海南帕途雯旅游信息咨询服务有限公司,91460200MA5RJDXMXH,222
9953,海南欧智耐房地产有限公司,91460000MABPDPJ500,222
9954,海南欧泽网络科技有限公司,91460200MA5RJ6WA6N,222
9955,海南欧易科技有限公司,91460000MAD9HKQX18,222
9956,海南欧迅海洋科技有限公司,91460000MAE8CB2T5P,222
9957,海南欧文思贸易中心（个人独资）,91469026MACTM8YX3T,222
9958,海南欧特海洋科技有限公司,91320200MA1MRNQN2F,222
9959,海南欧润芝国际供应链管理有限公司,91460000MA7HFEL25X,222
9960,海南欧润达国际贸易有限公司,91460000MACTY4CR9N,222
9961,海南欧诺科技有限公司,91460200MA5T6UY469,222
9962,海南欧力乐环保科技有限公司,91460100MA5T19LH5W,222
9963,海南欧槿投资科技有限公司,91460106MADD41Y2XL,222
9964,海南诺盈海盛工程技术与设计服务有限公司,91460000MAC69YT6X6,222
9965,海南诺泰彦恒科技有限公司,91460000MA5U2YGP33,222
9966,海南诺千贸易有限公司,91460000MABR8W9852,222
9967,海南诺宁金属丝网贸易有限公司,91460000MABM41L99H,222
9968,海南诺尼实业有限公司,91460200578707731W,222
9969,海南诺尼产业园开发有限公司,914600007866227165,222
9970,海南诺琳海科技有限公司,91460000MA5TTG899U,222
9971,海南诺理医疗科技有限公司,91460000MAE2MEPR2G,222
9972,海南诺金实业有限公司,91460000MA5TXA6T5H,222
9973,海南诺和轩科技有限公司,91460000MAC8HXLF5Y,222
9974,海南诺尔环境科技有限公司,911401003469029762,222
9975,海南诺安数字科技有限公司,91460000MAE2FAL4X2,222
9976,海南暖芯农业科技有限公司,91460000MAC7JX7T06,222
9977,海南暖辰科技有限公司,91460000MAEBFD288U,222
9978,海南农泽兴进出口贸易有限公司,91460000MA5TW0154C,222
9979,海南农御科技有限公司,91460000MACAJTDR4M,222
9980,海南农瑞科技有限公司,91460000MAA93DU65K,222
9981,海南农芒鲜生农业有限公司,91460000MA5U13ME15,222
9982,海南农乐南繁科技有限公司,91469033MA5RD6KK9E,222
9983,海南农乐丰农业科技有限公司,91659002MA77N7H84F,222
9984,海南农垦南繁种业有限公司,91460200MA5T3H929R,222
9985,海南农垦南繁文化开发有限公司,91469002MA5TK8U63E,222
9986,海南农垦南繁投资有限公司,91469033MA5TFJJW9T,222
9987,海南农垦南繁生产服务有限公司,91460200MA5T3K7G9B,222
9988,海南农垦南繁产业集团有限公司,91460200MA5RD9N610,222
9989,海南农科豫玉农业科技有限公司,91460000MACT9G9Q8M,223
9990,海南农科谷物研发有限公司,91460000MAC0FC3379,223
9991,海南农谷子科技有限公司,91460000MAA92TGJ08,223
9992,海南农高智造科技有限公司,91460000MACXKT1N1X,223
9993,海南农得闲农业开发有限公司,91460107MAC49U3104,223
9994,海南农村商业银行股份有限公司三亚崖城支行,91460200MADP3HMW8F,223
9995,海南农村商业银行股份有限公司三亚南滨支行,91460200MADP3713XW,223
9996,海南农促知识产权服务有限公司,91460106MAA97B7Q9D,223
9997,海南农本检测技术服务有限公司,91460000MACX2DJT37,223
9998,海南牛之云科技有限公司,91140105MA0GTBJ27B,223
9999,海南牛小鲜餐饮管理有限公司,91460107MA5TMYQ940,223
10000,海南牛卡福网络科技有限公司,91460000MA5U1N28X3,223
10001,海南牛倍企业管理合伙企业（有限合伙）,91460000MAEXLGKR9U,223
10002,海南宁象农业科技有限公司,91460000MABP6A9G8W,223
10003,海南宁腾贸易有限公司,91460000MAE4A93C2D,223
10004,海南宁聚达渔业有限公司,91460000MAEREKWU7P,223
10005,海南宁金兄弟投资有限公司,91460000MAEEHR0X1E,223
10006,海南凝康魅生物科技有限公司,91460000MADBQTJN0R,223
10007,海南聂维纳酒店管理有限公司,91460200MA5T2KKH49,223
10008,海南鸟语花香贸易有限公司,91460108MADP7FQQ0J,223
10009,海南年里文化科技有限公司,91460000MACD2WB843,223
10010,海南年丰盈车农业科技有限公司,91460000MAE1NMDE6G,223
10011,海南年成农业投资有限公司,91460107MADUQTNA7D,223
10012,海南拈花指月投资有限公司,91460000MA5TJ0TL26,223
10013,海南尼普敦科技有限公司,91460000MAEWX46G1C,223
10014,海南尼莫文化传媒有限公司,91460108MAA95X377E,223
10015,海南妮妮维酒店管理有限公司,91460200MA5T2KKR6P,223
10016,海南能研汇道科技有限公司,91460000MACND3B5X5,223
10017,海南能物科技有限公司,91460000MABYR6D47C,223
10018,海南能宏建筑劳务有限公司,91460000MAE42C6Y65,223
10019,海南脑矿文化传媒有限公司,91460000MAD7ABHL12,223
10020,海南楠阳农业援助科技有限公司,91460000MA5THELC5J,223
10021,海南楠天信息科技有限公司,91460100MA5TMXJDX3,223
10022,海南楠山创谷科技有限公司,91460108MACF6YFR4N,223
10023,海南楠启广告有限公司,91460200MA5T2N0R7L,223
10024,海南楠秾农业科技有限公司,91460000MABXFY5R4Q,223
10025,海南楠秾科技开发有限公司,91460000MACQ9GJ06L,223
10026,海南南卓企业管理咨询有限公司,91460000MA5TKBHMXY,223
10027,海南南卓工程有限责任公司,91460106MADQP7NX6N,223
10028,海南南贞建筑劳务有限公司,91460100MADL2M1B7H,223
10029,海南南易投资有限公司,91460000MAE8TPTB04,223
10030,海南南焱科技有限公司,91460000MAG27L9W2F,223
10031,海南南星创意咨询有限责任公司,91460000MA5TYB1N2N,223
10032,海南南棠文化传媒有限公司,91460200MA5RCGK82Y,223
10033,海南南棠广告工程有限公司,91460000MAD328RG96,223
10034,海南南泰实业发展有限公司,91469033MA5RE9NWX4,224
10035,海南南什香业开发有限公司,91460000MAA91W225E,224
10036,海南南山文化旅游开发有限公司,914600007425545397,224
10037,海南南山公用工程有限公司,91460200747774346H,224
10038,海南南茂商贸物流有限公司,91460108MAD64P8M71,224
10039,海南南科科技有限公司,91460000MA5TWGNH6R,224
10040,海南南护国际贸易有限公司,91460106MA5U2AFJ2G,224
10041,海南南海之湾海洋服务有限公司,91460106MADJ9RRE7H,224
10042,海南南海特卫安保服务有限公司,91460000MA5TUFC97W,224
10043,海南南果汇农业科技有限责任公司,91460000MA5U1CQQX8,224
10044,海南南国秀贸易有限公司,91460200MA5T75PF6M,224
10045,海南南国人力资源开发有限公司三亚分公司,91460200MA5T1XDW2W,224
10046,海南南阁商贸有限公司,91460000MAA8YU1P0M,224
10047,海南南蜂商贸有限公司,91460000MA5T7WGC8W,224
10048,海南南繁种子基地有限公司,91460000284040513W,224
10049,海南南繁种业集团有限公司,91460000MADCQ6PW0E,224
10050,海南南繁育种产业投资基金合伙企业（有限合伙）,91460000MAC6AUR88K,224
10051,海南南繁油料产业发展有限公司,91460000MAE446P977,224
10052,海南南繁祥兆农业有限公司,91460100MADFW9M97N,224
10053,海南南繁文化有限公司,91460000MAE5KTNH0B,224
10054,海南南繁产业发展有限公司,91460100MA5TH40U11,224
10055,海南南鼎航空技术有限公司,91460200MA5RGYU795,224
10056,海南南丁格尔药业有限公司,91460000MAEA3HNA2A,224
10057,海南南岛香实业有限公司,91460200395797789B,224
10058,海南南岛京投科技投资有限公司,91460106MADQW0Y725,224
10059,海南南博医药科技有限公司,91460000MA5TWBJ67N,224
10060,海南南缤贸易有限公司,91460000MA7K7412XB,224
10061,海南南宝石矿产开采有限公司,9146020055279972XD,224
10062,海南耐美特新能源科技有限公司,91460000MA7HHW0W72,224
10063,海南那可果果网络科技有限公司,91460000MAE2G16H10,224
10064,海南那锦国际传媒有限公司,91460000MA5TR42W5J,224
10065,海南纳利森生物科技有限公司,91460000MAC6QTK29K,224
10066,海南纳锦企业管理咨询合伙企业（有限合伙）,91469007MACNW9Q47X,224
10067,海南纳德酒店管理有限公司,91460200MA5T2J3473,224
10068,海南捺刚维贸易有限公司,91460000MABPAG1K8W,224
10069,海南娜美恒众投资合伙企业（有限合伙）,91460000MAC571P543,224
10070,海南穆格商贸有限公司,91460000MAEUNPJ552,224
10071,海南睦和文化科技有限公司,91460000MA5TRLCDXR,224
10072,海南目图农业科技有限责任公司,91460000MACE297Q46,224
10073,海南目瞳科技开发有限公司,91460200MADQ5WMD58,224
10074,海南牧洋科技有限公司,91460000MAE6Q15D0B,224
10075,海南牧润科技有限公司,91460000MAEF405W13,224
10076,海南牧澜农牧科技有限公司,91460000MAEKQ2MQ0A,224
10077,海南沐泽农业研究有限公司,91460000MAC545FR53,224
10078,海南沐隐投资有限公司,91460000MAEDP4AN3A,224
10079,海南沐隐沁海酒店管理有限公司,91460000MAEK4RDX99,225
10080,海南沐隐沁海传媒科技有限公司,91460000MAEL5H080E,225
10081,海南沐桐科技发展有限责任公司,91460000MAD6PB9G0F,225
10082,海南沐润投资有限公司,91460000MACKBEPL6R,225
10083,海南沐名科技有限公司,91460000MA5T7TQD17,225
10084,海南沐浚建材贸易有限公司,91460000MADK5F0G88,225
10085,海南沐果香农业科技有限公司,91460000MAK1MR0F09,225
10086,海南沐恩网络科技有限公司,91460000MACC58EN6W,225
10087,海南沐成港航科技服务有限公司,91460000MAEG4XWN0G,225
10088,海南木舍耕读旅游文化发展有限公司,91460100MA5RJ8CN0Y,225
10089,海南木留莲农业科技有限公司,91460000MAEQAPJJ5T,225
10090,海南木金凝房地产开发有限责任公司,91460000MABXCG0C4J,225
10091,海南木合天成国际贸易有限公司,91460000MAK01L6R5K,225
10092,海南木白集信息科技有限公司,91460000MAET27FJXP,225
10093,海南慕诗恩贸易有限公司,91460000MAC61DWL0D,225
10094,海南慕昌实业投资有限公司,91460000MAE4EA7W67,225
10095,海南谋创网络科技有限公司,91460200MA5RC0KY1Y,225
10096,海南陌上明珠农业生物技术有限公司,91460000MACCEP856B,225
10097,海南莫娜之家家居有限公司,91460000MAERGTUB4A,225
10098,海南墨言空间设计有限公司,91460000MACUMT0L73,225
10099,海南墨檀缘投资有限公司,91460000MADKM8EC8W,225
10100,海南墨商智能科技有限公司,91460200MADNT0N73L,225
10101,海南墨鸿企业管理咨询合伙企业（有限合伙）,91460000MAD0HGE064,225
10102,海南墨迩网络科技有限公司,91469025MADM2C178K,225
10103,海南墨点广告有限公司,91460200MA5T2WCFXX,225
10104,海南酩樽资创运营管理有限责任公司,91460000MAEE76P92Q,225
10105,海南鸣月农业科技发展有限公司,91460000MA5TTPC995,225
10106,海南铭钰众泰投资有限公司,91460108MADFJ67F1B,225
10107,海南铭昱企业管理有限公司,91460105MAA99WWF6X,225
10108,海南铭宇锐建筑工程有限公司,91460000MAD6DW4N8F,225
10109,海南铭溪数字科技有限公司,91210112MA1184XX4C,225
10110,海南铭沃信息技术有限公司,91460000MA5U1N9U41,225
10111,海南铭通锐和贸易有限公司,91460000MACGDYHG6Y,225
10112,海南铭拓房地产有限公司,91460200MA5RD54E5H,225
10113,海南铭铄科技有限公司,91460000MA5TK2MC51,225
10114,海南铭硕装饰工程有限公司,91460108MAA90JXR6B,225
10115,海南铭昇海润投资合伙企业（有限合伙）,91469002MACA868K2B,225
10116,海南铭开财务咨询有限公司,91460000MACGH9CD3D,225
10117,海南铭霁实业有限公司,91460000MA7N7RJY1H,225
10118,海南铭汇再生资源回收利用有限公司,91460000MA7HDH8540,225
10119,海南铭鸿科技有限公司,91460000MAA95W1Y2B,225
10120,海南铭竑国际贸易有限公司,91460000MAEP5C4U6Y,225
10121,海南铭达锦森实业有限公司,91460000MA5TW4C470,225
10122,海南铭川产业运营管理有限公司,91460200MADNANGE53,225
10123,海南铭奥科技有限公司,91460000MACEDK8U39,225
10124,海南茗扬机电有限公司,91460107MADQR70B0J,226
10125,海南茗萱贸易有限公司,91460000MAE95QR197,226
10126,海南茗苏狼行信息科技有限公司,91460200MA5T1NX86W,226
10127,海南洺林轩贸易有限公司,91460000MACEY11KXB,226
10128,海南明筑装饰有限公司,91460000MACHYKJL7J,226
10129,海南明珠绿苑农业科技有限公司,91460000MAEBR1811P,226
10130,海南明韫建设工程有限公司,91469036MA5THTK79F,226
10131,海南明悦医疗科技有限公司,91460000MAD96F1T60,226
10132,海南明远鑫信息科技有限公司,91460000MAC7W6727A,226
10133,海南明语科技有限公司,91460000MADEMAGD9X,226
10134,海南明宇润滑科技有限公司,91460000MA5U0TDN3L,226
10135,海南明艺好酒店管理有限公司,91460108MACRQNLA3U,226
10136,海南明奕能源科技有限公司,91460107MAA99Y961L,226
10137,海南明阳智慧能源有限公司,91460000MA5TUX7T8A,226
10138,海南明鲜农副产品有限公司,91460108MAD5W41905,226
10139,海南明威科技有限公司,91460000MAA91GFG9C,226
10140,海南明通水下工程有限公司,91460000MACL5N1Q72,226
10141,海南明天生物科技有限公司,91460000MA5TMD008M,226
10142,海南明腾机械设备有限公司,91460000MA5U0ERG4Y,226
10143,海南明堂文化有限公司,91460000MAE703UE2N,226
10144,海南明唐科技产业发展有限公司,91371300MA3DLBXH81,226
10145,海南明泰海洋仪器有限公司,91469025MADQFU3A9X,226
10146,海南明硕文化科技有限公司,91460000MAD8HP3751,226
10147,海南明仕投资有限公司,91460000MACFCL1R2E,226
10148,海南明石星瀚科技有限公司,91460106MAD5QX111Q,226
10149,海南明润新材料科技有限公司,91460000MA5TWFFL5T,226
10150,海南明锐眼镜有限公司崖州科技城分公司,91460000MADAM3NW69,226
10151,海南明锐眼镜有限公司崖州分公司,91469001MABU6TPW7H,226
10152,海南明睿未来科技有限公司,91460108MADF1Q8L3T,226
10153,海南明浦国际贸易有限公司,91460000MAD6ND0B7K,226
10154,海南明俊科技有限公司,91460100MA7KJCGH5R,226
10155,海南明吉医疗有限公司,91460000MABR24PW47,226
10156,海南明昊生物科技有限公司,91460000MAC531QY6R,226
10157,海南明航企业管理咨询有限公司,91460000MAA94FC29W,226
10158,海南明高科技有限公司,91460000MAC4W8NH4C,226
10159,海南明霏科技有限公司,91460000MAA8Y1PJ51,226
10160,海南明方科技发展有限公司,91460000MA5TF2B69F,226
10161,海南明盛达世网络科技有限公司,91120101MA05Y7TJ6R,226
10162,海南明成胜世投资有限公司,91460000MAE824TT3R,226
10163,海南明灿园林有限公司,91460000MACRU42R1B,226
10164,海南明安种业有限公司,91460000MAA96LWB7E,226
10165,海南明安国际贸易有限公司,91460106MAD23E1N1P,226
10166,海南明安瓜胶农业科技有限公司,91460106MAA95Y900X,226
10167,海南名悦信息科技有限公司,91460000MADFPQYWX2,226
10168,海南名威汽车租赁有限公司,91460200MA5T4TLY5H,226
10169,海南名师厨房设备有限公司,91460000MA5TF5KD11,227
10170,海南名匠印章服务有限公司,91460108MAA9A9N09F,227
10171,海南名都工程机械设备有限公司,91460000MAA8YT2H9R,227
10172,海南闽润辉农业发展有限公司,91460000MABRAUAP6J,227
10173,海南闽隆物流服务有限公司,914601000510849539,227
10174,海南闽辉达商贸有限公司,91460000MAC33XDHXA,227
10175,海南闽海隆贸易有限公司,91460108MADR24947D,227
10176,海南敏纳波瓦酒店管理有限公司,91460200MA5RJACU31,227
10177,海南敏匠汽车服务有限公司,91460000MA5TR4QD2N,227
10178,海南敏东建筑工程有限公司,91460000MA7N3N6T51,227
10179,海南悯默网络科技有限公司,91460000MA7HXRNA7K,227
10180,海南民悦人力资源有限公司,91460000MA5T9RAF12,227
10181,海南民芯科技有限公司,91460000MAEHYJH549,227
10182,海南民芯科技管理中心（有限合伙）,91460000MAEHA1CX1N,227
10183,海南民生管道燃气有限公司三亚分公司,91460000MADC7NNH86,227
10184,海南民禾农业开发有限公司,91460000MAD9GBGU3D,227
10185,海南民皓进出口贸易有限公司,91460000MAEH2XE086,227
10186,海南民郭网络科技有限公司,91460000MA7HXLH51B,227
10187,海南淼语园林绿化工程有限公司,91460000MAEAT5JG5E,227
10188,海南淼宇贸易有限公司,91460000MAEBJJXM8X,227
10189,海南苗歌农业有限公司,91460000MACW0JEH8Q,227
10190,海南苗阿姨品牌管理有限公司,91460000MAEADB7D3D,227
10191,海南喵宇科技生物有限公司,91460000MAEUC55004,227
10192,海南觅得投资有限公司,91460106MA7EPPPG7N,227
10193,海南觅得私募基金管理中心（有限合伙）,91460100MA7HN7Q991,227
10194,海南觅得明道企业管理中心（有限合伙）,91460106MAA98C8W2G,227
10195,海南蜜酷贸易有限责任公司,91460000MACEQ4EN1Q,227
10196,海南蜜蜂生物科技有限公司,91460108MAA9AG3A2T,227
10197,海南芈云弘洋科技有限公司,91460000MAC7TXK00D,227
10198,海南米小菊米家国际贸易有限公司,91469001MA5TTNY93F,227
10199,海南米森奥旅行社有限公司,91460200MA5T549E22,227
10200,海南米乐奇信息技术有限公司,91460000MAC7CM625Y,227
10201,海南米多多医疗科技有限公司,91460000MACECYDJ8K,227
10202,海南米豆科技有限责任公司,91460000MA5TMH64XR,227
10203,海南米博生物科技有限公司,91460000MAD0H4Y86G,227
10204,海南迷森邦旅游服务有限公司,91460200MA5T54588P,227
10205,海南迷妮视讯传媒科技有限公司,91460108MAA9AB7Y0U,227
10206,海南弥生生物科技有限公司,91460000MAA92QTA1D,227
10207,海南咪乐电子商贸有限公司,91460000MAC4AUXW01,227
10208,海南梦卓农业科学技术研究院有限公司,91460000MA5TXEH76C,227
10209,海南梦之岛矿业有限公司,91460000MACC0DFE5L,227
10210,海南梦圆贸易有限公司,91469030MA5T9GY529,227
10211,海南梦启航影音传媒信息有限公司,91460000MABPYPQ41P,227
10212,海南梦妮纳酒店管理有限公司,91460200MA5T2J3C2U,227
10213,海南梦佳博科技有限公司,91460108MACBCAXJ7U,227
10214,海南梦幻科技有限公司,91460000MAC0QJH6X1,228
10215,海南梦归处科技有限公司,91460000MAENCPU16R,228
10216,海南梦宸湾海洋科技有限公司,91460000MAE179GU3T,228
10217,海南蒙优科技有限公司,91460000MAEUE4G92A,228
10218,海南蒙新肉食品有限公司,91460000MA7JR84Q4B,228
10219,海南蒙泰能源有限公司,91460000MA5TAY6H7U,228
10220,海南蒙晋能源有限公司,91460108MADFGDHH4J,228
10221,海南蒙金投资有限公司,91460000MACEC0Q45H,228
10222,海南蒙金瑞和投资有限公司,91460108MACYYFPB5W,228
10223,海南蒙海恒达现代科技服务有限公司,91460000MACAU34T2W,228
10224,海南蒙发劳务有限公司,91469027MADPGUWQ9C,228
10225,海南蒙德数字科技有限公司,91440300MAD4F90F3A,228
10226,海南蒙大汽车租赁有限公司,91460000MA5TW0XC5M,228
10227,海南蒙大农牧业养殖有限公司,91460000MAC2EAM98P,228
10228,海南蒙宝科技有限公司,91460000MAEWEYAQ7M,228
10229,海南萌仔生物科技有限公司,91469007MA7H7EAW7W,228
10230,海南门第舒香国际贸易有限公司,91460000MABM1JG81L,228
10231,海南镁博科技有限公司,91460000MA5TX7BA3H,228
10232,海南美卓珠宝有限公司,91460000MAE8KRXE76,228
10233,海南美智佳环境清洁服务有限公司,91460000MAC4L25H3F,228
10234,海南美之佳物业管理有限公司,91460200MAC4PYUH12,228
10235,海南美媛素美业有限公司,91460000MA5TKJEG3T,228
10236,海南美宴贸易有限公司,91460000MA5U2DF80R,228
10237,海南美途跨境电子商务有限公司,91460000MA5TXXRA69,228
10238,海南美滔科技有限公司,91460000MACJLQ757X,228
10239,海南美世联合教育咨询有限公司,91469005MA5TMKM23J,228
10240,海南美其其美科技有限公司,91440101MA59EGL40H,228
10241,海南美铭旅游文化传媒有限公司,91460000MA5TNYPR0U,228
10242,海南美隆农业科技有限公司,91460000MA5TNCM27C,228
10243,海南美凌科技有限公司,91460000MABT9MCGXD,228
10244,海南美林和邦农渔业发展有限公司,91460000MAC6RRT26J,228
10245,海南美林和邦控股集团有限公司,91460106MA7N279X86,228
10246,海南美利嘉吉科技有限公司,91460106MADCGL9Q6G,228
10247,海南美利安新能源科技有限公司,91460000MABW6TWG2N,228
10248,海南美朗照明工程有限公司,91460200MA5RGJHH7R,228
10249,海南美集国际物流有限公司,91460000MAA94P4097,228
10250,海南美湖供应链科技有限公司,91460000MA7GWCP001,228
10251,海南美好生活信息技术中心（有限合伙）,91130702MA0CYDJU5H,228
10252,海南美峰博越医药科技发展有限公司,91460106MAD1ETX584,228
10253,海南美多多国际贸易有限公司,91460000MA5TUN6R81,228
10254,海南美度科技有限公司,91460000MADLDB7H48,228
10255,海南美创装饰工程有限公司,91460000MACL2T9B5H,228
10256,海南美创联动科技有限公司,91460000MACFWJW53K,228
10257,海南玫珑科技有限公司,91460200MA5RCR4C32,228
10258,海南梅中美商贸有限公司,91460200MA5T1HWT5J,228
10259,海南梅凯达宇国际贸易有限公司,91460000MAEJM5BM3K,229
10260,海南茂源企业管理咨询有限公司,91460000MA5U00214P,229
10261,海南茂育种业科技有限公司,91460000MAA97WFD0J,229
10262,海南茂凯文化发展有限公司,91460200MA5RDAXC7P,229
10263,海南茂淮贸易有限公司,91460000MABX4JR45U,229
10264,海南茂尔森国际进出口贸易有限公司,91460108MAA964QC08,229
10265,海南茂盛源投资有限公司,91460000MAE9CT718J,229
10266,海南茂盛贸易有限公司,91460000MAA902DA3B,229
10267,海南茂晟源投资有限公司,91460106MAD7XBXX71,229
10268,海南毛毛雨智能科技有限公司,91460000MAEY0FAU3Q,229
10269,海南猫山王实业有限公司,91460000MACDUFJ73A,229
10270,海南芒主果业有限公司,91460100MAA8YGU02D,229
10271,海南漫语教育科技有限公司,91460100MA5T6PR05K,229
10272,海南漫玩提旅行社有限责任公司,91460000MA7MFPEE3D,229
10273,海南曼顿农业发展有限公司,91460000MAC6Q2HJ5Y,229
10274,海南慢慢酒店管理有限责任公司,91460200MA5T4P8E8G,229
10275,海南满星科技有限公司,91460000MAC8JA728F,229
10276,海南满树红农业有限公司,91460000MAA97M239P,229
10277,海南满华广贸经济贸易有限公司,91460000MACHAJ3MXG,229
10278,海南满地种子科技发展有限公司,91460000MADB1BG082,229
10279,海南满得私募股权投资基金管理合伙企业（有限合伙）,91460000MAC1UPT81D,229
10280,海南满翠生物科技有限公司,91460107MAA9ABKM5P,229
10281,海南麦子智创医疗科技有限公司,91460106MAA99WQU0F,229
10282,海南麦特联国际贸易有限公司,91460000MAEWBPW620,229
10283,海南麦谷软件技术有限公司,91610131333794312R,229
10284,海南麦尔企业服务有限公司,91460106MAA9ADGD12,229
10285,海南迈鑫贸易有限公司,91460000MAC59PMW2P,229
10286,海南迈田人力资源有限公司,91460000MA5T9HDG1A,229
10287,海南迈斯生物科技有限公司,91460000MACMW9411F,229
10288,海南迈思网络科技合伙企业（有限合伙）,91460000MADGU9E29K,229
10289,海南迈思科技有限公司,91460108MADHANU987,229
10290,海南迈尼美科技有限公司,91460200MA5T54QT3N,229
10291,海南迈科斯网络科技有限公司,91460106MAA9AFBU4U,229
10292,海南迈步向前影视文化有限公司,91460000MACHKFME9H,229
10293,海南马元商贸有限公司,91460000MACXJG09XH,229
10294,海南马小亿投资有限公司,91460000MAD96MUL4J,229
10295,海南马尚旅游发展有限公司,91469033MA5U199B0F,229
10296,海南马国大教育科技有限公司,91469026MACWP569XD,229
10297,海南马到成功实业有限公司,914602003241955372,229
10298,海南码大师科技有限公司,91460000MA5T7Y177X,229
10299,海南玛日思投资有限公司,91460000MABT3EWA3G,229
10300,海南吗哪文化艺术有限公司,914601000905097823,229
10301,海南吗哪投资管理有限公司,91460100090510433N,229
10302,海南绿种农业科技有限公司,91460106MADXGMMY6X,229
10303,海南绿之海健康养生有限公司,91469036MA5TB0DK9F,229
10304,海南绿藻生物科技有限公司,91460106MADXCL2D2X,230
10305,海南绿屿环境科技有限公司,91460200MA5T20X54C,230
10306,海南绿欣园农贸有限公司,91460000MAC6PHRGX9,230
10307,海南绿天地科技发展有限公司,914602000623425918,230
10308,海南绿泰生物科技有限公司,91460200MADPHRR522,230
10309,海南绿润投资发展有限公司,91360424343218917B,230
10310,海南绿擎环保科技有限公司,91460000MA5T9R5N59,230
10311,海南绿普森农业科技有限公司,91460000MA5U2BC782,230
10312,海南绿圃科技合伙企业（有限合伙）,91460107MADC2UK60Q,230
10313,海南绿盟网络安全技术有限公司,91460000MAC61FQ731,230
10314,海南绿肯投资有限公司,91460000MAE849W50R,230
10315,海南绿界农业科技有限公司,91469027MADC4UAP39,230
10316,海南绿健病虫害防治服务有限公司,91460000MA5TQYXK07,230
10317,海南绿环监测有限公司,91460000MACQEA081J,230
10318,海南绿谷生物育种有限公司,91460000MA5TXMG8XH,230
10319,海南绿谷清泉生态种业科技有限公司,91460000MAA92DEP3D,230
10320,海南绿耕新能源科技有限公司,91460000MAE0GGTR9R,230
10321,海南绿高隆生物科技有限公司,91460000MAC8NP8862,230
10322,海南绿草堂生物医药科技有限公司,91460000MAED7M5C2F,230
10323,海南绿宝食品科技有限公司,91460000MAE9WMML7A,230
10324,海南绿岸申呈种子有限公司,91460000MAA94NKX5N,230
10325,海南旅文投资有限公司,91460000MAA8Y49L8J,230
10326,海南旅品惠国际旅行社有限公司崖州营业部,91460000MAEWY68F7F,230
10327,海南旅品惠国际旅行社有限公司三亚崖州南滨农场营业部,91460000MAG0X9EN8X,230
10328,海南吕伟教育培训有限公司,91460000MAD06LHH8L,230
10329,海南侣猷商务服务有限公司,91460000MAEC7WX091,230
10330,海南落地家文化传媒有限公司,91460200MA5T28K022,230
10331,海南落笔工业互联网科技有限公司,91460000MAD6EXNC77,230
10332,海南络港科技有限公司,91460000MAD7UF0E6B,230
10333,海南洛克鑫潼传媒有限责任公司,91460200MA5T5LDR0H,230
10334,海南罗望子食品饮料有限公司,91460000MAE5DPMP0P,230
10335,海南罗腾科技有限公司,91460000MACPRJ051U,230
10336,海南罗尼科技有限公司,91460000MA5TUM532T,230
10337,海南鹿通商贸有限公司,91460000MA5T9H7Q5W,230
10338,海南鹿角生物科技有限公司,91460105MAA9A5FA9R,230
10339,海南鹿海盈盈农业科技有限公司,91460000MACC967BXH,230
10340,海南鹿鼎旅游体育有限公司,91460000MA5TYADB8T,230
10341,海南鹭翼科技有限公司,91460000MA5TW92556,230
10342,海南陆源石油化工有限公司,91460000MA5U1EAE5J,230
10343,海南陆枚论建筑工程有限公司,91460200MA5T28C60A,230
10344,海南陆豪科技工程有限公司,91460000MA5TTNJN2P,230
10345,海南陆海渔仓海洋生态科技有限公司,91460000MAD36PGKXF,230
10346,海南路众建筑工程有限公司,91460000MACM4A4Y1T,230
10347,海南路通达进出口贸易有限公司,91460000MA5U2L8M28,230
10348,海南路路米贸易有限公司,91460000MACEE4121W,230
10349,海南路达实业有限公司,91460000MACA7ADC4F,231
10350,海南璐煜贸易有限公司,91460000MA5TYAYL35,231
10351,海南鲁一顺科技有限公司崖州分公司,91460000MAELL24E16,231
10352,海南鲁一顺科技有限公司三亚分公司,91460000MAE4H5U2X8,231
10353,海南鲁宴餐饮有限公司,91460000MADF19370J,231
10354,海南鲁研农业科技有限公司,91460000MADXUB952L,231
10355,海南鲁红车辆运输有限公司,91460000MAEH9XFG33,231
10356,海南鲁峰工程科技有限公司,91460108MAA9596H2R,231
10357,海南鲁东石化有限公司,91460106MA5TX4MC1C,231
10358,海南鲁标车辆有限公司,91460000MAEGLP6Y6Y,231
10359,海南卢禄控股投资有限公司,91469027MADXQFGB55,231
10360,海南卢乐工程机械有限公司,91460000MABNQ1MB21,231
10361,海南卢布宝科技服务有限公司,91460200MADJW16Y1P,231
10362,海南露之妤科技发展有限公司,91460000MACGMJWJ4G,231
10363,海南龙芝林药品超市连锁经营有限公司崖州保利分店,91460000MAD9AG4TXE,231
10364,海南龙芝林药品超市连锁经营有限公司三亚崖州分店,91460108MAD2J03H43,231
10365,海南龙芝林药品超市连锁经营有限公司三亚南滨分店,91460200578742983E,231
10366,海南龙泽源环保工程有限公司,91460108MAA99UYHXN,231
10367,海南龙投农业科技有限公司,91140100MA0KRC806C,231
10368,海南龙投建设工程有限公司,91460000MAE411DR8N,231
10369,海南龙泰鸿源进出口贸易有限责任公司,91460000MACHRC3N1K,231
10370,海南龙氏投资有限公司,91460000MADDRUPU62,231
10371,海南龙升科技贸易有限公司,91460000MA7HP49L1B,231
10372,海南龙明惠科技有限公司,91460204MAD0Q4HM1Y,231
10373,海南龙玲悦科技有限公司,91460000MADBYTLP3X,231
10374,海南龙科创达科技有限公司,91460106MA5TLHTT5U,231
10375,海南龙鲸科技有限公司,91610104MA6URYLT66,231
10376,海南龙鲸海洋服务有限公司,91460000MAEWQUGU23,231
10377,海南龙辉国际运输集团有限公司,91460000MA5U08C528,231
10378,海南龙行者旅游有限公司,91460000MAA90QEE8K,231
10379,海南龙殿生态农业有限公司,91460000MADJ7C6U2A,231
10380,海南龙灯酒店管理有限公司,91460200MA5T23J53G,231
10381,海南龙稻农业科技有限公司,91460108MADCJP6P6G,231
10382,海南龙达商砼有限责任公司,91460000MABMYH1B58,231
10383,海南龙达能源有限公司,91469026MACUQBGH91,231
10384,海南龙崇国际贸易有限公司,91460106MADTTP2067,231
10385,海南龙盛鑫汽车销售服务有限公司,91460000MA5TUM41XN,231
10386,海南龙盛基建材有限公司,91460000MADD5YEX1C,231
10387,海南龙成双豪实业有限公司,91460200MA5RH3WJ0Y,231
10388,海南龙滨鸿农业科技有限公司,91460600MA5T7WQH2U,231
10389,海南龙奥贸易有限公司,91460000MA5TJRH83E,231
10390,海南隆玉种子有限公司,91460000MAE44AHT0X,231
10391,海南隆玉高科技有限公司,91460000MAC6LWGY6M,231
10392,海南隆宇科技有限公司,91460000MA5TUN9A8J,231
10393,海南隆业种子有限公司,91469002MADAUTM7X6,231
10394,海南隆旭贸易有限公司,91460000MAE0L3EC2K,232
10395,海南隆投种业有限公司,91460000MADFF6AN4W,232
10396,海南隆泰鑫达石化科技有限公司,91460000MAE5R4UX66,232
10397,海南隆泰物业管理有限公司,91460000MA5TFC9X4L,232
10398,海南隆顺瑞德实业有限公司,91460000MAC68G4E1X,232
10399,海南隆收农业科技有限公司,91460000MAA8Y54B71,232
10400,海南隆升瑞达科技有限公司,91460000MAE4L6939K,232
10401,海南隆利兴工程发展有限公司,91460106MACU3XUG45,232
10402,海南隆玖信实业投资股份有限公司,91460000MA5T84DH9E,232
10403,海南隆和兴国际贸易有限公司,91460107MA7JQUH84G,232
10404,海南隆港装饰设计工程有限公司,91460106MABRQD3N6W,232
10405,海南隆程信德商贸有限公司,91460000MAA916Y95M,232
10406,海南珑华国际供应链有限公司,91460000MAET6TLL67,232
10407,海南泷艺科技有限公司,91460000MAE42BD26Q,232
10408,海南六月双子产业投资有限公司,91460000MAE8KC1F0L,232
10409,海南六月环保科技有限公司,91460107MADWNCU17E,232
10410,海南六仪国际贸易有限公司,91460000MA5U03KGXT,232
10411,海南六爻顺易投资有限公司,91460000MAA97BU88F,232
10412,海南六叙科技有限公司,91460000MAD7GRR0X5,232
10413,海南六顺建筑景观设计工程有限公司,91460000MA7FK99W63,232
10414,海南六胜投资有限公司,91460000MA5TR9RD2G,232
10415,海南六号国际贸易有限公司,91460000MAD7TRDQ4R,232
10416,海南柳叶刀科技有限公司,91460000MAC4WQLR2N,232
10417,海南琉埂琴建材有限公司,91460200MA5T1WG822,232
10418,海南流湾科技有限公司,91460000MAE70T091B,232
10419,海南刘垚建筑工程有限公司,91460000MACAYNHP9R,232
10420,海南刘利源装饰工程有限公司,91460000MAA9979K2L,232
10421,海南令名环保工程有限公司,91460200MA5T43M29G,232
10422,海南领英智能体育有限公司,91460000MAG1FCJ29Y,232
10423,海南领宜企业管理服务合伙企业（有限合伙）,91469006MA7MT4JW1E,232
10424,海南领鲜博士农业科技有限公司,91460000MACRCQ7Q7M,232
10425,海南领万实业发展有限公司,91460000MA5TKJTU3A,232
10426,海南领宋文化传媒有限公司,91460000MACH08YTX9,232
10427,海南领路达商贸有限公司,91460108MACW35CM47,232
10428,海南领汇管理服务有限责任公司,91460000MAA8YGTF9P,232
10429,海南领禾生物科技有限公司,91469006MADK0YUK6A,232
10430,海南领航者航空技术有限公司,91460105MADQ1Q1G8A,232
10431,海南领城投资发展有限公司,91460000MA5U2UUB7U,232
10432,海南领宸投资有限公司,91460108MAD7HKBF76,232
10433,海南龄悦管理有限责任公司,91460000MAEHJMNX8K,232
10434,海南零一互娱科技有限公司,91460000MAC1HF7K1M,232
10435,海南零碳科技有限公司,91460000MA5U27TLX3,232
10436,海南零点壹动力技术有限公司,91460000MACPM21G4K,232
10437,海南翎科供应链有限公司,91460000MAC7XF4285,232
10438,海南瓴美生物科技有限责任公司,91469027MADN727K3G,232
10439,海南灵犀云创科技有限公司,91460000MAG18TWK72,233
10440,海南灵曦企业管理有限公司,91460000MAD1PYNT4C,233
10441,海南灵枢合众投资合伙企业（有限合伙）,91460000MAK2G48Y2G,233
10442,海南灵善进出口有限公司,91460000MACKU8Q75F,233
10443,海南灵睿智能信息科技有限公司,91460000MAE1DAJ02W,233
10444,海南灵巧家政服务有限公司,91460000MAK2BDCU2E,233
10445,海南灵境算法科技有限公司,91460000MAEJPKMY9W,233
10446,海南灵海科技有限公司,91460000MAD843323G,233
10447,海南灵光星际传媒有限公司,91460000MAE1FQC61J,233
10448,海南灵赋生物科技有限公司,91460108MACHK0GH45,233
10449,海南灵驰供应链有限公司,91460107MACX0TJRXF,233
10450,海南岭左网络科技有限公司,91460000MA7HXRBM9N,233
10451,海南岭海科技有限公司,91460000MADA5AGT3J,233
10452,海南凌扬科技有限公司,91460000MA5TQRFY12,233
10453,海南凌书科技有限公司,91610113MAB0YE7R6Q,233
10454,海南凌山船舶工程科技有限公司,91460000MAE7LX791K,233
10455,海南凌赫文化科技有限公司,91460106MADM1AFM9K,233
10456,海南蔺州劳务有限公司,91460000MABMKD1WX2,233
10457,海南檩檩设计装饰工程有限公司,91460000MAEBM80639,233
10458,海南麟麒咨询服务有限公司,91460000MA5TXC0EXU,233
10459,海南麟阁创业投资有限公司,91460200MA5U2WF661,233
10460,海南麟阁骠姚创业合伙企业（有限合伙）,91460000MABNX6LAXQ,233
10461,海南麟阁按道股权投资基金合伙企业（有限合伙）,91460000MA7KM2AN5N,233
10462,海南霖远科技有限公司,91460000MADBUECQ1D,233
10463,海南霖仁投资有限公司,91460106MADM458C59,233
10464,海南霖铅生物科技开发有限公司,91460000MADC4J0Q8C,233
10465,海南霖捷贸易有限公司,91460000MAEFKK3T6J,233
10466,海南琳达生物科技有限公司,91460000MAD3AHW67M,233
10467,海南林延农业有限公司,91460000MA7FM1CP7P,233
10468,海南林通建材有限公司,91460108MAA9AQ5277,233
10469,海南林腾酒店管理有限公司,91460200MA5RHK0F0G,233
10470,海南林沐哲建材贸易有限公司,91460000MAEK7TCW6P,233
10471,海南林淼建筑装饰工程有限公司,91460000MA5TP7X59N,233
10472,海南林府大药房有限公司,91460000MADCAWJ712,233
10473,海南林道龙建筑工程有限公司,91469027MAD60AJW6U,233
10474,海南林冲土石方工程有限公司,91469027MA5TQFQD7H,233
10475,海南猎澍品牌管理有限公司,91460000MABPAF7T7U,233
10476,海南猎邦人力资源服务有限公司,91460000MAE3A30AX0,233
10477,海南猎邦科创中心（有限合伙）,91469002MA5TUG6P2D,233
10478,海南辽睿科技有限公司,91460000MABXB9UQ51,233
10479,海南亮源农业科技有限公司,91460200MA5T7L9Y3Q,233
10480,海南亮晓机械设备租赁有限公司,91460000MACPTK1R15,233
10481,海南亮途旅游服务有限公司,91460000MABTB7TFX6,233
10482,海南亮堂贸易有限公司,91460000MAEB9EMXX7,233
10483,海南亮点农业科技有限公司,91460000MA5TGYUDXH,233
10484,海南量子医疗科技有限公司,91460200MA5TMLDA4A,234
10485,海南量界网络科技有限公司,91460000MAEEKC2Y82,234
10486,海南良玉农业科技有限公司,91460000MA5U2ELP0W,234
10487,海南良鑫生物科技有限公司,91460106MAA95ME183,234
10488,海南良为实业有限公司,91460000MAA98E339J,234
10489,海南良米投资有限公司,91460000MADAC9JL2K,234
10490,海南良米企业管理合伙企业（有限合伙）,91469033MADAPHPK5G,234
10491,海南良凯建筑劳务工程有限公司,91460000MABTYT032Y,234
10492,海南良辉新能源开发有限公司,91460000MAEWDE9M8L,234
10493,海南良杭建材有限公司,91460000MA5TUR4T2R,234
10494,海南良工设计装饰工程有限公司,91460200MA5T1LL09C,234
10495,海南粮全福玉食品科技有限公司,91469036MADPNQL380,234
10496,海南梁喀信息科技有限公司,91460000MAD0BT5G2Y,234
10497,海南镰仓农业开发有限公司,91469033MA5RJQK02X,234
10498,海南连界成果转化科技服务有限公司,91460000MAD48G3M0D,234
10499,海南连合胜贸易有限公司,91460000MA5T9FL490,234
10500,海南莲行咨询管理有限公司,91460000MA5TWRUU7L,234
10501,海南莲邦鑫浪科技有限公司,91460000MAA9839L47,234
10502,海南联新创业投资中心（有限合伙）,91469026MAD797D91G,234
10503,海南联塔进出口贸易有限责任公司,91460107MADC252RXN,234
10504,海南联胜农业科技有限公司,91460000MAEK71BF4R,234
10505,海南联圣广告传媒有限公司,91460000MAD9GB6G5F,234
10506,海南联启科技咨询有限公司,91460000MA5TJWF25Q,234
10507,海南联普人农业发展有限公司,91460000MAEX140L05,234
10508,海南联铭建材有限公司,91460200MADP7T318D,234
10509,海南联括建筑材料有限公司,91460000MA5TEHED0G,234
10510,海南联汇辉冠科技有限公司,91460200MA5RH6RH0J,234
10511,海南联创恒生房地产有限公司,91460200MA5RGBWQ4K,234
10512,海南联畅投资有限公司,91460107MAC8QQTP8Y,234
10513,海南联渤投资有限公司,91460000MAD4KGBK0X,234
10514,海南莉燕屏酒店管理有限公司,91460200MA5T2CJL9K,234
10515,海南莉美亚丝电商服务有限责任公司,91460000MACF7GCE57,234
10516,海南荔兴农业开发有限公司,91460106MADKD86A1M,234
10517,海南荔香园农业科技有限公司,91460000MAEFEU6U8X,234
10518,海南立铸租赁有限公司,91460000MAC4C7C70R,234
10519,海南立宇贸易有限公司,91460200MACB7MXK0H,234
10520,海南立轩汽车租赁服务有限公司,91460108MAC7MLX02D,234
10521,海南立鑫产业投资有限公司,91460100MADJQ40005,234
10522,海南立树科技有限公司,91460000MABPNM3T1T,234
10523,海南立基力生物科技有限公司,91460000MAENWK6D71,234
10524,海南立帆科技有限公司,91460000MAC6FXTT81,234
10525,海南立冬贸易有限公司,91460000MAD3L6X477,234
10526,海南励琅投资有限公司,91460000MACXM8EU5N,234
10527,海南力浔健康管理咨询有限公司,91460000MAE58ELY0H,234
10528,海南力兴宝石油化工有限公司,91460000MA5TYJWR4U,234
10529,海南力弓游艇科技有限责任公司,91460000MABU02Y9X0,235
10530,海南利洋海洋科技有限公司,91460000MAETH8H1XW,235
10531,海南利通建筑装饰工程有限公司,91460200MA5T272U00,235
10532,海南利泰能源科技发展有限公司,91460000MAG1GDB0X2,235
10533,海南利顺发进出口贸易有限责任公司,91460200MACHMHCG8M,235
10534,海南利敏建筑材料租赁有限公司,91460000MABNH3UE4L,235
10535,海南利锦能源有限公司,91460000MAA91K4J46,235
10536,海南利江建筑工程有限公司,91460200MA5RCJFT03,235
10537,海南利广进贸易有限公司,91460000MABUX8KDXH,235
10538,海南利锋科技有限公司,91460000MAD8RK755N,235
10539,海南利达克非酒店管理有限公司,91460200MA5RHUBD1R,235
10540,海南利崇德商贸有限公司,91460106MADMH8EK86,235
10541,海南利策新能科技有限公司,91460200MAC4ECCN6R,235
10542,海南利博优美会务有限公司,91460000MAECY3XC5E,235
10543,海南利波进出口贸易有限公司,91460000MA5TKYA24F,235
10544,海南俐美网络科技有限公司,91460000MA5TUY8A11,235
10545,海南丽思缇贸易有限公司,91460200MA5T523L64,235
10546,海南丽娜朱酒店管理有限公司,91460200MA5RJATR7T,235
10547,海南里奥森电子商务有限公司,91460000MABYKRCN5X,235
10548,海南醴辰瓷业有限公司,91460000MADDT2P131,235
10549,海南礼信智能科技有限公司,91460000MA7H84N499,235
10550,海南理致投资有限公司,91460000MA5U1MT116,235
10551,海南理唔钧建筑工程有限公司,91460200MA5T26EC73,235
10552,海南理诚投资有限责任公司,91460000MA5U1K3R34,235
10553,海南李家大院餐饮有限公司,91460108MAA9AAHF6G,235
10554,海南黎昕建筑工程有限公司,91130682MA0E53JE0N,235
10555,海南黎墅康旅投资有限公司,91460000MA5U1ARF0C,235
10556,海南黎色贸易有限公司,91460000MAE8CL5C22,235
10557,海南黎母山沉香庄园开发有限公司,91460200MABTLBYD0X,235
10558,海南黎家乡情文化发展有限公司,91460000MA5T9A4JXD,235
10559,海南黎歌乡旅投资有限公司,91460000MA5THQF52X,235
10560,海南骊驰咨询有限公司,91460000MAE1GYE7XQ,235
10561,海南离离生态科技有限公司,91460106MA5TY9XU8T,235
10562,海南离岸创新创业基地有限公司,91460200MA5T4JK38F,235
10563,海南类脑人工智能科技有限公司,91460000MAD097UMXU,235
10564,海南蕾曼霞酒店管理有限公司,91460200MA5T27GT1H,235
10565,海南磊顺实业有限公司,91460200MA5T1Y748U,235
10566,海南雷影信息技术有限公司,91460000MA5TUQ9UXK,235
10567,海南雷迅物业管理有限公司,91460000MAA97F3H0L,235
10568,海南雷霆建材贸易有限责任公司,91460000MAEBRA1K76,235
10569,海南雷琼投资有限公司,91460000MAEWYH7B88,235
10570,海南雷合行投资合伙企业（有限合伙）,91469005MACYN65N1M,235
10571,海南雷盾科创合伙企业（有限合伙）,91469026MAA90DRD7K,235
10572,海南樂财国际贸易有限公司,91460000MAD9UHRW2Y,235
10573,海南乐智源生态科技有限公司,91460000MACJ8UQT4K,235
10574,海南乐运实业投资集团有限公司三亚第一分公司,91460000MAA94GD527,236
10575,海南乐运实业投资集团有限公司,91460108MAA93LKN2Q,236
10576,海南乐羽置业有限公司,91469025MA5TY39X3B,236
10577,海南乐印天华科技有限公司,91460000MA5TWFM75F,236
10578,海南乐意居电子有限公司,91460000MABNFMGNXE,236
10579,海南乐薇国际贸易有限公司,91460000MADK9FNB5M,236
10580,海南乐唐盛轩实业有限公司,91460000MABU4AQT61,236
10581,海南乐事建筑工程有限公司,91469033MA5TW0EY49,236
10582,海南乐美优品科技有限公司,91460000MAE5W5WP3T,236
10583,海南乐美居房地产经纪有限公司,91460105MAD5401F6U,236
10584,海南乐满地贸易有限公司,91460000MA5TKPN065,236
10585,海南乐玛科技有限公司,91460000MACYA64Q96,236
10586,海南乐可科技有限公司,91460000MAD5BFBA8T,236
10587,海南乐科种业科技有限公司,91460400MA5TKP026Y,236
10588,海南乐杰干细胞医院有限公司,91460106MAA98DDEX9,236
10589,海南乐锴农业生态发展有限公司,91460000MAC36PTX78,236
10590,海南乐亨生活汽车租赁有限公司,91460200MA5RJ8UA9Q,236
10591,海南乐还童健康科技有限公司,91460000MADBJB8F8P,236
10592,海南乐果源果业有限公司,91460000MAD838JL97,236
10593,海南乐谷种业科技有限公司,91460000MA5U0K905T,236
10594,海南乐够汪科技有限公司,91460000MAE9FNH54D,236
10595,海南乐恩文化传媒有限公司,91460000MADAELT91H,236
10596,海南乐创互动科技有限公司,91460000MAA90Q8C30,236
10597,海南乐灿灿科技亭（个人独资）,91460000MABW9JAF30,236
10598,海南老虎牛科技有限公司,91460200MA5T3CKRX4,236
10599,海南老故事投资有限公司,91460000MADE0DXRX5,236
10600,海南劳雷科技有限公司,91110105625909548L,236
10601,海南劳雷海洋仪器有限公司,91460200MADY9B8YXX,236
10602,海南浪讯传媒科技有限公司,91460200MAA8YLGT42,236
10603,海南浪芯未来科技有限公司,91460000MAEL76GH78,236
10604,海南浪淘沙信息咨询服务有限公司,91460100MA5TXE7B5R,236
10605,海南浪极科技有限公司,91460000MACABBC209,236
10606,海南朗悦天企业管理咨询有限公司,91460200MA5REQM596,236
10607,海南朗元国际贸易有限责任公司,91460106MAA9A034XP,236
10608,海南朗忆咨询服务有限公司,91460000MACJ3G7T89,236
10609,海南朗忆崖海商业运营管理有限公司,91460000MAELCC7P9K,236
10610,海南朗研光电有限公司,91460106MAA9AQYC36,236
10611,海南朗曦科技有限公司,91460000MAETJCQC9N,236
10612,海南朗天阅海科技有限公司,91460000MADQT23K05,236
10613,海南朗润集团有限公司,91460108MAA90Q960Y,236
10614,海南朗坤物联网有限公司,91469027589258425R,236
10615,海南朗坤实业有限公司,91460000MACEQJY605,236
10616,海南朗坤汇融投资有限公司,91460000MAEBY165XX,236
10617,海南郎中道农业科技有限公司,91460000MAC7Q4E15D,236
10618,海南郎翰海洋科技有限公司,91460000MAA98G8Q4K,236
10619,海南榔兆沣农业有限公司,91460000MAEXX7HK3C,237
10620,海南榔歌贸易有限公司,91460000MAED4P733U,237
10621,海南蓝臻生物科技有限公司,91460106MAA980RK21,237
10622,海南蓝泽智谷运营有限公司,91460000MAC48C9U1M,237
10623,海南蓝泽珺为投资合伙企业（有限合伙）,91460000MADADATM21,237
10624,海南蓝瑜书升商务服务有限公司,91460000MACTJATD72,237
10625,海南蓝于蓝科技有限公司,91460000MAE8F8M97R,237
10626,海南蓝鑫凯投资有限公司,91460106MAD8XCDF6E,237
10627,海南蓝啸投资发展有限公司,91469025MAC5LBR0XA,237
10628,海南蓝溪数据科技有限公司,91460000MAE85AX55X,237
10629,海南蓝微鑫科技有限公司,91460204MACH771T5D,237
10630,海南蓝湾生态科技有限公司,91460000MACWRXP8XL,237
10631,海南蓝图城市规划设计有限公司,91110114MA01T5ND2G,237
10632,海南蓝思诺科技有限公司,91460000MA5TKP536P,237
10633,海南蓝数科技有限公司,91460000MAD5H3HY2N,237
10634,海南蓝杉环保科技有限公司,91460000MA5TMYWGX1,237
10635,海南蓝色粮仓渔业科技有限公司,91460000MADYTN4D41,237
10636,海南蓝色港湾海洋服务有限公司,91460000MA5TDQC19F,237
10637,海南蓝阙科技有限公司,91460000MAEA0HMU32,237
10638,海南蓝琉璃文化传播有限公司,91460000MAE6KXTE6R,237
10639,海南蓝粮科技有限公司,91460000MA5TP93X2L,237
10640,海南蓝阔能源科技有限公司,91460000MAD74K8X4W,237
10641,海南蓝科海洋科技有限公司,91460106MAD3F6W212,237
10642,海南蓝金生物科技有限公司,91460000MACQ19QR99,237
10643,海南蓝豪商贸有限公司,91460000MACQNBT29X,237
10644,海南蓝海新农农业集团有限公司,91460000MA5TL4R18U,237
10645,海南蓝盾海洋科技有限公司,91469002MADE9E9K10,237
10646,海南蓝邦创智投资合伙企业（有限合伙）,91469031MAC3FY4F48,237
10647,海南澜祥石化有限公司,91460000MA5TWX6T2R,237
10648,海南澜鲲非融资性担保有限公司三亚分公司,91460000MAEQMUAYX6,237
10649,海南澜皓游艇码头工程有限公司,91460000MA5TU48K1E,237
10650,海南澜海博奥旅行社有限公司,91460000MA5TDEFX7Y,237
10651,海南澜宸国际旅游有限公司,91460000MAEE685E6T,237
10652,海南澜博规划咨询有限公司,91220105MA1411EP4W,237
10653,海南岚星进出口贸易有限公司,91460000MADHMXF1XT,237
10654,海南兰祉轩贸易有限公司,91460106MADWY6X950,237
10655,海南兰之缘家具制造有限公司,91460200MA5RH3FA9Q,237
10656,海南兰雪投资合伙企业（有限合伙）,91460202MAD66LJ66F,237
10657,海南兰克科技有限公司,91460000MAD8FTWA45,237
10658,海南兰顿科技有限公司,91460000MA5U1LAA1D,237
10659,海南兰德南繁劳务服务有限公司,91460000MA5TD2JH93,237
10660,海南兰岸科技开发有限公司,91460200557376072N,237
10661,海南莱时建筑劳务有限公司,91460200MA5T59426R,237
10662,海南莱瑞康医疗科技有限公司,91460100MACW1L537F,237
10663,海南莱肯企业管理合伙企业（有限合伙）,91460000MA7K8PUU6J,237
10664,海南莱航科技有限公司,91460000MACFGYYT6P,238
10665,海南莱恩特文化传媒有限公司,91460000MADM6XM2X4,238
10666,海南莱德投资有限公司,91469034MADMFUPH2A,238
10667,海南莱创科技有限公司,91460000MAE8FCKT93,238
10668,海南莱辰实业有限公司,91460106MAA8YAJL8W,238
10669,海南莱昂科技发展有限公司,91460000MAEJB4YE1D,238
10670,海南来者实业有限公司,91460200MA5RC1K307,238
10671,海南来英电子科技有限公司,91460000MAC7W1WA8Q,238
10672,海南来亚新能源有限公司,91469030MA5TA06Q8B,238
10673,海南来画科技文化有限公司,91469027MA5RGU5R2Q,238
10674,海南来贝网络科技有限公司,91469002MA5TW83J38,238
10675,海南徕德控股集团有限公司,91460000MACJNK1TX1,238
10676,海南拉索生物科技有限公司,91460000MAENKUEE8N,238
10677,海南拉姆科技有限公司,91460000MA7GRJF5XN,238
10678,海南阔顷农业科技有限公司,91460000MAA95MHE36,238
10679,海南阔景网络科技有限公司,91460000MACPUTFT7J,238
10680,海南鲲祐投资有限公司,91460000MAK1EGRG7N,238
10681,海南鲲信油料作物研究中心有限责任公司,91460200MA5TA00W9W,238
10682,海南鲲信油料种业合伙企业（有限合伙）,91469006MAA8YKC17F,238
10683,海南鲲腾科技服务有限公司,91460000MA5TUG4G6T,238
10684,海南鲲鲤科技发展合伙企业（有限合伙）,91469006MAA96A986A,238
10685,海南鲲华实业有限公司,91460000MAA97NHG3Y,238
10686,海南鲲帆科技有限公司,91460000MAD810HG2E,238
10687,海南琨城物流有限公司,91460200MADN1XUB8L,238
10688,海南昆升贸易有限公司,91460000MAA90LWY24,238
10689,海南昆朋知识产权有限公司,91460000MA5TGKY35E,238
10690,海南坤玉生物科技有限公司,91460000MACB7QYB4N,238
10691,海南坤煜朗科技有限责任公司,91460000MACUD2W9XF,238
10692,海南坤亚石油化工有限公司,91460000MA5TXGX06P,238
10693,海南坤翔家装设计工程有限公司,91460000MAEGNX3K5A,238
10694,海南坤尚科技有限公司,91460108MAA9ACG295,238
10695,海南坤睿教育科技有限公司,91460000MAK0JWBC2N,238
10696,海南坤岚建筑工程有限公司,91460000MA5U17WA3U,238
10697,海南坤玖科技有限公司,91460108MAD2HP1F2X,238
10698,海南坤江企业管理咨询有限公司,91460000MAA969BA2X,238
10699,海南坤珲景元科技有限公司,91460000MADD84MN5L,238
10700,海南坤航科技合伙企业（有限合伙）,91460203MA5TUW847L,238
10701,海南坤艮农业有限公司,91460000MA5TKTXG1K,238
10702,海南坤澳国际贸易有限公司,91460000MAA90QCA2H,238
10703,海南坤安储能科技有限公司,91460000MAEPN3FP95,238
10704,海南魁盛居投资有限公司,91460000MAK1BB7Q1T,238
10705,海南葵麟旅游发展有限公司,91460000MABQ00JR2J,238
10706,海南贶彧投资控股有限公司,91460108MADJ743R7M,238
10707,海南宽德科技有限公司,91460000MAK036G679,238
10708,海南跨洋国际教育有限公司,91460000MADB17LRXN,238
10709,海南跨境数贸科技有限公司,91460000MA5TW8NL76,239
10710,海南酷猪生物科技有限公司,91460000MACM8ANW8K,239
10711,海南酷珍控芒农业发展有限公司,91469026MADNJM9TXK,239
10712,海南空指针信息技术有限公司,91460000MA7J4W989L,239
10713,海南空灵实业有限公司,91460000MA5TX3529W,239
10714,海南空间投资有限公司,91460200MADN1XHQ89,239
10715,海南空间美学智慧家居科技合伙企业（有限合伙）,91469027MABMMRGX2E,239
10716,海南空滴科技有限公司,91460000MAK2MU4530,239
10717,海南控网海洋科技有限公司,91460000MAEDLG3H0K,239
10718,海南垦为农业有限公司,91469028MA5TFBRD2K,239
10719,海南客舍青青酒店管理有限公司,91460000MACQD061X4,239
10720,海南刻瑞夫贸易有限公司,91460000MABN3HPXXK,239
10721,海南刻雷梦特科技有限公司,91460200MA5RGA7F2M,239
10722,海南克万亚建筑工程有限公司,91460106MAA9AAUJ10,239
10723,海南可信大数据服务有限公司,91460000MAETKLFM0J,239
10724,海南可为投资合伙企业（有限合伙）,91469033MA5U1HWM9B,239
10725,海南可米可文化传媒有限公司,91460000MACBPC4P81,239
10726,海南可立克魔科技有限公司,91460000MAEC99MT45,239
10727,海南可基德酒店管理有限公司,91460200MA5RJATQ90,239
10728,海南壳木软件有限责任公司,91460000MA5TTC8E94,239
10729,海南科知通科技发展有限公司,91460000MAA98D3R2C,239
10730,海南科跃商务服务有限公司,91460107MAA9A4C64T,239
10731,海南科源肽水产南繁渔业科技有限责任公司,91460000MA5TJYKF9P,239
10732,海南科源农业科技有限公司,91460000MAA97WQ8XA,239
10733,海南科御国际贸易有限公司,91460000MAETE89C20,239
10734,海南科因科技合伙企业（有限合伙）,91469005MABQ2RF868,239
10735,海南科耀科技有限公司,91460000MAE8U2316R,239
10736,海南科耀达检测鉴定有限公司,91460000MACPD7X527,239
10737,海南科亚康管理咨询有限公司,91460000MA5TKQKH96,239
10738,海南科讯智安科技有限公司,91460000MAE5D8GYX0,239
10739,海南科新信息科技有限公司,91460000MA5U2CK47T,239
10740,海南科先科技贸易有限公司,91460000MADMHYA42G,239
10741,海南科维他科技有限责任公司,91460000MAEEK2NX64,239
10742,海南科天康格科技有限公司,91460200MA5RH8AM9U,239
10743,海南科泰克贸易有限公司,91460106MAA9A9K345,239
10744,海南科拓新型防水防腐蚀涂料有限公司,91460000MACYTCPW1L,239
10745,海南科瑞智造科技有限公司,91460000MAEQUYU54K,239
10746,海南科瑞油服科技有限公司,91460000MAC2LW141U,239
10747,海南科瑞投资控股有限公司,91460000MACUY4WT3J,239
10748,海南科瑞斯新型建筑材料有限公司,91460000MAEAL18T7T,239
10749,海南科融投资有限公司,91469028MADQ73KX89,239
10750,海南科启贸易有限公司,91460000MA5TWLCK4R,239
10751,海南科农融丰种业科技有限公司,91460000MAE55EX96A,239
10752,海南科尼易购国际贸易有限公司,91460000MADFMRA1XC,239
10753,海南科纳国际游艇有限公司,91460000MAEJHQA74W,239
10754,海南科曼汽车销售服务有限公司,91460000MA5T9N2Y5T,240
10755,海南科劳德科技发展有限公司三亚分公司,91460200MA5TAE9M28,240
10756,海南科莱信息科技有限公司,91460000MAC4XD7C0H,240
10757,海南科莱美植物能源科技有限公司,91460200MADQNGP37C,240
10758,海南科稷投资控股有限公司,91460000MAG05W5Y0R,240
10759,海南科技工作者之家科技有限责任公司,91460204MACRH0YF56,240
10760,海南科慧医疗科技有限公司,91460000MAA8YU229H,240
10761,海南科辉特贸易有限公司,91460000MAG1J82L7T,240
10762,海南科寰半导体有限公司,91460106MADPBQJC3G,240
10763,海南科弘信息科技有限公司,91460000MAC68KWU19,240
10764,海南科管科技服务有限公司,91460000MAEN581D5W,240
10765,海南科辅农农业网络科技有限公司,91460000MA5T9FR04Q,240
10766,海南科恩伯格生物科技开发有限公司,91460000MAK16D0M2T,240
10767,海南科诚教育科技有限公司,91460107MAA9AAJ068,240
10768,海南科城晟达贸易有限公司,91460000MAC76AMQ86,240
10769,海南科城标杆科技有限公司,91460000MAD0UADK8A,240
10770,海南科畅国际贸易有限公司,91460200MA5T4CT013,240
10771,海南柯宇科技有限公司,91460000MAC3MUC93Q,240
10772,海南柯普种业有限公司,91460107MADEXYCB28,240
10773,海南柯林科技有限公司,91460000MAC9G7HX1U,240
10774,海南柯莱特科技有限公司,91460106MAA983L33W,240
10775,海南柯浩国际贸易有限公司,91460000MAEUKGA65U,240
10776,海南康至合投资有限公司,91460000MAD7F85L48,240
10777,海南康植肽生物科技有限公司,91460100MAA94JMU2Y,240
10778,海南康之湛科技有限公司,91460107MAA9A8XA13,240
10779,海南康妍科技有限公司,91460000MAEXEX2798,240
10780,海南康新能源设备有限公司,914406065974265212,240
10781,海南康希诺医疗器械有限公司,91460000MACTKWN67X,240
10782,海南康洧投资有限公司,91460000MAK1FP2M7K,240
10783,海南康胜文旅科技有限公司,91469025MA5TUYA88N,240
10784,海南康睿互联网商务有限责任公司,91460000MABTTTM19T,240
10785,海南康普瑞医院管理有限公司,91460100MA5TL8K9X5,240
10786,海南康年酒店管理有限公司,914600006200261995,240
10787,海南康隆融信投资合伙企业（有限合伙）,91469006MAD9QU993T,240
10788,海南康麟贸易有限公司,91460108MADPNBTDXK,240
10789,海南康力达纹酒店管理有限公司,91460200MA5RJCDC85,240
10790,海南康来国际健康管理有限公司,91469036MA5T9C8C3G,240
10791,海南康洁健美医药有限公司,91460204MAD03YRK50,240
10792,海南康晖健康医学科技有限公司,91460000MAK31C8B5E,240
10793,海南康华新材料有限公司,91460108MAA92AG2XN,240
10794,海南康合生物科技有限公司,91460000MACP8TX553,240
10795,海南康高企业管理咨询有限公司,91460000MACK72TJ0G,240
10796,海南康达塑料包装制品有限公司,91469001MAD6EX4C6U,240
10797,海南康达必欣医疗科技有限公司,91460000MAA99A8A2B,240
10798,海南康波供应链管理有限公司,91460000MAD6KY614M,240
10799,海南凯正科技有限公司,91460108MADKLN4CXB,241
10800,海南凯韵农资与农业技术服务有限公司,91460000MADE7Q3444,241
10801,海南凯越农业科技发展有限公司,91460000MACH803Y5X,241
10802,海南凯旋数字科技股权投资基金合伙企业（有限合伙）,91460000MAA994EG3B,241
10803,海南凯旋机会五号企业管理合伙企业（有限合伙）,91469005MACATRGNXF,241
10804,海南凯旋恒业企业管理有限公司,91460000MA5TQ6KT5P,241
10805,海南凯旋创业投资合伙企业（有限合伙）,91469033MA5U2B5P0B,241
10806,海南凯旋阿尔法企业管理合伙企业（有限合伙）,91469031MA5TQF0G62,241
10807,海南凯信企业管理咨询服务有限公司,91460000MA5U2WTN4F,241
10808,海南凯同投资控股有限公司,91460108MAA9A12J9N,241
10809,海南凯诗美柯贸易有限公司,91460000MA5U1FCU16,241
10810,海南凯尚弘翔科技有限公司,91230607MA1C0M6R99,241
10811,海南凯瑞康国际贸易有限公司,91460200MADMR3JM74,241
10812,海南凯普顿数字技术有限公司,91460000MACM27BT6Q,241
10813,海南凯铭物业管理服务有限公司,91460200090538380B,241
10814,海南凯铭旅行社有限公司,91460000MA5T87WN78,241
10815,海南凯明信息科技有限公司,91460108MADQFG7983,241
10816,海南凯迈新能源有限公司,91460000MAEMGR6M1J,241
10817,海南凯琳食品科技合伙企业（有限合伙）,91210422MA106L6L9G,241
10818,海南凯慧企业管理服务合伙企业（有限合伙）,91370783MA3RE0YMXC,241
10819,海南凯宏企业管理中心（有限合伙）,91360825MA394CCF4K,241
10820,海南凯宏宝企业管理中心（有限合伙）,91460000MAE817709K,241
10821,海南凯福鑫农业科技有限公司,91460000MADFWN5547,241
10822,海南凯德实业有限公司,91469025MA5TWWMQ7U,241
10823,海南凯晟国际贸易有限公司,91460000MACPQQWM8L,241
10824,海南凯成化工有限公司,91460000MA5U0E8F5G,241
10825,海南凯畅利科技发展有限公司,91460000MAERH83J65,241
10826,海南凯贝顺酒店管理有限公司,91460200MA5T2ED207,241
10827,海南凯霸农业发展有限公司,91460200MA5T58DA6X,241
10828,海南凯安禾建筑装饰工程有限公司,91460000MAEJ2N7837,241
10829,海南开胤贸易有限公司,91460000MA5TXQMN1B,241
10830,海南开轩供应链管理有限公司,91460000MAERWM4N5Y,241
10831,海南开煦资源回收有限公司,91460105MAA9AF9Q9E,241
10832,海南开利能源环保科技有限公司,91469027MA5T5TCH4L,241
10833,海南开鸿数字产业发展有限公司,91460000MAEE08WG1H,241
10834,海南开纯投资发展有限公司,91460000MAC53QD54H,241
10835,海南开纯生物洁净技术有限公司,91460000MAC4TUY332,241
10836,海南开盛置业有限公司,91460000MACG1GJU97,241
10837,海南卡温启科技有限公司,91460100MA5T6LXK6B,241
10838,海南卡贝鲁酒店管理有限公司,91460200MA5RJ7H01M,241
10839,海南喀斯玛科技有限公司,91460000MACRRH2G0D,241
10840,海南骏业投资合伙企业（有限合伙）,91469005MACFL6TM8B,241
10841,海南骏阳物业管理有限公司,91460000MA5TEE1F6M,241
10842,海南骏祥建筑工程有限公司,91460105MAA9A56J5J,241
10843,海南骏玛科技有限公司,91460000MAA96UC71F,241
10844,海南骏杰企业管理有限公司,91460000MAA90LGF5R,242
10845,海南骏合投资有限公司,91460107MAA9ADE02T,242
10846,海南郡享科技有限公司,91460000MAD6U05J70,242
10847,海南竣荞农业科技有限公司,91460000MA5TAPJ22E,242
10848,海南竣鸿兴信息咨询有限责任公司,91460000MA5TY6RQ9J,242
10849,海南珺麒网络科技有限公司,91410105MA44G3RW78,242
10850,海南珺蕾餐饮管理有限公司,91460000MADGR6JT7P,242
10851,海南浚笠泓远土石方工程有限公司,91460200MA5T2G9G5W,242
10852,海南峻轩食品科技管理有限公司,91460000MADYQ2J0XG,242
10853,海南峻睿黄金科技有限公司,91460000MAE5KG4563,242
10854,海南峻盟科技有限公司,91460000MAEXA4323J,242
10855,海南峻伽宸五金机电有限公司,91460000MACJK8592U,242
10856,海南俊元肖房地产有限公司,91460000MABP63JM1W,242
10857,海南俊码数据研究院有限公司,91460000MABW71Y89J,242
10858,海南俊丽建筑装饰工程有限公司,91460200MA5T2XR130,242
10859,海南俊峰科技有限公司,91460000MA7H0J1B3X,242
10860,海南钧诺网络科技有限公司,91460000MA5TL5L63C,242
10861,海南筠霖旅游服务有限公司,91460000MA5U0CKH29,242
10862,海南君梓文化传媒有限公司,91460000MAA96AR64N,242
10863,海南君资咨询管理有限公司,91460000MAA98AA67A,242
10864,海南君洲国贸易有限公司,91460204MACUQ0446M,242
10865,海南君正合投资合伙企业（普通合伙）,91460000MAE6PLG112,242
10866,海南君悦旅游服务有限公司,9146000028404483XD,242
10867,海南君瑗投资有限公司,91460108MADERUE527,242
10868,海南君元商贸有限公司,91460000MA5TKX1N60,242
10869,海南君逸科技有限公司,91460000MAE71Y6D16,242
10870,海南君尧投资股份有限公司,91460000MAERQEGH8M,242
10871,海南君兴企业管理有限责任公司,91460000MABNX14T3R,242
10872,海南君信信息科技有限公司,91469036MADWQ5H46W,242
10873,海南君仕林科技有限公司,91460100MA5T46CT47,242
10874,海南君石科技有限公司,91460000MA7LL4CW28,242
10875,海南君珑投资合伙企业（有限合伙）,91469026MADN32003P,242
10876,海南君联置业有限公司,91460000MA5TN1A20Q,242
10877,海南君朗网络科技有限公司,91460000MACCUHGP6L,242
10878,海南君珏投资有限公司,91460000MABQANK21R,242
10879,海南君弘置业有限公司,91460000MABPGGGU8Q,242
10880,海南君和海技术管理有限公司,91460000MAEAXFC76M,242
10881,海南君芳国际贸易有限公司,91460000MACDHY3646,242
10882,海南君达盛贸易有限公司,91460000MAEXW1DD9Y,242
10883,海南君盛建筑工程有限公司,91460100MA5THGMY7L,242
10884,海南君策科技有限公司,91460000MA5TLPF27A,242
10885,海南君搏科技咨询服务有限公司,91460000MACKYXXG3X,242
10886,海南军园民宿管理有限公司,91460000MAEL43T57P,242
10887,海南军博文旅产业发展有限公司,91460000MAE367787F,242
10888,海南觉醒纪影视传媒有限公司,91460000MA5THC366G,242
10889,海南卷积科技有限公司,91460000MA5TULUQ7M,243
10890,海南钜懿化工材料有限公司,91460300MAC0HDT01C,243
10891,海南钜宸科技有限公司,91610132MAB0W1NM0A,243
10892,海南聚正信息产业有限公司,91460000MAE1LCQ653,243
10893,海南聚藻生物技术有限公司,91460000MA5TWHBN18,243
10894,海南聚在壹起教育咨询服务有限责任公司,91460000MACG5EDNX4,243
10895,海南聚源似锦投资有限公司,91469025MAA94RNC3C,243
10896,海南聚源立本投资有限责任公司,91460000MA5TL8JP4B,243
10897,海南聚原咨询管理有限公司,91460000MAA98EX72L,243
10898,海南聚盈化工有限公司,91460000MABRX4EG2J,243
10899,海南聚溢投资有限公司,91460000MA5TYUC57N,243
10900,海南聚亿鑫建筑工程有限公司,91460000MACCKLFQ4H,243
10901,海南聚亿丰贸易有限公司,91460000MAG1CFWM7K,243
10902,海南聚耀腾实业投资股份有限公司,91460000MA5T84DJ53,243
10903,海南聚阳商贸有限公司,91460000MAD8JP923F,243
10904,海南聚焱投资合伙企业（有限合伙）,91469031MAC6D4QCXG,243
10905,海南聚迅通科技有限公司,91460000MADJ0FC3XN,243
10906,海南聚享科技有限公司,91460000MAE593645Y,243
10907,海南聚拓投资有限公司,91460000MAE0EDTW0U,243
10908,海南聚粟科技有限公司,91460000MACGXLEK3B,243
10909,海南聚术海洋科技有限公司,91460000MADJKMBP1D,243
10910,海南聚仁贸易有限公司,91460000MAEG225W77,243
10911,海南聚全安装工程有限公司,91460000MADY11GE63,243
10912,海南聚龙升网络科技有限公司,91460000MAEJ9UD116,243
10913,海南聚灵石化有限公司,91460000MA5TXEFF9J,243
10914,海南聚链化工有限公司,91460106MAA91H6U9P,243
10915,海南聚汇房房产营销策划有限公司,91469001MA5TLLALXW,243
10916,海南聚弘通新能源科技有限公司,91460200397983526D,243
10917,海南聚禾生物科技有限公司,91460000MABMGNAN9T,243
10918,海南聚和美房地产营销策划有限公司,91460000MADAGLC860,243
10919,海南聚航海洋科技有限公司,91460000MA5TY8H24D,243
10920,海南聚海信息科技有限公司,91460000MACFAK212L,243
10921,海南聚电科技有限公司,91460000MA5TKRQQ3E,243
10922,海南聚萃轩健康养生管理有限公司,91460000MACYD0EXXX,243
10923,海南聚盛金园林装饰工程有限公司,91460200MA5RCGY49Y,243
10924,海南聚成置业有限公司,91469002MACLB6N43F,243
10925,海南聚车堡进出口贸易有限公司,91460000MA5U2GQL5E,243
10926,海南巨元机械设备租赁有限公司,91460000MAER3XEG3K,243
10927,海南巨鹰科技有限公司,91460000MAE6WDX400,243
10928,海南巨腾国际贸易有限公司,91460000MAA96WFF10,243
10929,海南巨圣新能源科技有限公司,91460000MACC0H0W84,243
10930,海南巨森农业有限公司,91460000MA5TFMR22E,243
10931,海南巨启实业有限公司,91460000MAA95UCN7R,243
10932,海南巨牛新能源科技有限公司,91460000MAD9Q3D79E,243
10933,海南巨能创新投资有限公司,91460000MAG0TH49XB,243
10934,海南巨麦石油化工有限公司,91460000MA5TUMD84K,244
10935,海南巨联翔通科技有限公司,91460000MADEJR8Q4H,244
10936,海南巨景园林工程有限公司,9146020057308714XF,244
10937,海南巨海科技有限公司,91460000MAC0NKTT0N,244
10938,海南巨大的数据技术有限公司,91460000MAE5CRXR7K,244
10939,海南巨齿鲨科技有限公司,91149900MA0KFJYL7P,244
10940,海南巨盛石油化工有限公司,91460000MA5U2QRA90,244
10941,海南巨呈实业有限公司,91460000MACJ9H5B3L,244
10942,海南举胜石油化工有限公司,91460000MA5U2JNY0C,244
10943,海南鞠氏农业科技有限公司,91460000MACKTF0M6K,244
10944,海南居瑞房地产经纪有限公司,91460000MABQE0Y117,244
10945,海南居尔美装饰工程有限公司,91460200MA5T4QMPXU,244
10946,海南玖之园酒店管理有限公司,91460000MAE6RNAB18,244
10947,海南玖蕴酒业有限公司,91460108MA5U2JLE4M,244
10948,海南玖源农业科技发展有限公司,91460000MACMC4UC4N,244
10949,海南玖亿科技合伙企业（有限合伙）,91460000MABW9JLR1W,244
10950,海南玖玺化工有限公司,91460107MAA8Y4AY04,244
10951,海南玖伍兄弟网络科技有限公司,91460200395970473R,244
10952,海南玖柒叁玖信息科技有限公司,91460000MA5TPY1M8B,244
10953,海南玖帆创意文化有限公司,91460000MACX5FY97U,244
10954,海南玖创投资有限公司,91460000MAA903D47Q,244
10955,海南九舳科技有限公司,91460000MAERF3RX93,244
10956,海南九舟科技有限公司,91460000MAD7UE5U6X,244
10957,海南九洲云投资有限公司,91460000MAA94AMN0L,244
10958,海南九洲盟胜商贸有限公司,91460200MA5RD2WX04,244
10959,海南九州云箭航天技术有限公司,91460108MAD9Q6381C,244
10960,海南九运通晟文化发展有限公司,91460000MADD5H8L9U,244
10961,海南九域投资有限公司,91460000MABTTA3H7B,244
10962,海南九佑农业科技有限公司,91469033MA5TURDP7J,244
10963,海南九曜项目工程管理有限公司,91460000MACX5FYJ9B,244
10964,海南九旭医药科技有限公司,91460000MABU3EM84C,244
10965,海南九圣禾农业科学研究院有限公司,91110108330348245Y,244
10966,海南九圣禾分子技术科技有限公司,91460200MA7F7XPG1L,244
10967,海南九如农业科技发展有限公司,91460000MAC8JFA98U,244
10968,海南九乾厚坤管理咨询合伙企业（有限合伙）,91460000MAE19B512C,244
10969,海南九龙硕融投资发展有限公司,91460000MAE76QUT03,244
10970,海南九粮源农业科技有限公司,91460000MAD9T3M21D,244
10971,海南九科农业科技发展有限公司,91460000MAE1PL5U4T,244
10972,海南九鲸医疗器械有限公司,91460000MA7LGDQP16,244
10973,海南九姐家政服务有限公司,91460000MAE9DDEM6J,244
10974,海南九甲农业有限公司,91460000MADGURYW01,244
10975,海南九甲科技有限公司,91460000MADADD1M2Q,244
10976,海南九华气体科技有限公司,91460000MACG4DUT9T,244
10977,海南九海投资有限公司,91460000MABTPFGK61,244
10978,海南九海农业开发有限公司,91460000MACHJCEL1R,244
10979,海南九谷新农业科技有限公司,91460000MA5TYPXN4J,245
10980,海南九福农业科技有限公司,91460106MAA9AMJM98,245
10981,海南九渡船务有限公司,91460000MACR3JP001,245
10982,海南九东科技有限公司,91460105MA5TTGW837,245
10983,海南九贝信息科技有限公司,9132011330250196XM,245
10984,海南久正医药科技有限公司,91460000MAE15PJ50U,245
10985,海南久湛信息科技有限公司,91469027MACEWBND9T,245
10986,海南久亿生物科技有限公司,91460000MA5TYELMXT,245
10987,海南久旭餐饮管理有限公司,91460000MA5U1Y3278,245
10988,海南久喜科技有限公司,91460000MAC741BU5N,245
10989,海南久瑞升投资有限公司,91460106MADBGAYCXP,245
10990,海南久华智林科技有限公司,91460000MAD8DA1D9B,245
10991,海南究研所生物科技有限公司,91460108MAA94E2145,245
10992,海南静月繁花科技有限公司,91460108MAA9A2F92Q,245
10993,海南静贤科技有限公司,91460106MAA9A7M58G,245
10994,海南静航防水有限公司,91460000MAA9302H1N,245
10995,海南靖拓实业发展有限责任公司,91460100MA5TUY893B,245
10996,海南靖瑞丝纺织品贸易有限公司,91460000MAA95MRD95,245
10997,海南靖怀国际贸易有限公司,91469007MA5TX3A127,245
10998,海南靓业婚纱摄影有限公司,91460200MA5T63G48J,245
10999,海南靓美种业科技有限公司,91460000MAE1PQ553X,245
11000,海南镜海实业有限公司崖州分公司,91460000MAEUT36637,245
11001,海南竞众衡能源科技有限公司,91460000MACXGC4X43,245
11002,海南竞博文化传媒有限责任公司,91460000MAEN0F6889,245
11003,海南敬繁琦五金机电有限公司,91460000MACGKQ9K4H,245
11004,海南敬爱和文旅发展有限公司,91460000MACPAEFL1F,245
11005,海南境安商贸有限责任公司,91460000MACKHL5H8G,245
11006,海南劲鑫智能科技有限公司,91460000MAC7M6K252,245
11007,海南劲脉生物科技有限公司,91460000MACR8FKJ0X,245
11008,海南劲和进出口有限公司,91460000MA5TQ58B9Y,245
11009,海南警视者科技开发有限公司,91460200090522928W,245
11010,海南璟阳科技有限公司,91460000MADE771Y5U,245
11011,海南璟煊工程有限责任公司,91460000MADYX9NE7T,245
11012,海南璟融投资有限公司,91460108MAA9AP7K4K,245
11013,海南璟宏物业管理有限公司,91460000MAC1LJ1R3W,245
11014,海南璟赫企业管理有限责任公司,91460108MAC8GG98XN,245
11015,海南璟飞实业有限公司,91460000MACAK9FX7B,245
11016,海南景之宏投资有限公司,91460000MAEA59FRXB,245
11017,海南景臻科技有限公司,91460000MA7K0RJY0G,245
11018,海南景秀旅游发展有限公司,91460000MAC0BD9J73,245
11019,海南景利建筑工程有限公司,91460000MADH9RC64P,245
11020,海南景蓝商业管理有限公司,91460000MAD7X80N7K,245
11021,海南景澜科技有限公司,91460000MAC6FMEQ81,245
11022,海南景客信息科技有限公司,91220104MA0Y3T9Q31,245
11023,海南景桦装饰工程设计有限公司,91460200MA5RF1UD2C,245
11024,海南景鸿芯域投资合伙企业（有限合伙）,91460000MAEMH3433K,246
11025,海南景鸿实业发展有限公司,91469031MADRXEH1XQ,246
11026,海南景鸿科技有限公司,91460108MADA9XDYX7,246
11027,海南景恒实业有限公司,91460100MA5RDA607K,246
11028,海南景赫投资有限公司,91460000MAD0QC2838,246
11029,海南景行建设工程有限公司,91460106MA5TUH7H60,246
11030,海南景福源农业科技发展有限公司,91460000MAA983DK1K,246
11031,海南景丰科技有限公司,91460000MAD6QTBN5L,246
11032,海南景创环保科技有限公司,91460105MAA9854D29,246
11033,海南憬析科技咨询服务有限公司,91460000MACMG6475F,246
11034,海南憬城智能新能源设备有限公司,91460000MAEWTCQN6T,246
11035,海南鲸跃设计技术有限公司,91460000MAK082L226,246
11036,海南鲸跃环保科技有限公司,91430102MA4QTE7F1F,246
11037,海南鲸禧数字贸易有限公司,91460000MAC3GA0KXX,246
11038,海南鲸头冠旅游服务有限责任公司,91460000MAD6JQG617,246
11039,海南鲸菱汐科技有限公司,91460000MADYMN7P3J,246
11040,海南荆邑贸易有限公司,91460000MA5TJ2UL4G,246
11041,海南经纬智盈科技有限公司,91460000MAEND2GD8X,246
11042,海南经济特区至臻仪和科技有限公司,91460000MAE3PR8Q9H,246
11043,海南经济特区永紫泰贸易有限公司,91460100MA5U2UHF7C,246
11044,海南经济特区巡洋石化有限公司,91460000MAD3GTAG40,246
11045,海南经济特区新伟力数字科技中心（有限合伙）,91460000MADFY1897D,246
11046,海南经济特区天亿丰贸易有限公司,91460100MA5TUQ1N1F,246
11047,海南经济特区天瑞宏达科技咨询有限公司,91460000MA5TPAJU2Y,246
11048,海南经济特区天慈生物科技有限公司,91460000MADGNG514U,246
11049,海南经济特区太平洋建设有限公司,91460000MA5TRCY68X,246
11050,海南经济特区随锐科技有限公司,91460108MA7FHP4Y8D,246
11051,海南经济特区十八度海投资有限公司,91460000MAC26NG75Q,246
11052,海南经济特区融宇工程设计咨询有限公司,91460108MACCA2JW2H,246
11053,海南经济特区苒乔文化科技有限公司,91460200MA5T6B6G4K,246
11054,海南经济特区强和富祥商贸有限公司,91460100MA5TFGHN4W,246
11055,海南经济特区瓢儿教育科技有限公司,91460106MAA99LG955,246
11056,海南经济特区龙运控股集团有限公司,912301106721350981,246
11057,海南经济特区龙零商贸有限公司,91460108MA5U1P7W3K,246
11058,海南经济特区瓴投宏图投资合伙企业（有限合伙）,91469033MA5TXTAT2U,246
11059,海南经济特区利辰科技有限公司,91460000MAA96MRB8P,246
11060,海南经济特区丽特海姿酒店管理有限责任公司,91460000MACJU3NP9A,246
11061,海南经济特区离岸贸易有限公司,91460000MA5TRNM61D,246
11062,海南经济特区家印生态科技有限公司,91460000MA7NBQ212K,246
11063,海南经济特区嘉农禾光投资有限公司,91460000MAC59CU65W,246
11064,海南经济特区嘉缦商贸有限责任公司,91460000MAE9TGMP7R,246
11065,海南经济特区集阔实业有限公司,91460000MABN9L987E,246
11066,海南经济特区华其隆进出口贸易有限公司,91469027MA5TH92C0C,246
11067,海南经济特区国康健康产业有限公司,91460106MA5U02D871,246
11068,海南经济特区高联融科技投资有限公司,91469007MA7H6WAY7C,246
11069,海南经济特区敦种作物种子研究院有限公司,91460000MA5TPBBRX0,247
11070,海南经济特区鼎焱贸易有限公司,91460106MA5TTBT48H,247
11071,海南经济特区鼎鑫科技发展有限公司,91460000MAEC7R0L75,247
11072,海南经济特区创客南海控股有限公司,91460000MAA99RXJ14,247
11073,海南经济特区百嘉贸易合伙企业（有限合伙）,91469034MA5TR0YD2K,247
11074,海南经济特区八爪鱼文化传播有限公司,91460400MA5TKTCB75,247
11075,海南经博科技有限公司,91460100MA5TK9CA4G,247
11076,海南精正至善科技有限公司,91460107MACLLAEX9Y,247
11077,海南精耘农业服务有限公司,91460000MAEW4K788A,247
11078,海南精原贸易有限公司,91460000MAA8YP137R,247
11079,海南精卫微碳环保科技有限公司,91460000MACEPW902E,247
11080,海南精东化工有限公司,91460000MA5TD8DF04,247
11081,海南精创志成石油化工有限公司,91460000MA5TWW0JXU,247
11082,海南精创项目管理有限公司,91460000MACB9Y8U7E,247
11083,海南精诚同晟投资有限公司,91460000MAA8Y0UU4N,247
11084,海南睛木投资有限公司,91460000MAEPRALJ96,247
11085,海南晶燃天然气有限公司,91460105MADNQJ4HXY,247
11086,海南晶亮保洁服务有限公司,91469025MAC3KMTW74,247
11087,海南晶桔科技服务有限公司,91460000MA5TTTWL5L,247
11088,海南晶湖农业有限公司,91460000MAK15TM942,247
11089,海南京尊沉香贸易有限公司,91460000MADWTUCE02,247
11090,海南京之东网络科技有限公司,91460000MA7MPN5Q3B,247
11091,海南京思信创智能科技有限公司,91460000MAG238TD7A,247
11092,海南京首福贸易集团有限公司,91460000MA7H73WD1W,247
11093,海南京青科技有限公司,91460000MA5TTYXR49,247
11094,海南京桥生物科技有限公司,91460000MAE83LUM4Q,247
11095,海南京木成森技术有限公司,91460000MAEP5C1K5J,247
11096,海南京伦石油天然气有限公司,91460000MA5TTHYP8B,247
11097,海南京连海方工贸有限公司,91460000MAD5UMQL60,247
11098,海南京凯俊程科技发展有限公司,91460100MA5TX9KH3R,247
11099,海南京玖恒业企业管理有限公司,91460107MACPB5RL92,247
11100,海南京津亚国际科技发展有限公司,91460204MACGB52G07,247
11101,海南京怀九辰国际商贸有限公司,91460100MAA9AR415X,247
11102,海南京沪运输有限公司,91460107MACU76DX37,247
11103,海南京泓科技有限公司,91460108MA5U1QK902,247
11104,海南京翰国际贸易有限公司,91460000MA5T82730K,247
11105,海南京海凤凰文化传媒有限公司,91460200MA5RDRED0A,247
11106,海南京惯达装饰工程有限公司,91460000MA5TWW0Y2L,247
11107,海南京舫池酒店管理有限公司,91460200MA5T54NL9P,247
11108,海南京地创新文化艺术发展有限公司,91110101MA04GGPU60,247
11109,海南京储科技发展中心（有限合伙）,91469005MADMN5Q99L,247
11110,海南京诚睿达咨询有限公司,91460000MAE2M99P0L,247
11111,海南京邦达供应链科技有限公司三亚崖城营业部,91460106MAA974F32W,247
11112,海南京邦达供应链科技有限公司三亚崖城集配站,91469002MADELDN506,247
11113,海南进宇实业有限公司,91460200MA5RH6XK3L,247
11114,海南进喜运输有限公司,91460000MACXQAM915,248
11115,海南进喜建筑工程有限公司,91460000MAEQGQ2D3A,248
11116,海南进同昌贸易有限公司,91460200MA5T54EH97,248
11117,海南进田农资有限公司,91460000MAC2HE7U19,248
11118,海南进来买贸易有限公司,91460000MABN7PCK4P,248
11119,海南进丰建筑劳务有限公司,91460000MAE6TG8513,248
11120,海南晋寅科技有限公司,91149900MA0MULX83R,248
11121,海南晋泰彦宇投资有限公司,91460107MADPGWBH7C,248
11122,海南晋瑞租赁有限公司,91460000MAC7A0TK84,248
11123,海南晋美文娱有限公司,91460000MA5TYLHC15,248
11124,海南晋鲁豫能源有限公司,91460000MA5TG04G62,248
11125,海南晋鸿圆投资合伙企业（有限合伙）,91460107MAA97N1A25,248
11126,海南晋禾凯农业科技有限公司,91460000MACTPN7X9A,248
11127,海南晋铖商贸有限公司,91460000MAG0U9901M,248
11128,海南锦玉晓舍投资有限公司,91460000MAEBT70Y81,248
11129,海南锦宇美创文化传播有限公司,91460000MACWDU385D,248
11130,海南锦艺劳务服务有限公司,91460000MACJ6KDE03,248
11131,海南锦亿瑞源能源有限公司,91460000MACMBQWH24,248
11132,海南锦颐石油科技有限公司,91460000MA5U2GP4XJ,248
11133,海南锦延科技有限公司,91460000MAA90MC93X,248
11134,海南锦轩科技有限公司,91460108MACMFXRK6D,248
11135,海南锦轩建筑工程有限公司,91460000MAC9UW1X47,248
11136,海南锦泰恒盈投资中心（有限合伙）,91469006MAA98M8WXF,248
11137,海南锦珊文旅科技有限责任公司,91460000MAEPU14G8L,248
11138,海南锦色秀华科技合伙企业（有限合伙）,91460400MA5TPJAW6D,248
11139,海南锦色春蕾农业科技有限公司,91460000MA5TQKFB4C,248
11140,海南锦林数字科技有限公司,91460107MADEC34H17,248
11141,海南锦郎企业管理有限公司,91460000MABTLP321Q,248
11142,海南锦汇能源有限公司,91460000MAA92YN11Q,248
11143,海南锦汇餐饮服务有限公司,91460000MA5TT34G52,248
11144,海南锦宏源石油化工贸易有限公司,91460000MAA92JY7XC,248
11145,海南锦和融汇健康管理有限公司,91460000MACT2W7N6J,248
11146,海南锦豪鑫贸易有限责任公司,91460000MACJM03D17,248
11147,海南锦海科技有限公司,91460000MA5U04MX4D,248
11148,海南锦富房地产有限公司,91460000MACC1XG58M,248
11149,海南锦枫科技有限公司,91460000MACR6WWM78,248
11150,海南锦诚能源有限公司,91460108MACM0ET79F,248
11151,海南锦程商汇企业管理咨询合伙企业（有限合伙）,91460000MAEC0X3F5H,248
11152,海南锦盛致远文化传播有限公司,91460000MAEENYKF3W,248
11153,海南锦盛文化投资合伙企业（有限合伙）,91460400MACCPPN19A,248
11154,海南锦盛科技有限公司,91110105MA02MCTQ9M,248
11155,海南锦澳海洋科技有限公司,91460000MA5TKCLU3W,248
11156,海南谨天科技有限责任公司,91460000MA5U2A6F2E,248
11157,海南瑾亚科技有限公司,91460000MAE740MM0Y,248
11158,海南瑾洁贸易有限公司,91469002MA5TYNXJ6R,248
11159,海南瑾洁建筑工程有限公司,91460200MA5T3PL358,249
11160,海南瑾程国际贸易有限公司,91469005MA5TN4JH9Y,249
11161,海南瑾晨光伏科技有限公司,91460000MADP952172,249
11162,海南金棕榈南繁育种科技发展有限公司,91460000MAA8YA1F4Y,249
11163,海南金种科技有限公司,91460000MACE0X0T91,249
11164,海南金植能源有限公司,91460000MAC0T8E598,249
11165,海南金之声电子商务有限公司,91460000MA5TNUJE5X,249
11166,海南金朝建筑工程有限公司,91469002MA5TW0QU8E,249
11167,海南金悦祥现代服务有限公司,91460000MACY9YUR3W,249
11168,海南金悦来商贸有限公司,91460000MAC72QDK3A,249
11169,海南金悦安数字科技有限公司,91460107MAA9498C9F,249
11170,海南金源广金科技有限公司,91460108MACDRDW58B,249
11171,海南金裕丰农业科技开发有限公司,91469027MADKD7252D,249
11172,海南金裕达进出口贸易有限公司,91460000MAC66FXAXP,249
11173,海南金雨桐咨询服务有限公司,91460000MAC7KWNAX5,249
11174,海南金雨科技有限公司,91460000MA5TXAMR06,249
11175,海南金禹普惠节能科技有限公司,91460200MA5RJ3HN98,249
11176,海南金译贸易有限公司,91460000MA7K4E6818,249
11177,海南金益丰农业科技有限公司,91460000MAD4764R5N,249
11178,海南金屹餐饮服务有限公司,91460000MACMFP455G,249
11179,海南金亿实业有限公司,91460000MAA944KC1N,249
11180,海南金一叁国际贸易有限公司,91460000MAE7W6KA99,249
11181,海南金阳种业有限公司,91460000MAE67A6M1R,249
11182,海南金阳燊筑科技有限公司,91460000MAEK90XXX4,249
11183,海南金炫风商贸有限公司,91460000MAEFGDTP8M,249
11184,海南金轩企业管理有限公司,91460000MA5TLMTB11,249
11185,海南金旭种业科技有限公司,91460000MAEBY7PY46,249
11186,海南金信腾达生物科技有限公司,91460000MAEKP3FB0A,249
11187,海南金鑫铭贸易投资咨询有限公司,91460105MADNFD2D8L,249
11188,海南金橡贸易有限公司,91460000MAEQTPFAXP,249
11189,海南金湘矿业贸易有限责任公司,91460000MAE194GN31,249
11190,海南金禧莱商务服务有限公司,91460000MAC6P4R62D,249
11191,海南金武建劳务有限公司,91460000MA5TRPE23Y,249
11192,海南金微新能科技有限公司,91460000MACQ3QYJ17,249
11193,海南金天诺泰科技有限公司,91460200MA5RH6R87Y,249
11194,海南金题网络科技有限公司,91460000MABQT6M3X5,249
11195,海南金泰科技有限公司,91460000MAD70L776Y,249
11196,海南金泰航科技有限公司,91460000MAC7B5E67B,249
11197,海南金烁科技有限公司,91440101MA59QFA513,249
11198,海南金顺合实业有限责任公司,91460000MAC7WW8T5H,249
11199,海南金数投资有限公司,91460000MAER344U5P,249
11200,海南金数能源有限公司,91460000MAER35306G,249
11201,海南金手指信息科技有限公司,91460000MA5TWE1A3K,249
11202,海南金石科技集团有限公司,91460000MACXXTWF4N,249
11203,海南金生水投资有限公司,91460000MAD8P25362,249
11204,海南金昇源再生资源有限责任公司,91460000MA5TGGE45Y,250
11205,海南金杉瑚商旅服务有限公司,91460000MACCW33T9R,250
11206,海南金色蒙龙农业科技有限公司,91460108MAA98R4U1G,250
11207,海南金色华欣共创种业合伙企业（有限合伙）,91469006MA7GUK3CXN,250
11208,海南金色福农种业合伙企业（有限合伙）,91469030MA7FBG2Y86,250
11209,海南金色大海文化传媒有限责任公司,91460108MACFNBUH8H,250
11210,海南金赛斯医疗科技有限公司,91230109MA1CBPBWXD,250
11211,海南金赛生物科技有限公司,91460000MAEBLCME41,250
11212,海南金睿科技信息有限公司,91460105MAA9AEM144,250
11213,海南金睿福贸易有限公司,91460000MA7HWTDH0H,250
11214,海南金瑞臻贸易有限公司,91460000MAD4329037,250
11215,海南金瑞源进出口贸易有限公司,91460108MA5TUJPL9B,250
11216,海南金荣再生资源回收有限公司,91460000MAD00A5R09,250
11217,海南金鹊科技有限公司,91460000MACGA10U61,250
11218,海南金衢物流有限公司,91460000MACM15CR54,250
11219,海南金秋煜印投资有限公司,91460000MAK0XK4M3F,250
11220,海南金庆地产营销策划有限公司,91460000MA5TR76B7K,250
11221,海南金骐达科技有限责任公司,91460000MAC6AQ0691,250
11222,海南金琪智能科技有限公司,91460108MAA9G9HR4U,250
11223,海南金奇鹏康科技有限公司,91460000MAD6H7QM3P,250
11224,海南金七投资有限公司,91460000MAEN4DWY2T,250
11225,海南金屏科技有限公司,91210102683313136Y,250
11226,海南金品智汇科技发展合伙企业（有限合伙）,91460000MAE660XHXY,250
11227,海南金品同行科技有限公司,91460000MAE67NG353,250
11228,海南金盟国际医疗咨询有限公司,91469034MA5TY7XP1E,250
11229,海南金猫建筑劳务有限公司,91469027MA5TT9W763,250
11230,海南金芒御园农业科技有限公司,91460000MAEGE2WQ5C,250
11231,海南金驴子实业有限公司,91460000MA5TNY668G,250
11232,海南金陇农业科技开发有限公司,91460000MAK1X2LB3P,250
11233,海南金绫罗科技种业控股有限公司,91460000MAD9F55069,250
11234,海南金麟科技有限公司,91460000MAC80EBH3P,250
11235,海南金力来劳务有限公司,91460000MAE78FB035,250
11236,海南金利源控股有限公司,91460000MAEPQ69M0A,250
11237,海南金康品生物科技有限公司,91460000MA7L4B8280,250
11238,海南金峻贸易有限公司,91460107MA7FYJD702,250
11239,海南金金商贸有限公司,91460000MAD6KN7292,250
11240,海南金骄种业有限公司,91460000MACE79D15A,250
11241,海南金吉企业服务管理有限公司,91460000MADA9YDR56,250
11242,海南金慧丰科技有限公司,91460106MAD5WBTM4H,250
11243,海南金惠丹商贸有限公司,91460000MACN7Q156E,250
11244,海南金欢禧投资有限公司,91460000MAE5GUGH7Y,250
11245,海南金鸿悦投资有限公司,91460108MADQ507L8D,250
11246,海南金鸿途投资有限公司,91460000MAEKXYP96R,250
11247,海南金鸿龙顺科技有限公司,91460108MAD35KML7W,250
11248,海南金虹科技有限公司,91460000MADEE0KX7T,250
11249,海南金和瑞祥实业有限公司,91460000MA5U140P4P,251
11250,海南金和利建筑工程有限公司,91460200MA5T6GFUXK,251
11251,海南金海炎科技有限责任公司,91460000MACPBPCC48,251
11252,海南金海南华物业服务有限公司,91460200MA5RDC805C,251
11253,海南金海恒建设集团有限责任公司,91460000MACP5QKQXJ,251
11254,海南金谷种业有限公司,91469036MADUMPF36Q,251
11255,海南金格通亿科技有限公司,91460200MA5RH7M02P,251
11256,海南金刚育种科技有限公司,91460000MADAC4022N,251
11257,海南金橄榄投资有限公司,91460108MACDTRQ08X,251
11258,海南金富源能源有限公司,91460000MA5TUNLJ89,251
11259,海南金福夕进出口贸易有限公司,91460000MAD21ECN0P,251
11260,海南金奉祥现代服务有限公司,91460000MACM8AGYXL,251
11261,海南金沣宸农业发展有限公司,91460000MACYQMGA58,251
11262,海南金丰石油化工有限公司,91460000MA5TX9B4XA,251
11263,海南金丰平能源科技有限公司,91460000MACD16EH0A,251
11264,海南金豆子科技有限公司,91230109MA1CNP0DXL,251
11265,海南金都种业科技有限公司,91460000MAEAJ92X2N,251
11266,海南金点诚通科技有限公司,91460200MA5T7CE104,251
11267,海南金大能源有限公司,91460000MA5U1TAF47,251
11268,海南金达进出口贸易有限公司,91460000MA5TA21E3M,251
11269,海南金存科技有限公司,91460000MADATUQ13K,251
11270,海南金璀璨科技有限公司,91460000MA5TW0LN99,251
11271,海南金川恒源国际贸易有限公司,91460100MA5TME7W7K,251
11272,海南金宸互联网科技有限公司,91460100MA5TTTH24M,251
11273,海南金超基础工程有限公司,91469030MA5TLJDQ46,251
11274,海南金长科技有限公司,91460000MAD7AFXJ8N,251
11275,海南金博士种业有限公司,91460107MAA90JL099,251
11276,海南金碧麟科技开发有限公司,91460000MA5TWLKH03,251
11277,海南金璧海洋产业发展有限公司,91460000MACEGYBX1W,251
11278,海南金百嵘投资有限公司,91460000MAE6TD263J,251
11279,海南金澳嘉科技有限公司,91460105MAA93EJ68E,251
11280,海南金岙农业有限公司,91460000MAEG0WJL75,251
11281,海南津源新能源材料有限公司,91460000MACXCHNC50,251
11282,海南津卫人生会计服务有限公司,91460000MACYD25T5U,251
11283,海南津良劳务服务有限公司,91469033MAA8YKD13U,251
11284,海南今九科技有限公司,91460000MACW21CC6N,251
11285,海南界州国际贸易有限公司,91460000MAE8221M25,251
11286,海南界无科技有限公司,91460200MACYUQKE6P,251
11287,海南洁源互联信息技术有限公司,91460000MAD5L90F7Q,251
11288,海南洁宇科技有限公司,91460000MAC3A4306A,251
11289,海南洁润商贸有限公司,91460000MABMD8HU3Q,251
11290,海南洁宝物业服务有限公司,91460000MAC9DY7K9G,251
11291,海南杰元贸易有限公司,91460000MADE9ULD43,251
11292,海南杰士多投资合伙企业（有限合伙）,91460000MAA973X18R,251
11293,海南杰仕汽车服务有限公司,91460000MA5TLQR50P,251
11294,海南杰森思科技有限公司,91460200MA5TFEC92K,252
11295,海南杰睿丽联科技有限公司,91460000MAK0A55M3W,252
11296,海南杰瑞通达人力资源有限责任公司,91460000MA5TX8DW99,252
11297,海南杰瑞森实业有限责任公司,91460000MADENMKL8A,252
11298,海南捷益投资有限公司,91460000MAD8RDMW29,252
11299,海南捷强装饰设计工程有限责任公司,91460100MA5TMUXY21,252
11300,海南捷伦科技有限公司,91460000MADDC51R9Q,252
11301,海南捷铖电子科技有限公司,91460000MAE0RGLG81,252
11302,海南捷宝新能源科技有限公司,91460000MAA94G9D2Q,252
11303,海南锴坚科技有限公司,91460000MAD8638C86,252
11304,海南骄美网络科技有限公司,91460000MA5TA979XM,252
11305,海南郊时极商务服务有限公司,91460200MA5T2B88X5,252
11306,海南交吉国际贸易有限责任公司,91469001MA5TM5P646,252
11307,海南酱百味数据科技有限公司,91460000MAK13FXP65,252
11308,海南匠义建筑工程有限公司,91460200MADPC98M4X,252
11309,海南匠心酒店餐饮服务管理有限公司,91460000MABQRBA799,252
11310,海南匠功康养咨询有限公司,91460108MADHJRXR4A,252
11311,海南疆源创业投资有限公司,91460000MAE9FXTU2K,252
11312,海南疆屿海实业有限公司,91460000MAD0JP7P1Y,252
11313,海南疆阁迩生物科技有限公司,91460000MACU5RQM2R,252
11314,海南江游科技有限公司,91460000MA5TJGDW4E,252
11315,海南江融科技有限公司,91460000MAD1WC0B94,252
11316,海南江辉投资有限公司,91460000MADJJ4TB76,252
11317,海南江禾农业科技有限公司,91460000MAD5NRP54T,252
11318,海南江晨农业开发有限公司,91460108MAD4XCDQ2X,252
11319,海南姜瑜科技服务有限公司,91460108MAD6HAAXXF,252
11320,海南键力科技有限公司,91460000MA5T9K727T,252
11321,海南渐丰信息科技有限公司,91211400MACBGD693E,252
11322,海南涧隽栎工程科技有限公司,91460108MAA96N9Q9D,252
11323,海南建舟工程规划设计管理有限公司,91460000MADCRC5E8M,252
11324,海南建友水电安装有限公司,91460106MADF37N57Y,252
11325,海南建业集团有限公司,91460000MAC5E34Y1C,252
11326,海南建湾投资合伙企业（有限合伙）,91460000MACCNKR873,252
11327,海南建湾企业运营管理有限公司,91460106MAA9AHAD46,252
11328,海南建湾科技有限公司,91460000MAC2116T42,252
11329,海南建腾投资有限公司,91460105MA5TTP6QXX,252
11330,海南建审国际工程项目管理有限公司,91460108MAA9AGKA0F,252
11331,海南建强八方科技有限公司,91460000MA5TR2N01C,252
11332,海南建铭工程设计有限公司,91460000MAEK03U42B,252
11333,海南建瓴八方科技集团有限公司,91460000MA7NGMEX75,252
11334,海南建力建筑工程有限公司,91460000MADB5W6B3Y,252
11335,海南建璟农业发展有限公司,91460000MAEHXCTB5J,252
11336,海南建宏未来投资有限公司,91460000MAK0ENFQ09,252
11337,海南建航工程管理有限公司,91460000MACG53TR44,252
11338,海南建果建筑工程有限公司,91460106MA5U0RP492,252
11339,海南建初建材有限公司,91460000MAA94HHC8Y,253
11340,海南建邦建筑工程有限公司,91460107MAA9ACB867,253
11341,海南剑琦投资有限公司,91460203MADBAFBE0K,253
11342,海南健兴科技有限公司,91460200MA5RJJ858W,253
11343,海南健联健康管理有限公司,91460200MADPXAHA04,253
11344,海南健利装饰有限公司,91460106MACTU1U961,253
11345,海南健丰源石化有限公司,91460000MA5TYN4U19,253
11346,海南健达芯酒店管理有限公司,91460000MABPDPMK2M,253
11347,海南健达能源有限公司,91460000MA5TRLEN41,253
11348,海南健达电子科技有限公司,91460000MA5U2KL297,253
11349,海南简筑科技会展服务有限公司,91460000MAC3GWJFX2,253
11350,海南简泽科技有限公司,91460000MABMGTQU4W,253
11351,海南简网网络科技有限公司,91460000MAE3K9H82U,253
11352,海南简单晓食餐饮服务有限公司,91460000MABPMHAD60,253
11353,海南甲乐茄农业科技有限公司,91460107MADKNNQH1C,253
11354,海南镓盛科技有限公司,91460000MAC4RUE43G,253
11355,海南珈裕贸易有限公司,91460000MAET0TQA52,253
11356,海南珈烨科技有限公司,91460000MAENTX60XG,253
11357,海南珈岚云海游戏科技有限公司,91469002MADC2LBW1L,253
11358,海南珈蒽琪机电设备有限公司,91460000MACH75QX14,253
11359,海南家悦家政有限责任公司,91460000MAEXDDJXXC,253
11360,海南家裕榴源农业科技有限公司,91460000MAK0MB4X9J,253
11361,海南家祥种业科技有限公司,91460000MAD961F69Y,253
11362,海南家和星火企业管理合伙企业（有限合伙）,91469036MA7MXQ5D94,253
11363,海南家辰业科技有限公司,91460204MAD0PUD44E,253
11364,海南嘉智冠科技有限公司,91110108399823286K,253
11365,海南嘉泽农业科技有限公司,91460000MAC8DK8533,253
11366,海南嘉永峻望商业投资有限公司,91460200MA5RJNK399,253
11367,海南嘉翊贸易有限公司,91460000MA5U1W9380,253
11368,海南嘉懿鑫阳生物科技有限责任公司,91460000MA5U015LX1,253
11369,海南嘉曜投资有限公司,91460105MAA9AKP36U,253
11370,海南嘉雅科技发展有限公司,91460000MADG8T4M3K,253
11371,海南嘉巽文化有限公司,91469001MA5TWCW2XL,253
11372,海南嘉信众合农业投资有限公司,91460106MAA96K7L75,253
11373,海南嘉信项目管理有限公司,91460000MA5TUA847W,253
11374,海南嘉鑫能源贸易有限公司,91460000MA5U194A0Q,253
11375,海南嘉事农企业管理咨询有限公司,91460107MAA9A48934,253
11376,海南嘉世恒农业科技有限公司,91460100MADH0CP16Q,253
11377,海南嘉拾投资有限公司,91460000MAE6ME4A3J,253
11378,海南嘉瑞贸易有限公司,91460000MA5TWDWL8F,253
11379,海南嘉瑞华科技有限公司,91460000MA5TTFYX83,253
11380,海南嘉璞投资有限公司,91460000MA5TYM5423,253
11381,海南嘉鹏科技有限公司,91460000MA7HAKH37H,253
11382,海南嘉铭创科投资有限公司,91460108MAA9ABFB3Y,253
11383,海南嘉猫文化传媒有限公司,91460000MA7JWPTX41,253
11384,海南嘉霖农业科技有限公司,91460000MACJYQ0P76,254
11385,海南嘉礼科技投资有限公司,91460000MAD1MPM930,254
11386,海南嘉科置业有限公司,91460106MAA93TA108,254
11387,海南嘉科新能源有限公司,91320214MA1NXW779B,254
11388,海南嘉景石油工程科技有限公司,91460108MAA9ACFD25,254
11389,海南嘉鸿商贸有限责任公司,91460106MACHJ99N8B,254
11390,海南嘉弘科技有限公司,91460000MAEQUUDE97,254
11391,海南嘉禾万世信息科技有限公司,91460000MA5TX2HH5W,254
11392,海南嘉豪铂游艇俱乐部有限公司,91460200MA5RYFBW90,254
11393,海南嘉航海洋科技有限公司,91460000MAEN4P2E0Q,254
11394,海南嘉福装饰设计有限公司,91460200MA5T768N6Y,254
11395,海南嘉德瑞咨询服务有限公司,91460000MAC6T31W9H,254
11396,海南嘉德康科技有限公司,91460204MADP28T94W,254
11397,海南嘉道健康科技有限公司,91460000MACBY8E56A,254
11398,海南嘉盛网络科技有限公司,91469027MA5T3CWM52,254
11399,海南加佳好农光科技有限公司,91460000MAG0XRMMX9,254
11400,海南佳泽贸易有限责任公司,91460108MADLPH23XC,254
11401,海南佳友工程管理咨询有限责任公司,91460000MAC1FQL49A,254
11402,海南佳亿和进出口贸易有限公司,91460000MACJR79R04,254
11403,海南佳璇酒店管理有限公司,91460200MA5T2CJFXC,254
11404,海南佳兴智投科技有限公司,91460000MAEWJ0D087,254
11405,海南佳兴信息科技有限公司,91460000MACD7AY880,254
11406,海南佳旺酒店有限公司,91460106MAA9AME58X,254
11407,海南佳瑭美容有限责任公司,91460000MAEU14NC0L,254
11408,海南佳榕健康管理有限公司,91460000MA5TTH7NXQ,254
11409,海南佳沛农业发展有限公司,91460000MACEBRGQX0,254
11410,海南佳铭农业有限公司,91460000MA5U2D1Y4D,254
11411,海南佳孟水果批发有限责任公司,91460000MAC94JWE96,254
11412,海南佳美世家物业服务有限公司,91460000MABP5XKF73,254
11413,海南佳丽职业技能培训学校有限责任公司,91460000MAEACAXC27,254
11414,海南佳郡科技有限公司,91469027MACL22WH70,254
11415,海南佳嘉易农业科技有限公司,91460000MACLAHNL7P,254
11416,海南佳佳裕电子商务有限公司,91460000MAD5RXRT1N,254
11417,海南佳衡工程咨询管理有限公司三亚分公司,91460000MABLRNJA9Y,254
11418,海南佳禾农业科技发展有限公司,91460000MA5T9K9U96,254
11419,海南佳和南繁育种有限公司,91460000MAC7RM7C5K,254
11420,海南佳东信息技术有限公司,91460000MAC3WR683D,254
11421,海南佳德利科技服务有限公司,91460000MA5U07WY4U,254
11422,海南佳春宜农业有限公司崖州分公司,91460000MAD12XBC09,254
11423,海南佳诚共创人力资源有限公司,91460200396790933J,254
11424,海南佳辰科技设备有限公司,91460000MACDWBBX5A,254
11425,海南佳宸乐居网络科技有限公司,91460000MA5T7W3H62,254
11426,海南佳博文化发展有限公司,91460000MAC48DFW9Q,254
11427,海南骥通快递有限公司三亚崖州区分公司,91460107MADN3P2F19,254
11428,海南际洋信息咨询有限公司,91460000MAA97DFTXD,254
11429,海南际涯科技有限公司,91460000MABQEKWY39,255
11430,海南继之尧商贸有限责任公司,91460200MA5T544C4R,255
11431,海南纪小澜文化传播有限公司,91460000MACH9045XU,255
11432,海南济恒商务服务有限公司,91460100MA5T8BBN4G,255
11433,海南技竹悦酒店管理有限公司,91460200MA5T23HY84,255
11434,海南悸莘经贸有限公司,91460000MAK2ABPE3C,255
11435,海南季启昇科技有限公司,91460100MAC7WG5PX6,255
11436,海南季柏铭酒店管理有限公司,91460200MA5T2GP9XF,255
11437,海南冀品源生物科技医药有限公司,91460000MADJ5BCD8R,255
11438,海南冀鲁边商贸有限公司,91460000MA5TENCWXJ,255
11439,海南冀博实业有限公司,91460000MAA8YN684T,255
11440,海南集智农业生物科技有限公司,91460200MA5T3CKJ4F,255
11441,海南集智壁之大同产业服务合伙企业（有限合伙）,91469033MADJ7C279X,255
11442,海南集元通石化有限公司,91460000MA5U2R0AX7,255
11443,海南集宇湾文化传媒有限公司,91460000MACD9GXW5G,255
11444,海南集星生态科技有限公司,91460000MAE4YU3L4Q,255
11445,海南集翔科贸有限公司,91460000MACFK6825Q,255
11446,海南集思仪器设备有限公司,91460108MADEA4XE3E,255
11447,海南集商荟科技孵化器有限公司,91460000MAK2TT0N01,255
11448,海南集合号投资有限公司,91460000MA5U0B7Q0Y,255
11449,海南集萃智水科技贸易有限责任公司,91460000MAG02E785H,255
11450,海南疾驰教育咨询有限责任公司,91460000MAC9YECH6H,255
11451,海南极维科技有限公司,91420100MA49J6HR13,255
11452,海南极数科技有限公司,91460000MAEUD9R663,255
11453,海南极视星光科技有限公司,91460000MAE57PA82H,255
11454,海南极日投资有限公司,91460000MAE7PB7N8U,255
11455,海南极极如律科技有限公司,91460000MAET2HWE48,255
11456,海南极创机器人股份有限公司,91460200MA5T2EM95B,255
11457,海南吉宇投资有限公司,91460000MADEAPQR2T,255
11458,海南吉映科技有限公司,91460000MAE6FLDC84,255
11459,海南吉驿通贸易有限公司,91460000MAC0W6LC1R,255
11460,海南吉冶建筑工程有限公司,91460000MA5U264Y4U,255
11461,海南吉研农业科技有限责任公司,91460106MAD5KKNR69,255
11462,海南吉亚医疗科技有限公司,91460000MAD9956T7E,255
11463,海南吉轩贸易有限公司,91460100594930634G,255
11464,海南吉烁商贸有限公司,91460000MAEDJDCBX5,255
11465,海南吉事能源科技有限公司,91460000MADA6N2F0W,255
11466,海南吉诗禹科技有限公司,91460000MA5TDU2LXX,255
11467,海南吉闪安科技有限公司,91460200MA5T546M9X,255
11468,海南吉宁农业机械有限公司,91460200MA5RJQN44A,255
11469,海南吉内得农业科技发展有限公司,91460108MAA99XDK9Q,255
11470,海南吉米吉科技有限公司,91460107MADWE0PR6Q,255
11471,海南吉科农业科技有限公司,91460000MAEXQ5YX4E,255
11472,海南吉吉屋网络科技有限公司,91460000MACMN13B6B,255
11473,海南吉恒石油化工有限公司,91460000MA5TYD0C12,255
11474,海南吉和健康养生有限公司,91460200MADUPAFN5G,256
11475,海南吉海农创农业有限公司,91460000MAE70E621F,256
11476,海南吉晟科技有限公司,91460000MACWN09L25,256
11477,海南即巨灵酒店管理有限公司,91460200MA5T27EW3E,256
11478,海南佶穗园建筑工程有限公司,91460106MACKYCL84N,256
11479,海南肌颜茶饮馆（个人独资）,91460205MAA96NB09R,256
11480,海南基瑜新创科技有限公司,91460000MA5TJB233Y,256
11481,海南货当当企业咨询管理合伙企业（有限合伙）,91460000MACQ2LCG80,256
11482,海南货当当科技集团有限公司,91469005MA5TKP173K,256
11483,海南获客佳佳投资有限公司,91460000MAE87XBC6T,256
11484,海南火亿贸易有限公司,91460200MA5T7MJB19,256
11485,海南火眼人工智能有限公司,91410100MA9FTLJ11D,256
11486,海南火火木木直播科技有限公司,91460000MA7ME28W4D,256
11487,海南火堆供应链科技有限公司,91460000MAC4AYFR6N,256
11488,海南浑然天成技术有限公司,91460000MAE8XRNC8W,256
11489,海南蕙鼎节能科技发展有限公司,91460000MACKJ5NM0P,256
11490,海南绘甜农业有限公司,91460100MA5T89XU6K,256
11491,海南绘界网络科技有限公司,91460000MAEFAG3P8A,256
11492,海南绘光医疗科技有限公司,91460000MAG195HU3F,256
11493,海南汇中恒投资有限公司,91460000MA5TXECC52,256
11494,海南汇智置业有限公司,91460000MA5TXKJT5N,256
11495,海南汇智生物科技有限公司,91460000MADA59RJ9Q,256
11496,海南汇知道生态工程有限公司,91460000MAEP33093U,256
11497,海南汇易嘉投资有限公司,91460000MACMPWNE3U,256
11498,海南汇信成林科技服务有限公司,91460000MACC97D94B,256
11499,海南汇鑫淼农业科技有限公司,91460100MAD77MC1XY,256
11500,海南汇泰信息技术有限责任公司,91460000MAA979NX2P,256
11501,海南汇融裕元家族办公室有限公司,91460108MAA905HY35,256
11502,海南汇鹏建筑工程有限公司,91460000MAC836113U,256
11503,海南汇淼科技设备有限公司,91460000MAEP81MCXY,256
11504,海南汇科源科技有限公司,91460000MADE1R1M9J,256
11505,海南汇凯科技有限公司,91460000MAA95HBN5M,256
11506,海南汇居投资有限公司,91460000MAD7WDCL5U,256
11507,海南汇晶捷投资集团有限公司,91460000MAD08E3605,256
11508,海南汇赫僖商贸有限公司,91460000MAA94QA344,256
11509,海南汇港信息科技有限公司,91460203MAD7MMQQ5D,256
11510,海南汇港汽车服务有限公司,91460000MAA95H6EXB,256
11511,海南汇沣氢能源有限公司,91460108MAA9AHBX49,256
11512,海南汇尔福农业科技有限责任公司,91469002MAD7WY020W,256
11513,海南汇东企业管理有限公司,91460000MACBEQT19B,256
11514,海南汇鼎盛新材料科技有限公司,91460000MAG1W9XL8U,256
11515,海南汇德能源服务有限公司,91460000MAEXP81X71,256
11516,海南汇旦企业咨询合伙企业（有限合伙）,91460203MA7JGYNE8J,256
11517,海南汇达久川投资有限公司,91460108MADWTHH379,256
11518,海南汇辰供应链有限责任公司,91460108MAA9AC5E7W,256
11519,海南汇财链科技合伙企业（有限合伙）,91460000MAEJXRQ68U,257
11520,海南汇才智力咨询管理有限公司三亚分公司,91460000MAELXA4986,257
11521,海南慧众投资合伙企业（有限合伙）,91469026MACF3WF52J,257
11522,海南慧之桐投资有限公司,91460000MAEP9AGR4B,257
11523,海南慧泽智享科技有限公司,91460106MAA8YK942P,257
11524,海南慧远物业服务有限公司（三亚）分公司,91460000MAD85JBN5W,257
11525,海南慧远产城置业有限责任公司,91460000552750950P,257
11526,海南慧沅投资有限公司,91460000MAG03UQL1P,257
11527,海南慧驭科技有限公司,91460000MAEQR5D263,257
11528,海南慧溢科技有限公司,91460000MAD8FF8U7Y,257
11529,海南慧亚海洋科技发展有限公司,91460000MAD46DML4R,257
11530,海南慧轩保洁服务有限公司,91460000MADPDMW40M,257
11531,海南慧萱国际贸易有限公司,91460000MACHE3YG60,257
11532,海南慧鑫锐科技有限公司,91460000MADFKRQD9T,257
11533,海南慧通盛达农业科技有限公司,91460000MAD7HTNY3H,257
11534,海南慧声声学科技有限公司,91460000MA5TW5481B,257
11535,海南慧诺瑞德科技有限公司,91460000MABWLAYR5D,257
11536,海南慧侬传媒集团有限公司,91360125MAC4X9EQ9A,257
11537,海南慧丰实业发展有限公司,91460000MA5TJM9F6L,257
11538,海南慧迩斯酒店管理有限公司,91460106MAA9A1EK3C,257
11539,海南惠跃投资有限公司,91460000MAE2B1XX7T,257
11540,海南惠油能源有限公司,91460000MA5TWLTM9T,257
11541,海南惠星投资有限公司,91460203MACGCCGU9R,257
11542,海南惠信数字企业咨询管理中心（有限合伙）,91460204MABR30390L,257
11543,海南惠信企业管理咨询有限公司,91460000MA5TY2WK0M,257
11544,海南惠信农业科技服务有限公司,91460000MAC69AHK2C,257
11545,海南惠特科学技术有限公司,91460000MAE556Q573,257
11546,海南惠泰新能源科技有限公司,91460000MA5T9UAP1Q,257
11547,海南惠泰建筑材料有限公司,91469036MA5TK8MY17,257
11548,海南惠戎祥科技有限公司,91460100090515648N,257
11549,海南惠牛实业有限公司,91460200MA5T1T0J23,257
11550,海南惠铭国际贸易有限公司,91460000MACRM37D2Q,257
11551,海南惠林农业科技有限责任公司,91460108MA5TKFXB2T,257
11552,海南惠俐佳清洁服务有限公司,91460200MA5RENH83H,257
11553,海南惠聚能源有限公司,91460000MA7M88Q19Q,257
11554,海南惠久商业咨询有限责任公司,91469002MA5TW38810,257
11555,海南惠迦尔石化有限公司,91460000MA5TXQ5131,257
11556,海南惠华亚润置业有限公司,91460200MA5T3CDK8T,257
11557,海南惠禾投资控股有限公司,91460000MADDCQYG64,257
11558,海南惠达致诚私募股权投资基金合伙企业（有限合伙）,91320200076312246X,257
11559,海南惠盛种业科技有限公司,91460000MACJD0BJ2Y,257
11560,海南惠财信息科技合伙企业（有限合伙）,91469027MABPF10W68,257
11561,海南会众农业有限公司,91460204MAC978PH5K,257
11562,海南会增投资有限公司,91460108MADNFD0F11,257
11563,海南会先生科技股份有限公司,91460200MA5T21KW5M,257
11564,海南回响建筑工程有限公司,91460200MA5T2L0U65,258
11565,海南辉漾酒店管理有限公司,91460200MA5RJMUPX2,258
11566,海南辉旭能源有限公司,91460000MA5TW36036,258
11567,海南辉顺矿山工程服务有限公司,91460000MACKCT5N1L,258
11568,海南辉润房地产中介服务有限公司,91460000MA5TD63H8P,258
11569,海南辉瑞项目管理有限公司,91460000MAE905KK5B,258
11570,海南辉宁锡贸易有限公司,91460000MABN8CN6XQ,258
11571,海南辉煌尧房地产有限责任公司,91460000MABLRWY23K,258
11572,海南辉盛亿冠科技有限公司,91460200MA5RH7BR3U,258
11573,海南灰太狼文化传媒有限公司,91460200MA5T1NP26L,258
11574,海南灰鲸传媒有限公司,91460000MAC5X7TD3Y,258
11575,海南晖扬商贸有限公司,91460000MAEU02F51J,258
11576,海南晖闻科技有限公司,91460000MAD7AR3JXC,258
11577,海南晖财商贸有限公司,91460000MAETR3A670,258
11578,海南徽天钰装饰工程有限公司,91460000MACXCK0925,258
11579,海南黄道紫垣农业科技有限公司,91460000MAEXTFKC7F,258
11580,海南黄道婆技术推广有限公司,91460107MADA63393N,258
11581,海南煌博医疗设备有限公司,91460000MAD2GG3K6N,258
11582,海南凰冠农业科技有限公司,91460000MADDQF0F8T,258
11583,海南幻龙网络科技有限公司,91460105MA7LL9H73K,258
11584,海南幻界网络科技有限公司,91460000MA5TJJFM3X,258
11585,海南幻岛酒店管理有限公司,91460000MAA96B7B0G,258
11586,海南唤鲜食品科技有限公司,91460000MAE898TL73,258
11587,海南苋多宝生物科技有限公司,91460000MADFQFEF9J,258
11588,海南苋多宝生态治理有限公司,91460000MAEH6TU19D,258
11589,海南环宇智娱网络科技有限责任公司,91460200MA5T5WN03X,258
11590,海南环益工程管理服务中心（个人独资）,91469007MACYPY8K3U,258
11591,海南环扬未来工程技术有限公司,91460108MA5U2L626E,258
11592,海南环亚宇轩科技有限公司,91460000MA5TY3X227,258
11593,海南环启生物科技发展有限公司,914602003241541968,258
11594,海南环南海互联网数据服务有限公司,91460000MA5THYR346,258
11595,海南环铭投资有限公司,91460000MAE7E6DL6U,258
11596,海南环海冷链配送有限责任公司,91460000MA5TFPYF1K,258
11597,海南桓琳德实业有限公司,91460200MA5T1T04X8,258
11598,海南寰宇时芯科技有限公司,91460000MAK0G7M18F,258
11599,海南寰宇晟贸易有限公司,91460000MAG1Q9CA1C,258
11600,海南寰衡源合科技有限公司,91460000MAEN52110M,258
11601,海南怀鹿投资有限责任公司,91460108MAD5MQNH12,258
11602,海南桦森贸易有限公司,91460100MA5TUX794H,258
11603,海南骅商石油化工有限公司,91460000MA5U0WU443,258
11604,海南骅津科技有限公司,91460000MACYAE6X0L,258
11605,海南骅盛科技有限公司,91460108MACHG8KC93,258
11606,海南浍利生态科技有限公司,91460000MABM6QWH3A,258
11607,海南华众兴供应链有限公司,91460106MADLK4YT3Q,258
11608,海南华智源企业管理有限公司,91469025MADP223GX6,258
11609,海南华智鑫科技有限公司,91460000MAA96RTH31,259
11610,海南华智能源有限公司,91460100MA5U0CQCX9,259
11611,海南华智汇农生物农业科技有限公司,91460100MACX1M135C,259
11612,海南华之典酒店管理有限公司,91460200MA5T547D1J,259
11613,海南华臻农业科技有限公司,91460000MAEBC7CQ6C,259
11614,海南华朝辉石油化工有限公司,91460000MA5TX5PK93,259
11615,海南华韵前沿科技有限公司,91460000MAEMTTUT89,259
11616,海南华越智慧科技有限公司,91460000MAE2416R81,259
11617,海南华钰生物工程有限公司,91460000MAC769U38B,259
11618,海南华育和创生物科技有限公司,91460000MAELG38P2H,259
11619,海南华域信息技术有限公司,91460000MA5THWCB9M,259
11620,海南华油石化有限责任公司,91460000MAC9H1TX7X,259
11621,海南华赢新材料有限公司,91460000MA5U2BD66G,259
11622,海南华益农进出口贸易有限公司,91460000MA5TQ0KYXT,259
11623,海南华亿百盛汽车零部件有限公司,91460000MABU9AWM43,259
11624,海南华义农业科技有限公司,91460000MAE6LTW483,259
11625,海南华冶信息科技有限公司,91460200MA5RGPMKXT,259
11626,海南华椰健康饮品科技有限公司,91460000MA5TY79R5K,259
11627,海南华衍智能科技有限公司,91460200MA5TJ64F0K,259
11628,海南华轩商贸有限公司,91460200MA5TH78EXJ,259
11629,海南华鑫汇商贸有限公司,91460106MADT275E30,259
11630,海南华欣洋生态农业发展有限公司,91460000MA5TXH471Q,259
11631,海南华翔建筑工程有限公司,91460000MA5TQBKW3P,259
11632,海南华祥空天科技有限公司,91460000MAEPP3MQ2A,259
11633,海南华玺网络科技有限公司,91460108MAA99Y7E49,259
11634,海南华熙医美健康产业有限公司,91460000MA7F0T133A,259
11635,海南华万意酒店管理有限公司,91460200MA5RJ0PR48,259
11636,海南华天福食品有限公司三亚分公司,91460000MACWEHHJ4K,259
11637,海南华泰能源投资有限公司,916108216815526358,259
11638,海南华枢产业管理有限公司,91460000MA5TXPHF16,259
11639,海南华胜贸易有限公司,91460000MA5TMNYL36,259
11640,海南华瑞顺合供应链管理有限公司,91460107MAA9AE4H0L,259
11641,海南华瑞盛源化工有限公司,91460000MA5U1CM01P,259
11642,海南华融智林贸易有限责任公司,91460000MA5TXWJ00D,259
11643,海南华人科技有限公司,91460000MA7MEC7N1G,259
11644,海南华清泰有科技合伙企业（有限合伙）,91460000MA5TWUKE0J,259
11645,海南华谱智能装备有限公司,91320192302551625A,259
11646,海南华谱量子材料有限公司,91530100MA6PX33M80,259
11647,海南华萍梦农业科技有限公司,91460000MAEUB8AEXN,259
11648,海南华铭之鑫商贸有限公司,91460200MA5T5BLR4L,259
11649,海南华铭信科技有限公司,91460000MADGWJ8U81,259
11650,海南华名大为农业投资有限公司,91460000MAE0N1JD8Y,259
11651,海南华茂能源科技有限责任公司,91460000MAD9AN25XQ,259
11652,海南华劢检测技术有限公司,91460000MADA8G1F6X,259
11653,海南华领国权建筑工程有限公司,91460200MA5RGG6Q2L,259
11654,海南华科智检生物科技有限公司,91460000MAG04PT35Q,260
11655,海南华开建筑工程有限公司,91460108MADWJ8DC6R,260
11656,海南华旌科技有限责任公司,91460000MA5TXFLW9K,260
11657,海南华金宝软件科技有限公司,91460200MA5RGG6MX5,260
11658,海南华杰智能科技有限公司,91460000MADA92QBX6,260
11659,海南华建开拓机械有限公司,91460000MAEA1JP40B,260
11660,海南华集科技实业有限公司,9146020032406107X7,260
11661,海南华鸿昌投资有限公司,91460000MA5U01AL1N,260
11662,海南华洪新能源投资集团有限公司,91460000MA5TGN8W51,260
11663,海南华海能源勘探开发有限公司,91460000MAD0W6B79G,260
11664,海南华果农业科技有限公司,91460000MAD6ERD25N,260
11665,海南华高科技有限公司,91460000MAA94H2Y2R,260
11666,海南华赣农业科技有限公司,91460203MADXCG2K6D,260
11667,海南华富展贸易有限公司,91460000MAEG5TJ392,260
11668,海南华服科技有限公司,91460000MA5TQ2QJ0F,260
11669,海南华恩健康科技有限公司,91460000MA5TYL9P7M,260
11670,海南华大智造科技有限公司,91460000MA5TWWY94F,260
11671,海南华大生命科技有限公司,91460000MA5U0WQC4A,260
11672,海南华聪建筑装饰工程有限公司,91460200MA5RJ4D32F,260
11673,海南华创智种科技有限公司,91460000MAETGXJFX1,260
11674,海南华储科技有限公司,91460100MA5TR4GH1F,260
11675,海南华盛智能科技有限公司,91460000MA5TXT6J5W,260
11676,海南华晟投资合伙企业（有限合伙）,91469001MA7J55DL2H,260
11677,海南华丞石油化工有限公司,91460000MA5TY43759,260
11678,海南华澈环境科技有限公司,91460000MAA91J7C3N,260
11679,海南华超国际教育有限公司,91460106MADGA7YB55,260
11680,海南华测投资有限公司,91460000MACJQ0243M,260
11681,海南华博数字科技有限公司,91460000MA5TUFH99F,260
11682,海南华邦天合生物科技有限公司,91460108MAA9A7JAXJ,260
11683,海南华邦皓程科技有限公司,91469007MABR8MQ00H,260
11684,海南华傲商贸有限公司,91460000MAA941Y39Y,260
11685,海南花之吻智美科技有限公司,91460108MADBJCY388,260
11686,海南花神生物制药有限公司,91460000MAETBDL40W,260
11687,海南花神国际美容有限公司,91460000MAERUPHD30,260
11688,海南花给互联网科技有限公司,91460000MA5TGW5C71,260
11689,海南花儿网络科技有限公司,91460200MA5REC763E,260
11690,海南花博汇农旅发展有限公司,91460000MAA97E7B4A,260
11691,海南沪迈国际贸易有限公司,91460000MAEWHGP581,260
11692,海南互通友聚信息技术中心（有限合伙）,91130702MA093UCBXM,260
11693,海南互通星联信息技术中心（有限合伙）,91469034MA5TW7XE0J,260
11694,海南互通未来信息技术中心（有限合伙）,91469006MA5TW4ACX7,260
11695,海南互融科技有限公司,91469027MABMF996XG,260
11696,海南虎兴实业发展有限公司,91460000MA7J02JB3D,260
11697,海南虎尔美网络科技有限公司,91460100MAA9G95K0H,260
11698,海南虎尔美投资有限公司,91460000MACP52UPX0,260
11699,海南虎尔美进出口贸易有限公司,91460000MA5U0K8T63,261
11700,海南虎班主企业管理有限公司,91460000MA5TT30P3C,261
11701,海南胡渔海洋科技有限公司,91460106MADPD6342D,261
11702,海南胡香农业科技有限公司,91460106MAD9U8BQ7M,261
11703,海南湖乾投资合伙企业（有限合伙）,91469028MAC32WEJ4N,261
11704,海南后稷农业科技有限公司,91460204MADXXGFF2Q,261
11705,海南厚阳建筑工程有限公司,91460000MAEKNQ162U,261
11706,海南厚望科技有限公司,91460000MAED7BR8X8,261
11707,海南厚圣康科技有限公司,91460000MAA8Y1M6XK,261
11708,海南厚朴涌现科技有限公司,91460000MAD7MQYL6E,261
11709,海南厚霖科技有限公司,91460000MAD1FC6B42,261
11710,海南厚德智诚科技有限公司,91460108MAD3Q29D4G,261
11711,海南候鸟岛网络科技有限公司,91460100324178892T,261
11712,海南喉音夏贸易有限责任公司,91460000MA7MFPHQ0F,261
11713,海南鸿之财劳务有限公司,91460000MAEP5KMB7L,261
11714,海南鸿正诺酒店管理有限公司,91460000MAEH8EM85Y,261
11715,海南鸿钊海洋食品科技有限公司,91460106MADDK48L5R,261
11716,海南鸿展能源咨询有限公司,91460000MAE6CKF46J,261
11717,海南鸿泽投资有限公司,91460000MABMLMK5X2,261
11718,海南鸿运劳务有限公司,91460106MAA9AFNN32,261
11719,海南鸿运国际贸易有限公司,91460100MA5U13QB2B,261
11720,海南鸿运当头国际影视传媒有限公司,91460000MACGCMCL71,261
11721,海南鸿运昌赢供应链管理服务有限公司,91460000MACYRKAY3X,261
11722,海南鸿云再生资源回收有限公司,91460000MAE0DABW2F,261
11723,海南鸿越环保科技有限公司,91460000MA7MAQA41N,261
11724,海南鸿煜科技有限公司,91460000MACYXCFN6P,261
11725,海南鸿寅科技有限公司,91149900MA0KUYCF0A,261
11726,海南鸿暄园林景观工程有限公司,91460200MA5T1HWG9L,261
11727,海南鸿鑫人力资源服务有限公司,91460000MA5TXDH9XE,261
11728,海南鸿翔一心堂医药连锁有限公司三亚崖州湾分店,91460106MADM1T4J6C,261
11729,海南鸿翔一心堂医药连锁有限公司三亚崖州区振州路分店,91460200MA5TH07Y8R,261
11730,海南鸿翔一心堂医药连锁有限公司三亚崖州区振州路二分店,91460200MA5TPRMC01,261
11731,海南鸿翔一心堂医药连锁有限公司三亚崖城分店,914602003240920445,261
11732,海南鸿祥众汇健康产业集团有限公司,91460000MABY5YH49U,261
11733,海南鸿威会展服务有限公司,91469001MA5TPB7F6M,261
11734,海南鸿万兴农业科技有限公司,91460106MAA9A2MDXM,261
11735,海南鸿途未来贸易有限公司,91460000MAETQRAX82,261
11736,海南鸿图骏业科技有限公司,91469002MACLWNY522,261
11737,海南鸿天下供应链科技有限公司,91450703MA7BL5059D,261
11738,海南鸿腾科技有限公司,91460000MAA8YYA20Q,261
11739,海南鸿泰梦想之家建筑装饰工程有限公司,91460200MA5RGR6346,261
11740,海南鸿泰合科技有限公司,91460000MACJL6YE8T,261
11741,海南鸿顺腾科技有限公司,91460000MAD0GUC57Q,261
11742,海南鸿升石油天然气有限公司,91460000MA5TYPNA4E,261
11743,海南鸿森涌耀科技有限公司,91460000MADFMEHJ6Y,261
11744,海南鸿森芒果农业发展有限公司,91460108MACF9U1R0C,262
11745,海南鸿锐法政咨询有限公司,91460000MACDJM5L83,262
11746,海南鸿瑞未来生物科技有限公司,91460000MADBBUN41K,262
11747,海南鸿融筑创装饰装修有限公司,91460107MAA9A09EXJ,262
11748,海南鸿启榕创企业管理合伙企业（有限合伙）,91460203MADAJTJX3Y,262
11749,海南鸿明世展进出口贸易有限责任公司,91460000MACKWE19XC,262
11750,海南鸿旅民宿投资有限公司,91460000MAC9BLJ48L,262
11751,海南鸿利博源科技有限公司,91460000MAC5F4WD6H,262
11752,海南鸿坤乾泰投资有限公司,91460108MADL9A4K5Y,262
11753,海南鸿坤科技有限公司,91460000MADKGYE83H,262
11754,海南鸿竣进出口贸易有限公司,91460000MABMGQJC4W,262
11755,海南鸿杰投资有限公司,91460107MADTB1KC5C,262
11756,海南鸿港供应链有限公司,91460000MAEXYRYX8R,262
11757,海南鸿福洋水产实业有限公司,91460200MA5RDRDD41,262
11758,海南鸿福达通科技有限公司,91460100MAD29UHR2E,262
11759,海南鸿承企业管理咨询服务有限公司,91460000MACQU7MR6R,262
11760,海南鸿邦合隆投资有限公司,91460000MAA90LDL5X,262
11761,海南鸿邦合隆国际贸易有限公司,91460000MADC9HP225,262
11762,海南虹星投资有限公司,91460105MAA9AKBC0E,262
11763,海南虹盛机械设备有限公司,91460000MA5TWGCJ2M,262
11764,海南红至泽贸易有限公司,91460000MAD3LF1PX1,262
11765,海南红至由贸易有限公司,91460108MADHAN6YXN,262
11766,海南红至伟贸易有限公司,91460000MAD8KQAF4L,262
11767,海南红至双贸易有限公司,91460000MAE8TC8E64,262
11768,海南红至瑞贸易有限公司,91460000MAD5LPBH7E,262
11769,海南红至冕贸易有限公司,91460000MAE51BR12A,262
11770,海南红至林贸易有限公司,91460000MAEA6CLR1E,262
11771,海南红至康贸易有限公司,91469002MADB553R1C,262
11772,海南红至金贸易有限公司,91460000MAE6CBNG0A,262
11773,海南红至华贸易有限公司,91460108MAD5M13664,262
11774,海南红至方贸易有限公司,91460000MAED60C03E,262
11775,海南红至达贸易有限公司,91460000MAEBMYKD9X,262
11776,海南红至盛贸易有限公司,91460000MAD5HBGK3J,262
11777,海南红至安贸易有限公司,91460000MADJR4FR2W,262
11778,海南红之泽贸易有限公司,91460000MADJ3ENK2C,262
11779,海南红之瑞贸易有限公司,91460108MADJ8X8G3Q,262
11780,海南红运物流有限公司,91460000MA5TXEBD7K,262
11781,海南红远信息科技有限公司,91460000MACC88CA33,262
11782,海南红远投资控股集团有限公司,91460000MABUJ3DA09,262
11783,海南红远贸易有限公司,91460000MA5TQN3J1U,262
11784,海南红远酒店管理有限公司,91460000MACWFDKTXF,262
11785,海南红远集团有限公司,91460105MAA983PN20,262
11786,海南红远机械设备有限公司,91460000MA5TRHP99G,262
11787,海南红远供应链有限公司,91460000MAK0JA0F7Q,262
11788,海南红曜科技有限公司,91460000MAD7LJDQ98,262
11789,海南红燕农业发展有限公司,91460108MA5TQAXT9J,263
11790,海南红芯椰子研究开发有限公司,91460106MA5THUX747,263
11791,海南红旺文化传媒有限责任公司,91460000MA5TRHNX2R,263
11792,海南红往泽贸易有限公司,91460000MAE615L94K,263
11793,海南红往瑞贸易有限公司,91460000MAE3P7UW3W,263
11794,海南红泰阳健康养老产业发展有限公司,91460000MA5TXQKT8R,263
11795,海南红适泽贸易有限公司,91460000MAE6E49Y0U,263
11796,海南红适瑞贸易有限公司,91460000MAE998AN3G,263
11797,海南红三平科技有限公司,91460200MA5T3TJ92F,263
11798,海南红润光学有限公司,91460000MAA92FMPX4,263
11799,海南红鸥实业有限公司,91460108MACTJLRK11,263
11800,海南红糯农业科技开发有限公司,91460000MACQ1E8E1E,263
11801,海南红乐豆农业科技发展有限公司,91460106MADNYPB64Y,263
11802,海南红鉴科技有限公司,91460000MACNDDAQ2P,263
11803,海南红佳工程管理服务有限责任公司,91460108MADK6D5F10,263
11804,海南红瑚海洋科技有限公司,91460000MAEFH4YKX0,263
11805,海南红港物业管理有限公司,91460000MAA96T1958,263
11806,海南红赴泽贸易有限公司,91460200MADR725E5L,263
11807,海南红赴瑞贸易有限公司,91460200MADT4J4H51,263
11808,海南红赴方贸易有限公司,91460000MAEDRNYU6U,263
11809,海南红赴达贸易有限公司,91460000MAEEB1243A,263
11810,海南红达泽贸易有限公司,91460000MADJGTAN63,263
11811,海南红达双贸易有限公司,91460000MAE740AQ79,263
11812,海南红达瑞贸易有限公司,91460000MADGB7709F,263
11813,海南红达贸易有限公司,91460000MA5TQL2E9C,263
11814,海南红达林贸易有限公司,91460000MAE3A6FCXW,263
11815,海南洪音科技有限公司,91460000MA5TX78W46,263
11816,海南洪鑫德建筑有限公司,91460000MAEF55NK7Q,263
11817,海南洪协瑞贸易有限责任公司,91460200MA5T54BHX4,263
11818,海南洪泰实业有限公司,91460400MA5U08W841,263
11819,海南洪龙投资有限公司,91460000MAD3L9125M,263
11820,海南洪靖科技有限公司,91220107MA17HF8779,263
11821,海南洪核科技有限责任公司,91460000MAC63HGE3Q,263
11822,海南洪昊华硕商贸有限公司,91460000MACG02T97Y,263
11823,海南泓洲贸易有限公司,91460000MAD1HKEC6Q,263
11824,海南泓源生物科技有限公司,91460000MA5U2A7061,263
11825,海南泓鑫信息科技服务有限责任公司,91460000MAG1NLQ13D,263
11826,海南泓翔晟天进出口贸易有限责任公司,91460000MA5TRAM741,263
11827,海南泓太智慧商圈科技有限公司,91460000MA5TJGBL1H,263
11828,海南泓启晟贸易有限公司,91460000MA5T918G6R,263
11829,海南泓霖科技有限公司,91460000MAE8A4B80N,263
11830,海南泓利商贸有限公司,91460000MAC8DTG40Q,263
11831,海南泓澜科技有限公司,91460000MAEW962J5P,263
11832,海南泓科生物科技有限公司,91460100MA5RDG8J1A,263
11833,海南泓康科技有限公司,91460000MACJ63LA29,263
11834,海南泓景科技有限公司,91460000MAETJWF807,264
11835,海南泓道智建建筑工程有限公司,91460000MA5TWNEX9D,264
11836,海南泓道科技产业发展有限公司,91469028MA5TJ7JF9X,264
11837,海南泓晟通达农业发展有限公司,91460000MABQ901Y43,264
11838,海南泓安商务服务有限公司,91460000MACRJKFT46,264
11839,海南弘志石化能源有限公司,91460000MA5TWKA484,264
11840,海南弘益投资有限公司,91460100MACCUKEG8U,264
11841,海南弘轩阁房地产有限公司,91460000MA5TRF5J82,264
11842,海南弘兴福源贸易有限公司,91460000MA5U0Q899Y,264
11843,海南弘欣扬进出口贸易有限公司,91460000MAC7ENLJ3F,264
11844,海南弘穗昌科技有限公司,91460000MA5TDXC0XG,264
11845,海南弘顺建筑工程有限公司,91469025MA5TK04QXF,264
11846,海南弘森劳务服务有限公司,91460108MAA99XAN4B,264
11847,海南弘睿国际贸易有限公司,91460000MAELK6LE5J,264
11848,海南弘琪新材料科技有限公司,91360982MADA1XC52X,264
11849,海南弘耐欧贸易有限公司,91469028MADW6HH315,264
11850,海南弘霖建筑工程有限公司,91460000MACTUTKD11,264
11851,海南弘亮电力工程有限公司,91460000MAENJ1RE6B,264
11852,海南弘开传感科技有限公司,91469002MA5TW1Y65Q,264
11853,海南弘景成星投资有限公司,91460000MAE22TQP4X,264
11854,海南弘和富建筑工程有限公司,91460200MA5RDG8147,264
11855,海南弘豪贸易有限公司,91460200MA5RDXWW7U,264
11856,海南弘海科技有限公司,91460000MACBDBT120,264
11857,海南弘德农林技术有限公司,91460000MAC0NYKC26,264
11858,海南弘道鲲鹏科技有限责任公司,91210242MABM7FH047,264
11859,海南弘创网络科技有限公司,91460000MACKT7AC69,264
11860,海南弘博科技有限公司,91460000MA5TUERW86,264
11861,海南弘勃贸易有限公司,91460000MAEWYNA03J,264
11862,海南弘傲服务咨询有限公司,91460000MA7K98K65P,264
11863,海南宏正生物科技有限公司,91460000MA7JNDNA66,264
11864,海南宏泽现代农业有限公司,91460000MA5TWT1L4P,264
11865,海南宏泽达道路运输业有限公司,91460000MAA967WX99,264
11866,海南宏越泰科技发展有限公司,91460108MAD1RUPK3A,264
11867,海南宏远智通投资发展合伙企业（有限合伙）,91469036MA5TXJB55N,264
11868,海南宏禹建筑劳务有限公司,91460000MACYEW2W8R,264
11869,海南宏盈建筑工程机械租赁有限公司,91460000MAD3FCEW9M,264
11870,海南宏毅商务服务有限责任公司,91460200MA5T5A0X79,264
11871,海南宏亿建设工程有限公司,91460000MAENMM8E9U,264
11872,海南宏一网络科技有限公司,91460200MA5RHYXE0K,264
11873,海南宏洋云图地理信息技术有限公司,91460108MAA8YJPE3A,264
11874,海南宏鑫盈贸易有限公司,91460000MA5T7UM616,264
11875,海南宏翔誉商贸有限公司,91460000MA5TX04X8A,264
11876,海南宏翔房地产开发有限公司,91460200552754679U,264
11877,海南宏网信息科技有限公司,91469007MA5TM15QXR,264
11878,海南宏图盛世文化创意产业有限公司,914602003241835016,264
11879,海南宏通实业有限公司,91460000MACAX59W03,265
11880,海南宏腾科技有限公司,91460000MAE8F6ET4U,265
11881,海南宏腾晟泰旅游服务有限公司,91460200MA5RJA2M45,265
11882,海南宏坦运输有限公司,91460000MA5TX3K830,265
11883,海南宏泰国际贸易有限公司,91460100MA7LLAGA43,265
11884,海南宏世嘉城科技有限公司,91460000MADJDU1L97,265
11885,海南宏平隆进出口贸易有限责任公司,91460000MACJE6FUXM,265
11886,海南宏俊实业有限公司,91460000MA5U22AJ94,265
11887,海南宏绘海洋工程有限公司,91460000MAEGJQ3R11,265
11888,海南宏绘船舶科技发展有限公司,91460000MAEEYWUB98,265
11889,海南宏恒汽车租赁有限公司,91460000MAC6DYTK6B,265
11890,海南宏合投资有限责任公司,91460000MAEW20DEXT,265
11891,海南宏格金智贸易有限责任公司,91460000MA5TXY9612,265
11892,海南宏港贸易有限公司,91460000MACGE4RR38,265
11893,海南宏丰卓亚农业科技有限公司,91460000MAA966RUXW,265
11894,海南宏笃实业有限公司,91460200MA5RH1A347,265
11895,海南宏德芒果农业开发有限公司,91460000MA7KA5PW7D,265
11896,海南宏诚聚鑫进出口贸易有限公司,91460000MAC98PNX5A,265
11897,海南宏诚佳润建筑材料有限公司,91460000MAA90NTX00,265
11898,海南宏盛环境环卫工程有限公司,91460000MACUTDLQ6E,265
11899,海南宏成嘉进出口贸易有限公司,91460108MAA9AHT683,265
11900,海南宏昌疏浚工程有限公司,91460108MADP7TL557,265
11901,海南宏安胜业投资合伙企业（有限合伙）,91469006MABNMNJK58,265
11902,海南衡源商贸有限公司,91460000MA5TH4BD2Y,265
11903,海南衡友汇科技有限公司,91460000MAEXK1XN2P,265
11904,海南衡联金属制品业有限公司,91460000MAC9MH8A6K,265
11905,海南衡达贸易有限责任公司,91460000MACMQ8FD4D,265
11906,海南衡安科技有限公司,91460105MAA9A4RR12,265
11907,海南珩明人力资源服务有限公司,91469002MA5TUGYJ1D,265
11908,海南恒卓房地产经纪有限公司,91460200MA5T3N7R74,265
11909,海南恒泽立卓化工实业有限公司,91460000MA5TWENQ4C,265
11910,海南恒运通达进出口贸易有限公司,91460000MA7HPDWN93,265
11911,海南恒源石油化工有限公司,91460000MA5U2JWF25,265
11912,海南恒园信息科技有限公司,91460000MAECJCCX6N,265
11913,海南恒元物流有限公司,91460000MA7GNBQ56Q,265
11914,海南恒盈私募基金管理有限公司,91460200MAC6YDAD5A,265
11915,海南恒益天悦食品商贸有限责任公司,91460000MAEHU68X9G,265
11916,海南恒熠科技有限公司,91460000MAD9PQP05K,265
11917,海南恒溢源企业管理合伙企业（有限合伙）,91469034MAA94AL9X3,265
11918,海南恒玺星航国际贸易有限公司,91460108MADR1YYK3U,265
11919,海南恒为科技有限公司,91460000MACE2XQB86,265
11920,海南恒同晟业科技有限公司,91460000MAC9NALDX7,265
11921,海南恒泰信投资有限公司,91460106MADK9UHJ3W,265
11922,海南恒泰茂源贸易有限公司,91460000MAEHNXJE99,265
11923,海南恒泰福海能源科技有限公司,91460000MAEK6NYE7X,265
11924,海南恒烁食品有限公司,91460000MA5TP91F2T,266
11925,海南恒时空科技创新有限公司,91460000MAENB11H1G,266
11926,海南恒生智能科技有限公司,91460000MAK164J84Q,266
11927,海南恒鹏科技有限公司,91460000MA5T9MLL7M,266
11928,海南恒农达农业有限公司,91460108MADL7FQQ7G,266
11929,海南恒宁科技贸易有限公司,91460000MA5U2CX74D,266
11930,海南恒鸣科技有限公司,91460108MACT62AJ2Y,266
11931,海南恒铭泰商贸有限公司,91460000MACJ1HAJ7N,266
11932,海南恒洺教育科技有限公司,91469026MADWYH941M,266
11933,海南恒明珠科技有限公司,91460000MADBE0R09D,266
11934,海南恒迈石科技有限公司,91460000MAC01T345W,266
11935,海南恒律投资有限公司,91460000MAD8NRHH4W,266
11936,海南恒砺材新型建筑材料有限公司,91460000MAEWW9GM2R,266
11937,海南恒凯装饰工程有限公司,91460000MA5TN9HW2B,266
11938,海南恒军能源科技有限公司,91460000MACHAQBP4X,266
11939,海南恒玖星健康产业有限公司,91460000MAK232Q96Y,266
11940,海南恒锦坤国际贸易进出口有限公司,91460106MABLKEPC05,266
11941,海南恒河旅游开发有限公司,91460000MAD2DGQU85,266
11942,海南恒鼎昌盛科技有限公司,91460000MAD444YM3A,266
11943,海南恒电未来科技有限公司,91460000MAECBU435H,266
11944,海南恒达丰农业开发股份有限公司,91460100MA5T7H2G0E,266
11945,海南恒创绿色农业科技有限公司,91460100MA5T6N5A1Q,266
11946,海南恒创华标科技有限公司,91460000MAA93KWD4Q,266
11947,海南恒超建材贸易有限公司,91460000MA5TW0HPX7,266
11948,海南恒昌盛农业生物技术有限公司,91460000MACE7R927E,266
11949,海南恒博毅科技有限公司,91460000MAC5T2R17X,266
11950,海南恒滨建筑安装有限公司,91460200MA5RH8K7XE,266
11951,海南亨途国际贸易有限公司,91460108MADBGBQC13,266
11952,海南亨泰文化体育传媒有限公司,91460000MAA92JT432,266
11953,海南亨泰通达贸易有限公司,91460000MAETE4A180,266
11954,海南亨厚酒店管理有限公司,91469031MA5TG7L45C,266
11955,海南亨丰实业有限公司三亚崖州区分公司,91460200676053890C,266
11956,海南亨丰矿产品有限公司,91460000MAETQQBW30,266
11957,海南黑芯科技有限公司,91460000MA7H7T8970,266
11958,海南黑匣子农业科技有限公司,91460105MAA98N245Q,266
11959,海南黑土青禾投资合伙企业（有限合伙）,91469006MACKPD2K5A,266
11960,海南黑蓝广告有限公司,91460000MA5T953B4Y,266
11961,海南黑刺农业科技集团有限公司,91460000MACD941X72,266
11962,海南鹤洲石油化工有限公司,91460000MA5TXET3XJ,266
11963,海南鹤云科技有限公司,91220101MA140N1YXX,266
11964,海南鹤乌虎数字技术有限公司,913713023104092661,266
11965,海南赫元投资有限公司,91460000MAEQQBA36N,266
11966,海南赫阳消防技术服务有限公司,91460000MAK2K7804L,266
11967,海南赫泰佳颜医疗器械有限公司,91460000MAEGD7M827,266
11968,海南赫尼威兰企业管理有限公司,91460000MAA99L19XE,266
11969,海南荷马私募基金管理有限公司,91460200MA5U02LK6F,267
11970,海南荷郦商贸有限公司,91460000MACQX5BU1L,267
11971,海南禾源咨询合伙企业（有限合伙）,91460000MAD77LDU09,267
11972,海南禾兴天下农业科技有限公司,91460000MAD9758525,267
11973,海南禾心农业科技有限公司,91460000MAEUDHX4XQ,267
11974,海南禾下有熊能源科技有限公司,91469031MADN1HXM36,267
11975,海南禾桐生物科技有限公司,91460000MA5T9H1R5U,267
11976,海南禾瑞田园农业科技有限公司,91460000MAE1LBPK04,267
11977,海南禾瑞锦诚科技有限公司,91460000MAE791K08L,267
11978,海南禾青青生态科技有限公司,91460000MAEF484W7R,267
11979,海南禾启春杏科技有限公司,91460106MAA9G9KW4D,267
11980,海南禾木信息科技有限公司,91460000MAA93W9C2N,267
11981,海南禾锦建筑工程有限公司,91460000MAE7EJ9T1J,267
11982,海南禾稼欢农业开发有限公司,91460100MA5TKA1X50,267
11983,海南禾光鑫盛科技有限公司,91460000MAD6FTL78U,267
11984,海南河洲农业发展有限公司,91460106MAA9A7Y38H,267
11985,海南河豚网络科技服务有限公司,91460000MAEQN7967T,267
11986,海南和卓农业发展有限公司,91460000MAC3JJ8R9W,267
11987,海南和筑新能源科技有限公司,91460000MAEU9U5G3M,267
11988,海南和衷投资有限公司,91460000MADD34PM9L,267
11989,海南和中堂收藏品有限公司,91460000MAD0AMFG1Q,267
11990,海南和悦文化传媒有限公司,91460000MA5TCRGU9G,267
11991,海南和元视景管理咨询有限公司,91460000MAK05KAM9A,267
11992,海南和兴顺商贸有限公司,91460000MACE4BG48Y,267
11993,海南和鑫科技有限公司,91460106MA5TYENH17,267
11994,海南和同基金管理有限公司,91360602309276937Q,267
11995,海南和天下建设工程有限公司,91460100MA5TJCPWXW,267
11996,海南和润隆旅游服务有限公司,91460000MACHEW0M8M,267
11997,海南和瑞锦贸易有限公司,91460000MAEG1LHN6C,267
11998,海南和其新能源科技有限公司,91460000MA5TYN9C6M,267
11999,海南和派生物科技有限公司,91460000MAE87DJC2J,267
12000,海南和年建筑工程有限公司,91460000MA5U0Y1U82,267
12001,海南和美信科食品有限公司,91469027MACC44053H,267
12002,海南和美信科农牧有限公司,91460000MACBTNWG45,267
12003,海南和路科技有限公司,91460000MA5TYU8785,267
12004,海南和境科技有限公司,91460000MAEJQMDQ79,267
12005,海南和合劳务服务有限公司,91460200MA5T72LXXL,267
12006,海南和盛兴业贸易有限公司,91460200MA5RC2BU7F,267
12007,海南和盛丰源科技有限公司,91460000MABM16A454,267
12008,海南和百源科技有限公司,91460000MAG02M8X8Q,267
12009,海南合智康贸易有限公司,91460000MAC127QN3H,267
12010,海南合之元企业管理中心（有限合伙）,91469007MA7G8R7W8K,267
12011,海南合正贸易有限公司,91460000MAK2RF5U0B,267
12012,海南合掌科技传媒有限公司,91460200394413608H,267
12013,海南合源联拓科技有限公司,91460106MACELQ5X93,267
12014,海南合育网络科技有限公司,91460000MA5TK7U1X6,268
12015,海南合盈财智互联网科技有限公司,91460000MAD5EC7D5F,268
12016,海南合医德昇供应链管理合伙企业（有限合伙）,91460000MADYH15X99,268
12017,海南合言网络科技有限公司,91460200MA5RJ8YX2P,268
12018,海南合鑫兄弟文化传媒有限公司,91460200MA5RHFXK85,268
12019,海南合泰荣科技有限公司,91460000MAC8M43F95,268
12020,海南合胜劳务有限公司,91460000MAA919NMXL,268
12021,海南合庆源科技有限公司,91460000MA5TUR3C75,268
12022,海南合念智能科技有限公司,91460000MAEHND9G7E,268
12023,海南合垄兴禾土地管理有限公司,91460000MAELR00C78,268
12024,海南合桂贸易有限公司,91460000MACR2C920G,268
12025,海南合诚美佳装潢装饰有限公司,91460200MACB90U92R,268
12026,海南合盛源健康管理有限公司,91460000MAEM259Q7C,268
12027,海南合晟昌国际贸易有限公司,91460000MA5U1C0R2D,268
12028,海南合必达财务咨询有限公司,91460200MADNHB346Q,268
12029,海南颢哲企业管理有限公司,91460000MAEA04A30K,268
12030,海南颢煜投资有限公司,91460000MAETD7TDX6,268
12031,海南颢澄生物科技有限公司,91460105MADMEUHY5W,268
12032,海南皓伟电气科技有限公司,91460000MAEDJL8A8Y,268
12033,海南皓硕农业科技有限公司,91460000MACKFPU082,268
12034,海南皓升宏远进出口供应链管理有限公司,91460000MACLQ6ET2X,268
12035,海南皓深科技有限公司,91460000MAE4BJ1B40,268
12036,海南皓竣投资有限公司,91460000MAE990E33R,268
12037,海南皓捷投资有限公司,91460000MAETQBMQ3N,268
12038,海南皓瀚云海实业有限公司,91460300MA5TGGED94,268
12039,海南皓邦优盟贸易有限公司,91460000MACNUGMC55,268
12040,海南灏润方互联网数据服务有限公司,91460000MA5T8TB56C,268
12041,海南淏瀚贸易有限公司,91460105MADKPNL01Y,268
12042,海南浩壮丽酒店管理有限公司,91460200MA5T28HW5W,268
12043,海南浩源科技有限公司,91460000MAC63B4N4L,268
12044,海南浩宇建筑劳务有限公司,91460000MACMCX549M,268
12045,海南浩翊科技有限公司,91460000MACYRKXW3P,268
12046,海南浩讯科技发展有限公司,91230108MA194NBU7L,268
12047,海南浩煊国际贸易有限公司,91469028MADW496P9T,268
12048,海南浩兴国际贸易有限公司,91460108MAC6HY464J,268
12049,海南浩衔互动娱乐有限公司,91469027MA5RC9ER0L,268
12050,海南浩思实业有限公司,91460200MA5RGX1A64,268
12051,海南浩然酒店管理有限公司,91460200MA5T2MTJ3D,268
12052,海南浩阔智能科技有限公司,91460000MAD3PP8C7A,268
12053,海南浩瞰科技有限公司,91460200MA5T715L7T,268
12054,海南浩行投资有限公司,91460000MAET36ER13,268
12055,海南浩海星科技发展有限公司,91460000MABR0DGL0C,268
12056,海南浩海昆成科技发展有限公司,91460000MA5U0LBE5U,268
12057,海南浩恩科技服务有限公司,91460000MABQ3CFF8P,268
12058,海南浩德环境管理有限公司,91460000MAE6BDB896,268
12059,海南浩成源科技有限公司,91460000MAC66Y1304,269
12060,海南浩宸供应链有限责任公司,91460000MAC4MARL3M,269
12061,海南昊之投资合伙企业（有限合伙）,91469033MAA94DBD77,269
12062,海南昊云管理咨询有限公司,91460000MAK104FT88,269
12063,海南昊跃科技有限公司,91460000MA5U12BR5W,269
12064,海南昊樾实业有限公司,91460000MAA94G1X55,269
12065,海南昊元昊商贸有限公司,91460000MA5TRWDL1R,269
12066,海南昊旺建材有限公司,91460000MABLPN0C3Q,269
12067,海南昊田科技有限公司,91460000MAD8YRH3XR,269
12068,海南昊蔬农业开发有限公司,91460000MAD7MJG00C,269
12069,海南昊昇科技有限公司,91460000MADGBN163D,269
12070,海南昊栾科技有限公司,91110111MA008TD61H,269
12071,海南昊丽投资有限公司,91460000MAC9CMM37G,269
12072,海南昊坤建筑工程有限公司,91460106MADGB6B52A,269
12073,海南昊佳商业管理有限公司,91460000MAE8TC940W,269
12074,海南昊和投资有限公司,91460108MABRX09Y70,269
12075,海南昊昶新能源有限公司,91460200MADWK22D31,269
12076,海南好账科技有限公司,91460000MA5U2TWB7A,269
12077,海南好侑货贸易有限公司,91460000MABLJRQE32,269
12078,海南好希纪选投资有限公司,91460000MA5TT0JW32,269
12079,海南好旺角建材贸易有限公司,91469027MADUNCND9B,269
12080,海南好人家房地产有限公司,91460200MA5T3KB89R,269
12081,海南好棉商业管理有限公司,91460000MABXRL5031,269
12082,海南好棉科技集团有限公司,91460000MA7HCFQL9K,269
12083,海南好客熊旅行社有限公司,91460200MACHE5PM3W,269
12084,海南好好天然科技有限公司,91460106MACYH5M9X0,269
12085,海南好好农业开发有限公司,91460000MAD2TQCAXY,269
12086,海南好风企服科技有限公司,91460000MAE1PL6W7T,269
12087,海南好辰光食品科技有限公司,91460000MADBEHJN2H,269
12088,海南豪智建筑工程有限公司,91460000MA5TPAXC44,269
12089,海南豪约客餐饮管理有限公司崖州招商花园里分公司,91460000MAD2MM3T92,269
12090,海南豪饮酒业有限公司,91460000MAA96UGR0M,269
12091,海南豪腾工程有限公司,91460000MA5TDPUP7X,269
12092,海南豪润化工科技有限公司,91460000MACD03DYXE,269
12093,海南豪江兴酒店管理有限公司,91460200MA5T1KA656,269
12094,海南豪锋测绘科技有限公司,91460200324072764F,269
12095,海南濠弘实业有限公司,91469002MAC4P8KY6L,269
12096,海南壕德源房地产有限公司,91460200MA5RJCCJ9Q,269
12097,海南行远互联网科技有限公司,91460108MA5TR94Q2D,269
12098,海南行天下运输服务有限公司,91460000MA5T8W4097,269
12099,海南行胜于言商贸有限公司,91460000MACD4XAG7M,269
12100,海南行商赋能科技有限公司,91460100MA5TXW8F3J,269
12101,海南行谦国际科技有限公司,91460000MAE98R7F5H,269
12102,海南航炜贸易有限责任公司,91460000MAC70GRU6N,269
12103,海南航天宏图信息技术有限公司,91460200MA5RHGWU6Q,269
12104,海南航拓海洋科技有限公司,91460000MA5TWR0A2A,270
12105,海南航海人科技有限公司,91460000MAD7UT9X7G,270
12106,海南桁原科技有限公司,91460000MAE4MG6D4D,270
12107,海南杭大投资有限公司,91460000MA5TFJM57L,270
12108,海南翰晔科技有限公司,91460000MAD209TT9B,270
12109,海南翰亚进出口贸易有限公司,91460106MA5TQK7B3P,270
12110,海南翰维领航科技有限公司,91460000MAK01NCJ3N,270
12111,海南翰广科技有限公司,91460000MACW4NJN1T,270
12112,海南瀚悦农业科技有限公司,91460000MAK2MUCN1Q,270
12113,海南瀚煜投资有限公司,91460108MAD5XPK35M,270
12114,海南瀚亚科技有限公司,91460000MAE9XM7U04,270
12115,海南瀚星世纪商贸有限公司三亚崖州文体中心分公司,91460000MAEDLM1PXC,270
12116,海南瀚翔泰投资控股有限公司,91460000MAE6PJCB2A,270
12117,海南瀚通源贸易有限公司,91460000MAEC5NR3XG,270
12118,海南瀚世光伏科技有限责任公司,91460200MA5T5BNF95,270
12119,海南瀚润投资有限公司,91460108MAA9ADBW5E,270
12120,海南瀚荣农业科技有限公司,91460000MAC7AERBXC,270
12121,海南瀚日机电工程有限公司,91460200MA5RHH042W,270
12122,海南瀚杰电力工程有限公司,91460000MACJG6579R,270
12123,海南瀚基投资合伙企业（有限合伙）,91460000MADBPEQ19K,270
12124,海南瀚海质诚科技有限公司,91460000MA5TK4JR4Q,270
12125,海南瀚海星际文化传媒有限公司,91460200MADQ7CDX8G,270
12126,海南瀚帆天美贸易有限公司,91460000MA5THF9P80,270
12127,海南瀚辰光翼生物科技有限公司,91460105MAA979PEXY,270
12128,海南汉洲科技有限公司,91460000MAD6JPXP2E,270
12129,海南汉永科技有限公司,91460106MADB7BDB11,270
12130,海南汉研种业科技有限公司,91460106MA5U1BDCX2,270
12131,海南汉崖科技有限公司,91460000MACYXTRF35,270
12132,海南汉通化工有限公司,91460000MA5U2KXM9X,270
12133,海南汉松勤投资中心（有限合伙）,91460000MABWPL9G8M,270
12134,海南汉数文化传媒有限公司,91460000MAA98YHM85,270
12135,海南汉普知识产权运营有限公司,91460100MA5RD3CT3H,270
12136,海南汉普知识产权代理有限公司三亚分公司,91460108MABQ697C0Q,270
12137,海南汉科农业开发有限公司,91460100MAA92K7DXC,270
12138,海南汉嘉投资有限公司,91460000MADCX4TN51,270
12139,海南汉道风酒店管理有限公司,91460200MA5T4JKT0E,270
12140,海南汉辰商贸有限公司,91460000MAC4XADY0G,270
12141,海南捍丰农业科技有限公司,91460107MADU5RJXX4,270
12142,海南韩磊酒店管理有限公司,91460200MA5T21A50B,270
12143,海南韩鸿运进出口贸易有限公司,91460000MAEJ1AUB3D,270
12144,海南邯武国际贸易有限公司,91460000MAE1680G98,270
12145,海南焓创科技有限公司,91460000MAEJ9UWD0L,270
12146,海南涵有经贸发展有限公司,91460000MAEFQ43P2D,270
12147,海南涵瑞科技有限公司,91460000MABXLTX6XL,270
12148,海南涵盛皓发旅游开发有限公司,91460000MACAK8N560,270
12149,海南涵博智远管理有限公司,91460108MADMXUMX2Q,271
12150,海南函栩投资有限公司,91460000MAG04Q3J3N,271
12151,海南函诺贸易有限公司,91460000MACY311PXP,271
12152,海南海住酒店管理有限公司,91460200MA5RF97W37,271
12153,海南海智信科技有限公司,91460000MACFP8633M,271
12154,海南海智澜投资有限公司,91460000MAE8D6QN0L,271
12155,海南海知悦教育科技有限公司,91460107MAA9A0M087,271
12156,海南海之悦信息技术有限公司,91460000MAC3EDHE68,271
12157,海南海之悦翻译有限公司,91460000MA5TW7W0XG,271
12158,海南海之音网络科技有限公司,91460000MAA98NMC8Q,271
12159,海南海之燕进出口贸易有限公司,91460000MAG1RCCQ6P,271
12160,海南海之信知识产权代理事务所（普通合伙）,91469005MABW81J89X,271
12161,海南海之美纳企业管理合伙企业（有限合伙）,91469005MA7GW84303,271
12162,海南海之柳电子商务有限公司,91460000MA5TWB5M9J,271
12163,海南海之汇科技有限公司,91460000MAC3F4R73U,271
12164,海南海之安信息科技有限公司,91469001MA5TMW0N8N,271
12165,海南海之安科创服务中心（有限合伙）,91460205MAC88DMX5C,271
12166,海南海之安产业促进中心有限公司,91460000MAC6P7LN14,271
12167,海南海泽金属科技有限公司,91460000MAE76F1T61,271
12168,海南海韵国际贸易有限公司,91460100MAC2RL486J,271
12169,海南海韵盛贸易有限公司,91460000MAE5HHRX81,271
12170,海南海云天网络技术有限公司,914602006651090432,271
12171,海南海岳文化传媒有限公司,91460000MACCUB1BXY,271
12172,海南海岳投资有限公司,91460108MACDFG911X,271
12173,海南海岳生物科技有限公司,91460000MAA98MK55M,271
12174,海南海岳集团有限公司,91460000MACCN01H05,271
12175,海南海远实业有限公司,91460000MA5TQYULXN,271
12176,海南海育科技发展有限公司,91460000MA5U1YM1XH,271
12177,海南海宇网络科技有限公司,91460000MABUYXL89K,271
12178,海南海宇建筑工程有限公司,91460107MACRWQNC38,271
12179,海南海赢农业科技有限公司,91460100MAA9A6063W,271
12180,海南海荧科技有限公司,91460108MACLGGT03D,271
12181,海南海盈信汇企业管理合伙企业（有限合伙）,91469005MAA97GH11M,271
12182,海南海瀛科技有限公司,91310115MAC9X6N773,271
12183,海南海驿通人力资源有限公司,91460000MAEKRLF789,271
12184,海南海逸通商贸有限公司,91460000MAEWBX984P,271
12185,海南海易宏机械设备有限公司,91460000MABNW09E4X,271
12186,海南海意科技有限公司,91460000MAE8DU4H7B,271
12187,海南海一石化有限公司,91460000MA5TX0JL57,271
12188,海南海研社知识产权代理有限公司,91460000MAEE169R5L,271
12189,海南海崖科技有限公司,91460000MABTBYAH9M,271
12190,海南海询科技有限公司,91460200082507103W,271
12191,海南海旭川智慧科技有限公司,91460000MA7N0B3K3U,271
12192,海南海新红利商贸有限责任公司,91460000MABQJU583Q,271
12193,海南海新宝智能科技有限公司,91460000MA5TTB8U74,271
12194,海南海详商贸有限公司,91460000MAA90WC07K,272
12195,海南海文居营销策划有限公司,91460000MACYBGFE3P,272
12196,海南海文居房地产有限公司,91460000MA5TWH1L1D,272
12197,海南海外仓供应链管理有限公司,91460000MA5TB6JT7K,272
12198,海南海天假期国际旅行社有限公司崖城南山花园营业部,91460200MA5T6LQM8C,272
12199,海南海天假期国际旅行社有限公司三亚市崖州区营业部,91460200MA5T7K2Y63,272
12200,海南海忒龙石油化工有限公司,91460000MA5U03ET8P,272
12201,海南海泰斯技术有限公司,91460000MA5TYJX34T,272
12202,海南海速劳务有限公司,91460000MA5TLY9M7E,272
12203,海南海事环保科技有限公司,91460100MA5TR1LB6R,272
12204,海南海世行运输服务有限公司,91460000MA5T8UQ2XH,272
12205,海南海胜坤农业开发有限公司,91460108MA7N0Y6795,272
12206,海南海笙信息科技有限公司,91469025MA5TXAPN7T,272
12207,海南海声海洋科技有限公司,91460107MADXL7GG7E,272
12208,海南海上农业科技有限公司,91460000MACLAJYD75,272
12209,海南海润珍珠股份有限公司崖州科技城店,91460000MAK0D8UN5X,272
12210,海南海润珍珠股份有限公司,91460000698905580F,272
12211,海南海润益农生物科技有限公司,91460000MA7GWD5B60,272
12212,海南海润康元科技有限公司,91460000MAK14D538P,272
12213,海南海瑞汽车租赁有限公司,91460000MAD4WDB8XC,272
12214,海南海氢科技有限公司,91460200MADPRDT356,272
12215,海南海沁建材有限公司,91460200MA5T5H4W35,272
12216,海南海琴贸易有限公司,91460105MAD81NYP7B,272
12217,海南海平合泰科技有限公司,91469027MADMD73BX2,272
12218,海南海诺辉装饰工程有限公司,91460200MA5REJWQ5R,272
12219,海南海柠科技有限公司,91230607MA19AH42XW,272
12220,海南海能深油田科技有限公司,91460000MABNTX4449,272
12221,海南海能科咨询有限公司,91460106MADRJ96F4H,272
12222,海南海能科技服务有限公司,91460000MACF6G6668,272
12223,海南海纳百河投资控股有限公司,91460108MAD9L09X0N,272
12224,海南海纳百川供应链管理服务有限公司,91460000MA7NBF1P2K,272
12225,海南海沐科技有限公司,91460000MAA95HCT00,272
12226,海南海明志海洋科技有限公司,91460000MA5TX35B2G,272
12227,海南海贸能源有限公司,91460000MA5TC61HXM,272
12228,海南海茂汽车服务有限公司,91460000MA5TTERB04,272
12229,海南海茂农业科技有限公司,91460000MA5TWH513N,272
12230,海南海芒生物科技有限公司,91460000MAA95D2W0C,272
12231,海南海劢医疗科技有限公司,91460000MAD98D2E57,272
12232,海南海旅房地产有限责任公司,914600006811926337,272
12233,海南海路通石化有限公司,91460000MA5U0N4R2L,272
12234,海南海铃科技有限公司,91460000MAE0RYTC5T,272
12235,海南海玲鑫投资有限公司,91460000MABT7FH357,272
12236,海南海利汇超市有限公司崖州区分公司,91460000MAEETEL482,272
12237,海南海兰之家贸易商行（个人独资）,91460000MAA904GR7N,272
12238,海南海控人才服务有限公司三亚分公司,91460108MADABCU97H,272
12239,海南海垦顺达置业投资有限公司,91460200MA5T3RYRXG,273
12240,海南海科芯科技有限公司,91460000MAG0Y7EU53,273
12241,海南海科清洁能源科技有限公司,91460000MA5TTT8P56,273
12242,海南海科达科技有限公司,91460106MAA9AFC486,273
12243,海南海峻贸易有限公司,91460200MA5RCY5P5D,273
12244,海南海洁实业有限公司,91460000MA7HCJ3NX2,273
12245,海南海角旅游服务有限公司,91460000MAE178LB76,273
12246,海南海交科科技有限公司,91460000MA5TH2P0XT,273
12247,海南海机建设工程有限公司,91460000MAC2EMWC95,273
12248,海南海绘科技有限公司,91460000MAK0Q3TH7A,273
12249,海南海会信息技术有限公司,91460100MAD70LQL1J,273
12250,海南海会实业有限公司,91460107MAA8YJL54L,273
12251,海南海鸿智能科技有限公司,91460000MACMKW6B3Y,273
12252,海南海恒汇贸易有限公司,91460000MADJ91R36R,273
12253,海南海龟商务服务有限公司,91460000MA7K1X3W4A,273
12254,海南海港湾科技有限公司,91460000MAE00Q3P7W,273
12255,海南海富源投资有限公司,91469027MADE77QKX1,273
12256,海南海枫青文化发展有限公司,91460000MA5TYCMX0G,273
12257,海南海帆起航科技有限公司,91469002MAC8AQ052U,273
12258,海南海电物联科技有限责任公司,91460000MAEGNP8D8E,273
12259,海南海德禹泽投资有限公司,91460000MAEUX7E91M,273
12260,海南海德辰禾科技有限公司,91460000MAE6A6084X,273
12261,海南海岛甄选旅游客运有限公司,91469001MA5TGKT09Y,273
12262,海南海岛椰娘餐饮酒店管理有限公司,91460000MA5U0E5W5W,273
12263,海南海岛七号旅游有限公司,91460000MAD83F8Y4U,273
12264,海南海岛牧歌商务服务有限公司,91460000MA5TLCU35R,273
12265,海南海创农业科技发展有限公司,91460000MA7LMXP08Q,273
12266,海南海创和泰绿化工程有限公司,91460106MAD2APPY27,273
12267,海南海川电商产业服务中心（有限合伙）,91460106MA5U1C191B,273
12268,海南海晟科技发展有限公司,91460000MACL52AR5F,273
12269,海南海巢商贸有限责任公司,91460000MAER3B7N69,273
12270,海南海仓电子商务有限公司,91460000MA5TRE9J0Q,273
12271,海南海博力旅游会展服务有限公司,91469033MA5T8G2E7N,273
12272,海南哈耶克投资有限公司,91460000MADG26AG7X,273
12273,海南哈勃贸易有限公司,91460000MA5T9NFU5H,273
12274,海南哈勃科技有限公司,91460000MA5T9NKM1M,273
12275,海南果云农业科技有限公司,91460200MA5RD0FR8G,273
12276,海南果源电子商务有限公司,91460000MA5TKWAG3C,273
12277,海南果与诺健康管理有限公司,91460200MA5T4W271M,273
12278,海南果与诺环保科技有限公司,91460200MA5T70QM6D,273
12279,海南果香田园科技有限公司,91460000MAEDQW5R6F,273
12280,海南果然鑫动科技有限公司,91460000MA5U0JBG6J,273
12281,海南果然惠进出口贸易有限公司,91460000MADFLBCEX8,273
12282,海南果联国际贸易有限公司,91469033MA5T8UJ84H,273
12283,海南果菌科技有限公司,91460000MA5T7YQX9D,273
12284,海南果核科技有限责任公司,91460000MAEM6U2Q23,274
12285,海南果宝旅游咨询服务有限责任公司,91460000MA5TG3M75U,274
12286,海南国重数字科技有限公司,911401087832881423,274
12287,海南国智农业投资有限公司,91460000MA5U0JED0X,274
12288,海南国耘农业科技有限公司,91460000MACYL5M91L,274
12289,海南国岳科技有限公司,91460108MAA999P57C,274
12290,海南国源鸿业建设工程管理有限公司,91460000MAEX342Y0A,274
12291,海南国钰生物环保科技有限公司,91460000MAC5TFG129,274
12292,海南国豫商贸有限公司,91460108MAA9AR6J5E,274
12293,海南国玉众创生物技术合伙企业（有限合伙）,91469007MACY2XGP70,274
12294,海南国玉基因工程咨询合伙企业（有限合伙）,91469006MAA990UF6N,274
12295,海南国油石化能源有限公司,91460000MA5TY64R0G,274
12296,海南国赢石油化工有限公司,91469007MA5TYKYF1F,274
12297,海南国业熙朝国际投资有限公司,91460000MAEH7MHP9Y,274
12298,海南国焱文化传媒有限公司,91460000MA5TKFHT80,274
12299,海南国延科技有限公司,91460108MAD5515L9B,274
12300,海南国讯商贸有限公司,91460000MACCMHN7XY,274
12301,海南国信安邦私募股权投资基金合伙企业（有限合伙）,913202000763121152,274
12302,海南国芯生物科技投资有限公司,91460000MAC7DX655K,274
12303,海南国顺德投资有限公司,91460000MADH0BXM63,274
12304,海南国农玖玖生物科技有限公司,91469027MABP599687,274
12305,海南国铭建设工程有限公司,91469002MA5TUKAK88,274
12306,海南国科种业有限公司,91460000MAA91GX7XG,274
12307,海南国憬国际贸易有限公司,91460000MAEXBRMC4M,274
12308,海南国井新材料科技有限公司,91460000MABUJMTQ53,274
12309,海南国嘉环保节能科技有限公司,91469007MADQGJ1Y8Q,274
12310,海南国技优品门窗有限公司,91460106MACM8T8D97,274
12311,海南国宏伟再生资源回收有限公司,91460200MA5T7QC830,274
12312,海南国创聚能咨询服务有限公司,91460000MAD5UG4J3Y,274
12313,海南国邦子涵房地产有限公司,91460200MA5T1N6X99,274
12314,海南贵海盛商贸有限公司,91460000MAE5D7G68Y,274
12315,海南桂硕宝实业有限公司,91460000MABMPX6W3G,274
12316,海南氿汲控股有限公司,91460000MADYTMP76M,274
12317,海南规程网络科技有限公司,91460000MA7H9A2X45,274
12318,海南硅园文化科技有限公司,91460000MAD3WBQ54L,274
12319,海南硅蓝文化科技有限公司,91460000MAD007R954,274
12320,海南瑰宝科技研发有限公司,91469005MA5TQWBR2N,274
12321,海南归蓝房地产投资服务有限公司,91460000MAA93FCP12,274
12322,海南广志云海广告有限公司,91460000MAA8Y1ME5H,274
12323,海南广之聚贸易有限公司,91460000MACHJKF751,274
12324,海南广昭科技有限公司,91460000MA5TWT0X6H,274
12325,海南广源能源有限公司,91460000MA7KNHH085,274
12326,海南广源贸易有限公司,91460000MACJT9JXXB,274
12327,海南广源汇优农业科技有限公司,91460000MABXX0QR35,274
12328,海南广益丰建材有限公司,91460200MA5RGE8A9Q,274
12329,海南广阳实业有限公司,91460200MA5RF6J69U,275
12330,海南广信基因科技有限公司,91460000MAD7FKMB36,275
12331,海南广为农业有限公司,91460000MAA963RB6F,275
12332,海南广泰来实业发展有限公司,91460000MACBU0KG0E,275
12333,海南广泰来企业服务中心有限公司,91460108MACNJUH381,275
12334,海南广泰健康管理有限公司,91460000MACRG03E4W,275
12335,海南广厦间投资有限公司,91460000MADYKWM08M,275
12336,海南广森建筑工程有限公司,91460200MA5RDL7Q6C,275
12337,海南广陵热科南繁种业研发中心有限公司,91469034MA5T54430H,275
12338,海南广凌农业集团有限公司,91460000MA5THFH63C,275
12339,海南广联消防科技有限公司,91460000MAC4AW1F35,275
12340,海南广华靖浩商贸有限公司,91460000MACUEGAJ55,275
12341,海南广合贸易有限公司,91460000MA5T9DTK5N,275
12342,海南广翰新能源有限公司,91460000MAD39DU41N,275
12343,海南广沣软件有限公司,91340200336808038A,275
12344,海南广得亿博投资有限公司,91460000MAK05KJ9X9,275
12345,海南广辰进出口贸易有限公司,91460200MA5T53999B,275
12346,海南广潮投资有限公司,91460000MAEWXY151G,275
12347,海南广安大药堂连锁经营有限公司三亚崖城南山花园分店,914602003945602534,275
12348,海南光朗光电科技有限公司,91460000MAD61AY99R,275
12349,海南光巨智者科技有限公司,91460200MA5RHLB86H,275
12350,海南光焕能智能科技有限公司,91460000MADGB3X03W,275
12351,海南光伏宝新能源科技有限公司,91460200MA5T3MUW1Y,275
12352,海南冠联美农业科技有限公司,91460000MACJQTE22G,275
12353,海南冠豪机械设备工程有限责任公司,91460000MA5TR7W453,275
12354,海南观山生态科技发展有限公司,91469001MACPD4FB9U,275
12355,海南观奇乐文化传播有限公司,91460200MA5T2FYE5T,275
12356,海南观澜教育科技中心（有限合伙）,91460000MAK1XYPD22,275
12357,海南固聚诚建筑工程有限公司,91460000MADK4XCN5N,275
12358,海南固锦桦建筑工程有限公司,91460200MA5T2C3H4U,275
12359,海南固锅泓建材贸易有限公司,91460200MA5T2E941M,275
12360,海南谷雨互动科技有限公司,91469006MADTKEPP8F,275
12361,海南谷信投资有限公司,91460000MAEULRPFX2,275
12362,海南谷丰光电科技有限公司,91460000MA5TUCFF7E,275
12363,海南古禾生物科技有限公司,91460000MAC16UQH9E,275
12364,海南古从酒店管理有限公司,91460200MA5T28128G,275
12365,海南共通企业管理合伙企业（有限合伙）,91469005MADXA09U8J,275
12366,海南共数科技有限公司,91460000MA5U0LXM0R,275
12367,海南共生天道文化传媒有限公司,91460100MADW85H990,275
12368,海南共价键科技有限公司,91460000MAEAWM0B69,275
12369,海南共创异想科技有限公司,91460000MAK1J0TM2D,275
12370,海南共盛世进出口贸易有限公司,91460106MAA914WX36,275
12371,海南共承实业有限公司,91460000MAC8CTL12T,275
12372,海南恭喜文化旅游有限公司,91460000MAA8YPX14D,275
12373,海南恭熙知识产权服务有限公司,91460000MACQ6NE82X,275
12374,海南工利贸易有限责任公司,91460000MAE94HFG57,276
12375,海南工科智砼工程科技有限公司,91460000MACUHJ334G,276
12376,海南工创投资合伙企业（有限合伙）,91460000MAD29X7M67,276
12377,海南工博生物科技有限公司,91460000MAEWJYN20C,276
12378,海南更铁农业有限公司,91460107MADM7CY834,276
12379,海南根申生物科技有限公司,91460000MA5TWH7LX6,276
12380,海南格耘种业有限公司,91469001MADGXG4717,276
12381,海南格箫科技有限公司,91460000MADH2H0F63,276
12382,海南格斯拉国际贸易有限公司,91460105MAA9AC0D74,276
12383,海南格罗方达供应链管理有限公司,91460000MA5TRR9F3E,276
12384,海南格伦尼企业管理有限公司,91460000MAD50F1TXE,276
12385,海南格林盾贸易有限责任公司,91460000MACUATPE3X,276
12386,海南格利南硕贸易有限公司,91460400MA5TRFJ1X0,276
12387,海南格澜科技有限公司,91460000MAD5BCBLXG,276
12388,海南格莱菲德农业科技有限公司,91460000MACDCU710Y,276
12389,海南格阔祥玛文化发展有限公司,91460000MAE2DRX5X3,276
12390,海南菏盛管理咨询有限公司,91460000MACA5P6G24,276
12391,海南歌弦网络科技有限公司,91460000MA7HXRBD52,276
12392,海南歌珊科技投资有限公司,91460000MADAH6RN94,276
12393,海南戈芯投资有限公司,91460000MAE93DWT3G,276
12394,海南戈润科技有限公司,91460000MAG2EDFR6E,276
12395,海南郜智科技有限公司,91460000MAEB0T0E6A,276
12396,海南高众文化旅游产业发展有限公司,91460000MACWH284XA,276
12397,海南高瞻揽胜工程咨询设计有限公司,91460000MAA8YLFB06,276
12398,海南高聿商业管理有限公司,91460000MA5TGHMR7R,276
12399,海南高聿人力资源管理有限公司,91460000MA5U0YGWX9,276
12400,海南高兴文化传媒有限公司,91460000MA5TY15371,276
12401,海南高兴互娱文化传媒有限公司,91460000MA5TY1MR10,276
12402,海南高信鼎世科技有限公司,91460000MAD81R7B12,276
12403,海南高算软件开发有限公司,911401053170521166,276
12404,海南高森建筑装饰装修工程有限公司,91460200MA5RJW28X7,276
12405,海南高岭投资合伙企业（有限合伙）,91460400MA5TMKDW1N,276
12406,海南高华技术咨询有限公司,91460108MAD0K4HA0E,276
12407,海南高海文化投资发展有限责任公司,91469028MADW04684Q,276
12408,海南高国佳企业管理有限公司,91460000MAET4G1E5A,276
12409,海南高光时刻信息技术中心（有限合伙）,91469033MA5TW69J62,276
12410,海南高大尚国际海洋种质资源开发有限公司,91469033MA5TKRTE4U,276
12411,海南高标石油化工有限公司,91460000MA5TW8J0XY,276
12412,海南皋翔进出口贸易有限公司,91460000MAETP7E70F,276
12413,海南港岩建设工程有限公司,91469007MA5TTWJY7F,276
12414,海南港信孵化器有限公司三亚分公司,91460000MAA98FNW66,276
12415,海南港通壹普贸易有限公司,91460000MAK1UKW224,276
12416,海南港昇高科技发展有限公司,91460000MAEXYRAB5C,276
12417,海南港德科技有限公司,91460000MACLTREW0J,276
12418,海南港城房地产有限公司,91460108MADK71GE6X,276
12419,海南钢满满投资有限公司,91460000MAD89TU74X,277
12420,海南刚斌发贸易有限责任公司,91460000MA7N5T592W,277
12421,海南赣汇科技有限公司,91460000MAK29FC879,277
12422,海南赣繁种业有限公司,91460000MAD1D0ER2H,277
12423,海南淦生源创业投资中心（有限合伙）,91460000MACGJ3UH59,277
12424,海南感质教育科技有限公司,91460000MAE0EPWT86,277
12425,海南感知智能信息技术中心（有限合伙）,91469002MA5TXJ4T7J,277
12426,海南感知力数字科技有限公司,91460000MAELTRBM30,277
12427,海南感谢遇见餐饮管理有限公司,91460000MA5U13LK4X,277
12428,海南盖迪特酒店管理有限公司,91460200MA5T547217,277
12429,海南盖茨比远航电力工程有限公司,91460108MAA986HF4X,277
12430,海南伽音瑜伽普拉提科技有限公司,91460000MAK1PKRR8E,277
12431,海南伽夏生态农业开发有限公司,91460000MACGJBPC44,277
12432,海南赋晟企业管理有限公司,91460000MAA90YUA9P,277
12433,海南富曜国际贸易有限公司,91460000MAEMUPHR32,277
12434,海南富欣华贸易有限公司,91460000MABMNEH256,277
12435,海南富玺国际贸易有限公司,91460000MA5U1CEB08,277
12436,海南富烯新材料科技有限公司,91460000MAE8A5CD0Q,277
12437,海南富生金投资有限公司,91460000MA7M8U718E,277
12438,海南富燃天然气有限公司,91460000MAE2NKTRX1,277
12439,海南富强科技服务有限公司,91460000MAE8867W66,277
12440,海南富麟企业管理合伙企业（有限合伙）,91460000MAA91G766B,277
12441,海南富励建筑劳务有限公司,91460000MAD0F94TXB,277
12442,海南富勒琳家居有限公司,91460000MACHRYPG4A,277
12443,海南富荟生物科技有限公司,91460000MAA96FGL0R,277
12444,海南富惠达投资有限公司,91460000MADBUJ3M5G,277
12445,海南富会投资有限公司,91460204MACCX9U48F,277
12446,海南富华璟园生态科技发展有限公司,91460000MAE90G5Q9W,277
12447,海南富豪科技有限公司,91370211MA3TQ9RT4M,277
12448,海南富海石油化工有限公司,91460108MADFQB022U,277
12449,海南富馥贸易有限公司,91469030MA5TTLUM9Y,277
12450,海南富东粮科技有限责任公司,91210211MAC5UDCX9L,277
12451,海南富德物业服务有限公司,91460000MAA9224U00,277
12452,海南富德隆科技有限公司,91460000MACKPXFJ4D,277
12453,海南富盛双通建材贸易有限公司,91460000MADJT6ECXK,277
12454,海南富盛美龙建材贸易有限公司,91460000MA5TE0GC9U,277
12455,海南富邦石油化工有限公司,91460000MA5TU7NNXD,277
12456,海南富安居商务有限公司,91460000MA5TQDJB0M,277
12457,海南富安居房地产投资服务有限公司,91460200MA5RDFEX1M,277
12458,海南复星投资有限公司,91460000MAG0FTA27X,277
12459,海南复润投资有限公司,91460000MADK7Y245R,277
12460,海南复明眼科门诊部有限责任公司,91460106MAD8Q2DR93,277
12461,海南复诚进出口贸易有限公司,91460100MA5T9D6M5C,277
12462,海南付兴餐饮管理有限公司,91460000MACXMTLD8M,277
12463,海南黻班企业管理有限公司,91460108MAA9AHCC9W,277
12464,海南辐探遥感科技有限公司,91460000MA7HF3670L,278
12465,海南芙锐思植物新品种科技发展有限公司,91460000MAA905Y112,278
12466,海南芙芙欲贸易有限公司,91460000MABMGX8G6J,278
12467,海南福众石油化工有限公司,91460000MA5U2LBR2D,278
12468,海南福智多设计装饰工程有限公司,91460200MA5RFBFD4N,278
12469,海南福臻嘉居文化科技有限公司,91460108MADKK2Q5XD,278
12470,海南福泽鑫贸易有限公司,91460000MACA1F3P84,278
12471,海南福元环境工程有限公司,91460000MA5T8C5868,278
12472,海南福邑商务咨询有限公司,91460108MACNXYR63W,278
12473,海南福曜旅游发展有限公司,91460108MAD00UWKX3,278
12474,海南福垚信息科技有限公司,91110108MA7C93DJ6Y,278
12475,海南福欣农业发展有限公司,91460000MA5TAYXK34,278
12476,海南福翔德贸易有限公司,91460000MACAP6MHXE,278
12477,海南福昇科技有限公司,91460000MAEWUN3T4H,278
12478,海南福瑞顺金商贸有限公司,91460000MADH50QL0A,278
12479,海南福瑞康养老服务有限责任公司,91460000MA5TUJCB4B,278
12480,海南福瑞金太阳农业科技有限公司,91460000MAEAUR2F4P,278
12481,海南福瑞达隆新材料有限公司,91460000MAEF9DDQ6G,278
12482,海南福勤食品咨询合伙企业（普通合伙）,91469006MA5TY4340W,278
12483,海南福农高科有限公司,91460000MACFGKM637,278
12484,海南福民农业服务有限公司,91460000MAEK90MA1C,278
12485,海南福矿国际贸易有限公司,91460000MABXHMXY81,278
12486,海南福康汇科技有限公司,91460000MA7M9X9W8U,278
12487,海南福聚地房地产营销策划有限公司,91460200MA5REL258A,278
12488,海南福玖数字科技有限公司,91620100MA74UTAH95,278
12489,海南福晶信息科技有限公司,91460000MAC4FQ443L,278
12490,海南福今生物科技有限公司,91460000MA5TYENQ5Y,278
12491,海南福鸿农业科技有限公司,91460000MADFPKMF8C,278
12492,海南福海创业科技贸易股份有限公司,91460106MAC4AY5R2D,278
12493,海南福海餐饮连锁有限公司,91460108MAC5N7LJ71,278
12494,海南福广旺道贸易有限公司,91460000MACJ01DK57,278
12495,海南福冠汽车服务有限公司,91460106MADPD6CY5L,278
12496,海南福港宇能电力科技有限公司,91460000MAE991G71A,278
12497,海南福到娱乐文化有限公司,91460000MA7K2DU640,278
12498,海南福达德创国际贸易有限公司,91460000MAEDDRLN04,278
12499,海南福晟商贸有限公司,91460000MAA8Y1MA24,278
12500,海南福必达食品科技管理有限公司,91460000MADY0X917K,278
12501,海南福安科技有限公司,91460000MAEWRFKT4A,278
12502,海南弗瑞登科技有限公司,91460000MA5U2AL99D,278
12503,海南孚众商贸合伙企业（有限合伙）,91460000MACT6FU69X,278
12504,海南孚智科技发展有限公司,91460000MADKXJWT1B,278
12505,海南孚清合创科技有限公司,91460000MAC6K6FK97,278
12506,海南孚惠养殖有限公司,91460107MACYTFJY80,278
12507,海南孚亨科技有限公司,91460000MAD4NK4932,278
12508,海南敷鑫宇酒店管理有限公司,91460000MABM4X7036,278
12509,海南奉天承运农业开发有限公司,91460200MA5RHTKBXL,279
12510,海南凤泽工程服务有限公司,91460000MAA913FF51,279
12511,海南凤栖梧酒店管理有限公司,91460200MA5RJ0PP8J,279
12512,海南凤德荣洲科技有限公司,91610800MA7096347K,279
12513,海南风之子科技有限公司,91410307MA45KTJE2R,279
12514,海南风之弦文化传媒有限公司,91460000MABXYMC68C,279
12515,海南风云体育产业发展有限公司,91460100MA5TN3C7XN,279
12516,海南风语筑数字科技有限公司,91460000MA5T8DWY3F,279
12517,海南风雅颂文化有限公司,91460000MABQR74J8J,279
12518,海南风舞汇文化传媒有限公司,91460000MACYXXHJ3G,279
12519,海南风土实业有限公司,91460000MAD9RB1P76,279
12520,海南风顺科技有限公司,91460000MAEKRRNJ31,279
12521,海南锋钊投资有限责任公司,91460000MAEXQRQL5N,279
12522,海南锋驰商贸有限公司,91460000MADAWBMM46,279
12523,海南锋测生物科技有限公司,91110108MA01K1MU5R,279
12524,海南蜂保康生物科技有限公司,91460106MADKNBJR64,279
12525,海南沣裕商贸有限公司,91460000MAER61WD2R,279
12526,海南沣友农业贸易有限公司,91460000MACW03G754,279
12527,海南沣赢实业有限公司,91460106MABUBYHB59,279
12528,海南沣力企业管理合伙企业（有限合伙）,91460000MADFQULM1Q,279
12529,海南沣利达科技有限公司,91460000MA5T82X1X8,279
12530,海南沣鸿源农业科技有限公司,91460000MAE1UEFD72,279
12531,海南沣锋文旅科技有限公司,91460108MAA9ALCF46,279
12532,海南枫尊贸易有限公司,91460000MA5TXFKG1Q,279
12533,海南枫朔装饰材料工程有限公司,91460000MACHQHAR7D,279
12534,海南峰泽科技发展有限公司,914602000563827225,279
12535,海南峰远投资有限责任公司,91460000MAD74H2H79,279
12536,海南峰泰建筑装饰工程有限公司,91460200MA5RD1KH0D,279
12537,海南峰尚视界文旅有限公司,91460107MA5U2YJN61,279
12538,海南峰青园农业科技有限公司,91460000MACBPBP47Y,279
12539,海南峰登装饰工程有限公司,91460000MA5TAQFB31,279
12540,海南峰达实业有限公司,91460107MACJC61G5B,279
12541,海南封赫投资有限公司,91460106MAA9A2KL2X,279
12542,海南丰源汇科管理合伙企业（有限合伙）,91469005MAD6YGB99H,279
12543,海南丰誉广告有限公司,91460200MA5RJNJX8B,279
12544,海南丰玉科技合伙企业（有限合伙）,91460000MAE2D6GJ9F,279
12545,海南丰优国际贸易有限公司,91460107MAA9A2UF74,279
12546,海南丰盈农业科技有限公司,91460000MACLAEL12K,279
12547,海南丰野果业有限公司,91460106MAD1Q9NG51,279
12548,海南丰选黑猪产业科技有限公司,91460000MAE380Y72E,279
12549,海南丰晓农业发展有限公司,91460000MA5TEPLJ6M,279
12550,海南丰腾物流有限公司,91460000MACBRMQ79M,279
12551,海南丰收健康集团有限公司,91460000MAA91W0N4L,279
12552,海南丰胜益农农业科技有限公司,91460000MABR1T276P,279
12553,海南丰稔进出口贸易有限公司,91460000MADF63ARX2,279
12554,海南丰龙能源有限公司,91469002MADCLPTF1D,280
12555,海南丰隆珠宝有限公司,91460000MAE2QLFC7P,280
12556,海南丰连丰农业投资有限公司,91460000MAE0T36A98,280
12557,海南丰乐园农业有限公司,91460000MA5TJL9K4B,280
12558,海南丰乐农化科技有限公司,91460000MAD2TQ4741,280
12559,海南丰来实业有限公司,91460000MA5TYQWB2J,280
12560,海南丰克尔德商贸有限公司,91460000MABUPX3A16,280
12561,海南丰恺育种科技有限公司,91460000MAET966TXU,280
12562,海南丰锦科技有限公司,91460000MAEHMGFR8T,280
12563,海南丰稷园农业科技有限公司,91460000MAK088UH9E,280
12564,海南丰集物流有限公司,91460000MAC6E66B5Q,280
12565,海南丰厚科技有限公司,91460200324038582C,280
12566,海南丰和科技有限公司,91460000MACTBT9M1L,280
12567,海南丰行万佳农业科技有限公司,91460000MA5TWJ7U9N,280
12568,海南丰范建设工程有限公司,91460000MAE8246771,280
12569,海南丰度种业科技有限公司,91460106MAA995JFXL,280
12570,海南丰诚贸易有限公司,91460000MAE6KQ4H2F,280
12571,海南丰诚建材有限公司,91460000MA5THAG55P,280
12572,海南丰盛达实业有限公司,91469025MACE6U3D1J,280
12573,海南丰奥商贸有限公司,91460000MACL32FG66,280
12574,海南芬农农业发展有限公司,91460108MA5TQ9Y21F,280
12575,海南吩迪可辣伯酒业连锁管理有限公司,91460108MACN24KGXQ,280
12576,海南费舍尔生物科技中心（有限合伙）,91460000MABTQN032K,280
12577,海南斐蓝物业管理有限公司,91460200MA5RJPQJ3R,280
12578,海南飞悠游旅行社有限公司,91460000MA5TT55D2R,280
12579,海南飞流云遥智能科技有限公司,91460108MAD7H7ELXR,280
12580,海南飞蕾录酒店管理有限公司,91460200MA5T21LD6Y,280
12581,海南飞将文化传媒工作室（个人独资）,91469030MAC7NDXB6F,280
12582,海南飞佳网络技术有限公司,91460200MA5RGE8U2L,280
12583,海南飞凡时宇房地产经纪有限公司,91460200MA5T105F2G,280
12584,海南飞蛾投资有限公司,91460107MADLDJP795,280
12585,海南飞播科技投资有限公司,91460106MADNTU212E,280
12586,海南非药疗愈健康管理中心（有限合伙）,91460000MAD7KTJKXF,280
12587,海南霏彬波建筑工程有限公司,91460000MACHY44B6A,280
12588,海南蜚蠊肽生物科技有限公司,91460000MAE7LYJR8F,280
12589,海南菲芸亚酒店管理有限公司,91460200MA5T23RE81,280
12590,海南菲维特国际贸易有限公司,91460000MA5TXEDC1B,280
12591,海南菲瑞斯贸易有限公司,91460200MADP7YXF79,280
12592,海南菲尼特科技有限公司,91460000MACYT3MD2U,280
12593,海南菲莫斯工程咨询有限公司,91460000MA5U2R3M7F,280
12594,海南放量职业技能培训学校有限公司,91460000MAD7UR7N7N,280
12595,海南房友佳缘房地产有限公司,91460200MA5RD68GXU,280
12596,海南房窝网房地产有限公司,91460000MAC85QLD4Q,280
12597,海南芳洲甜源农业有限公司,91460200MA5RH7WF9L,280
12598,海南芳云贤建筑工程劳务有限公司,91460000MAC3KRXP9C,280
12599,海南芳晔跨境贸易有限公司,91460000MAE9YPL32H,281
12600,海南芳顺农业科技有限公司,91460000MAEE52ED3G,281
12601,海南芳芳姐旅游服务有限公司,91460106MACHC3FC1K,281
12602,海南方之科技发展有限公司,91460000MA5TT8L304,281
12603,海南方物云科技有限公司,91460000MA5TARNG8L,281
12604,海南方胜农业开发有限公司,91460000MAEGWU45XU,281
12605,海南方申投资有限公司,91460000MAE9LXD755,281
12606,海南坊宇科技投资有限公司,91460000MAEB2UJC4Y,281
12607,海南范瑞新材料科技有限公司,91460000MADECPUU3G,281
12608,海南范俊豪再生物资回收与批发有限公司,91460107MACX691L40,281
12609,海南泛雅信息技术有限公司,91460000MAC2F4EG34,281
12610,海南泛声网络科技有限公司,91460000MA7HG3P938,281
12611,海南梵一人力资源服务有限公司,91460000MAE7Q0B6XB,281
12612,海南梵翩医疗科技有限公司,91460000MA5TGQX35W,281
12613,海南繁种科技有限公司,91460000MA5TW1JW2M,281
12614,海南繁拓科技有限公司,91460000MAC1QYCC96,281
12615,海南繁农食品科技有限公司,91460000MADYW45L0Y,281
12616,海南繁贸农业科技有限公司,91460000MAC5C3JC69,281
12617,海南繁龙贸易有限公司,91460000MAEL60HTX8,281
12618,海南凡秀真酒店管理有限公司,91460200MA5T22B5X2,281
12619,海南凡泰斯克生物科技有限公司,91460105MAD7272BXW,281
12620,海南凡朵科技有限公司,91460000MAD4NYXH1H,281
12621,海南番果实业有限公司,91469027MA5TW6MN15,281
12622,海南帆孜建材贸易有限公司,91460000MACR5XN4X8,281
12623,海南帆洋科技有限公司,91460000MAETQA8848,281
12624,海南帆柯浩科技有限公司,91460000MAD6NMB526,281
12625,海南帆晟实业有限公司,91460000MA5U092T8Y,281
12626,海南法托利亚投资有限公司,91469036MA5TM59A5L,281
12627,海南发梓侨科技有限公司,91460000MAD7MT9K7P,281
12628,海南发奎安盈能源发展有限公司,91460000MABM86RK2M,281
12629,海南发控科城建设有限公司,91460100MAD978BP3N,281
12630,海南贰伍捌商贸有限公司,91460106MAA9AF3Q0Y,281
12631,海南二丁电子商务有限责任公司,91460000MAD8JDLW2D,281
12632,海南尔能投资有限公司,91460000MAEQPJQK38,281
12633,海南尔菲佛酒店管理有限公司,91460200MA5RJ8FP6Q,281
12634,海南恩普瑞科技有限公司,91610131MA6U1G821X,281
12635,海南恩沐旅游投资有限公司,91460200MA5RDDGX9B,281
12636,海南恩达峰格酒店管理有限公司,91460200MA5T1M7D97,281
12637,海南鳄珍鳄鱼产业科学研究有限公司,91469007MADWHQ0R4Y,281
12638,海南鄂融科技投资有限公司,91460108MAD9M73D3P,281
12639,海南朵哈教育有限责任公司,91460106MACM2K215B,281
12640,海南多圣资源科技有限公司,91460000MAE0J0T43D,281
12641,海南多仁建筑工程有限公司,91460000MAD3TFER2P,281
12642,海南多姆科技有限公司,91460000MADEAK8B3P,281
12643,海南多乐营销有限公司,91460000MABW46TM96,281
12644,海南多来鱼科技有限公司,91460000MACHTQEK6W,282
12645,海南多客网络科技有限公司,91460105MAA93EL1XM,282
12646,海南多宝鑫实业有限公司,91460000MACM2K696H,282
12647,海南哆亨果业有限公司,91460000MA5TYT0X74,282
12648,海南哆哆文化传媒有限责任公司,91460000MACLPGJ33G,282
12649,海南端擎网络科技有限公司,91460000MAEFJ7MRXG,282
12650,海南镀旺国际贸易有限公司,91460000MAER081U0W,282
12651,海南杜诺生物科技有限公司,91460000MABP7018XP,282
12652,海南度艺安广告有限公司,91460200MA5T282677,282
12653,海南度希越贸易有限公司,91460000MABNGLHE52,282
12654,海南度森互联网科技有限公司,91460000MAA94NBG98,282
12655,海南嘟奇汽车服务有限公司,91460000MA5TA0M317,282
12656,海南豆越农业科技有限公司,91460000MAE5LKQ01D,282
12657,海南斗金物业管理有限公司,91460200MA5T45FA5Q,282
12658,海南抖影文化传媒有限公司,91460000MABLMQ1J96,282
12659,海南抖客来科技有限公司,91460000MACWREQ09P,282
12660,海南都广科技有限公司,91460000MA7GN9709X,282
12661,海南都城国际科技发展有限公司,91110108MACMGX7L2T,282
12662,海南都城苍穹咨询管理合伙企业（有限合伙）,91469033MAA98KXM1D,282
12663,海南都邦生物科技有限公司,91460105MADB4MM96E,282
12664,海南栋菲投资有限公司,91469034MADW54QB3B,282
12665,海南栋秉坤机电设备有限公司,91460000MACJ3KP06Q,282
12666,海南东紫农业科技有限公司,91460000MACJ7BNT89,282
12667,海南东哲贸易有限公司,91460000MADXRJNC4Y,282
12668,海南东兆进出口贸易有限公司,91460000MA5TRKJB58,282
12669,海南东元鑫汇投资有限公司,91460000MADEQET40M,282
12670,海南东昱壹方投资有限公司,91460000MAE5EPJF5M,282
12671,海南东欣房地产经纪有限公司,91460200MA5TRQFQ9F,282
12672,海南东向瑞成科技有限公司,91460200MADMMCWN5R,282
12673,海南东享制造有限公司,91460000MAA96DF66R,282
12674,海南东西方教育科技股份有限公司,913100006782434441,282
12675,海南东吴养正科技有限公司,91460000MACE5X0L0M,282
12676,海南东社汽车维修有限公司三亚崖州区分公司,91460200MA5TGFRTXH,282
12677,海南东上汇科技有限公司,91460000MAD051NB7N,282
12678,海南东瑞盛兴海洋开发有限公司,91460200MA5RFDBT5Y,282
12679,海南东劢医疗科技有限公司,91460105MAD8RH212U,282
12680,海南东霖信息咨询服务有限公司,91460000MACU5MJ719,282
12681,海南东联建安建材工程有限公司,91460000MACDF9GF1Q,282
12682,海南东乐科技有限公司,91460000MACJ18LR8Q,282
12683,海南东疆智能科技有限公司,91460100MA5U2DJW2T,282
12684,海南东晖农业有限公司,91460100MA5U0J0L7G,282
12685,海南东冠国际贸易有限公司,91460107MAA99YHU9G,282
12686,海南东方运腾石油化工有限公司,91460000MA5TW2HHXF,282
12687,海南东方宁达新能源技术有限公司,91460000MABNJN5M66,282
12688,海南东方玖鼎国际贸易有限公司,91460000MAC8KRT38G,282
12689,海南东发绿球进出口贸易有限公司,91460000MA5TTHEE0E,283
12690,海南东堡科技有限公司,91460000MAETW4RJ1D,283
12691,海南东帮科技有限公司,91230102MA1CC7MT1C,283
12692,海南定华国际贸易有限公司,91460000MA5U2B6881,283
12693,海南定夺魁建材有限公司,91460000MABMQML96K,283
12694,海南鼎智建筑工程有限公司,91460100MA5THDR882,283
12695,海南鼎越企业管理咨询有限公司,91460000MAA90F6G3P,283
12696,海南鼎英贸易有限公司,91460000MAEBM4RR67,283
12697,海南鼎奕荣石油贸易有限公司,91460107MADX3QAF49,283
12698,海南鼎一新技术服务有限公司,91460000MAER3A9G9G,283
12699,海南鼎喜科技有限公司,91460107MACARN9PXX,283
12700,海南鼎文能源科技有限公司,91460000MA5TYDKQ3G,283
12701,海南鼎维商务服务有限公司,91460000MA5TA4YN2X,283
12702,海南鼎堂网络科技有限公司,91410100MA450J342X,283
12703,海南鼎泰达文旅健康投资有限责任公司,91460000MACJEX8Y1G,283
12704,海南鼎拓鑫供应链管理有限公司,91460000MAA91EPM67,283
12705,海南鼎世物流有限公司,91460000MAA99A8Q3W,283
12706,海南鼎明新能源科技有限公司,91460000MAD3QEL66U,283
12707,海南鼎极管家家政服务有限公司,91460105MAD1GD5B6Y,283
12708,海南鼎基科技有限公司,91460200MA5T7YJ98X,283
12709,海南鼎宏盛建筑工程机械租赁有限公司,91460100MAD4XD5A3Q,283
12710,海南鼎格中庶科技有限公司,91110111MACFX7K331,283
12711,海南鼎孚投资合伙企业（有限合伙）,91460000MAK1T4R48K,283
12712,海南鼎孚贸易有限公司,91460000MAK116BW8R,283
12713,海南鼎德投资发展有限公司,91460000MA5U1A84XA,283
12714,海南鼎程实业有限公司,91460200394559121E,283
12715,海南鼎盛世纪贸易有限公司,91460000MACGJY35X2,283
12716,海南鼎盛瑞祥土方工程有限公司,91460000MAE5P41A23,283
12717,海南鼎晟智远投资咨询有限公司,91460000MAEUKW1D93,283
12718,海南鼎承重诺信息技术有限公司,91460000MA5U00XY1M,283
12719,海南鼎承物流科技有限公司,91460000MAEP20JY5G,283
12720,海南鼎昂建筑工程有限公司,91469007MA5TPUQY4R,283
12721,海南钉铁银金属制品业有限公司,91460000MAA8Y92R6X,283
12722,海南丁灵科技合伙企业（有限合伙）,91460202MADQL59Y8R,283
12723,海南丁火科技有限公司,91460000MADND58G83,283
12724,海南丁丁酷娱文化有限公司,91460000MAEWCDK34F,283
12725,海南蝶飞科技有限公司,91460000MAE6R1CF7J,283
12726,海南点点头智能科技有限公司,91460200MA5T5BHU3J,283
12727,海南点点大王进出口贸易有限公司,91460000MA7JWT916F,283
12728,海南滇桂禾农业科技发展有限责任公司,91460000MAE9EQAB19,283
12729,海南蒂途科技有限公司,91460000MAEB1D1P4W,283
12730,海南棣华国际贸易有限公司,91460000MAE053R0X5,283
12731,海南帝图运营管理有限公司,91460000MAD51UDU08,283
12732,海南帝纳斯进出口贸易有限公司,91460000MADCUBJ49G,283
12733,海南地海科技有限公司,91460108MADEWUMF2G,283
12734,海南地得利科技发展有限公司,91460100MA5TRA2421,284
12735,海南迪普思企业管理咨询服务有限公司,91460000MAC23K8X2U,284
12736,海南迪米媛贸易有限公司,91460000MABPDPL7X7,284
12737,海南迪嘉科技有限公司,91469034MADN2F9U6Q,284
12738,海南迪堡特文化旅游有限公司,91460106MAA8YDH52T,284
12739,海南笛笛投资有限公司,91460108MA5TUN076Y,284
12740,海南滴顺汽车服务有限公司,91460000MA5TA42X00,284
12741,海南滴得汽车服务有限公司,91460000MA5TA0WF3H,284
12742,海南登丰恭酒店管理有限公司,91460200MA5T2GAL2D,284
12743,海南登丰畅农资有限公司,91460000MAEEHK6B0F,284
12744,海南灯塔海洋科技有限公司,91460000MA5TU3R491,284
12745,海南灯创联盟科技工程有限公司,91460200069656972P,284
12746,海南德中科金私募股权投资基金管理有限公司,91460000MAC8DK4239,284
12747,海南德育丰农业科技有限公司,91460000MAC5L7YF6B,284
12748,海南德禹科技有限公司,91460000MA5TUH7M7B,284
12749,海南德艺尚品装饰工程有限公司,91460200MA5REGKAX4,284
12750,海南德岩科技有限公司,91610103MA6UQPA761,284
12751,海南德信康医药科技有限公司,91460000MAG00CEM82,284
12752,海南德馨文韬商贸有限公司,91460000MAEMDMD653,284
12753,海南德鑫物流有限公司,91460108MAA9833G5W,284
12754,海南德翔农业综合服务有限公司,91460000MABU5P915L,284
12755,海南德祥堂药品经营连锁超市有限公司三亚崖州区分店,91460200MA5T6JM4XC,284
12756,海南德伟装饰工程有限公司,91460000MACE7UH935,284
12757,海南德维利豪建筑工程有限公司,91460000MABUXPCW0U,284
12758,海南德通建筑工程有限公司,91460000MAD433G86P,284
12759,海南德通机电设备有限公司,91460000MA7DMBMU72,284
12760,海南德润百年投资有限公司,91460000MAC54GE59L,284
12761,海南德锐思通光电科技有限公司,91460000MA5U263J5W,284
12762,海南德瑞通科技服务有限公司,91460200MADNUMCNXB,284
12763,海南德瑞科技有限公司,91460000MABLXEMY24,284
12764,海南德仁石油化工有限公司,91460000MA5TR5UM4D,284
12765,海南德普万科技有限公司,91460000MABM74R40R,284
12766,海南德普科技有限公司,91469033MAA987P729,284
12767,海南德迈尔装饰工程有限公司,91460200MA5RGEFB1Q,284
12768,海南德领科技有限公司,91460000MA7N8U7X05,284
12769,海南德凯宜创商业投资股份有限公司,91460200MA5RJATKXQ,284
12770,海南德聚源企业管理有限公司,91460000MACJLPND1H,284
12771,海南德金居投资有限公司,91469027MAC2YJHD2U,284
12772,海南德鉴建筑工程有限公司,91460000MA5T9UL58L,284
12773,海南德华方玉农业科技有限公司,91460000MAA97DNG4D,284
12774,海南德洪再生资源回收有限公司,91460000MA5TL3L33T,284
12775,海南德高成福建筑劳务有限公司,91460000MACA7Y2D8Y,284
12776,海南德丰银腾网络竞技有限公司,91460200MA5RH9BH7E,284
12777,海南德诚供应链管理有限公司,91460000MA5TUFYDXB,284
12778,海南得意船务有限公司,91460100MAA9G9N01H,284
12779,海南得意吧餐饮服务有限公司,91460000MAC70U3Q9F,285
12780,海南得一医疗健康科技有限公司,91460000MAEFRP5N1M,285
12781,海南得一新能源产业有限公司,91460108MACGKA8J6L,285
12782,海南得一环保科技有限公司,91460000MACH8F2G2W,285
12783,海南得一福宇新能源科技有限公司,91460000MAE6TQKF78,285
12784,海南得兴万泽咨询管理有限公司,91460000MACL188D2T,285
12785,海南得闲来料贸易有限公司,91460000MABNK9PG1H,285
12786,海南得睿科技有限公司,91460000MA5TX7MW3W,285
12787,海南得乐生现代农业科技有限公司,914601005787269671,285
12788,海南得海冷链物流有限公司,91460000MAA92XPF65,285
12789,海南得大自在企业管理有限公司,91460108MAD0CCHU2R,285
12790,海南得贝科技有限公司,91460100MADUPBDA97,285
12791,海南得安物业服务管理有限公司,91460106MA5TXR938C,285
12792,海南道之智慧科技有限公司,91460000MA5TWT9C1K,285
12793,海南道先文化教育科技有限公司,91460108MADWUFN94U,285
12794,海南道瑞斯生物科技有限公司,91469027MADQHBHPXH,285
12795,海南道乐能源有限公司,91460000MA5U1AW0XP,285
12796,海南道达网络科技有限责任公司,91460000MA5TLWD4X9,285
12797,海南道川信息科技有限公司,91410103MA47UEBU8A,285
12798,海南稻之源种业有限公司,91460105MADMKG5X5Y,285
12799,海南稻之蓝生物科技有限公司,91460108MADNT06T52,285
12800,海南稻田文化旅游发展有限公司,91460100MA5T25ME1X,285
12801,海南稻仁农业开发有限公司,91460108MAA9A4C21U,285
12802,海南岛优食品科技有限公司,91460000MAG265U566,285
12803,海南岛四美居餐饮有限公司,91469006MA5TLQQQ6E,285
12804,海南岛玲珑时空文化创意有限公司,91460000MA5TJWKF3N,285
12805,海南丹正半导体科技有限公司,91460000MACDQ3T64U,285
12806,海南丹帅投资有限公司,91460000MAE1E2275G,285
12807,海南丹若投资有限公司,91460000MAD3B3Y75E,285
12808,海南丹池网络科技有限公司,91460000MA7HXRB091,285
12809,海南戴可斯信息技术有限公司,91460000MADC3BM246,285
12810,海南岱舆科技有限责任公司,91460000MAK098RM6M,285
12811,海南代码飞舞信息科技有限公司,91460000MA5U1CQB7N,285
12812,海南代号云科技有限公司,91410183MACEK0GK6L,285
12813,海南大拙进出口贸易有限公司,91460108MADN626AXF,285
12814,海南大悦湾房地产有限公司,91460000MA5TGYH6XH,285
12815,海南大音贸易有限公司,91460000MAEA7EEC5H,285
12816,海南大义聚利投资合伙企业（有限合伙）,91460000MAEU8M8N2N,285
12817,海南大壹供应链管理有限公司,91460000MA5TT8UP89,285
12818,海南大项生态农业有限公司,91460105MAA9A17486,285
12819,海南大为农业科技有限公司,91460000MAA97MTM69,285
12820,海南大旺实业有限公司,91460000MAC6WM2G2N,285
12821,海南大鹏农业有限公司,91460108MACRQC403E,285
12822,海南大诺应急科技有限公司,91460000MAA8YLH54P,285
12823,海南大牛实业有限公司,91460100MA5RCXNM26,285
12824,海南大粮智慧农业科技有限公司,91460000MAK0EN1F1K,286
12825,海南大吉时代科技发展有限公司,91460000MA7KPR7M21,286
12826,海南大汉翔龙旅游文化有限公司,91460200MA5RF963X8,286
12827,海南大海湾水产养殖有限公司,91460100MA5RC1FW6P,286
12828,海南大方广贸易有限公司,91460108MAC7NCKB0P,286
12829,海南大地智慧科技有限公司,91220101MA15369W55,286
12830,海南大地农旅文化投资有限公司,91460200MA5T4DTC2R,286
12831,海南大地滨丰种业有限公司,91460000MAA96NQF7A,286
12832,海南大道至简畜牧业有限公司,91460000MACA2CQN53,286
12833,海南大成供应链管理有限责任公司,91469001MA5TUL9A2F,286
12834,海南大班策划与设计顾问有限公司,91460000620026201Q,286
12835,海南大白鲨网络科技有限公司,91460000MA5TE21P54,286
12836,海南达泽能源有限公司,91460400MA5TKUEX2T,286
12837,海南达熹投资有限公司,91460000MAEJ53UM6D,286
12838,海南达未图庆酒店管理有限公司,91460200MA5T1LJH56,286
12839,海南达通御驰贸易有限公司,91460000MAA8YF8F2L,286
12840,海南达舜投资有限公司,91460107MAA9AQGR1C,286
12841,海南达圣润丰医疗科技有限公司,91460000MAC3FYQT98,286
12842,海南达少贸易有限公司,91460107MACJTHQ73A,286
12843,海南达瑞物业服务有限公司,91469002MABYFU5L50,286
12844,海南达诺兴泰商贸有限公司,91460000MABRQKF03G,286
12845,海南达昊科技有限公司,91460000MAE2ULEQ7M,286
12846,海南达航实业有限公司,91460000MA7KFCPA3P,286
12847,海南达芬奇科技有限公司,91460000MA5TW04TXG,286
12848,海南达电新能源发展有限公司,91460000MAD9RKFH53,286
12849,海南达创科技有限公司,91460200MADWJXCXX6,286
12850,海南萃绿科技有限公司,91460106MADXJEYD59,286
12851,海南催化农业发展科技有限公司,91460000MA5TPA7944,286
12852,海南聪睿科技信息有限公司,91460000MAC851W42G,286
12853,海南聪仁科技服务有限公司,91469027MADAMBJU6Y,286
12854,海南聪成股权投资基金合伙企业（有限合伙）,91460000MAC1C9WF66,286
12855,海南赐宏实业有限公司,91460200MA5RCFLA2F,286
12856,海南慈宁健康管理有限公司,91460000MA5TR1WC4W,286
12857,海南慈兰恒业管理有限公司,91460000MAEW5J5P7U,286
12858,海南慈爱福贸易有限公司,91460100MA5T2HEP3C,286
12859,海南兹海科技有限责任公司,91460000MACTAYLKXW,286
12860,海南醇锋物流有限公司,91460000MAEJBB8Y9C,286
12861,海南纯投产业管理有限公司,91469028MACUKUNN19,286
12862,海南纯净农业科技有限公司,91460000MADHD8KL8E,286
12863,海南纯电之家汽车服务有限公司,91460106MADLH5C45R,286
12864,海南淳亿海商务服务有限公司,91460000MAA9979X9L,286
12865,海南淳风科技有限公司,91510107MAD5RPXF39,286
12866,海南椿渊农业发展有限公司,91460000MA5U2BW08M,286
12867,海南春之歌国际贸易有限公司,91460000MA5TU01G3W,286
12868,海南春泽湾科技有限公司,91460000MA5TDWKH7E,286
12869,海南春煜建材贸易有限公司,91460200MA5T3WDGXC,287
12870,海南春烨投资置业有限公司,91460107MADJ94X917,287
12871,海南春讯能源科技有限公司,91460000MAG0DP9D9L,287
12872,海南春腾商业管理有限责任公司,91460000MA7L1M1E5C,287
12873,海南春鹏贸易有限公司,91460000MA5TH6415J,287
12874,海南春宁全产业链科技发展合伙企业（有限合伙）,91469006MACN3DQ90A,287
12875,海南春妮维酒店管理有限公司,91460200MA5T2EYN6Y,287
12876,海南春蕾中越贸易有限公司,91460200MA5T52JH53,287
12877,海南春蕾天涯农业科技发展有限公司,91460200MA5RFC9290,287
12878,海南春蕾农业发展有限公司,91460000MAETW0T67C,287
12879,海南春蕾海洋水产有限公司,91469036MA5TJ041XX,287
12880,海南春蕾海洋生物科技有限公司,91460000MA5TWA8F83,287
12881,海南春蕾电力投资有限公司,91469007MA5TH7UEXQ,287
12882,海南春来农业科技有限公司,91460000MA5U0PQH6H,287
12883,海南春辉投资集团有限公司,91460106MAA9AFX411,287
12884,海南春繁置业有限公司,91469027MA5T9K4D8U,287
12885,海南春奥农业科技有限公司,91460000MAG022C33U,287
12886,海南创中世嘉文化传媒有限公司,91460000MAC51FDC0U,287
12887,海南创之巅建筑工程有限公司,91460100MA5TP74B3H,287
12888,海南创赢企业管理咨询合伙企业（有限合伙）,91460000MAEB9W8A18,287
12889,海南创盈卓雅商业投资股份有限公司,91460200MA5RJQBPXW,287
12890,海南创艺科技有限公司,91460000MAE2AET01F,287
12891,海南创意空间科技服务有限公司,91460000MA5TNG0J7J,287
12892,海南创耀农业有限公司,91460000MAD5F5YX7X,287
12893,海南创耀富博科技有限公司,91460200MA5RHH675B,287
12894,海南创新创业孵化基地有限公司,91460200348077869M,287
12895,海南创想至诚企业管理中心（有限合伙）,91110108MA00CKDN8R,287
12896,海南创视纪文化传媒有限公司,91460105MA5TTUE60U,287
12897,海南创软国容项目管理有限公司,91460000MAA9159J5G,287
12898,海南创庆石油化工有限公司,91460000MA5U1YEJ64,287
12899,海南创秦科转科技有限公司,91611105MA6TW1UK6L,287
12900,海南创桥网络科技有限公司,91460000MAEFB3G49D,287
12901,海南创米进出口贸易有限公司,91460000MA5TTNDB6C,287
12902,海南创联建筑工程有限公司,91460100MA5TKCEC1A,287
12903,海南创力士文化旅游产业发展有限公司,91460200MA5REHTT59,287
12904,海南创科实业有限公司,91460000MAA9538E44,287
12905,海南创见贸易有限公司,91460000MACTGN9C02,287
12906,海南创赫农业科技有限公司,91460000MAD9M6DQ0J,287
12907,海南创航科技有限公司,91220200MA1798L85P,287
12908,海南创翰科技有限公司,91110111MADKF5BT1T,287
12909,海南创冠嘉业科技有限公司,91460200MA5RGGYAX2,287
12910,海南创丰农业科技研发有限公司,91469025MADXDCRD29,287
12911,海南创大包装有限公司,91460200MA5T48M57H,287
12912,海南创盛业企业管理有限公司,91460000MACWC38616,287
12913,海南创辰建筑工程有限公司,91460000MA5TGP5Y8J,287
12914,海南创安居建筑装饰工程有限公司,91460200MA5REBUB8D,288
12915,海南传棋电子科技有限公司,91460000MAA8Y4RM0M,288
12916,海南川粤海科技有限公司,91460100MACN6LLR49,288
12917,海南川旺酒店管理有限公司三亚兴滨路分公司,91460200MA5T1M5N82,288
12918,海南川旗医疗器械有限公司,91460000MABYQJWK96,288
12919,海南川茂农业发展有限公司,91460000MA5TY8DQ5G,288
12920,海南川龙科技有限公司,91460000MADA37339E,288
12921,海南川澜信息技术有限公司,91469025MADEXHJW2A,288
12922,海南川际贸易有限公司崖州分公司,91460000MAA99PR88A,288
12923,海南川鸿商贸有限公司,91460000MADPXG461A,288
12924,海南川河建设工程有限公司,91469028MA5TJJC04C,288
12925,海南川和科技有限公司,91460000MADNYWTN76,288
12926,海南川驰智控科技有限公司,91460106MAA9ALDAX7,288
12927,海南触维网络科技有限公司,91460000MAEFAH269D,288
12928,海南楚意信息咨询有限公司,91460000MA5U2NK63Q,288
12929,海南楚铄信息科技有限公司,91460000MADGD4C11X,288
12930,海南楚航海洋科技发展有限公司,91460000MACFWLW59L,288
12931,海南楚汉会展服务有限公司,91460000MABRXD5H84,288
12932,海南楚冠信息科技有限公司,91460000MACDAWT152,288
12933,海南厨宅科技有限公司,91460200MACY7T9Q70,288
12934,海南初曦投资合伙企业（有限合伙）,91460000MA7JC8F85P,288
12935,海南出海蓝图国际贸易服务有限公司,91460000MAEQN7XD7K,288
12936,海南虫之道生态农业科技有限责任公司,91460000MAD59C8R97,288
12937,海南崇信贸易有限公司,91460200MA5T3U65X2,288
12938,海南崇惠科技有限公司,91460000MAD9FQFH6W,288
12939,海南崇谷金麦农业科技有限公司,91460000MAE8NMKH18,288
12940,海南赤华企业管理中心（有限合伙）,91460108MA7K379T80,288
12941,海南炽晟信息科技有限公司,91460000MACJ49LC4D,288
12942,海南齿留香水果有限公司,91460000MACEKGPX39,288
12943,海南驰卓科技有限公司,91210112MACRHL4P3G,288
12944,海南驰信贸易有限公司,91460106MAA9AN3MX8,288
12945,海南驰琦进出口贸易有限公司,91460000MABR5MBB93,288
12946,海南驰俊绿色建筑科技有限公司,91460107MA5U2E1Q1F,288
12947,海南弛梦信息科技有限公司,91460000MACKCCFN91,288
12948,海南骋杰科技有限责任公司,91460000MACJR8R665,288
12949,海南诚至开金属制品业有限公司,91460000MAA8Y92Q83,288
12950,海南诚志信达工程勘察设计有限公司,91460000MACFXLLN1P,288
12951,海南诚悦星衍网络科技有限公司,91460000MAC1KNLC3G,288
12952,海南诚誉致远国际贸易有限公司,91460108MADFU3Y299,288
12953,海南诚誉达劳务有限公司,91460108MAA9AA1T9A,288
12954,海南诚毅建筑工程有限公司,91460000MA5TD0Y34T,288
12955,海南诚意房产置业有限公司,91460200395176982T,288
12956,海南诚怡投资有限公司,91460000MAD99L865B,288
12957,海南诚欣法律服务有限公司,91460000MA5U0EBG29,288
12958,海南诚石建筑工程有限公司,91469027MADWCGR860,288
12959,海南诚勤农业科技有限公司,91460108MADRXFGC6T,289
12960,海南诚勤建筑工程有限公司,91460000MAE2EXDC1D,289
12961,海南诚民工程有限公司,91460000MADDXDKQ88,289
12962,海南诚迈云科技有限公司,91460000MAC2QQYY83,289
12963,海南诚朗贸易有限公司,91460000MABMGJNK6M,289
12964,海南诚开土石方工程有限公司,91460000MA7LRWPTXC,289
12965,海南诚聚信息技术有限公司,91460000MAEF9JFW4X,289
12966,海南诚技建筑装饰工程有限公司,91460000MA5TU3FMXP,289
12967,海南诚基房地产有限公司,91460000MA5TFPMU8J,289
12968,海南诚汇新能源有限公司,91460204MACTFHQGXD,289
12969,海南诚福源实业有限公司,91460000MA5TQU4K53,289
12970,海南诚达机械设备有限公司,91460000MACDD29M4E,289
12971,海南诚驰智能科技有限公司,91460000MA7FK4L66N,289
12972,海南程映智造科技有限公司,91460000MAA98FNG5N,289
12973,海南程翌达建筑劳务有限公司,91460000MABRW7FQ3H,289
12974,海南程颐实业有限公司,91460200MA5RDGMD14,289
12975,海南程建贸易有限公司,91460000MADJGCBT5L,289
12976,海南程光置业投资有限公司,91460200MA5RDCK01E,289
12977,海南程功科技有限公司,91460000MAK21XNG8L,289
12978,海南盛源未来贸易有限公司,91460000MAG11YNU7Y,289
12979,海南盛源腾国际贸易有限公司,91460000MAEA2PFG7U,289
12980,海南盛源腾达科技有限公司,91460000MADB9RTC64,289
12981,海南盛源海洋科技有限公司,91460000MABXTTUK97,289
12982,海南盛营通投资有限公司,91460107MABXJCH44N,289
12983,海南盛洋生物科技有限公司,91460000MA7LP8X58P,289
12984,海南盛扬轩国际贸易有限公司,91460000MAE8N78995,289
12985,海南盛芯科技有限公司,91460000MAEPP2W35E,289
12986,海南盛欣源投资有限公司,91460000MAEAJUQ29F,289
12987,海南盛欣南置业有限公司,91460000MAEBJ95Q5E,289
12988,海南盛为农业科技有限公司,91460000MACK0QNA6W,289
12989,海南盛泰能源科技有限公司,91460000MA5TW34947,289
12990,海南盛泰汇亿投资有限公司,91460000MADBQ9XR89,289
12991,海南盛世益丰供应链有限公司,91460000MABQ4X5473,289
12992,海南盛世医药有限责任公司,91460000MAC5J1GD85,289
12993,海南盛世新成投资合伙企业（有限合伙）,91460000MACFMA3K21,289
12994,海南盛世未来科技有限公司,91460000MAA98848X0,289
12995,海南盛世通联合贸易有限公司,91460000MA7KWBPU73,289
12996,海南盛世农耕农业科技有限公司,91460000MA5TXJE03P,289
12997,海南盛世康涂新材料科技发展有限公司,91460000MACQE5WT36,289
12998,海南盛世玖安安全科技有限公司,91469027MA5TKMEY95,289
12999,海南盛世九信投资有限公司,91460000MAE22JK558,289
13000,海南盛世金丰农业科技合伙企业（有限合伙）,91460000MAE3WLDT7C,289
13001,海南盛世汇联知识产权运营管理有限公司,91460000MAE46Y6XXC,289
13002,海南盛世恒基供应链有限公司,91460000MABPCLBJ81,289
13003,海南盛世和香文化产业有限公司,91110105318130083W,289
13004,海南盛世汉诚传媒有限公司,91460200397980421J,290
13005,海南盛世大洋广告传媒有限公司,91460200MA5RCWE88U,290
13006,海南盛世长旭商业投资有限公司,91460000MA5TUAG568,290
13007,海南盛声司歌文化传播有限公司,91460105MAA9AK1B9G,290
13008,海南盛农农业科技有限公司,91460000MACL2DGN4K,290
13009,海南盛年创富投资有限公司,91460108MAA9A1T050,290
13010,海南盛名轩国际贸易有限公司,91460108MADAF99G4J,290
13011,海南盛乐南繁生物科技有限公司,91460000MAE383PN42,290
13012,海南盛景飞越进出口贸易有限公司,91460000MAG1ELQN48,290
13013,海南盛建来贸易有限公司,91460000MABYNA246G,290
13014,海南盛佳鼎筑建筑装饰工程有限公司,91460000MA5TBYXA7Y,290
13015,海南盛汇租赁有限公司,91460000MAEPJNJA4K,290
13016,海南盛惠网络科技有限公司,91460108MAA9A36K8R,290
13017,海南盛徽科技有限公司,91469002MAD3N17W8X,290
13018,海南盛洪农业科技有限公司,91460000MADG8WTF3Q,290
13019,海南盛恒冠联科技有限公司,91460200MA5RH78P88,290
13020,海南盛禾欣科技有限公司,91460000MACE0GDP24,290
13021,海南盛和鑫瑞科技有限公司,91460000MABTJWC35X,290
13022,海南盛和祥商贸有限公司,91460108MA5TWUU0X4,290
13023,海南盛和通商贸服务有限公司,91460000MA5TXH172T,290
13024,海南盛合文化传播有限公司,91460000MAC1F4CGXN,290
13025,海南盛合科技有限公司,91469002MA5TLEJ65L,290
13026,海南盛峰泓瑞贸易有限公司,91460000MAEK0K7E4X,290
13027,海南盛丰源科技发展有限公司,91460000MAC6G4N25B,290
13028,海南盛岛区块链科技有限公司,91460100MA5TW8EWXA,290
13029,海南盛达隆材料运输有限公司,91460000MACQYA734A,290
13030,海南盛达宏宇科技有限公司,91460204MACR4MHB35,290
13031,海南盛川科技有限公司,91469027MADCD35Q5C,290
13032,海南盛斌钢材有限公司,91460000MAA8YPW852,290
13033,海南盛宝睿建筑有限公司,91460200MA5T6UR33J,290
13034,海南盛百亿科技有限公司,91460000MAA91R8M38,290
13035,海南盛安隆装饰装修工程有限公司,91460100MAA9761M4X,290
13036,海南澄运工程咨询有限公司,91460000MAE6QQY15J,290
13037,海南橙之品生物科技有限公司,91460106MAD9NFET12,290
13038,海南橙达企业管理咨询合伙企业（有限合伙）,91469034MADKCYAY9W,290
13039,海南晟泽源商业发展有限公司,91460000MAEHP60E58,290
13040,海南晟跃商贸有限公司,91460108MAD81LLM44,290
13041,海南晟佑网络科技有限公司,91460000MAEWF3AR68,290
13042,海南晟宜投资有限公司,91460000MA7LN2DP79,290
13043,海南晟旭航海培训有限责任公司,91460000MAC7EA3Q05,290
13044,海南晟玺投资有限公司,91460000MAEP49H26H,290
13045,海南晟沃科技有限公司,91460000MAEETU0B5C,290
13046,海南晟通科技有限公司,91460000MA5TR3P82L,290
13047,海南晟廷管理有限公司,91460000MAK2G8Q508,290
13048,海南晟腾商贸有限公司,91460000MA5TW2E95U,290
13049,海南晟斯泓商贸有限公司,91460000MABWA1DH56,291
13050,海南晟山科技控股有限责任公司,91460000MA5TY13BX2,291
13051,海南晟睿诺贸易有限公司,91460000MAEQKYXM8X,291
13052,海南晟起化工有限公司,91460000MAELA3TY70,291
13053,海南晟漫投资有限公司,91460000MAE7EGY640,291
13054,海南晟力投资有限公司,91460000MADC1F2X07,291
13055,海南晟科生物科技有限公司,91460000MAD7YYPX4T,291
13056,海南晟境贸易有限责任公司,91460000MADE74176H,291
13057,海南晟锦园林技术开发有限公司,91460000MA5TDWFG7N,291
13058,海南晟加企业服务有限公司,91469002MAC6PBCC52,291
13059,海南晟华源贸易有限责任公司,91460108MABR2PLW6E,291
13060,海南晟光永乾商业运营管理有限公司,91460000MABX04BT5Y,291
13061,海南晟丰新能源科技合伙企业（有限合伙）,91460202MADW3P8H43,291
13062,海南晟昌合投资有限公司,91460000MADJRYCT1M,291
13063,海南承泽贸易有限公司,91460108MADBK5E02W,291
13064,海南承远新能源科技有限公司,91460000MAEMGQQD2C,291
13065,海南承一康养科技管理有限公司,91460000MA5U02447X,291
13066,海南承鑫能源科技有限公司,91460000MADENFHB8A,291
13067,海南承拓实业有限公司,91460000MA7LF1E53J,291
13068,海南承丰建筑工程劳务有限公司,91460000MAC5W1MQ3T,291
13069,海南承帆房地产经纪有限公司,91460000MA5TX1BG6M,291
13070,海南承达建筑劳务有限公司,91460000MA5U2GB59H,291
13071,海南承插管道设备制造科技有限公司,91460106MADT5MG06M,291
13072,海南成云国际投资集团有限公司,91460108MACRWJEM9R,291
13073,海南成宇农业科技有限公司,91460000MACG8R9B8P,291
13074,海南成义成投资有限公司,91460000MAA902U26U,291
13075,海南成夏贸易有限公司,91460106MACQ7RYHXY,291
13076,海南成伟科技有限公司,91460200MA5RCX8QXJ,291
13077,海南成乾信达科技有限公司,91460204MAD7PL887Y,291
13078,海南成程教育科技有限公司,91460000MACM6Y9280,291
13079,海南城信建筑工程有限公司,91460000MACDPBHR6L,291
13080,海南城熙国际贸易有限公司,91460108MAA97HGL1U,291
13081,海南城望数据科技有限公司,91460000MA5TGQPW18,291
13082,海南城若兰酒店管理有限公司,91460200MA5T20126G,291
13083,海南城发种业有限公司,91460000MACUEP2R4E,291
13084,海南城发实业集团有限公司,91460000MAA8YNP421,291
13085,海南城发生物科技有限公司,91460000MACY6WU35N,291
13086,海南城发仓储物流有限公司,91460000MACUK52B1B,291
13087,海南城恩医学技术研究有限公司,91460000MA5TWXKY2P,291
13088,海南呈宥胤科技有限公司,91460000MAEFDTLG0A,291
13089,海南呈办信息科技有限公司,91460000MAE0M2RG0G,291
13090,海南称颂贸易有限公司,91460000MAE75A150W,291
13091,海南辰玥友城科技产业服务有限公司,91460200MA5T7BTK9F,291
13092,海南辰昱科技文化有限公司,91460000MAA96W7H77,291
13093,海南辰烨设备租赁有限公司,91460000MAERC6G357,291
13094,海南辰阳传媒服务有限公司,91460000MACBWH9FX1,292
13095,海南辰兄凯弟农业发展有限公司,91460200MA5T45841E,292
13096,海南辰锐铭机械设备有限公司,91460000MACKCPAH3C,292
13097,海南辰茂靖辰投资有限公司,91460108MACL13PY9U,292
13098,海南辰龙供应链管理有限公司,91460000MA5U0M1G0W,292
13099,海南辰景劳务服务有限公司,91460000MACXDAEY47,292
13100,海南辰简杉酒店管理有限公司,91460200MA5T1WAA0U,292
13101,海南辰耕农业科技有限公司,91460108MADMHLKD4K,292
13102,海南辰晟名扬国际贸易有限公司,91469034MA5TYTBQX9,292
13103,海南臣苏科技有限公司,91110111MACPR5HQ3J,292
13104,海南沉香大道农林开发有限公司,91460000MAETR43H5L,292
13105,海南晨翔生物科技有限公司,91469036MADX3B6T24,292
13106,海南晨熙科技有限公司,91460000MAE5W8Q5XP,292
13107,海南晨希农业发展有限责任公司,91460000MA5TGURC1Q,292
13108,海南晨书科技有限公司,91460000MACLC17Y9Y,292
13109,海南晨龙环保科技有限公司,91460106MAA8Y53L21,292
13110,海南晨湖一号农业有限公司,91460000MAK1UMJ76B,292
13111,海南晨湖三号农业有限公司,91460000MAK20MU496,292
13112,海南晨湖二号农业有限公司,91460000MAK1UG984Y,292
13113,海南晨海文旅发展有限公司,91460108MADB9KEJ9W,292
13114,海南晨海水产有限公司,91460200557382640A,292
13115,海南晨广化工有限公司,91460000MA5TY6E97E,292
13116,海南晨风教育有限公司,91469027MA5TPKQ255,292
13117,海南晨冬铭建材贸易有限公司,91460200MA5T2GA51T,292
13118,海南尘仔创业投资合伙企业（有限合伙）,91310230MA1HFLH52A,292
13119,海南尘绪弟酒店管理有限公司,91460200MA5T27467B,292
13120,海南宸札投资合伙企业（有限合伙）,91460107MADCHB7RXJ,292
13121,海南宸耀海构科技有限公司,91460000MAETDKMY2E,292
13122,海南宸平物流有限公司,91460000MA5TWDCGXH,292
13123,海南宸立科技有限公司,91460000MACW4GL15H,292
13124,海南宸恒生物科技有限公司,91460204MACR2U217X,292
13125,海南宸浩商务咨询有限公司,91460000MA5T80FW3M,292
13126,海南宸昊股权投资基金合伙企业（有限合伙）,91460200MA5U0C1W4Y,292
13127,海南宸达科技有限公司,91460000MACAXTDN84,292
13128,海南琛睿管理咨询有限公司,91460000MAC9H42R4X,292
13129,海南车恩睿汽车租赁有限公司,91469001MA5TXF230M,292
13130,海南潮真宝投资有限公司,91460000MAD7TP2220,292
13131,海南潮煜科技有限公司,91460000MABR8J1DXU,292
13132,海南潮曦科技有限公司,91460106MAA9ABLW30,292
13133,海南潮生生物技术有限公司,91460000MAECL8R79M,292
13134,海南潮瑞珠宝首饰有限公司,91460108MAD7UA7G3G,292
13135,海南潮穹科技有限公司,91460000MAELCA6TXG,292
13136,海南潮伏新能源有限公司,91460000MA5TXGLF2P,292
13137,海南潮呈祥运输有限公司,91460000MABNQ4A98Q,292
13138,海南晁安科技有限公司,91460100MA5T5TQB44,292
13139,海南超悦再生资源有限公司,91460000MAA922KU2B,293
13140,海南超远科技有限公司,91460000MADAJ0249B,293
13141,海南超源建筑工程有限公司,91460000MAD9HXR54N,293
13142,海南超宇锦瑞咨询管理服务有限公司,91469026MADRCKBEXD,293
13143,海南超想数据服务有限公司,91460000MACFTJH35R,293
13144,海南超润年沣农业科技有限公司,91460000MACH4QFL43,293
13145,海南超级眼信息技术中心（有限合伙）,91469001MA5TXHQP9H,293
13146,海南超级视线信息技术中心（有限合伙）,91469005MA5TW4UT6G,293
13147,海南超级盛宴旅游开发有限公司,91460000MAK2E0RR4M,293
13148,海南超尘智能科技有限公司,91460000MAEGWC119C,293
13149,海南超常教育科技有限公司,91460000MAC9AAJP4U,293
13150,海南畅泽房地产投资有限公司,91460200MA5T5CLC4E,293
13151,海南畅信科翔科技有限公司,91460200MA5RH76C9L,293
13152,海南畅欣然酒店管理有限公司,91460200MA5T22NQ83,293
13153,海南畅通圆科技有限公司,91460000MACD7UHQ1U,293
13154,海南畅天胜创科技有限公司,91460200MA5RH7790B,293
13155,海南畅锐投资有限公司,91460000MACT76J78F,293
13156,海南畅蓝居房地产中介服务有限公司,91460200MA5T2QK28A,293
13157,海南昶升文化传媒有限公司,91460000MAELD79H89,293
13158,海南昶栎数字科技有限公司,91460000MAE4YF7826,293
13159,海南长玉科技有限公司,91460000MACTQ62B66,293
13160,海南长壹投资有限公司,91460105MADUR5LL46,293
13161,海南长坡咨询有限公司,91469028MAD5PXRG48,293
13162,海南长慕广告传媒有限公司,91460200MA5RGA6P8T,293
13163,海南长茂升贸易有限公司,91460200MA5T547K9H,293
13164,海南长陇科技有限公司,91460000MAEMME684M,293
13165,海南长禾南繁种业有限公司,91460108MACRUNXF28,293
13166,海南长富股权投资基金合伙企业（有限合伙）,91460000MACFBEHY7T,293
13167,海南长风电力工程有限公司,91460108MAA9A05507,293
13168,海南长存电子科技有限公司,91460000MABQH1GU37,293
13169,海南长城移动网络服务有限公司,91460108MACR0G3P0A,293
13170,海南长臂猿教育管理有限公司三亚分公司,91460200MAA900K433,293
13171,海南长安四世同堂餐饮管理有限公司,91460200MA5RJ8EW7B,293
13172,海南昌焱投资发展有限公司,91460100MADE8HMA5X,293
13173,海南昌信鼎世家族办公室有限公司,91460100MAA9065X1D,293
13174,海南昌晓教育科技有限公司,91460105MAA9A3DA04,293
13175,海南昌潍国际贸易有限公司,91460000MAEM5R2W8K,293
13176,海南昌群一号投资合伙企业（有限合伙）,91460000MABML2H3XB,293
13177,海南昌茂川敬机械设备租赁有限公司,91460000MAA91BCB5M,293
13178,海南昌亮科技有限公司,91370102MA3NTLH075,293
13179,海南昌俊工程劳务分包有限公司,91460106MADMCYUG0C,293
13180,海南昌昊实业有限公司,91460000MA5TX4E02F,293
13181,海南昌海生物有限公司,91460000MADABC1W03,293
13182,海南昌发隆能源有限公司,91460106MAD4164B19,293
13183,海南产教研究和试验发展院（个人独资）,91460000MAC3BLBH8T,293
13184,海南茶祝芝健康科技有限公司,91460000MAETW4T25Y,294
13185,海南茶言观瑟茶文化有限公司,91460000MA5TUY3R9W,294
13186,海南曾月贸易有限公司,91460000MAD68YBY0E,294
13187,海南策源科技有限公司,91460000MAEA6M8C34,294
13188,海南草二垛科技有限公司,91460000MA5U10FL63,294
13189,海南曹曹科技有限公司,91460000MAK22XLC8W,294
13190,海南苍胜旭毅建筑劳务有限公司,91460200MA5TJ8UN7H,294
13191,海南苍采投资贸易有限公司,91460000MAE72G0975,294
13192,海南沧洲投资有限公司,91460000MAE8KBDU7K,294
13193,海南沧渊声学技术有限公司,91460000MAEJGMHR60,294
13194,海南沧鹿职业教育有限公司,91460000MAA8Y77U71,294
13195,海南仓公生物科技有限公司,91460000MAE7PYQ54P,294
13196,海南仓廪实投资有限公司,91460000MAEK87UX46,294
13197,海南灿辰网络科技有限公司,91460000MAE8FDC97T,294
13198,海南参森点夕供应链管理有限公司,91460000MA5U184Y4J,294
13199,海南菜小二科技有限公司,91460200MA5T51H6X5,294
13200,海南采睿司智能科技有限公司,91460000MABTG1L4X4,294
13201,海南采福贸易有限公司,91460200MADPFU0Y56,294
13202,海南彩赫投资有限公司,91460000MAE3467Q0K,294
13203,海南财跃实业有限公司,91460000MACP0FF758,294
13204,海南财亿投资有限公司,91460100MA5TXACT3J,294
13205,海南财投企业管理有限公司,91469007MADYC4CE95,294
13206,海南财顺宝科技有限公司,91460000MA5TQQDD47,294
13207,海南财辉信息科技有限公司,91460000MAD4GKUK07,294
13208,海南材雅延建筑工程有限公司,91460200MA5T28G311,294
13209,海南才唯信息科技有限公司,91350200MA33G5NQ59,294
13210,海南才捷建筑装饰工程有限公司,91460200MA5T5PKJ02,294
13211,海南才材财管理有限公司,91460000MAEH4U1Q0D,294
13212,海南部落客科技有限公司,91460000MADJ4F422K,294
13213,海南簿记清分数字科技有限公司,91460000MACLAB2K90,294
13214,海南布耳兔农业科技发展有限公司,91460000MA5TX9U83Q,294
13215,海南埔衔投资有限公司,91460000MAC4TMBP5M,294
13216,海南不二知一管理咨询有限公司,91460000MAEU5DY84A,294
13217,海南卜道投资有限公司,91460000MAK0EYRD0G,294
13218,海南铂辉科技有限公司,91460000MAD0Q5A18B,294
13219,海南铂宏农渔业发展有限公司,91460000MAEWDEU1X7,294
13220,海南铂赫贸易有限公司,91460000MA5T8RBQ2C,294
13221,海南铂港科技有限公司,91460000MACXHBE002,294
13222,海南铂发科技有限公司,91460000MAED9Q346D,294
13223,海南渤洋文化传媒有限公司,91460100MA5TXPJNXY,294
13224,海南渤天化工有限公司,91460000MA5TT4JY0P,294
13225,海南渤发投资有限公司,91469002MAD58U8E6K,294
13226,海南泊远投资发展有限公司,91460000MAEHX7189R,294
13227,海南柏泽生物科技有限公司,91460000MAEP4RJ95Y,294
13228,海南柏逸石油化工有限公司,91460000MA5TWUPK1H,294
13229,海南柏顺跑车一族汽车服务有限公司,91460200MA5RE8YD15,295
13230,海南柏圣科技有限公司,91460000MAD7TU1N1Q,295
13231,海南柏庆实业有限公司,91460000MAA90QYM0W,295
13232,海南柏晟电力科技有限公司,91220200MA17DGP25B,295
13233,海南柏晨实业有限公司,91460000MACACEQ66H,295
13234,海南搏诚贸易有限公司,91460000MAE1TKTY9L,295
13235,海南搏超投资有限公司,91460108MACPDEUQ41,295
13236,海南搏奥供应链管理合伙企业（有限合伙）,91460108MA7G134U9K,295
13237,海南博志贸易有限公司,91460000MAE67CH07K,295
13238,海南博兆生物科技有限公司,91460000MACACKQP8D,295
13239,海南博展盛通贸易有限公司,91460000MAD274YWX4,295
13240,海南博运科技有限公司,91460000MABQX1QA0N,295
13241,海南博苑之舟投资合伙企业（有限合伙）,91469027MADKF9UX6E,295
13242,海南博钰电力安装有限公司,91460106MADRTKE31F,295
13243,海南博玉传媒有限公司,91460000MAE7HLL7XR,295
13244,海南博优达投资有限公司,91460000MACEBFHF3K,295
13245,海南博艺施建筑装饰设计工程有限公司,91460200MA5RHJ208X,295
13246,海南博医腾医疗科技有限责任公司,91460000MAA969YD30,295
13247,海南博瑶科技有限公司,91110113MA018CRE05,295
13248,海南博洋科技有限公司,91460000MA5TUY1PXD,295
13249,海南博研瞰海科技服务有限公司,91460000MAEHMYUE6J,295
13250,海南博雅创新教育咨询有限公司,91460000MAD4YRFW04,295
13251,海南博崖生物科技有限公司,91460000MACF8RJ27U,295
13252,海南博信达投资合伙企业（有限合伙）,91460106MAA9A30H5F,295
13253,海南博欣设备工程有限公司,91460108MACU3XY760,295
13254,海南博闻荟萃旅游文化发展有限公司,91460107MADTUTGE61,295
13255,海南博文实业有限公司,91460000MA5TY5CG99,295
13256,海南博文杰科技有限公司,91460000MAD72XHE0W,295
13257,海南博图网络科技有限公司,91460106MAD1W3MH3R,295
13258,海南博腾农业科技有限公司,91460000MAK2EYBT1N,295
13259,海南博泰万泉投资合伙企业（有限合伙）,91460400MAA90K032N,295
13260,海南博拓电子有限责任公司,91460000MAD7Q0P32J,295
13261,海南博思纵横科技有限公司,91460000MAC42UC87K,295
13262,海南博顺翔商贸有限公司,91460000MADGC7JR1N,295
13263,海南博收种业有限公司,91460000MAC3EJXW1F,295
13264,海南博势科技有限公司,91460000MAELUXYB10,295
13265,海南博实驿达国际贸易有限公司,91460100MA5TKQ416C,295
13266,海南博商未来科学研究所（有限合伙）,91469033MAD6791Y3Q,295
13267,海南博森特岩土工程有限公司三亚分公司,91460000MAG0MT8T3D,295
13268,海南博润实验设备有限公司,91460000MAC6MY5B93,295
13269,海南博睿康海洋技术服务有限公司,91460106MADA4EHP23,295
13270,海南博睿盛贸易有限公司,91460107MA5TUJ8W04,295
13271,海南博瑞祥丰文化传媒有限公司,91460000MAD481297L,295
13272,海南博瑞科生物科技有限公司,91460000MAEJJXKQ3A,295
13273,海南博瑞宝汇投资有限公司,91460000MADY72E63U,295
13274,海南博蕊农业科技合伙企业（有限合伙）,91460204MA7M288030,296
13275,海南博淇贸易有限公司,91460000MACJ2UE409,296
13276,海南博鹏机械工程有限公司,91460100MA5TXF3L4G,296
13277,海南博纳物流运输有限公司,91460000MA5TY1QR7K,296
13278,海南博纳企业管理咨询有限公司,91460108MA5TUQGA0Q,296
13279,海南博茗房地产销售有限公司,91460200MA5RJ7LJ2C,296
13280,海南博芒贸易有限公司,91469027MADPPTP40E,296
13281,海南博联富尚科技有限公司,91460200MA5RH6YQ92,296
13282,海南博立特汽车租赁有限公司,91460100MA5T8LNR0N,296
13283,海南博科信息咨询服务有限公司,91460000MA7DWU9H44,296
13284,海南博开建筑工程有限公司,91460000MA7NAHNR99,296
13285,海南博鸿文旅投资服务有限公司,91460000MAA997JX22,296
13286,海南博海深衡科技有限公司,91460000MA5T9CUB5W,296
13287,海南博海房地产有限公司,91460000MAA998BK8R,296
13288,海南博飞海砼科技有限公司,91460107MADWDDUH6D,296
13289,海南博峒建筑工程有限公司,91460100MA5U28U4XL,296
13290,海南博驰科技有限公司,91460000MAK2TB6NXG,296
13291,海南博诚智能科技有限公司,91460000MADAUQ5D23,296
13292,海南博盛源贸易有限公司,91460000MA5TWC4J05,296
13293,海南博澳嘉昕进出口贸易有限公司,91460000MACGHPHL49,296
13294,海南勃通生物科技有限责任公司,91469033095493986M,296
13295,海南勃海商国际贸易有限责任公司,91469031MADY99QQ3M,296
13296,海南伯远生物科技有限公司,91460000MA7L3MMM5L,296
13297,海南伯阳教育科技发展有限公司,91460100MAA98R65X8,296
13298,海南伯特生态休闲农业科技有限公司,91460100397981889A,296
13299,海南伯仁方舟人力资源服务有限公司,91460100MA5TPMMW0F,296
13300,海南玻色科技有限公司,91460000MACD502K48,296
13301,海南波唐咨询服务有限公司,91460300MA5TJP7Y7R,296
13302,海南波斯枣农业科技有限责任公司,91460000MAEGMN4W75,296
13303,海南波塞冬科技有限公司,91460000MA5TWPLK2N,296
13304,海南波庆图尔酒店管理有限公司,91460200MA5RJCD26L,296
13305,海南波尼亚食品发展有限公司,91370214MAE3K10X7P,296
13306,海南波板糖投资有限公司,91460000MAD98CWN72,296
13307,海南炳森贸易有限公司,91460108MAD7RDAF60,296
13308,海南炳森建筑装饰有限责任公司,91460000MACRR6728L,296
13309,海南丙宏伟科技发展有限公司,91460106MADPDMKW3G,296
13310,海南冰城太赫兹科技有限公司,91460108MADCTE9R6G,296
13311,海南兵信建筑工程有限公司,91469025MABTR7093Y,296
13312,海南滨特尔科技有限公司,91140100MA0K3DMFXR,296
13313,海南槟瑀新能源科技有限公司,91460000MAD81DLQ5Y,296
13314,海南槟气实业有限公司振州路分公司,91460000MAE4XXX81D,296
13315,海南槟气实业有限公司振兴路分公司,91460000MAE4RJQW2A,296
13316,海南槟气实业有限公司宜居路分公司,91460000MAE8K9DP0B,296
13317,海南槟气实业有限公司崖州分公司,91460000MAE1TL6L90,296
13318,海南槟气实业有限公司三亚分公司,91460000MAE0LNM507,296
13319,海南槟气实业有限公司奋斗者路分公司,91460000MAE409RF59,297
13320,海南槟气实业有限公司第二分公司,91460000MADFJGLX5F,297
13321,海南槟气实业有限公司创意路分公司,91460000MAE4DRLE9G,297
13322,海南槟气实业有限公司创新路分公司,91460000MAE7W3Q903,297
13323,海南槟气实业有限公司,91460000MAC57KRP2W,297
13324,海南槟气商贸有限公司,91460108MACWMJMQ2G,297
13325,海南斌能信息科技有限公司,91460000MAD23N5A5C,297
13326,海南斌林伦贸易有限责任公司,91460000MADCRB6FX6,297
13327,海南斌利科技有限公司,91460000MACC1R3P2Y,297
13328,海南彬悦农业有限公司,91460107MAA9AB630U,297
13329,海南彬海运输有限公司,91460000MAE652HD53,297
13330,海南宾比贸易有限公司,91460107MAA97U4Y7E,297
13331,海南标涵建筑工程有限公司,91460108MAD2ED1U67,297
13332,海南标杆建筑工程有限公司,91460000MACCME390M,297
13333,海南标度医疗科技有限公司,91460107MADL0RM03X,297
13334,海南碧泽生态科技发展有限公司,91460000MAEBWW864G,297
13335,海南碧泰商贸有限公司,91460000MACWUWPR9G,297
13336,海南碧水蓝天教育科技有限公司,91469001MAC5TFU11J,297
13337,海南碧科生物科技有限公司,91460000MAEAC9M36M,297
13338,海南碧芳农业开发有限公司,91469027MADWQXA728,297
13339,海南必成文化传媒有限公司,91460300MA5TPNWC3H,297
13340,海南必成财务咨询有限公司,91460000MADB4X096K,297
13341,海南必奥普医院有限公司,91460105MAA9AC0F3R,297
13342,海南必奥普生物科技有限公司,91460000MAC43FGX1E,297
13343,海南哔蒲建材有限公司,91460000MA5TMMKF28,297
13344,海南彼尔姆国际贸易有限公司,91460000MAE37MQ84K,297
13345,海南本趣科技有限公司,91460000MAEAA9KN6E,297
13346,海南本林森贸易有限公司,91460106MAD3GWN47B,297
13347,海南本初农业科技有限公司,91460000MADBPQHY4J,297
13348,海南贝臻生物科技有限公司,91460000MAEQPD69X4,297
13349,海南贝源科技有限公司,91460000MACL658T29,297
13350,海南贝升智慧农业科技有限公司,91460000MAA8YUW62K,297
13351,海南贝瑞凯酒店管理有限公司,91460200MA5RJ9XK2Y,297
13352,海南贝萌国际贸易有限公司,91460200MADNU3X978,297
13353,海南贝利斯健康科技有限公司,91460000MAD7G0BUXW,297
13354,海南贝朗医疗科技有限公司,91460000MACN0APU17,297
13355,海南贝拉索酒店管理有限公司,91460200MA5RHW0Y9W,297
13356,海南贝迪斯生物科技有限公司,91460000MA5TWA6Y0E,297
13357,海南贝达通生物技术有限公司,91460000MAEGK42C8T,297
13358,海南贝贝鑫信息咨询服务有限公司,91460000MADADXDK7X,297
13359,海南倍享生活科技有限公司,91430822MA4M7QEB2N,297
13360,海南倍硕鸿贸易有限公司,91469002MAA99K330Y,297
13361,海南倍诺思汽车服务有限公司,91460200MA5T56TJ6H,297
13362,海南倍创力生物信息科技有限公司,91460000MACY1TYX0X,297
13363,海南北赢供应链有限公司,91460000MA5TW2MB2C,297
13364,海南北祥智慧农业发展有限公司,91460000MAEBW2U97W,298
13365,海南北祥生物科技有限责任公司,91460000MAD3AYFT32,298
13366,海南北祥供应链管理有限公司,91460000MAEA6BWLX6,298
13367,海南北起科技有限公司,91460107MADBTKNW11,298
13368,海南北鸣生物科技有限公司,91460105MA5TWW9L3X,298
13369,海南北鲲教育咨询服务有限公司,91460000MAE2AYQA9T,298
13370,海南北境科技有限公司,91460000MAE3C36M7Q,298
13371,海南北定设备租赁有限公司,91460000MA5TWEBK98,298
13372,海南北辰人力资源有限公司,91460200MA5T74TG7K,298
13373,海南葆岛农业开发有限公司,91469001MA7K9WNJ6N,298
13374,海南葆程农业科技有限公司,91460000MA5TQ6107W,298
13375,海南宝泽装修有限公司,91460000MA5TUWN85C,298
13376,海南宝芯科技有限公司,91110101MAC3GH4Q3N,298
13377,海南宝穗国际贸易有限责任公司,91460000MACE30XG91,298
13378,海南宝庆丰实业有限公司,91460200MA5RGG6J5P,298
13379,海南宝连通投资有限公司,91460000MADFH9P436,298
13380,海南宝利弘源能源有限公司,91460000MAEH6R8G6G,298
13381,海南宝柯马网络科技有限公司,91460100MA5T5Q836Q,298
13382,海南宝金房地产信息咨询有限公司,91460200MA5REDEL3U,298
13383,海南宝华真彩广告传媒有限公司,91460000MACR9JX71U,298
13384,海南宝盛钢材有限公司,91460000MA5T9LXQ13,298
13385,海南宝晟新材料科技有限公司,91460000MA5TFXPH2C,298
13386,海南保真旅游投资有限公司,91460100MA5TABCM3H,298
13387,海南保泽水产有限公司,91460000MAE4UQ860D,298
13388,海南保嘉世豪供应链管理有限公司,91460000MADGCKWC7B,298
13389,海南苞有乾农业科技有限公司,91460000MAEJNMK451,298
13390,海南邦益杭实业投资股份有限公司,91460000MA5T84DE4U,298
13391,海南邦宜信息科技有限公司,91460106MA5TWKAM58,298
13392,海南邦轩建筑装修工程有限公司,91460000MA5TX2HP0K,298
13393,海南邦贸国际贸易有限公司,91460000MAEFP9QL44,298
13394,海南邦力达国际贸易有限公司,91460000MACPKJPQ4W,298
13395,海南邦诚投资有限公司,91469031MADN9B4H5W,298
13396,海南半亩文城科技有限责任公司,91460000MA5TX4RL72,298
13397,海南半步网络科技股份有限公司,91460100324060667P,298
13398,海南斑王渔业种苗有限公司,91460100MADH458R3F,298
13399,海南呗呃高贸易有限责任公司,91460000MA7MFPFG6E,298
13400,海南百易兴咨询服务有限公司,91460000MACP52768U,298
13401,海南百信诺科技有限公司,91131023MA0CRA4X8N,298
13402,海南百思创科技有限公司,91460000MAE2LPM31L,298
13403,海南百世新农业有限公司,91460000MAEFQ35LX2,298
13404,海南百乐建实业有限公司,91460200MA5RH1B578,298
13405,海南百禾科技有限公司,91460000MAEEFHKJ65,298
13406,海南百福洋矿业有限公司,91460000MAEKN9MX0J,298
13407,海南百达智控视听科技有限公司,91460108MADD97KG9M,298
13408,海南百川亿诚科技有限公司,91230203MA1CLTW07N,298
13409,海南百城易购数字科技有限公司,91460000MACC9W3T2M,299
13410,海南百奥云科技有限公司,91460000MA5TK32Y0F,299
13411,海南百安思科技有限公司,91469036MADY6T2H5K,299
13412,海南佰赢科技发展有限公司,91460000MADXNCYPXJ,299
13413,海南佰旺生物科技有限公司,91460100MAA93ERN8E,299
13414,海南佰拓智慧交通出行科技有限公司,91460100MA5TKB1Y6B,299
13415,海南佰斯特科技有限公司,91460200MA5RJHPQ2U,299
13416,海南佰世丰游艇服务有限公司,91460200MA5RGW0W7W,299
13417,海南佰荷装饰工程有限公司,91460000MAEHLWGCX3,299
13418,海南佰达港贸易有限责任公司,91469027MAD04GM498,299
13419,海南佰驰科技有限公司,91460107MACW4GYD64,299
13420,海南佰盛国际供应链管理有限公司,91460000MAA92DL11J,299
13421,海南白小苑科技有限责任公司,91469026MACTARM975,299
13422,海南白沙邦溪雅布伦田园商业综合体管理服务有限公司崖城分公司,91460000MA7LC8102U,299
13423,海南白日登酒店管理有限公司,91460200MA5T27HU6P,299
13424,海南白穆熊国际贸易有限责任公司,91460000MACQ404N8P,299
13425,海南白鹿森林农业科技有限公司,91460000MACUC0D63G,299
13426,海南白帆信息科技有限公司,91410100MA9KC6JB4R,299
13427,海南芭蕉科技有限公司,91460000MA5TXRU07G,299
13428,海南芭芭乐供应链管理有限公司,91460000MAC7QWK87L,299
13429,海南巴斯德遥感科技有限责任公司,91460000MAETRN3X8C,299
13430,海南巴氏化工有限公司,91460106MA5TX1FN9P,299
13431,海南巴克图商贸有限公司,91460000MACYGJX256,299
13432,海南八致科技有限公司,91460200MA5T5B9U22,299
13433,海南八亿供应链管理有限公司,91460107MAD9YEDQ85,299
13434,海南八通科技有限公司,91460000MAA97Y0H39,299
13435,海南八通建安装饰工程有限公司,91460000MABN5U7K5U,299
13436,海南八闽农业科技有限公司,91469033MA5TRKK287,299
13437,海南八猫科技有限公司,91460000MADEYPLK4Y,299
13438,海南八拉码科技有限公司,91130293MAC857PB14,299
13439,海南八聚体企业管理中心（有限合伙）,91460205MA7JBTWXXE,299
13440,海南八佰土石方工程机械有限公司,91460000MABMP3CG9W,299
13441,海南八八四八房地产营销策划有限公司,91460200MA5T22009G,299
13442,海南澳力澳体育文化有限公司,91460000MA5TDRN70R,299
13443,海南澳晟尚特贸易有限公司,91460000MAD75U5407,299
13444,海南奥玉生物技术有限公司,91460106MAA99XFF07,299
13445,海南奥亿达数字科技有限公司,91460000MACTNL6F90,299
13446,海南奥馨国际供应链有限公司,91460106MAD4NENW6W,299
13447,海南奥体实业有限公司,91460000MA5TW4J25R,299
13448,海南奥特斯坦科技有限公司,91350203MA2YR03Q0A,299
13449,海南奥思达种业科技有限公司,91460000MACK0G8T9D,299
13450,海南奥深科技有限公司,91460000MADHTAGB3P,299
13451,海南奥睿康生物医药科技有限公司,91460106MAA92YAD7F,299
13452,海南奥纳西斯船舶有限公司,91469001MADH92JR2Y,299
13453,海南奥美特门窗装饰工程有限公司,91460106MAD3Y9C85K,299
13454,海南奥丽奥进出口贸易有限公司,91469007MADNTM0N8Q,300
13455,海南奥建工贸有限公司,91469036MA5THR9U1B,300
13456,海南奥广智博文化传播有限公司,91460108MACTYYJB4F,300
13457,海南奥尔特云科技有限公司,91460000MAE8M99R2C,300
13458,海南奥地特信息科技有限公司,91460000MADXH1997J,300
13459,海南傲途进出口贸易有限公司,91460200MA5T48JT4W,300
13460,海南傲敏生物科技有限公司,91460000MACHA40C80,300
13461,海南傲盛工程技术与设计服务有限公司,91460000MA5TQXJPXF,300
13462,海南翱熠电子科技有限公司,91460000MAET9R9Q1D,300
13463,海南翱吉巳贸易有限责任公司,91460000MAK21LP74K,300
13464,海南敖钦网络科技有限公司,91469027MA5RC9EA18,300
13465,海南昂扬投资发展有限公司,91469025MA5TWWWG9H,300
13466,海南昂道堂贸易有限公司,91460000MAEE4UKT37,300
13467,海南暗箭智航贸易有限公司,91460000MAG127F108,300
13468,海南安圆佰利科技服务有限公司,91460000MAE40B3L76,300
13469,海南安裕科技有限公司,91460000MAE0NU421A,300
13470,海南安优达科技有限公司,91460000MACA40K4X7,300
13471,海南安易真酒店管理有限公司,91460200MA5T22XF1U,300
13472,海南安懿餐饮技术有限公司,91460000MAEMEA4U74,300
13473,海南安亿顺餐饮管理有限公司,91469001MAA90U347B,300
13474,海南安耀建筑工程有限公司,91460105MADP7G4K44,300
13475,海南安鑫正乾科技投资有限公司,91460000MAEXCAB80P,300
13476,海南安万房地产开发有限公司,91440400MA4W98QQ2E,300
13477,海南安松旅游服务有限公司,91460000MADLHTA056,300
13478,海南安生投资管理有限公司,914600006989499033,300
13479,海南安若国际教育科技有限公司,91460108MADPT175X6,300
13480,海南安瑞齐贸易有限公司,91460000MACMBJPD6L,300
13481,海南安瑞隆科技有限公司,91460000MAD4T8434E,300
13482,海南安全岛科技中心,91460000MA5TX3FY43,300
13483,海南安娜芬网络科技有限公司,91460000MAE8TY9Q0K,300
13484,海南安曼智能科技有限公司,91460000MACJU77DXM,300
13485,海南安利达生物活菌研究所（个人独资）,91460000MABU739407,300
13486,海南安居兴业商贸服务有限公司,91460200MA5RETJU2L,300
13487,海南安季格林科技有限公司,91460000MAD6DRED63,300
13488,海南安红投资有限公司,91460000MADJ6A1D03,300
13489,海南安恒国际控股有限公司,91460000MAE2HJK813,300
13490,海南安禾智慧农业科技有限责任公司,91460000MACLT9C900,300
13491,海南安和成投资有限公司,91460000MAEAU65H2B,300
13492,海南安航盛联贸易有限公司,91460000MADJ5A3G20,300
13493,海南安峰英酒店管理有限公司,91460200MA5RJ8G24J,300
13494,海南安慈旅游文化开发有限公司,91460100MA5T9NW671,300
13495,海南安创企业管理合伙企业（有限合伙）,91460000MAE07FM87Q,300
13496,海南安晨建筑工程有限公司,91460000MAE6CBLA9L,300
13497,海南安博斯贸易有限公司,91460200MA5T55B707,300
13498,海南安邦龙耀科技管理有限公司,91460000MAC58DE528,300
13499,海南艾为会展服务有限公司,91460000MAA99KWK4D,301
13500,海南艾旺优贸易有限公司,91460000MABN80UG38,301
13501,海南艾斯生物科技有限公司,91460000MAENH4GW02,301
13502,海南艾锐奥科技有限公司,91460000MA5TK5N87E,301
13503,海南艾胖子装饰装修有限公司,91460000MAEX1A4J6P,301
13504,海南艾诺威进出口贸易有限公司,91460000MA5TRYW57G,301
13505,海南艾梅斯诺生物科技有限公司,91460000MABXFH080G,301
13506,海南艾库识科技有限公司,91460000MAD7UPK490,301
13507,海南艾克达尔能源有限公司,91460000MA5TX3CJ2F,301
13508,海南艾佳旅业开发有限公司,91460000MA5TC6RR72,301
13509,海南艾格睿科技有限公司,91460000MAEK0BNFXP,301
13510,海南艾蒂尔文化传媒有限公司,91460106MA5TT2XB6J,301
13511,海南艾迪逊汽车租赁有限公司,91460000MADER6XL91,301
13512,海南艾迪新创科技有限责任公司,91460000MAE3W5Q33A,301
13513,海南爱舟投资发展有限公司,91460000MA5TUD4318,301
13514,海南爱之果食品科技有限责任公司,91460000MAE9KT279M,301
13515,海南爱易冠贸易有限公司,91460200MA5T54GD9E,301
13516,海南爱亿数字科技有限公司,91460000MAD0JCD26B,301
13517,海南爱芯医疗科技股份公司,91460000MAA97GQE5F,301
13518,海南爱溪食品科技有限公司,91460000MACTR8PF6P,301
13519,海南爱斯西优生物科技有限公司,91460000MA5TL7FH0G,301
13520,海南爱仕特科技有限公司,91460000MA5TJPQA1K,301
13521,海南爱尚港湾产业集团有限公司,91460000MA5THLXY04,301
13522,海南爱农富胜农业科技有限公司,91460000MACMQGJB59,301
13523,海南爱米科技有限公司,91460000MADMNMF01B,301
13524,海南爱利迪贸易有限公司,91460200MA5T546X96,301
13525,海南爱乐途体育文化发展有限公司,91460108MA5U0FTU40,301
13526,海南爱乐汇文化产业有限公司,91460000MA5T85QR63,301
13527,海南爱兰歌贸易有限公司,91460000MABN8CN19M,301
13528,海南爱科睿农科技有限公司,91460000MAEA9DG082,301
13529,海南爱康生物科技开发有限公司,91460107MADNQ6DF5U,301
13530,海南爱康桥商务咨询有限公司,91460000MA7MCDEC8B,301
13531,海南爱灸堂健康科技有限公司,91460000MAERM8HR81,301
13532,海南爱杰瑞国际贸易有限公司,91460203MADXJ6WH3U,301
13533,海南爱建森劳务有限公司,91460106MA5U02YJ06,301
13534,海南爱多仕国际商务有限公司,91460107MADAF8E375,301
13535,海南爱达建设工程有限公司,91460200MA5T5RAB7U,301
13536,海南爱奔智慧文旅有限公司,91469036MA5RGLUW8R,301
13537,海南霭沣科技有限公司,91469007MAA90NJ587,301
13538,海南埃菲科技有限公司,91460000324166891C,301
13539,海南埃菲船舶工程有限公司,91460100MA5RDE2W4D,301
13540,海南哎游网络科技有限公司,91460200MA5RD7XY9T,301
13541,海南啊啦叮生物科技有限公司,91460000MAK0HLWM7E,301
13542,海南阿哲工程科技有限公司,91460108MAA99XER2Y,301
13543,海南阿木尔汗科技有限公司,91460000MABQJA9B9A,301
13544,海南阿啦灯电子商务有限责任公司,91460000MADHPEDE8Y,302
13545,海南阿卡林科技发展有限公司,91510100MA6AFJR10M,302
13546,海南阿记泰企业管理合伙企业（有限合伙）,91330201MA282RJY1D,302
13547,海南阿宝科技有限公司,91460000MAE6X9HQ3L,302
13548,海纳星图（三亚）渔业科技有限公司,91460000MAK1NA7010,302
13549,海美纳基因科技（海南）有限公司,91460000MAA95X393B,302
13550,海贸商务服务业（三亚）有限公司,91460100MA5TJFH99Y,302
13551,海龙（三亚）商贸有限公司,91460106MADL69UH7A,302
13552,海乐真（海南）化工有限公司,91460000MA5U29T46R,302
13553,海斓斓文化投资（三亚）有限公司,91460100MAD9WJYT93,302
13554,海莱坞（三亚）影视中心有限公司,91460106MA5TYTKR5H,302
13555,海莱夫尔（海南）进出口贸易有限公司,91460000MAEHPHJW36,302
13556,海阔天胡科技（海南）有限公司,91460000MAE2YQQP0U,302
13557,海坤达（海南）电力科技有限公司三亚分公司,91460000MAK17UYF3Y,302
13558,海坤达（海南）电力科技有限公司,91460000MAD2CJG28L,302
13559,海葵网络科技（海南）有限公司,91460000MA5U2WQ82F,302
13560,海口子懿投资有限公司,91460000MAD1B8DD2R,302
13561,海口田园汇物业服务有限公司三亚分公司,91460200583946008P,302
13562,海口拾味馆餐饮管理有限公司崖州科技城店,91460000MAD5JXMQ1P,302
13563,海口热科园科技服务有限公司三亚分公司,91460000MAED18M44U,302
13564,海口铺帮网电子商务有限公司三亚分公司,91460200MA5RE3MH4B,302
13565,海口匠子烤鱼餐饮服务有限公司崖州科技城店,91460000MAD7K0J15N,302
13566,海口贝胜实业有限公司三亚分公司,91460200MA5RCALJ2K,302
13567,海聚缘进出口贸易（海南）有限公司,91460000MA5U0X7081,302
13568,海鲸智探能源装备（三亚）有限公司,91460000MAG27H9E4H,302
13569,海经（海南）信息咨询有限公司,91460000MAA907EK5L,302
13570,海津新能源（海南）有限公司,91460000MA5TW1KL9Q,302
13571,海疆（海南）管理咨询有限公司,91130602MA0CFMHK1P,302
13572,海佳利进出口贸易（海南）有限公司,91460000MAD09T2A3B,302
13573,海惠办（海南）科技有限公司,91460000MACX9P4U7K,302
13574,海禾种业（海南）有限公司,91460108MACAGWX7X3,302
13575,海合源（三亚）农业科技有限公司,91460000MAE8K1HN80,302
13576,海斗量（海南）海洋技术工程有限公司,91469034MABPFLC13L,302
13577,海岛信通（三亚）智能科技有限公司,91460108MADQY3N63U,302
13578,海岛信通（三亚）创新科技有限公司,91460000MAEW9NYBXD,302
13579,海岛视听（海南）文化发展有限公司,91460000MAA932KE75,302
13580,海岛光年（海南）农业发展有限公司,91460106MADXCK8W3B,302
13581,海创邦富（海南）科技有限公司,91460100MA5TP9MW58,302
13582,海晟和（海南）实业有限公司,91460000MACGYQEP34,302
13583,海辰新能源（海南）有限公司,91460000MAA8YA3X4Q,302
13584,海晨康养（海南）有限公司,91630000MA75965U7J,302
13585,海贝石科技（三亚）有限公司,91460000MAD6F4RU6P,302
13586,海安再生医学技术（海南）合伙企业（有限合伙）,91460000MAETMCM36A,302
13587,嗨行（海南）数字科技有限公司,91460000MADGFEE55H,302
13588,嗨行（海南）国际旅行社有限公司,91460108MADERL7F5G,302
13589,哈索尔品牌管理集团（海南）有限公司,91460400MAA8Y7WN9X,303
13590,哈索尔化工（海南）有限公司,91460000MA5U287A2G,303
13591,哈尔滨市阳光惠远知识产权代理有限公司三亚分公司,91460200MA5U1BBGX9,303
13592,哈尔滨三联商务服务有限责任公司三亚分公司,91460106MAA9A2C185,303
13593,哈尔滨聚龙房地产开发有限公司三亚分公司,91460200557372434J,303
13594,哈尔滨电气集团海洋智能装备有限公司海南分公司,91460000MABNT9KU3J,303
13595,哈船水下机器人（三亚）有限公司,91230109MA1BT3HA5K,303
13596,果日葡萄酒（海南）有限公司,91469007MA7MJJXC38,303
13597,国之芹（海南）健康科技有限公司,91460106MAA9520731,303
13598,国药器械（海南）有限公司三亚分公司,91460000MABMENQG2Y,303
13599,国垚投资（海南）有限公司,91460000MAEEHPQ36W,303
13600,国研跃（海南）科技有限公司,91460000MAE8W06J8U,303
13601,国信田园私募股权投资基金（海南）合伙企业（有限合伙）,91460000MAA92MUC3M,303
13602,国新国际咨询（海南）有限公司,91460000MABU5BYB8Q,303
13603,国祥新能源（海南）有限公司,91460000MA5TRYW65B,303
13604,国网（海南）企业总部管理有限公司,91460200MA5T5UHXXQ,303
13605,国网（海南）进出口贸易有限公司,91460000MA5TAR8X1W,303
13606,国投种业科技有限公司,91460000MAD0EDTW9H,303
13607,国投（北京）科技创新有限公司海南分公司,91460000MAEB94E52T,303
13608,国泰新能源科技有限公司,91110101344274494R,303
13609,国实恒达科技股份有限公司,91310000MA1FL3K889,303
13610,国睿（海南）投资咨询有限公司,91460400MA5TLNNJ1D,303
13611,国然能源科技（海南）有限公司,91460000MAEULBYF34,303
13612,国氢能（海南）投资控股集团有限公司,91460000MA5TXER619,303
13613,国侨创联（海南）投资有限公司,91460000MAEH9B2N8W,303
13614,国牧种芯（海南）科技有限公司,91460000MAC82G6N7T,303
13615,国旅环球行（海南）国际旅行社有限公司三亚南山茗苑营业部,91460000MAE8L7X38K,303
13616,国科盛源（海南）私募基金管理有限公司,91460000MA5TLPJ9XN,303
13617,国科盛汇股权投资基金（海南）合伙企业（有限合伙）,91460000MACUQ7LE56,303
13618,国科盛典能源（海南）有限公司,91460000MACXUL2K6J,303
13619,国金生物科技投资（海南）有限公司,91460000MACT392L00,303
13620,国恒（海南）投资集团有限公司,91460000MA5TY9ET9U,303
13621,国福国际投资（海南）有限公司,91460000MAE6DY9680,303
13622,国电投源烨（三亚）新能源有限公司,91460107MAA93G5D1H,303
13623,国电投（三亚）综合智慧能源有限公司,91469006MA5TR5BL5T,303
13624,国达贸易（海南）有限公司,91460000MAA90ME88P,303
13625,国创种源科技（海南）有限公司,91460000MAEPHMNR5X,303
13626,国诚（海南）实业有限公司,91460108MAA9AP3F85,303
13627,国本（海南）科技有限公司,91460000MA5TK77059,303
13628,国爱优品国际供应链管理（海南）有限公司,91460000MAE78XNX99,303
13629,国爱文化产业（海南）有限公司,91460000MAD7L02D0G,303
13630,国爱国际投资（三亚）有限公司,91460000MAE9AR7896,303
13631,国爱电子商务（海南）集团有限公司,91460107MAA9A4MC7D,303
13632,国爱不动产（三亚）有限公司,91460000MAK1D46Y2B,303
13633,贵州众泰建设工程有限公司海南经济特区分公司,91460100MADQCQTG6Y,303
13634,贵州中通达建设工程有限公司海南常盛分公司,91469027MA7EYBLW3W,304
13635,贵州中柏伦建筑工程有限公司三亚分公司,91460000MA7N0QH93Y,304
13636,贵州尚迈建筑工程有限公司三亚分公司,91460000MADBFLHR92,304
13637,贵州金石礼贸易有限公司海南分公司,91460107MAD6NH3U2W,304
13638,贵州飞兔商联云信息技术有限公司三亚崖州分公司,91460000MADD5MC57R,304
13639,广州震辉装饰有限公司海南分公司,91460000MAE9QP959C,304
13640,广州新科睿斯生物科技有限公司三亚分公司,91460106MAA9AKQD44,304
13641,广州市焯誉工程造价咨询有限公司三亚分公司,91460200MA5TKAWJ8C,304
13642,广州露云娜美露营地投资管理有限公司海南分公司,91460108MA7MJF2A9X,304
13643,广西田阳闽东建农农资有限公司三亚分公司,91460200MA5T6A4LXJ,304
13644,广西大汉岩土工程有限责任公司海南分公司,91460000MAA96YMY7J,304
13645,广谦（三亚市）劳务服务有限责任公司,91460000MACYYEBQ69,304
13646,广科通立（三亚）数据服务合伙企业（有限合伙）,91469005MACGAY8B1P,304
13647,广吉粮（三亚）文旅投资合伙企业（有限合伙）,91460400MABX2TEP0G,304
13648,广东星巴克咖啡有限公司三亚崖州招商花园里分店,91460000MAD5FFXH74,304
13649,广东省科学院海南产业技术研究院有限公司,91460000MAA96QMN5Q,304
13650,广东省广大工程顾问有限公司三亚分公司,91460200MA5TKUQP36,304
13651,广东绿润环境管理有限公司三亚市崖州区分公司,91460200MA5RHEA055,304
13652,广东鸿益建筑工程有限公司海南分公司,91460000MAEJDYWG85,304
13653,广诚（海南）新能源有限公司,91460108MADH0KF819,304
13654,光之狗文化传媒（三亚）有限公司,91460000MAA917WCXY,304
13655,光矩阵（海南）科技有限公司,91460000MA5TXQD73L,304
13656,光风（海南）能源有限责任公司,91460000MA5U08Y016,304
13657,光晟科技（海南）有限公司,91230103MA1CDG4P49,304
13658,冠禾科技（海南）有限公司,91460108MADBJX7A0Y,304
13659,固延医疗服务（三亚）有限责任公司,91460000MAE2CBY14A,304
13660,固延生物科技（海南）有限责任公司,91469031MADX327FXQ,304
13661,固延乐杰生命科学（三亚）有限责任公司,91460000MAE2FBB30B,304
13662,固若金汤（三亚）文化传媒有限公司,91460400MAA93KAM8U,304
13663,谷禾田（海南）信息技术有限公司,91460000MAA903K17P,304
13664,古谢夫波尔工程技术（海南）有限公司,91460000MACTPF4X8K,304
13665,篝嘎嘎（三亚）咨询服务有限责任公司,91460000MAEXQ5HC43,304
13666,共好汇（海南）医疗投资有限公司,91460000MAE989G35L,304
13667,功成科技（海南）有限公司,91130101MA0G5RGL64,304
13668,公讯科技（三亚）有限公司,91460000MAE6RL0G3C,304
13669,公海服务贸易基地（海南）有限公司,91460000MA5TFMX20Y,304
13670,庚申（海南）石油科技有限公司,91469002MA5TYP1K63,304
13671,根本女性健康医疗集团（海南）有限公司,91469033MA5TWM5GXW,304
13672,格悦贸易（三亚崖州）有限公司,91460000MAE33T9328,304
13673,格远人工智能科技（海南）有限公司,91220214584645370R,304
13674,格沃斯新材料科技（海南）有限公司,91460000MACRUN4U0P,304
13675,格润海砂淡化技术（海南）有限公司,91460000MA5TQPNQ15,304
13676,格锐特（海南）科技有限公司,91460000MAETHMQA9X,304
13677,菏泽鹏昊建设工程有限公司海南分公司,91460100MA5T792LXJ,304
13678,高筑墙（三亚）投资控股合伙企业（有限合伙）,91469034MABY8L3U38,304
13679,高山流水（海南）国际贸易有限公司,91460200MA5RHCGK10,305
13680,港信（海南）商业保理有限公司,91460000MAC5R00190,305
13681,港通邦达（海南）供应链服务有限公司,91460200MADWLXDJ2C,305
13682,港泰（三亚）建设有限公司,91440101MA9UPXD0XA,305
13683,港帅实业（海南）有限公司,91460000MAA91HLGXX,305
13684,港联高能源（海南）有限公司,91460000MA5TW9H50U,305
13685,港诚再生资源（三亚崖州）有限公司,91460000MADLDPBX9H,305
13686,港城星创（海南）科技有限公司,91460100MA5TFTMG4M,305
13687,赣教（三亚）投资有限公司,91460108MADP6JTH1P,305
13688,甘云医药科技（海南）有限公司,91460000MACX37DY5H,305
13689,甘肃万通宽带视讯设备工程有限公司海南分公司,91460200MA5TM3EE49,305
13690,嘎纳国际酒店（海南）有限公司,91460000MAENJNCR7P,305
13691,赴来（海南）人工智能科技有限公司,91460000MAEXA5FW88,305
13692,富会杰（海南）信息技术有限公司,91460000MAD4TWL89E,305
13693,富尔（海南）农业科技有限公司,91460000MAA926N31D,305
13694,富璨天下（三亚）科技有限公司,91460100MADBTUU52D,305
13695,富奥投资（海南）有限公司,91469025MADQ57Y4X1,305
13696,复星（海南）生命科技有限公司,91460000MAEN3J2JXT,305
13697,复星（海南）控股有限公司,91460000MAG11KLJ6P,305
13698,抚远恒翔电气安装有限公司海南省分公司,91460200MA5T65B259,305
13699,福州鹏程建筑装修设计工程有限公司海南分公司,91460000MAC43AUK0B,305
13700,福芯（海南）数字产业有限公司,91469025MAC2UM1A2F,305
13701,福瑞莱（海南）生物科技有限公司,91460000MAEHPF953W,305
13702,福器（海南）投资有限公司,91460000MACJTWDD0X,305
13703,福粮（海南）投资有限公司,91460000MAE8FC0H3B,305
13704,福科斯（海南）新能源科技有限公司,91460200MA5T411P83,305
13705,福建永鑫晟建设工程有限公司三亚分公司,91460105MAA9A9U2XG,305
13706,福建天笠建筑工程有限公司三亚分公司,91460000MACPKM6P3X,305
13707,福建实达物业有限公司三亚分公司,91460000MAEQM6TX74,305
13708,福建省中昱德网络科技有限公司三亚分公司,91460200MA5TEX5R1X,305
13709,福建省顺安建筑工程有限公司三亚分公司,91460106MAA9AA187L,305
13710,福建荣宝建设工程有限公司三亚分公司,91460000MAC2T2L407,305
13711,福建建业工程造价咨询有限公司海南分公司,91460000MAC4Q9MGXB,305
13712,弗莱沃（海南）商贸有限公司,91460000MAD9U9DMXD,305
13713,孚合（海南）项目管理有限公司,91460000MAEMCGHD68,305
13714,凤凰呀克那（海南）国际商务有限公司,91460000MAD9UE5458,305
13715,风云际会（海南）策划创意服务有限公司,91460000MACDUXUY3A,305
13716,风氢阳（三亚）航空科技有限公司,91460000MAEQCD0H6X,305
13717,烽讯生物科技（海南）有限公司,91460000MAENQ61Y66,305
13718,沣荣（海南）科技发展有限公司,91460000MACEKA032D,305
13719,峰和嬴创（海南）低碳科技有限公司,91460106MADWPNP241,305
13720,丰原农创（海南）智慧农业科技有限公司,91460000MAG1C04AXP,305
13721,丰亿道（海南）技术咨询有限公司,91460107MADNB44913,305
13722,丰信达科技（海南）有限公司,91460200MA5RF0TN52,305
13723,丰桥农业科技（海南）有限公司,91460000MAD8B33D1U,305
13724,丰隆家居科技（三亚）有限公司,91460000MAE09TC66F,306
13725,丰界能源（海南）有限公司,91460000MA5TWQNK8U,306
13726,丰禾焱生物科技（海南）有限公司,91460000MAEK43RE7Q,306
13727,丰果仓（海南）农产品有限公司,91460000MACEQQM8X9,306
13728,芬斯文（海南）科技有限公司,91460204MACE6XYM0W,306
13729,纷滨蓝广告（海南省）有限公司,91460000MA5TJLYMX2,306
13730,费希尔种业科技（海南）有限公司,91460000MAE0A8D95T,306
13731,肥米粒投资（海南）合伙企业（有限合伙）,91460000MACLF0JA23,306
13732,飞廉机械（三亚）有限公司,91460000MAEHC3WM5K,306
13733,飞航航空科技（海南）有限公司,91469007MA5TE18F51,306
13734,菲色调（海南）布艺软装有限公司崖城分公司,91460000MAC5A44B4A,306
13735,方兴瑞康（海南）医疗科技有限公司,91460000MA7H4JDX1D,306
13736,方略谷（海南）生物科技有限公司,91460000MAC6Q74HXJ,306
13737,方超海涛（海南）实业有限公司,91460000MAC2E58H09,306
13738,泛海智能科技（三亚）有限公司,91460000MAELYMNE8Q,306
13739,繁镜（三亚）网络科技有限公司,91469001MADTW39G8N,306
13740,凡尔赛（海南）家装设计建设工程有限公司,91460000MAA91P5F1C,306
13741,法丝特船舶科技发展有限公司,91469033MA5TYJ5H0X,306
13742,法律科技（三亚）有限公司,91460000MA5TG2F94H,306
13743,法金金（海南）科技有限公司,91350203MA32XWDX4U,306
13744,尔林兔科技（海南）有限公司,91460107MADW73P991,306
13745,俄联中新能源科技发展（海南）有限公司,91460000MAE22JG254,306
13746,朵慷药业（海南省）有限公司,91460000MA5TMMK85A,306
13747,朵哈文化艺术培训（海南经济特区）有限责任公司,91469005MA5TQGK48A,306
13748,多次元（三亚）果蔬种业有限公司,91460000MACY6GYP7U,306
13749,渡渔（三亚）科技有限公司,91460106MADNKBBU6Y,306
13750,渡富鑫国际贸易（海南）有限公司,91460000MABUAYW3X6,306
13751,动能转换（三亚）教育投资有限公司,91469033MA5TUQHK94,306
13752,东卓建设有限公司,91460200MA5RHL5E7Q,306
13753,东屿恒泰（三亚）实业有限公司,91460000MA5TNGYT5Y,306
13754,东油智能科技（三亚）有限公司,91460000MADD29C04D,306
13755,东坡汇（海南）文旅科技发展有限公司,91460000MAE9KEJRXA,306
13756,东坡赤壁（海南）投资有限公司,91460000MAE9YMB737,306
13757,东家寰球科技服务控股（海南）有限公司,91460108MAD996X630,306
13758,东恒泓泰（海南）贸易有限公司,91460000MACLXXC71Q,306
13759,东合（三亚）咨询有限公司,91469028MA5TC63R4X,306
13760,东方紫（海南）投资中心合伙企业（有限合伙）,91469006MABRJDW63W,306
13761,东方紫（海南）生物科技有限公司,91460107MAA9A28A60,306
13762,东方源泉（三亚）投资有限公司,91460204MADTB11B62,306
13763,东方美域（海南）科技有限公司,91460000MAER9G8E56,306
13764,东方绿境科技（海南）有限公司,91460000MA5T96KY3H,306
13765,东方辉腾（海南）物流有限公司,91460000MACKX42F37,306
13766,东创新能（三亚）科技有限公司,91469001MADWCYBF0L,306
13767,东宝进出口贸易（海南）有限公司,91460000MAD35Q327F,306
13768,东保（海南）农业科技有限公司,91460000MACJCX3P5R,306
13769,东岸文化传媒（海南）有限公司,91460000MA5U2DHC6U,307
13770,鼎信税务师事务所（海南）有限公司,91460000MACC4J2W8M,307
13771,鼎信石油化工（海南）有限公司,91460400MA5TWWKU7H,307
13772,鼎新弘毅（海南）国际能源有限公司,91460000MA5TY5XCXK,307
13773,鼎泰达（海南）石油物资有限公司,91460106MA5U2MTGX0,307
13774,鼎诺信成（海南）项目管理有限公司,91460000MACRWAE55A,307
13775,鼎诺信成（海南）投资有限公司,91469001MACT39UK0T,307
13776,鼎诺信成（海南）商贸有限公司,91460000MACU6J3P40,307
13777,鼎睦投资（海南）有限公司,91460000MAEN1FWQ68,307
13778,鼎发（三亚）车辆设备租赁服务科技有限公司,91460000MA5TLL450K,307
13779,鼎晟万合（海南）实业有限公司,91460000MABMRH65X2,307
13780,丁力达（三亚）技术有限公司,91460204MACG385R4M,307
13781,点无生金（三亚）技术服务有限责任公司,91460000MAK1NYWE03,307
13782,点金（海南）科技有限公司,91460108MAD44UKN3U,307
13783,地沃粒安投资（海南）合伙企业（有限合伙）,91460000MACKU0T3X7,307
13784,地感科技（海南）有限公司,91460000MAK10X258D,307
13785,德源生物科技（海南）集团有限公司,91460000MAC1765P0W,307
13786,德普威（海南）农业国际贸易有限公司,91460108MAA98YW2XR,307
13787,德能石油化工（海南）有限公司,91460000MA5TWLQD6X,307
13788,德龙新能源技术开发有限公司,91110101MA008TRP67,307
13789,德方中天供应链（海南）有限公司,91460000MAC1XPEY5U,307
13790,德方思（海南）咨询有限公司,91460000MAEQ3RCE73,307
13791,得一进出口贸易（海南）有限公司,91460000MABW9PJC2B,307
13792,得一建筑工程（海南）有限公司,91460000MACCPG8HX2,307
13793,得飒科技（海南）有限公司,91460100MAA9686L8C,307
13794,道润坤家办（海南经济特区）信息咨询有限公司,91460000MAC70RPF0D,307
13795,道润昌控股（海南经济特区）有限公司,91460108MAA92G3B7D,307
13796,道润昌家族办公室（海南经济特区）有限公司,91460000MAA91G5989,307
13797,道融生物科技（海南）有限公司,91460000MAD7MNEX9P,307
13798,道口融汇（海南）科技有限公司,91460000MA5U2BTK2B,307
13799,道合速达（海南）科技有限公司,91460106MADX8FKW41,307
13800,道富智联科技（海南）有限公司,91460000MAD7J31721,307
13801,道富领航科技（海南）有限公司,91460000MAD742KCXC,307
13802,道恩（海南）教育有限公司,91460204MACJR7QQ0C,307
13803,稻谷（海南）科技有限公司,91140100MA0GU3E29G,307
13804,导潮码（三亚）云科技有限公司,91460000MAE8CYX329,307
13805,当传（三亚）文化传媒有限公司,91460000MAC3WE1Q32,307
13806,戴夫石油化工（海南）有限公司,91460000MA5U23FU3E,307
13807,大云圣融大数据产业（海南）股份有限公司,91460000MAERNM9K3K,307
13808,大易国学（海南）文化传媒有限公司,91460000MAA91UAE9D,307
13809,大洋智能科技（海南）有限公司,91460106MAA9AG3W2G,307
13810,大同投资建造（海南经济特区）有限责任公司,91460000MACUE96C3F,307
13811,大唐三亚新能源有限公司,91460108MA5U0RCQ6U,307
13812,大唐三亚未来能源研究所有限公司,91460000MA5TKE3Q1H,307
13813,大三元投资（海南）有限公司,91460000MA5TK7P50R,307
13814,大千空间生态资源开发（海南）有限公司,91460108MAA9A68T2F,308
13815,大名顺（海南）农业科技有限公司,91460200MADM2G0L7Q,308
13816,大绿（海南）种业科技有限公司,91460000MAA96F1039,308
13817,大路烁辉（海南）国际文旅健康投资有限公司,91460106MAD51PML0D,308
13818,大隆科技（三亚）有限公司,91460000MA5TRN133Y,308
13819,大连联华物业管理有限公司三亚分公司,91460200573099896B,308
13820,大连科盾防腐新材料有限公司海南分公司,91460108MACAEBX39N,308
13821,大海能源（海南）有限公司,91460000MAA98G0J66,308
13822,大哥农业（海南）有限公司,91460000MAEAA3J13E,308
13823,大地永丰（海南）农业科技有限公司,91460000MACCMNL812,308
13824,大才智能（三亚）医疗科技有限公司,91460100MAD9CT4Y7B,308
13825,大北农生物技术（海南）有限公司,91460000MACNY6GR42,308
13826,大白鲸体育文化（海南）有限公司,91460200MA5RDRNG21,308
13827,大白鲸世界酒店管理（海南）有限公司,9146010032413796XT,308
13828,大爱全息（海南）科技有限公司,91460108MAD58AU82E,308
13829,达利欧繁华商务咨询（三亚）有限公司,91460200MA5TWEDR94,308
13830,搭麦贸易（三亚市）有限责任公司,91460000MAEM66PC9U,308
13831,存诚取信（海南）科技有限公司,91460000MADB073K2L,308
13832,词源教育科技产业有限公司,91460000MA5TTP0B93,308
13833,春华秋果（三亚）影视文化传播有限公司,91460000MAE4QP2M98,308
13834,创智盈辉（海南省）电子科技有限公司,91469027MADPM3DN2Q,308
13835,创元帮（海南）投资有限公司,91460000MAERPUE04J,308
13836,创元帮（海南）科技发展有限公司,91460000MAE2HQ3U2A,308
13837,创盈光供应链（三亚）有限公司,91440300305924757M,308
13838,创意果（海南）科技有限公司,91460000MAEQ9CQ46A,308
13839,创想设计（三亚）设计有限公司,91460000MA5T82AW74,308
13840,创翔新材料（海南）有限公司,91460000MA5U2JKW5Q,308
13841,创味（海南）餐饮管理有限公司,91460000MAD8BJKL93,308
13842,创斯（海南三亚）贸易有限公司,91460106MAA9AKCQ12,308
13843,创金企业管理（三亚）有限公司,91460000MAEXKXE780,308
13844,创践智海（海南）教育科技有限责任公司,91460108MAA9ANP93R,308
13845,创谷产融投资（海南）有限公司,91460200MADMHKPK0E,308
13846,创百梦（海南）网络科技有限公司,91460000MACL1WHW0P,308
13847,窗翼（海南经济特区）投资有限公司,91460000MAEGM4DHXY,308
13848,传盈投资（三亚）有限公司,91460000MAEX8CGC9K,308
13849,楚为（海南）国际种业科技有限公司,91460000MACFP86GXK,308
13850,赤子芯（海南）种业科技有限公司,91469033MADP4NXJ3X,308
13851,赤芯芯科技（海南）有限公司,91460000MADGQTA69L,308
13852,赤道网络科技（海南）有限公司,91460000MA5TAU6C5T,308
13853,赤道电影（海南）有限公司,91460000MA5TAG6C7H,308
13854,齿创（海南）医疗科技有限公司,91460000MAEM70Q30Q,308
13855,驰硕（海南）投资有限公司,91460000MACB96J64T,308
13856,吃选（三亚）科技有限公司,91460106MA7N2WN72E,308
13857,诚用酒店管理（海南省）有限公司,91460000MA5TJMXU13,308
13858,诚盈嘉进出口贸易（海南）有限公司,91460000MAEC9P6J4W,308
13859,诚信金泰建设管理（苏州）有限公司海南分公司,91460000MAD25W2186,309
13860,诚泰石油化工（海南）有限公司,91460000MAA95BRL4L,309
13861,诚弘恒源（海南）贸易有限公司,91460000MACX1GRD6Q,309
13862,诚德致远（三亚）投资有限公司,91460000MADB39DUXY,309
13863,诚德隆实业（海南）有限公司,91469030MA5TU0KE8E,309
13864,诚大科美（海南）生物科技有限公司,91460000MAEQW6NM3Y,309
13865,盛洋世纪（海南）科技有限公司,91460000MACAF0MG0A,309
13866,盛棠卿诚（海南）投资有限公司,91469028MADX4YPJXE,309
13867,盛世鑫沣（海南）粮油贸易有限公司,91460000MAA90QC781,309
13868,盛世前行（海南）建筑劳务有限公司,91460000MAEF1D7D8B,309
13869,盛世康源（海南）生物科技有限公司,91460105MADP2PCW0A,309
13870,盛世华硕（海南）商贸有限公司,91460000MAEA6X4859,309
13871,盛世恒业（海南）投资控股有限公司,91460108MAC7R4TLX0,309
13872,盛世安邦（海南）农业科技有限公司,91460000MA5TUB604B,309
13873,盛鸿卓业（海南）投资有限责任公司,91460000MAE1B07832,309
13874,盛格利亚（海南）国际贸易有限责任公司,91460000MAEWBLM685,309
13875,盛达世纪（三亚）科技会展有限公司,91460000MACK97NK5X,309
13876,盛财（海南）投资咨询有限公司,91460000MAEKFHHC5D,309
13877,晟之胜（海南）实业有限公司,91460000MACF88P31U,309
13878,晟泽耀（海南）投资有限公司,91460000MACKH1QAXW,309
13879,晟亿众鼎（海南）贸易有限公司,91460000MAE0RF7U0J,309
13880,晟仪自控系统工程（海南）有限公司,91460000MAA9496758,309
13881,晟生昇企业管理（海南）有限公司,91460000MAE76RXT2U,309
13882,晟鲲（海南）国际贸易有限公司,91460000MABLJBXMX1,309
13883,晟璟（海南）投资有限公司,91460000MACLM0A01N,309
13884,晟鸿锦（海南）贸易有限公司,91460000MAEMQHWY20,309
13885,晟达石油化工（海南）有限公司,91460000MA5U06GX16,309
13886,承翰（三亚）投资有限公司,91460000MADEAQB5X7,309
13887,成亦文化传播（三亚）有限公司,91460108MADT3J5Y5T,309
13888,成都鑫兴浪旭科技有限公司三亚分公司,91460000MAER417X60,309
13889,成都奇利宗商贸有限公司三亚分公司,91460000MACU5MMU9P,309
13890,成都澜溪物业服务有限公司海南分公司,91460000MABRDX758T,309
13891,成都空港公园城市绿道建设投资有限公司海南分公司,91460000MAE63C0M7R,309
13892,辰图（海南）咨询服务有限公司,91460000MAE369CE34,309
13893,臣功（海南）科技合伙企业（有限合伙）,91460000MAA91WWP4L,309
13894,晨旭星（海南）节能科技有限公司,91460000MABPMA9044,309
13895,晨海生物科技有限公司,91460000MABNUTTG6T,309
13896,潮港（海南）信息科技有限公司,91460000MA7L7XBL90,309
13897,超维元宇宙（海南）科技有限公司,91460000MAA951EX21,309
13898,超融智算（海南）科技有限公司,91460000MAE8M75M0W,309
13899,超伦智农（海南）科技有限公司,91460000MAEUPLDA86,309
13900,超级植物（北京）科技有限公司三亚分公司,91460108MACG0T7588,309
13901,超级聚星（三亚）孵化器合伙企业（有限合伙）,91460000MAEW7R2730,309
13902,畅森（海南）贸易有限公司,91460000MA5TXNTK3C,309
13903,畅行腾喜（海南）科技有限公司,91460000MA5TX6PM89,309
13904,昶盛源（海南）商贸有限公司,91460000MAK2MB9J8M,310
13905,长兴岛（海南）国际能源中心有限公司,91460107MA5TQH9830,310
13906,长水科技发展（海南）有限公司,91460108MACJCPJB0G,310
13907,长石（三亚）创业投资合伙企业（有限合伙）,91469033MAA8Y6813H,310
13908,长杉投资（三亚）合伙企业（有限合伙）,91460000MAEJ9MMC76,310
13909,长坤科技（三亚）有限公司,91460000MACU80595D,310
13910,长河投资控股（三亚）集团有限公司,91460000MA5TU9BX0T,310
13911,长风运载（三亚）科技有限公司,91460000MADXY9YT4G,310
13912,长春金石建元工程咨询有限责任公司海南分公司,91460200MA5T4B2076,310
13913,常远（三亚）投资有限公司,91460000MAC2L29G9J,310
13914,常青藤（海南）医学科技有限公司,91460200MADR4B7D82,310
13915,草根创新农业（海南）有限公司,91460000MAC9WR5B7N,310
13916,苍穹新能源科技（海南）有限责任公司,91460000MAEF4R5X3Y,310
13917,苍龙控股集团有限公司,91610131MA6U860C3Y,310
13918,苍龙环境科技（海南）有限公司,91460000MAERBLEU9E,310
13919,采缘智能科技（海南经济特区）有限公司,91460200MA5TLQBWX4,310
13920,采玛斯贸易（三亚）有限公司,91460000MAEC80RM9D,310
13921,彩鳞科技（海南）有限公司,91460000MAA90P1J37,310
13922,财讯商贸（海南）有限公司,91460000MACDBGDB7R,310
13923,布珑贸易（海南省）有限公司,91460000MA5TJQQU82,310
13924,铂尚生物技术（海南）有限公司,91460000MACFDQ0E9P,310
13925,渤中能源（海南）有限公司,91460000MAA91BG19E,310
13926,泊昱鼎（三亚）投资有限公司,91460000MAE06QL931,310
13927,泊丞（海南）供应链管理有限公司,91460108MAC9KP7N72,310
13928,柏翼（三亚）科技有限公司,91460000MAK0KFTU38,310
13929,柏树（海南）投资有限公司,91460106MADJTEPL5A,310
13930,柏创（海南）环保科技有限公司,91460000MACQMXD3XD,310
13931,博熠现云咨询（海南）有限公司,91460000MA7M8RQR3R,310
13932,博睿特（海南）环保科技有限公司,91460000MACHDETY6F,310
13933,博瑞迪生物技术（海南省）有限公司,91460000MA5TB0LKXG,310
13934,博勒尔（海南）科技服务有限公司,91460000MAEG4H3987,310
13935,波特亩（海南）科技合伙企业（有限合伙）,91460106MAA9G94Y9R,310
13936,播兰得（海南）农业科技有限公司,91460000MAK18GC16U,310
13937,秉承（海南省）运输服务有限公司,91460000MA5TJMXJ1R,310
13938,炳森宏业集团有限公司海南分公司,91460000MAD54ME65K,310
13939,斌钒运输服务（海南省）有限公司,91460000MA5TK9XF9G,310
13940,骉马（海南）芯片技术有限公司,91460000MADXJ2B18P,310
13941,便利之家连锁管理（海南）有限公司三亚崖州区分公司,91460000MA5TLT8K04,310
13942,碧清园科技（海南）有限公司,91460000MAG0QYM787,310
13943,碧兰物业管理（海南）有限责任公司,91460000MA5TDXHD89,310
13944,碧海晟泰实业（海南）有限公司,91460000MACDL3LP13,310
13945,必优科技（海南）有限公司,91460000MAD42XA76Q,310
13946,比斯特（海南）石油化工有限公司,91460000MAC8PB6E5T,310
13947,彼爱（三亚）投资咨询有限责任公司,91460000MADXN07D7T,310
13948,贝纳基因科技（三亚）有限公司,91420100303546182U,310
13949,贝莱美（海南）科技有限公司,91460000MAEGKKXY96,311
13950,贝莱多投资（海南）有限公司,91460107MAA99NKF59,311
13951,贝迨乐（海南）文化传播有限公司,91460200MA5RHWP18E,311
13952,贝呈（海南）投资有限公司,91460000MACAMC836T,311
13953,倍勒（海南）科技发展有限公司,91460000MACGBRB23H,311
13954,北遇映画（三亚）摄影服务有限公司,91460000MAC765FA9L,311
13955,北遇无隅（三亚）摄影服务有限公司,91460000MAETJRJC56,311
13956,北遇山止（三亚）摄影服务有限公司,91460000MAETDYQD4K,311
13957,北遇两行（三亚）摄影服务有限公司,91460000MAETJCHJ95,311
13958,北巽集团（海南）有限公司,91460000MACLF9EY1Y,311
13959,北投伴跑（海南）管理有限公司,91460000MAK10A0X1U,311
13960,北京中农大农业规划设计院有限公司海南分院,91460000MAE746YJ96,311
13961,北京中名国成会计师事务所（特殊普通合伙）三亚分所,91460000MAEEF8FC2T,311
13962,北京中济纬天专利代理有限公司三亚分公司,91460000MAA97BPM0D,311
13963,北京永拓工程咨询股份有限公司三亚分公司,91460200MADP1UHD5Q,311
13964,北京药师坛城国际文化传播有限公司三亚分公司,91460000MAE7YUL692,311
13965,北京桐坤建筑工程有限公司海南分公司,91460000MAK13HJN64,311
13966,北京同仁堂（海南）控股有限公司,91460000MAA98LH61P,311
13967,北京擎科生物科技股份有限公司海南分公司,91460100MA5TCYK83L,311
13968,北京汇思诚业知识产权代理有限公司海南分公司,91460000MACP1LT413,311
13969,北京华实诚瑞企业管理服务有限公司海南分公司,91460000MACD643X3R,311
13970,北京华昌建筑工程有限责任公司海南分公司,91460200MA5RCJ9H44,311
13971,北京和乙建设工程有限公司三亚分公司,91469001MA7J9JUX9W,311
13972,北京奥晨贸易有限公司三亚分公司,91460000MADFKEWJ0B,311
13973,北豆南繁（海南）菜豆种子有限公司,91460000MAC7QUKW85,311
13974,豹变（海南）投资有限公司,91460000MAEJULHGXU,311
13975,暴雪网络科技发展（海南）有限公司,91460000MA5TKK0E07,311
13976,抱抱爱（海南）科技有限公司,91460106MADH625P0K,311
13977,宝库非遗文化发展（海南）有限公司,91460200MADQHTLC89,311
13978,宝褓睡眠科技（海南）有限公司,91460000MADHFYY58U,311
13979,保信达医疗科技（海南）商行（个人独资）,91460000MAA9168B6X,311
13980,保通通投（海南）先进制造产业投资中心（有限合伙）,91430300MA4R49BC3T,311
13981,保利科技发展有限公司,91460200MA5T70385M,311
13982,邦可（海南）商贸有限公司,91460108MAD8H4EC9G,311
13983,邦富企业管理咨询（海南）有限公司,91460000MA5TK16C05,311
13984,邦地（三亚）生物工程有限公司,91460000MAE9L8FB2K,311
13985,半草半木（海南）农业有限公司,91460000MAE24C0T69,311
13986,百姓家园（海南经济特区）供应链管理有限公司,91460000MAK29GUJ4N,311
13987,百万良田（海南）农业科技有限责任公司,91460000MAC6MY1N1Y,311
13988,百泰（海南）网络科技有限公司,91469027MADPLW8G7J,311
13989,百胜餐饮（深圳）有限公司三亚肯德基崖州餐厅,91460200578732881T,311
13990,百胜餐饮（三亚）有限公司雅布伦产业园肯德基店,91469026MADQY8QU2A,311
13991,百胜餐饮（三亚）有限公司崖州三馆必胜客店,91460000MAEC042661,311
13992,百胜餐饮（三亚）有限公司崖州科技城肯德基店,91460000MACN5YF997,311
13993,百胜餐饮（三亚）有限公司崖州金茂肯德基店,91460000MACXHKLMXD,311
13994,百胜餐饮（三亚）有限公司花园里必胜客店,91460000MAD1UR0J42,312
13995,百胜餐饮（三亚）有限公司创新研学谷肯德基店,91460000MAD3ELE81A,312
13996,百荣（海南）投资有限公司,91460000MA5U119680,312
13997,百年征程（海南）科技有限责任公司,91460108MAA90QGE0Y,312
13998,百年佳欣国际贸易（海南）有限责任公司,91460000MAD29EKX7A,312
13999,百椒所（海南）农业科技集团有限公司,91460000MACM4M7D1R,312
14000,百禾智能（三亚）科贸有限公司,91460000MAD129W27L,312
14001,百晟鑫（海南）控股合伙企业（有限合伙）,91469007MAA951J12F,312
14002,百晟（海南）企业管理有限公司,91460106MA5U1YBW30,312
14003,佰基鸿运（三亚）企业管理咨询合伙企业（有限合伙）,91460000MAE16DP19F,312
14004,佰汇恒业（海南）供应链管理有限公司,91460000MAEQYUT24C,312
14005,佰航（三亚）人工智能科技有限责任公司,91460000MAEEE12X7P,312
14006,白鲸数智科技（海南）有限公司,91460000MAE6G91N46,312
14007,八爪智能科技（海南）有限公司,91460000MAEC7LCM50,312
14008,八音物业（海南省）有限公司,91460000MA5TJLDM6A,312
14009,八亿硬科技发展有限公司,91460100MAA92D5D8L,312
14010,八亿科技有限公司,91460000MA5TJRJ00J,312
14011,八方健沣（三亚）科技有限公司,91460000MAD6TN0J2B,312
14012,澳亚投资（海南）有限公司,91469028MADMCQPL8D,312
14013,澳斯陆（三亚）科技有限公司,91469006MADY6AGH2P,312
14014,澳必达（海南三亚）供应链运营管理服务有限责任公司,91460000MAEXNR1WX7,312
14015,奥玉（三亚）科技有限责任公司,91460000MAEPH7RX9A,312
14016,奥美达（海南）生物技术开发有限公司,91469034MADW810G76,312
14017,奥格威（海南）新能源科技中心（有限合伙）,91469005MAC61K6A4M,312
14018,奥飞城市运营管理（三亚）有限公司,91460000MAC5M7P877,312
14019,奥布朗（海南）生物科技有限公司,91460000MAE65TPB3A,312
14020,嗷嗷飞文化（海南经济特区）有限责任公司,91469002MA5TUPR226,312
14021,岸芷汀兰生态环境（海南）有限公司,91460000MAE7MG6P5J,312
14022,桉楠国际贸易（三亚）有限公司,91460204MACR3PKU0E,312
14023,安永资产评估（上海）有限公司海南分公司,91460100MA5T9X7L8X,312
14024,安享投资管理股份有限公司,91460200MA5RDQGP9L,312
14025,安洛克（海南）实业有限公司,91460100MAA8YPX495,312
14026,安岚慈（海南三亚）酒店管理有限公司,91460000MA5TWL1T8Y,312
14027,安来投资（三亚市崖州区）有限责任公司,91460000MAEJDHK55F,312
14028,安嘉诚源（三亚）投资有限公司,91460106MADNPQBY72,312
14029,安徽省瞳声科技有限公司海南分公司,91460000MAA95NDA82,312
14030,安徽淮武工程项目管理有限责任公司海南分公司,91460000MACBB0U189,312
14031,安徽华地好生活服务集团有限公司三亚分公司,91460000MAETFHBC5D,312
14032,安煌塔（海南）广告有限公司,91460000MA5TMMKK3F,312
14033,安诚工程咨询（海南）有限公司,91460000MA5TRK266B,312
14034,艾浙里（海南）中医药科技有限公司,91460000MAEUM1BJ8A,312
14035,艾锐奥启新创始（三亚）飞行器合伙企业（有限合伙）,91460000MAEH95PD69,312
14036,艾锐奥架海金梁（三亚）飞行器合伙企业（有限合伙）,91460000MAEJUET06U,312
14037,艾锐奥鼎策帷幄（三亚）飞行器合伙企业（有限合伙）,91460000MAEGLJGJ0L,312
14038,艾普达流体科技（三亚）有限公司,91460106MADH06A812,312
14039,艾丽桐晟（海南经济特区）投资有限公司,91460000MAELRFKD35,313
14040,艾弗睿（海南）供应链管理有限公司,91460000MA5THECQ28,313
14041,艾迪晶（海南）生物技术有限公司,91460106MA7K66QA4B,313
14042,艾德利尔（海南）实业有限公司,91460000MA5TTYM547,313
14043,爱种农邦（海南）科技有限公司,91460200MADNAK1A9G,313
14044,爱种联丰（海南）科技有限公司,91460000MACFUM2T6W,313
14045,爱上航海（三亚）游艇股份有限公司,91460200MA5REENL3G,313
14046,爱默生长农业科技（海南）有限公司,91460200MADQCPT96M,313
14047,爱岚斯曼传媒（海南）有限公司,91460000MADL36L22T,313
14048,爱行国际投资（海南）有限公司,91460000MAE6WCUX6R,313
14049,爱舸瑞（三亚）科技有限公司南繁培训中心,91460108MADUP53QX3,313
14050,爱舸瑞（三亚）科技有限公司京华大酒店分公司,91460108MADRXKDY0N,313
14051,爱舸瑞（三亚）科技有限公司,91460000MABPBDN600,313
14052,爱豆科技（海南）有限公司,91460000MADWMN5128,313
14053,爱盛达商贸（海南）有限责任公司,91460000MAG0MF0072,313
14054,埃德伯格（海南）科研服务集团有限公司,91460000MACMCKHN5P,313
14055,阿蒙实业（海南）有限公司,91460000MACFC8MT7R,313
14056,阿洛玛（三亚）创意设计咨询有限公司,91460000MAA98F5773,313
14057,阿贝卡科技（三亚）有限公司,91460106MAA9AEYU8W,313
14058,三亚罗牛山畜牧有限公司,914602005624397363,313
14059,海南国宏芯启科技有限公司,91460000MAK2Y4Y67G,313
14060,海南弘文寰宇新材料投资合伙企业（有限合伙）,91460000MAK3M7R829,313
14061,海南文合未来文化产业投资合伙企业（有限合伙）,91460000MAK3QPBH57,313
14062,海南华韵科技投资有限公司,91460000MAK4F8FKXT,313
14063,薪鸿旺（海南）贸易有限公司,91460000MAK3FMMT55,313
14064,海南东家邦电商科技有限公司,91460000MAK4B3CE6A,313
14065,衍鸿沥（海南）工程管理服务有限公司,91460000MAK2KBTD58,313
14066,中物合（海南）锁业有限公司,91460000MAK1Q9G45U,313
14067,海南中岳马泰投资有限公司,91460000MAK42YE85R,313
14068,海南麦麦数智科技有限公司,91460000MAK1YP1Y2U,313
14069,海南神远海智能装备科技有限公司,91460000MAK43GY38B,313
14070,海南智链云通科技有限公司,91460000MAK23K591E,313
14071,壹起共创（三亚）企业管理合伙企业（有限合伙）,91460000MAK1LP7R2B,313
14072,三亚康海时代科技有限公司,91460000MAK32PA5X5,313
14073,三亚澎湃海洋科技有限公司,91460000MAK2L15UX9,313
14074,海南万世欣盛科技有限公司,91460000MAK3N12M70,313
14075,海南天金石贸易有限责任公司,91460000MAK3W7T711,313
14076,海南省乘鑫物流有限公司,91460000MAK3NPQ72X,313
14077,海南超驰能源有限公司,91460000MAK43D4JXJ,313
14078,华辉安健（海南）生物科技有限公司,91460000MAK36UYX77,313
14079,丰原农业（海南）有限公司,91460000MAK4604Y3P,313
14080,琪峰国际供应链管理（海南）有限责任公司,91460000MAK3Q8WM39,313
14081,海南龙牛中药材有限公司,91460000MAK24GXQ3E,313
14082,海南寰洲能源供应链有限公司,91460000MAK2XYEW9N,313
14083,海南迪丰基因科技有限公司,91460000MAK2U1X95T,313
14084,海南安悠海洋渔业发展有限公司,91460000MAK3F9NU42,314
14085,三亚万联易达物联网技术有限公司,91460000MAK1XD1E05,314
14086,三亚芯科农业科技投资合伙企业（有限合伙）,91460000MAK4111G2M,314
14087,海南奕豪智能科技有限公司,91460000MAK50MF38M,314
14088,祎美科技（海南）有限公司,91460000MAK3WKQT8M,314
14089,驭见未来（海南）科技有限公司,91460000MAK2GKBA9Y,314
14090,鲜斑（海南）农业发展有限公司,91460000MAK2KEH6XX,314
14091,壹起为农（三亚）企业管理合伙企业（有限合伙）,91460000MAK2XX6U91,314
14092,拓疆（海南）智能装备有限公司,91460000MAK3731T6N,314
14093,海南碳途科技有限公司,91460000MAK50UPJ4H,314
14094,海南深蓝矩阵科技有限公司,91460000MAK27WC310,314
14095,海南远维实创科技投资有限责任公司,91460000MAK3FRRJ9W,314
14096,海南乐杰启源国际生命健康管理有限公司,91460000MAK25QQ33X,314
14097,海南崖山科技合伙企业（有限合伙）,91460000MAK50EXN4R,314
14098,鲜炬（海南）供应链有限公司,91460000MAK497XW7R,314
14099,海南声景科技有限公司,91460000MAK3WFP43W,314
14100,寰脑科技（三亚）有限责任公司,91460000MAK3F4B92N,314
14101,纬动投资（三亚）有限公司,91460000MAK3WGKH0H,314
14102,海南阳炎南斗企业服务中心（有限合伙）,91460000MAK50UJL21,314
14103,海南丰易贸易有限公司,91460000MAK3KXU736,314
14104,三亚北智投资有限公司,91460000MAK2WNHQ3F,314
14105,海南坤宇数字科技有限公司,91460000MAK3QU9T4Y,314
14106,海南合创深蓝贸易有限公司,91460000MAK38WHU0C,314
14107,海南捷信通科技有限公司,91460000MAK45UQP6N,314
14108,海底龙（海南）智能装备有限责任公司,91460000MAK2U21N9W,314
14109,海南辉创进出口有限公司,91460000MAK3UAJN6G,314
14110,海南荟客厅科技服务有限公司,91460000MAK2P6N63Y,314
14111,海南慧贤科技有限公司,91460000MAK36WM65D,314
14112,海南亿发姆智慧农业科技有限公司,91460000MAK2D5P5XF,314
14113,峥创投资（三亚）有限公司,91460000MAK36NUH13,314
14114,海南江昇生物科技有限公司,91460000MAK2FENW3H,314
14115,虎邦食品（海南）有限公司,91460000MAK4EY1A4U,314
14116,三亚京旺国际投资有限公司,91460000MAK26HCW2M,314
14117,三亚朗沐生物医药科技有限公司,91460000MAK41T3D72,314
14118,三亚九天泛海技术服务合伙企业（有限合伙）,91460000MAK3FAY364,314
14119,海南原创力科技有限公司,91460000MAK2NA77XG,314
14120,三亚坤源文化传媒有限公司,91460000MAK1AJMY94,314
14121,国爱链商（海南）商业发展有限公司,91460000MAK49A0N12,314
14122,海南鼎欣数据信息技术有限公司,91460000MAK3WTGM10,314
14123,三亚盛马科技有限公司,91460000MAK3JFN072,314
14124,海南中邦建安科技有限公司,91460000MAK49NUC8D,314
14125,海南柏福医药科技有限公司,91460000MAK50GWU0B,314
14126,三亚市遵爱商贸有限责任公司,91460000MAK2HJT478,314
14127,海南金维航空技术有限公司,91460000MAK2XX8810,314
14128,安融生物科技（海南）有限公司,91460000MAK4EJYQ48,314
14129,三亚花好国际贸易有限公司,91460000MAK4BUH07Q,315
14130,海南嗣一柒生命科学有限公司,91460000MAK41TEB0Q,315
14131,海南宗洋安航科技有限公司,91460000MAK26AGG80,315
14132,海南铭莫建设工程有限公司,91460000MAK30THU9U,315
14133,三亚研创生物科技有限公司,91460000MAK1LX4G5M,315
14134,海南经济特区惠京投资控股有限公司,91460000MAK34A8652,315
14135,博通科技（三亚）有限公司,91460000MAK2WKWY6P,315
14136,海南质晟投资有限公司,91460000MAK2QFA872,315
14137,海南昱珩贸易有限公司,91460000MAK3LWPY5X,315
14138,海南雷链数字科技有限公司,91460000MAK2PFPL34,315
14139,海南恒隽投资有限公司,91460000MAK2UTK138,315
14140,军创之星（海南）商务秘书有限公司,91460000MAK34H9A38,315
14141,海南崖山投资有限公司,91460000MAK40JWH10,315
14142,海南慷宁进出口贸易有限公司,91460000MAK2L3HT3A,315
14143,海南经济特区财僖供应链管理有限公司,91460000MAK3MHFP28,315
14144,海南泰谦投资控股合伙企业（有限合伙）,91460000MAK420F62B,315
14145,海南鑫锂矿业有限公司,91460000MAK2P25419,315
14146,海南东灿文化科技有限公司,91460000MAK48JE95J,315
14147,海南项屿农业科技有限公司,91460000MAK2MYDF33,315
14148,天食源健康科技（海南）有限公司,91460000MAK2KMDX7D,315
14149,海南谦君牧投资有限公司,91460000MAK3R71D5E,315
14150,海南沣合智联农业有限公司,91460000MAK38TWM2C,315
14151,玖禾（海南）国际教育有限公司,91460000MAK370H29C,315
14152,海南奕泓进出口有限公司,91460000MAK369EX2T,315
14153,海南雪裕乐丰生物科技有限公司,91460000MAK3FUR528,315
14154,海南睿普防护科技有限公司,91460000MAK3UPM32F,315
14155,海南钽途供应链管理有限公司,91460000MAK3WH47X3,315
14156,三亚乐龟生态农业发展有限公司,91460000MAK2FAMX43,315
14157,海南华欣智演科技有限公司,91460000MAK41QT407,315
14158,三亚禾渔农业科技发展有限公司,91460000MAK4BPP20A,315
14159,海南北铭贸易有限公司,91460000MAK3FR7U17,315
14160,海南美奥博特生物科技有限公司,91460000MAK2LR4RXY,315
14161,海南聚润生源生物科技有限公司,91460000MAK49N025G,315
14162,智澜创富（海南）投资有限公司,91460000MAK28UG96W,315
14163,三亚数智云诚信息技术有限公司,91460000MAK4BPMU0Q,315
14164,海南汉航科技有限公司,91460000MAK3F9ND5N,315
14165,海南旭初科技有限公司,91460000MAK3FX9C36,315
14166,海南甲焰科技有限公司,91460000MAK37F4Q33,315
14167,海南启焰科技有限公司,91460000MAK3QY6C7E,315
14168,威都清源科技（海南）有限公司,91460000MAK3KMFL2J,315
14169,海南闲工投资有限公司,91460000MAK2U1E27L,315
14170,海南维拉科技有限公司,91460000MAK1YY1W06,315
14171,三亚吉亿欧科技有限公司,91460000MAK3L1WW9H,315
14172,玖禾（海南）国际文化创意产业有限公司,91460000MAK431UX7M,315
14173,云巅时代（三亚市）科技有限责任公司,91460000MAK24EJ22P,315
14174,海南菁萃生命科学有限公司,91460000MAK3XM6G52,316
14175,海南兑付宝科技有限公司,91460000MAK4PC6P9Q,316
14176,海南静溟科技有限公司,91460000MAK1F5K232,316
14177,乾元汇通（海南）国际贸易有限公司,91460000MAK2QWHE7X,316
14178,格物致知（三亚）科技创新中心（有限合伙）,91460000MAK34DY93H,316
14179,海南春霖润丰管理合伙企业（有限合伙）,91460000MAK3R1BG75,316
14180,海南鲲兴供应链服务有限责任公司,91460000MAK2XJWR1K,316
14181,海政科技（海南）有限公司,91460000MAK28UHQ1J,316
14182,海南浦联人力资源服务有限公司,91460000MAK2R373X1,316
14183,三亚金屋房地产有限公司,91460000MAK3NGA175,316
14184,海南行色贸易有限公司,91460000MAK2U80A2G,316
14185,三亚房研社房地产经纪有限公司,91460000MAK41ACX6Y,316
14186,魔镜科技（三亚）有限公司,91460000MAK2UT972J,316
14187,琼东生态农业发展（三亚）有限公司,91460000MAK3UYWR70,316
14188,海南明珠正午能源有限公司,91460000MAK1PRHL4T,316
14189,海南星玥通孚国际贸易有限公司,91460000MAK2UTLJ7U,316
14190,海南星航宇科技有限公司,91460000MAK2405Q1C,316
14191,海南德天宸贸易有限公司,91460000MAK23T6764,316
14192,名优特种业科技（三亚）有限公司,91460000MAK3Q8WK7K,316
14193,海南怡禾工贸有限公司,91460000MAK237AD05,316
14194,玖禾（海南）国际贸易有限公司,91460000MAK495ND2L,316
14195,海南新能智谷科技有限公司,91460000MAK419HH4H,316
14196,海南育腾供应链管理有限公司,91460000MAK36P3060,316
14197,海南国农尚界生态农业科技有限公司,91460000MAK3Y4CH8B,316
14198,海南鱼米数字科技有限公司,91460000MAK48H5176,316
14199,海南唐商投资有限公司,91460000MAK2P1C19F,316
14200,海南三生数字科技有限公司,91460000MAK507KJXP,316
14201,三亚浙凡贸易有限公司,91460000MAK422N42F,316
14202,海南恒善健康科技发展有限公司,91460000MAK2PFWP0A,316
14203,海南植力生物科技有限公司,91460000MAK48UXD99,316
14204,海南列维分布投资有限公司,91460000MAK45F8Q9F,316
14205,海南兴桐建筑服务有限公司,91460000MAK3XW5F87,316
14206,博微泰克（海南）医药科技有限公司,91460000MAK2KG8U4H,316
14207,海南蓝睿数字能源合伙企业（有限合伙）,91460000MAK3HMN995,316
14208,海南煜烁芸郗科技有限公司,91460000MAK2KTW82H,316
14209,三亚海创逸居地产有限公司,91460000MAK3XJFN19,316
14210,海南楷煜建材销售有限公司,91460000MAK499W55L,316
14211,青禾牧歌（海南）国际生态农业科技有限公司,91460000MAK32U1W7J,316
14212,三亚承典科技工程有限公司,91460000MAK3NKJA9P,316
14213,海南星梭智航科技有限公司,91460000MAK26LJR7R,316
14214,海南三知堂贸易有限公司,91460000MAK203Q25L,316
14215,海南嘉欣坤实科技投资有限公司,91460000MAK4F52U0R,316
14216,海南时位通仪器有限公司,91460000MAK3F5P948,316
14217,海南英贝健贸易有限公司,91460000MAK3UBD53G,316
14218,泓东泽投资（三亚）有限公司,91460000MAK3XCWN0L,316
14219,三亚思睦科技有限公司,91460000MAK1XLN59H,317
14220,海南灰鲨海洋科技有限公司,91460000MAK3HY9W04,317
14221,海南金树叶贸易有限公司,91460000MAK3LWTA47,317
14222,海南鼎链科技有限公司,91460000MAK4307R9Y,317
14223,三亚治飞医药科技有限公司,91460000MAK34NB51C,317
14224,海南凯富博科科技有限公司,91460000MAK32JEU3X,317
14225,楷奔链条（海南）有限公司,91460000MAK36R141P,317
14226,海南宸极科技有限公司,91460000MAK2QTDH8Y,317
14227,海南兴丰盛供应链科技有限公司,91460000MAK3UE4E8U,317
14228,三亚克拉汇商贸有限公司,91460000MAK3QXYE9P,317
14229,三亚市饶北生物科技有限公司,91460000MAK3UXYG7T,317
14230,海南星仙途国际贸易有限公司,91460000MAK3XGD459,317
14231,恒百年（海南）商贸有限公司,91460000MAK3X11C3T,317
14232,海南凌舜科技有限公司,91460000MAK2ND495W,317
14233,碳桢科技（海南）有限公司,91460000MAK1LP8D4T,317
14234,海南神至国际科技有限公司,91460000MAK41Q9U61,317
14235,海南三陵绚丽点缀科技服务有限公司,91460000MAK2GYC95N,317
14236,海南省康雅科技有限公司,91460000MAK28EAD74,317
14237,海南乐智咨询服务有限公司,91460000MAK27M1Q2P,317
14238,海南汇信安科技信息有限公司,91460000MAK2411Y4C,317
14239,三亚域安新能源有限公司,91460000MAK3GQ3B3N,317
14240,海南富迦科技投资有限公司,91460000MAK3NKJR84,317
14241,海南空天智投管理有限公司,91460000MAK4EJQT8L,317
14242,海南豫基国际贸易有限公司,91460000MAK3KKC498,317
14243,广科智选（三亚）科技有限公司,91460000MAK1TA1X6A,317
14244,海南宇道投资有限公司,91460000MAK3KMAC7D,317
14245,海南密安智防科技有限公司,91460000MAK4F65L9N,317
14246,海南三亚龙椒科技有限公司,91460000MAK2GXRK8W,317
14247,道亚生物科技（海南）有限责任公司,91460000MAK3GDMQ1L,317
14248,威都投资（海南）有限公司,91460000MAK3KE4333,317
14249,三亚芳仪投资有限公司,91460000MAK25TP940,317
14250,海南爱智科技有限公司,91460000MAK3UP4K7Y,317
14251,海南地知道农业科技有限公司,91460000MAK28YXE6H,317
14252,海南拓种未来科技有限公司,91460000MAK4BELT6K,317
14253,赋能信息技术服务（海南）有限公司,91460000MAK3FETN97,317
14254,海南协鑫文化有限公司,91460000MAK1LL3M54,317
14255,海南省索本树人教育科技有限责任公司,91460000MAK1AJL12T,317
14256,海南慧流供应链管理有限公司,91460000MAK1AR8A5U,317
14257,三亚禄慧文企业管理有限公司,91460000MAK306TA9W,317
14258,中图科信数智技术（海南）有限公司,91460000MAK41TDD05,317
14259,海南君鼎盛贸易有限公司,91460000MAK496UG4H,317
14260,海南巳巳寅贸易有限公司,91460000MAK2NN1H9H,317
14261,三亚菱燕贸易有限公司,91460000MAK56L9N3Y,317
14262,三亚凝虹贸易有限公司,91460000MAK2QANM0R,317
14263,三亚悦辞贸易有限公司,91460000MAK450RE0D,317
14264,三亚绮冰贸易有限公司,91460000MAK4PC7B06,318
14265,三亚市芮莹丽商贸有限公司,91460000MAK3F4GL2E,318
14266,三亚市丽瑜闲商贸有限公司,91460000MAK450T331,318
14267,司弥（三亚）生物科技有限公司,91460000MAK3Y9RK1M,318
14268,三亚若蕾贸易有限公司,91460000MAK4PC786M,318
14269,三亚乐为科技有限公司,91460000MAK3E0G55K,318
14270,海南金巴尔国际贸易有限公司,91460000MAK40CR792,318
14271,三亚艺联纵横贸易有限公司,91460000MAK3DKDF7L,318
14272,海南路盛投资有限公司,91460000MAK42EFR24,318
14273,三亚美欧澳投资有限公司,91460000MAK2Q9DF7Y,318
14274,海南懿翔科技有限公司,91460000MAK4CU4J53,318
14275,广科时空（三亚）科技有限公司,91460000MAK2U1MJ7W,318
14276,三亚甲运投资有限公司,91460000MAK3DJ9J17,318
14277,三亚岚莹贸易有限公司,91460000MAK2QANJ69,318
14278,兴郧科技（三亚）有限公司,91460000MAK2LYTM7P,318
14279,瑜嘉美（三亚市）商贸有限公司,91460000MAK450T41U,318
14280,三亚雨辞贸易有限公司,91460000MAK450RA82,318
14281,海南安滨投资有限公司,91460000MAK3Q9QN64,318
14282,三亚众易投资有限公司,91460000MAK3ABCA9Y,318
14283,三亚谦亨科技有限责任公司,91460000MAK5068H4K,318
14284,本草云链（三亚）企业管理有限公司,91460000MAK3M83H69,318
14285,三亚汇禾商贸有限公司,91460000MAK2Q5C585,318
14286,三亚宜成信息科技有限公司,91460000MAK3Q9969P,318
14287,三亚农兴生物科技有限公司,91460000MAK3AMYP12,318
14288,三亚百石百顺商贸有限公司,91460000MAK3B20E6C,318
14289,海南深蓝前沿科技有限公司,91460000MAK2F4RE4Y,318
14290,汉之永（三亚）科技有限公司,91460000MAK49KR61G,318
14291,海南源企农业科技有限公司,91460000MAK45KQ39H,318
14292,三亚鑫芳投资有限公司,91460000MAK3NR6N1J,318
14293,三亚宸擎科技有限公司,91460000MAK407XL8Y,318
14294,酶好田园（海南）农业技术有限公司,91460000MAK4CM3R20,318
14295,三亚华宸方泽科技有限公司,91460000MAK3B1XQ1L,318
14296,三亚市邻途装饰工程有限公司,91460000MAK3ARE385,318
14297,三亚欧欣工业有限公司,91460000MAK509GE93,318
14298,海南碧波清浪文化旅游有限公司,91460000MAK2F92H3G,318
14299,三亚骊佳贸易有限公司,91460000MAK450R49Y,318
14300,海南渊韬霖投资有限公司,91460000MAK499XX0K,318
14301,海南德赛汇投资有限公司,91460000MAK50Y8W39,318
14302,海南和晟妍文化有限公司,91460000MAK2PENKXN,318
14303,齐稷科技（三亚）有限公司,91460000MAK3PLLDX3,318
14304,三亚娅源贸易有限责任公司,91460000MAK3MW628H,318
14305,三亚乐艺科技有限公司,91460000MAK3PRYM2L,318
14306,海南云枢港湾科技有限公司,91460000MAK4EPKF1B,318
14307,三亚世际康旅科技服务有限公司,91460000MAK3XWGT2E,318
14308,耀世信诚（海南）科技有限公司,91460000MAK2Q1288J,318
14309,三亚市立坤智能伴游文化科技有限责任公司,91460000MAK3Y0M282,319
14310,迈德深（海南）贸易有限公司,91460000MAK2KMB478,319
14311,三亚晟菲贸易有限责任公司,91460000MAK3MWF09M,319
14312,瑞季（海南）生物科技有限公司,91460000MAK3NR4J6J,319
14313,海南钧岚生物科技有限公司,91460000MAK4611A00,319
14314,三亚云之峰投资有限公司,91460000MAK2GKJH7P,319
14315,三亚翼融投资咨询有限公司,91460000MAK3AQUG3M,319
14316,海南丰景长明科技有限公司,91460000MAK4A4MB2D,319
14317,三亚航亦科技有限公司,91460000MAK50B4117,319
14318,三亚文健珀安医疗科技有限公司,91460000MAK50DMF64,319
14319,三亚饰界前沿贸易有限公司,91460000MAK2KGRJ5U,319
14320,三亚麦朴科技有限公司,91460000MAK2P1UU0K,319
14321,海南省红煦源国际健康科技有限公司,91460000MAK3AHYK7K,319
14322,三亚异界瑞技术有限责任公司,91460000MAK43E1E21,319
14323,迈德深（海南）生物科技有限公司,91460000MAK3WJA14Q,319
14324,海南曜启投资合伙企业（有限合伙）,91460000MAK3NQN68B,319
14325,睿享致盛（三亚）科技有限公司,91460000MAK2KHQQ90,319
14326,三亚扬明网络科技有限公司,91460000MAK505TH5M,319
14327,海南宇海电子科技有限公司,91460000MAK3MMQ285,319
14328,海南木言科技有限公司,91460000MAK3Q0P74P,319
14329,三亚芳荃贸易有限公司,91460000MAK4PC7K4T,319
14330,海南炎亚科技有限公司,91460000MAK3M58A2C,319
14331,海南百鸣渔业开发实业有限公司,91460000MAK3NFGM4B,319
14332,海南星树沉香贸易有限公司,91460000MAK3L7JJ6G,319
14333,三亚钧泰立测海洋科技有限公司,91460000MAK49F5M9A,319
14334,希瑞健康科技（三亚）有限公司,91460000MAK1XANLXN,319
14335,三亚竹报科技有限公司,91460000MAK2M1CW6J,319
14336,三亚晟泓贸易有限公司,91460000MAK336J858,319
14337,海南华萨进出口有限责任公司,91460000MAK410PL3J,319
14338,海南景宸教育科技有限公司,91460000MAK3X8EL92,319
14339,海南中光智合科技有限公司,91460000MAK2M10Q0P,319
14340,三亚市崖康科技有限公司,91460000MAK2AXXJ5T,319
14341,中源聚能（海南）科技有限公司,91460000MAK50UX50R,319
14342,海南九泷进出口贸易有限公司,91460000MAK3AY7F05,319
14343,海南三糖科技有限公司,91460000MAK459CF8E,319
14344,三亚锦璟贸易有限公司,91460000MAK40PJ812,319
14345,海南明豪新能源科技有限公司,91460000MAK2KDYH5H,319
14346,中鸿鼎瑞（海南）科技有限公司,91460000MAK491XB93,319
14347,海南智翔科技有限公司,91460000MAK2PDWK44,319
14348,乾堃投资（三亚）有限公司,91460000MAK3Q82TXB,319
14349,海南庆雪农业科技有限公司,91460000MAK4BNGJ7H,319
14350,三亚文健味轩食品贸易有限公司,91460000MAK3R82LXW,319
14351,海南朗博途科技有限公司,91460000MAK28AW34R,319
14352,睿辰汇智（海南）科技有限公司,91460000MAK2FD4LXC,319
14353,三亚崖州佳合贸易有限责任公司,91460000MAK3MWJM4W,319
14354,海南亿通晟投资有限公司,91460000MAK28AKM36,320
14355,海南兰水智讯科技有限公司,91460000MAK2U6726X,320
14356,三亚铭越贸易有限公司,91460000MAK3JGRN3L,320
14357,三亚比拉迦信息科技发展有限公司,91460000MAK2PF1U4H,320
14358,三亚三合安投资有限公司,91460000MAK3PQWP11,320
14359,三亚德霏科技有限公司,91460000MAK3GAAUXA,320
14360,三亚蓝外线建筑科技有限公司,91460000MAK2HGB44B,320
14361,玖禾（海南）国际孵化器有限公司,91460000MAK3MTFF34,320
14362,稳攀金属制品（海南）有限公司,91460000MAK3JCL06X,320
14363,海南煜鸣达源投资有限公司,91460000MAK3N65D6R,320
14364,海南省苏普瑞农业科技有限公司,91460000MAK2L5C775,320
14365,三亚同声威贸易有限公司,91460000MAK1TA2X2K,320
14366,三亚义立泰海洋科技有限公司,91460000MAK430T24K,320
14367,海南万兴久恒国际贸易有限公司,91460000MAK2UBPM8N,320
14368,海南叁汇国际贸易有限公司,91460000MAK33CT50E,320
14369,默行（海南）商贸有限公司,91460000MAK3UH8K0L,320
14370,三亚量智医国际贸易有限公司,91460000MAK30P215R,320
14371,三亚拓晅科技有限公司,91460000MAK3H7FB3P,320
14372,三亚停舟投资有限公司,91460000MAK2DCG273,320
14373,思澜文化投资（三亚）有限公司,91460000MAK2DCB84K,320
14374,三亚粒诺农业科技有限公司,91460000MAK3912G1K,320
14375,三亚崖州泓达康健商贸有限公司,91460000MAK2D83Y53,320
14376,三亚崖州张锴健康管理有限责任公司,91460000MAK247PL7K,320
14377,海南东方启明文化发展有限公司,91460000MAK3J4WX49,320
14378,三亚维实信贸易有限公司,91460000MAK2XW4838,320
14379,三亚森汇咨询有限公司,91460000MAK2LTDU77,320
14380,三亚禹川投资有限公司,91460000MAK282K60K,320
14381,三亚万禾传媒科技有限公司,91460000MAK437TJ2G,320
14382,三亚桂元智测科技有限公司,91460000MAK3GWTN3H,320
14383,墨笔生花（三亚）文化传播有限公司,91460000MAK3WK2B89,320
14384,海南安怡健康管理有限公司,91460000MAK1YNFP2W,320
14385,云驼智驿数字科技（三亚）有限公司,91460000MAK227M3XB,320
14386,三亚瑜轩贸易有限公司,91460000MAK56L9A7Y,320
14387,三亚市半绮兰商贸有限公司,91460000MAK2QA5T3P,320
14388,三亚市婉依琴商贸有限公司,91460000MAK4PBU207,320
14389,海南粤秦投资有限公司,91460000MAK26E2L0Q,320
14390,三亚世诚投资有限公司,91460000MAK3485YXM,320
14391,三亚海博亿联科技有限公司,91460000MAK4EERW56,320
14392,海南骏晨种业科技有限公司,91460000MAK2QMC97R,320
14393,海南亿路通达科技有限公司,91460000MAK2N1U63F,320
14394,三亚元光鼎芯科技投资合伙企业（普通合伙）,91460000MAK4BU7B3Y,320
14395,三亚崖州域田性夭勾商贸有限公司,91460000MAK1QF9F71,320
14396,海南双昇科技有限责任公司,91460000MAK4BQDX0L,320
14397,三亚捷铖食品有限公司,91460000MAK339R17L,320
14398,三亚崖州浩铭贸易有限公司,91460000MAK339JJ32,320
14399,海南青崖教育科技有限公司,91460000MAK26DGH4A,321
14400,海南省三亚市六十添亿家居有限责任公司,91460000MAK1LRDC3H,321
14401,海南晋屿贸易有限公司,91460000MAK3NEYU1G,321
14402,海南东文林旅游开发有限公司,91460000MAK3WKQ86W,321
14403,海南度能投资有限公司,91460000MAK3CPL62Q,321
14404,海南燕鑫科技有限公司,91460000MAK4EL940E,321
14405,三亚崖州老火餐饮有限公司,91460000MAK3C0GB34,321
14406,答壹得（三亚）科技有限责任公司,91460000MAK2725K46,321
14407,三亚思域心理咨询有限公司,91460000MAK239YY0N,321
14408,三亚崖州蒲甄史科技有限公司,91460000MAK204WW11,321
14409,三亚辰企帮科技服务有限公司,91460000MAK2LU9H8G,321
14410,万物互动（三亚）农业科技有限公司,91460000MAK1KHMY8F,321
14411,海南鹏志贸易有限公司,91460000MAK3F72L1H,321
14412,海南开源展业农业科技有限公司,91460000MAK4BNWX3L,321
14413,海南原有独真农业科技有限公司,91460000MAK1KN4T92,321
14414,海南源纳仟城投资有限公司,91460000MAK2029D4G,321
14415,海南切尔斯进出口贸易有限公司,91460000MAK28MRK4Q,321
14416,海南肇熙投资有限公司,91460000MAK4BRDE85,321
14417,海南首嘉种业科技有限公司,91460000MAK26KW73C,321
14418,海南九银科技有限公司,91460000MAK3GCPM52,321
14419,海南允海国际旅游有限公司,91460000MAK1EYT32L,321
14420,三亚汇技泽芯科技投资合伙企业（有限合伙）,91460000MAK1TAPW0K,321
14421,三亚亮粳粳农业科技有限公司,91460000MAK34ETY9A,321
14422,海南睿稳投资有限公司,91460000MAK1C5AFXM,321
14423,逍遥学派（三亚）科技有限责任公司,91460000MAK2UN4T43,321
14424,海南传映科技投资有限公司,91460000MAK4ENWW1L,321
14425,中匠文物保护（海南）有限公司,91460000MAK2KBRJ1B,321
14426,三亚泓安供应链有限公司,91460000MAK2L8HD6A,321
14427,三亚碧海联达贸易有限公司,91460000MAK3TQMX53,321
14428,飞星文化传媒（海南）有限公司,91460000MAK3URDM6F,321
14429,三亚谐海科技有限公司,91460000MAK28AM30M,321
14430,海南睿学教育科技有限公司,91460000MAK3R5YJ96,321
14431,熙锐企业管理咨询（海南）有限公司,91460000MAK23U3N07,321
14432,欣璐园文化（海南）有限公司,91460000MAK2L89B94,321
14433,三亚环速投资有限公司,91460000MAK246BW5A,321
14434,三亚瑞锦天成投资有限责任公司,91460000MAK416TQ6C,321
14435,千域互联科技（三亚）有限公司,91460000MAK2UE7CX9,321
14436,海南维海新生态科技有限公司,91460000MAK1AWYE7Q,321
14437,蜡笔（海南）文化创意有限公司,91460000MAK241GT9W,321
14438,海南三树海洋科技有限公司,91460000MAK4BWDX77,321
14439,海南钰玄科技有限公司,91460000MAK249J88C,321
14440,海南志轩海洋技术服务有限公司,91460000MAK1X63BXL,321
14441,海南旅居管家商务服务有限责任公司,91460000MAK2HNY74M,321
14442,三亚崖州瑞索虐嘿商贸有限公司,91460000MAK1TAM69D,321
14443,三亚康晟智创企业管理咨询合伙企业（有限合伙）,91460000MAK2JF9P1T,321
14444,三亚伍壹农业科技有限公司,91460000MAK1FDPU6M,322
14445,安铎国际贸易（海南）有限责任公司,91460000MAK2W5409L,322
14446,三亚谷芽文化传媒有限责任公司,91460000MAK1KEUY03,322
14447,海南创记中恒种业科技有限公司,91460000MAK32FH73L,322
14448,三亚知禾教育科技有限公司,91460000MAK2XMRB7C,322
14449,海南鑫汉昌投资有限公司,91460000MAK2L3UH89,322
14450,武汉起点人力资源股份有限公司崖州区分公司,91460000MAK1AYGP84,322
14451,河南东泓项目管理有限公司海南分公司,91460000MAK30Y746Y,322
14452,山东地动力生物工程有限公司海南分公司,91460000MAK32K28XX,322
14453,海南湘韵园林有限公司,91460000MAE33F4594,322
14454,海南交控港湾服务有限公司,91460000MABTDB4K39,322
14455,海南月德星商贸有限公司,91460107MACXWLDK76,322
14456,三亚松楠达贸易有限公司,91460200MA5RF0WL8L,322
14457,三亚更享集鲜电子商务有限公司,91469033MADN03RG27,322
14458,海南亿翔建材有限公司,91460000MADDTMKK10,322
14459,海南云通快递服务有限公司,91460108MACJDC2456,322
14460,三亚鑫德敏汽车服务有限公司,91460000MADR8GPG26,322
14461,三亚川达建筑工程有限公司,91460107MADXLXB3XP,322
14462,捷斯国际贸易（海南）集团有限公司,91460106MAA94H6R01,322
14463,三亚市景欣文化发展有限责任公司,91460106MAA9AQ1X59,322
14464,初界（海南）科技有限公司,91460000MAG1F3LL26,322
14465,中商金易科技（海南）有限公司,91460000MAD9G9334F,322
14466,三亚汇鲜农业科技有限公司,91460000MA5TCYN74J,322
14467,三亚崖州春容农业有限公司,91460000MAE9AFYC0Q,322
14468,三亚市华逸建材有限公司,91460000MAE1KT2E98,322
14469,三亚纯忻建材贸易有限公司,91460200MA5T28HT0B,322
14470,海南运熥贸易有限公司,91460000MACF3NNK15,322
14471,三亚沪科商贸有限公司,91460000MAD0C28W4W,322
14472,海南领恒建筑材料有限公司,91460000MA5TYMLF4R,322
14473,三亚盛亿贸易有限公司,91460000MAED6WGE0L,322
14474,海南中团餐饮服务有限公司,91460200MA5T78N848,322
14475,三亚天广传媒有限公司,91460200MA5RJL3F3R,322
14476,海南禾立建机械设备有限公司,91460000MA5TWBHM5A,322
14477,海南庄达劳务有限公司,91460000MAA91RPT95,322
14478,三亚石器文化传媒有限公司,91460000MAED4QKY20,322
14479,海南禾禾缘农业发展有限公司,91460100MAA9102R2P,322
14480,海南奕森工程有限公司,91460000MAA91HMC3Y,322
14481,海南贺锦建筑工程有限公司,91460000MA5TFFDF06,322
14482,海南芃姝建筑工程有限公司,91460108MAA99WM857,322
14483,三亚鹏博建筑工程有限公司,91460100MA5TH4E3XE,322
14484,海南永腾建筑工程有限公司,91460000MA5TR92663,322
14485,海南忠凯建筑工程有限公司,91460107MAD2DJEC23,322
14486,三亚海浪建筑工程有限公司,91469026MADQAH6Q6K,322
14487,海南省三亚海胜建筑劳务有限公司,91460100MAA9A9Q40F,322
14488,海南成煌建筑有限公司,91460000MA5TRYU114,322
14489,海南有趣科技有限公司,91460000MA5T92TJ7C,323
14490,三亚中科遥感信息产业园投资有限公司,91460200MA5RD5152X,323
14491,三亚奥米克贸易有限公司,91460000MAK3JLGE36,323
14492,三亚集觅生物科技有限公司,91460000MAK2WTC993,323
14493,海南九州数媒科技有限公司,91460000MAK2WTL10C,323
14494,海南鲸曦医疗科技有限公司,91460000MAK4H1W73L,323
14495,海南共盈教育科技有限公司,91460000MAK468GL5H,323
14496,海南晓兰元生生物科技有限公司,91460000MAK3JWG687,323
14497,海南鼎农科技合伙企业（有限合伙）,91460000MAK2X7YU61,323
14498,三亚润智化工有限公司,91460000MAK4H8NT5Y,323
14499,海南宇顺安环保科技有限公司,91460000MAK4HD0J0E,323
14500,祥商国际贸易（三亚）有限公司,91460000MAK2XCRW1A,323
14501,华飞珠崖科技（三亚）有限公司,91460000MAK4HFC90P,323
14502,海南旭烽商贸有限公司,91460000MAK46MWK7Q,323
14503,海南英诺威生物技术有限责任公司,91460000MAK3KB2G92,323
14504,海南宸滨投资有限公司,91460000MAK3NYCJ64,323
14505,海南松汇达投资有限公司,91460000MAK3NYU56U,323
14506,佳惠创新（海南）科技有限公司,91460000MAK4ABRQ6G,323
14507,港富安（海南）投资有限公司,91460000MAK53M4MX2,323
14508,复星（海南）健康产业有限公司,91460000MAK3P23P14,323
14509,海南蔚蓝新能科技有限公司,91460000MAK2YMCQXU,323
14510,三亚星拓投资有限公司,91460000MAK2YW9990,323
14511,船家国际黄金（海南）有限公司,91460000MAK53XJEX4,323
14512,三亚邦农富咨询有限公司,91460000MAK4AMMD8W,323
14513,上海美勒森家居科技有限公司海南分公司,91460000MAK4AN151L,323
14514,海南瑞思星科技有限公司,91460000MAK2YYGW7K,323
14515,海南鑫捷威农业科技有限公司,91460000MAK541AB6R,323
14516,海南友兴实业投资有限公司,91460000MAK4APKA90,323
14517,三亚兴鲲企业管理合伙企业（有限合伙）,91460000MAK3PE1P1F,323
14518,海南植益源农业发展有限公司,91460000MAK3032FX2,323
14519,三亚蓝擎科技有限公司,91460000MAK543P07R,323
14520,海南盛恩豪越国际贸易有限公司,91460000MAK543UW0P,323
14521,船家黄金珠宝（三亚）有限公司,91460000MAK3RYJL9Q,323
14522,三亚市弈捷劳务服务有限责任公司,91460000MAK4NKMD3U,323
14523,祥优（海南）农业科技有限公司,91460000MAK4F9601L,323
14524,海南亚能投资有限公司,91460000MAK4NTWY3P,323
14525,海南轻绿科技有限公司,91460000MAK4NY8T3Y,323
14526,海南蓝晶国际贸易有限公司,91460000MAK4FCXL3P,323
14527,海南永金生物有限公司,91460000MAK4FDW084,323
14528,海南热核新材料科技有限公司,91460000MAK4P1H393,323
14529,海南悦历电力工程有限公司,91460000MAK4FGNC71,323
14530,食膳数康科技（海南）有限公司,91460000MAK3TJQK5E,323
14531,东宝实业集团股份有限公司三亚分公司,91460000MAK4FJ5K63,323
14532,三亚玮家建材销售有限公司,91460000MAK342D06H,323
14533,海南禾善美农业发展有限公司,91460000MAK3TM4T70,323
14534,海南睿发渔业科技有限公司,91460000MAK3449812,324
14535,一辰时代（海南）科技有限公司,91460000MAK524NJ1U,324
14536,海南辰金至诺金属科技有限公司,91460000MAK3YY7845,324
14537,海南普瑞丰智能农业科技有限公司,91460000MAK4000663,324
14538,九围投资（海南）有限公司,91460000MAK40020XF,324
14539,三亚市鲸探海洋服务有限公司,91460000MAK4J6L78J,324
14540,海南高合通科技有限公司,91460000MAK52AAE48,324
14541,海南问吧排盘科技服务有限公司,91460000MAK4J8EU7G,324
14542,海南新薪伟人力科技有限公司,91460000MAK402P879,324
14543,海南时空链深海智能装备有限公司,91460000MAK4JB2E8P,324
14544,三亚金榴园农业有限公司,91460000MAK4JB9M8N,324
14545,海南鑫荣电力工程有限公司,91460000MAK37YME1F,324
14546,三亚简康苑健康服务有限公司,91460000MAK383TW48,324
14547,知途知识产权（三亚）有限公司,91460000MAK384975C,324
14548,海南省聚盈盛投资合伙企业（有限合伙）,91460000MAK43TJF6M,324
14549,海南乾元方略供应链管理有限公司,91460000MAK52U115M,324
14550,三亚红树自然教育咨询有限公司,91460000MAK4JR2Y54,324
14551,海南聆海声学科技有限公司,91460000MAK43UC95H,324
14552,三亚剧寻雪商贸有限公司,91460000MAK52UQC4G,324
14553,三亚籍修敏商贸有限公司,91460000MAK43UQ35F,324
14554,三亚莱思敏商贸有限公司,91460000MAK38A955M,324
14555,三亚市婉蕴秀商贸有限公司,91460000MAK44LYJ8F,324
14556,三亚市凝凡白商贸有限公司,91460000MAK44LYK6A,324
14557,三亚市绮素怀商贸有限公司,91460000MAK5CP1Q0E,324
14558,三亚市凝静槐商贸有限公司,91460000MAK38A9Q7F,324
14559,三亚市萱峻珲商贸有限公司,91460000MAK38A9R5A,324
14560,梓树禾科技传播（三亚市）有限责任公司,91460000MAK5CP4R89,324
14561,复星（海南）药业有限公司,91460000MAK38C010D,324
14562,三亚诚创网络科技有限公司,91460000MAK44PTK56,324
14563,三亚臻致投资有限公司,91460000MAK5CW9K1X,324
14564,海南钱宝宠物食品有限公司,91460000MAK5CWU956,324
14565,海南煜玮国际贸易有限公司,91460000MAK39CQ463,324
14566,景溪（海南）环保科技有限公司,91460000MAK39D1J2R,324
14567,海南苇渡科技有限公司,91460000MAK44WQF4P,324
14568,三亚朗净智能科技有限公司,91460000MAK4W58B6J,324
14569,海南省枫铃投资有限公司,91460000MAK4W6CH3D,324
14570,三亚珈曦企业管理有限公司,91460000MAK39FM73H,324
14571,海南景宗国际贸易有限公司,91460000MAK4W7HH8G,324
14572,海南锋年食品贸易有限公司,91460000MAK5D93U88,324
14573,海南聚润航丰商贸有限公司,91460000MAK4WENY4G,324
14574,三亚摩速智能科技有限公司,91460000MAK39RXW0K,324
14575,海南智博汇投资有限公司,91460000MAK5DEY46P,324
14576,灵翎科技（海南）有限公司,91460000MAK39Y0J32,324
14577,三亚睦颖然商贸有限公司,91460000MAK4Y9023Y,324
14578,三亚市江翠梅商贸有限公司,91460000MAK47Y0N6J,324
14579,文舒家居设计（海南）有限公司,91460000MAK47Y2W2P,325
14580,三亚市菱谧辰商贸有限公司,91460000MAK39Y6X6Q,325
14581,三亚市辞安静商贸有限公司,91460000MAK4MY8190,325
14582,三亚市菱从霜商贸有限公司,91460000MAK47Y390K,325
14583,三亚市凝盈秀商贸有限公司,91460000MAK39Y7024,325
14584,三亚市穰布侬商贸有限公司,91460000MAK47Y3B7B,325
14585,三亚电维帮科技有限公司,91460000MAK58DUN6B,325
14586,数智田产业投资（海南）合伙企业（有限合伙）,91460000MAK4N42X6D,325
14587,麦科锐达科技（海南）有限公司,91460000MAK486PD2R,325
14588,鸿泰种业（海南）有限公司,91460000MAK3A73W0M,325
14589,海南小鲸逐浪智能科技有限公司,91460000MAK3B3GF9Q,325
14590,海南东文林商业运营管理有限公司,91460000MAK48A2R1Q,325
14591,三亚鑫逸电子商务有限公司,91460000MAK3B5BD6F,325
14592,三亚南帆种业科技有限公司,91460000MAK4AUUH3Y,325
14593,海南省广科凤梨产业科技有限公司,91460000MAK3BCWL4K,325
14594,三亚崖州山骨体育有限责任公司,91460000MAK4B2D132,325
14595,三亚洛珈投资咨询有限公司,91460000MAK5946064,325
14596,海南刘光基种都种业有限公司,91460000MAK4C27X2H,325
14597,三亚瑞智生物科技有限公司,91460000MAK4PK1F7G,325
14598,三亚市恭盼波商贸有限公司,91460000MAK4R80F91,325
14599,海南云中源贸易有限公司,91460000MAK4DQ5Y9K,325
14600,海南东洋科技有限公司,91460000MAK4DQHE1E,325
14601,三亚市寒绮晴商贸有限公司,91460000MAK5491U61,325
14602,海南小马跳跳科技有限公司,91460000MAK3BUD86L,325
14603,三亚市惠虹信息咨询有限公司,91460000MAK3BUEK03,325
14604,拾美（三亚）科技有限责任公司,91460000MAK4RGNR5M,325
14605,海南泓蓝国际贸易有限公司,91460000MAK4RH1X70,325
14606,飞鸟数域（海南）农林数据科技有限公司,91460000MAK4RHPXX1,325
14607,海南一二三新型建材有限公司,91460000MAK3CR2D4E,325
14608,国爱跨境电商科技（海南）有限公司,91460000MAK4FW6H3M,325
14609,三亚市瑞娟信息咨询有限公司,91460000MAK4FWM57T,325
14610,三亚美悦荟健康咨询管理有限公司,91460000MAK3D3M21E,325
14611,海南锄禾网健康产业有限公司,91460000MAK4RXEC1C,325
14612,智禾芯创（海南）合伙企业（有限合伙）,91460000MAK4RYA943,325
14613,海南海之安投资有限公司,91460000MAK4G0G491,325
14614,三亚楚东控股有限公司,91460000MAK3D6FL0H,325
14615,海南锄禾供应链有限公司,91460000MAK4RYRY77,325
14616,海南恩加壹科技有限公司,91460000MAK54WFH10,325
14617,海南清源环能科技有限公司,91460000MAK4UL9G62,325
14618,海南乾岳生物科技有限公司,91460000MAK4UNJH3B,325
14619,三亚七尺匠人文化传播有限公司,91460000MAK3DD643R,325
14620,库克汉姆农业（海南）有限公司,91460000MAK4HXXQ23,325
14621,通言中文国际教育中心（三亚）有限公司,91460000MAK4WP3171,325
14622,海南纪沅投资有限公司,91460000MAK4J1R803,325
14623,苍禾（三亚）农业投资有限公司,91460000MAK4WPJB0T,325
14624,三亚侨商军博科技有限公司,91460000MAK4WPP84G,326
14625,禹溪（海南）进出口贸易有限公司,91460000MAK5G2HU40,326
14626,海南暖睦投资有限公司,91460000MAK4K05M88,326
14627,三亚万象昆仑科技合伙企业（有限合伙）,91460000MAK4WX8F51,326
14628,军创之星（海南）跨境电商有限公司,91460000MAK4K2MX14,326
14629,三亚乐星装饰有限公司,91460000MAK4X1BY88,326
14630,海南庚兆投资有限公司,91460000MAK4X24591,326
14631,泽宇生物科技（三亚）有限责任公司,91460000MAK4K5G52P,326
14632,海南瑞城源生物科技有限公司,91460000MAK5GBAM9J,326
14633,海南麟阁长平股权投资合伙企业（有限合伙）,91460000MAK4X39N0A,326
14634,金一川洁净科技（三亚）有限公司,91460000MAK5GBG74N,326
14635,海南创想联动网络科技有限公司,91230109MA1CHRWN8K,326
14636,三亚川宜生物科技有限公司,91460200MA5T2DUD6D,326
14637,海南花满楼建筑工程有限公司,91460000MA5TC6YG1J,326
14638,海南归拾船务有限公司,91469033MA5TMYWY7L,326
14639,海南永诚金顺科技集团有限公司,91460000MA5TUYGM0N,326
14640,海南企创会计师事务所（个人独资）,91460300MAA91FB50N,326
14641,海南智焱科技有限公司,91460000MAA953P755,326
14642,海南博浩商贸有限公司,91460000MAA9832G9T,326
14643,三亚晚晚椰科技有限公司,92460000MAA98XNW55,326
14644,海南绍盟科技有限公司,91460000MAA99MEK5F,326
14645,海南众铭科技有限公司,91460000MA7KKA2R80,326
14646,海南哈萌项目管理有限公司,91460000MABLY2KX4Y,326
14647,海南圣利投资有限公司,91460000MAC4LNFJ0G,326
14648,三亚启原产业投资合伙企业（有限合伙）,91469034MAC413T510,326
14649,三网智联（海南）科技有限公司,92460000MAC4W5U95T,326
14650,海南乐氏时珍药业集团有限公司,91460106MAA9AECE76,326
14651,海南帐易财务咨询工作室（个人独资）,91460000MAC7CNYJ5Y,326
14652,海南迈超科技有限公司,91460000MAC8JGK191,326
14653,海南鹰游科技有限公司,91460000MAC9DY2N1E,326
14654,海南传颂旅游发展有限公司,91460000MACBXCGR49,326
14655,海南沃丰源信息科技有限公司,91460000MACE2FF68Q,326
14656,海南德茂投资有限公司,91460000MACGTLQB4P,326
14657,海南陆路商务服务有限公司,91460000MACKP4LY6P,326
14658,三亚诺羽祺信息咨询有限公司,91460000MACQPMAF54,326
14659,海南十七路桥工程有限公司,91460108MACRH4058C,326
14660,海南景科源新能源有限公司,91460000MAD05CY66B,326
14661,海南新运达投资有限公司,91460105MAD4E8PT92,326
14662,海南纳塔生物有限公司,91460000MAD7F11WXL,326
14663,海南省鑫顺新能源电力开发有限公司,91460000MADBB37L5X,326
14664,海南飞海环保工程有限公司,9146010078664777XB,326
14665,海南汇利通能源有限公司,91469033MADM0EB17L,326
14666,海南德海致远投资有限公司,91460000MADL6MX88A,326
14667,海南代宏投资有限公司,91460300MADN7HBA8M,326
14668,三亚坤辰数字科技有限公司,91460000MADN8EYA1E,326
14669,三亚云璇科技有限公司,91460000MADN8EYF2N,327
14670,三亚景创数字科技有限公司,91460000MADMU1Y46A,327
14671,三亚祥睿信息科技有限公司,91460000MADMU1Y38F,327
14672,三亚思致投资有限公司,91460105MADNH69K1R,327
14673,海南东烁财务咨询有限公司,91460000MADMUME2X5,327
14674,三亚领驰数字科技有限公司,91460000MADQ54RB42,327
14675,海南兴材源建材贸易有限公司,91460000MADQ54RN27,327
14676,三亚瞬方信息技术有限公司,91460000MADMYEU725,327
14677,海南锐亿租赁有限公司,91460000MADQ54T4XX,327
14678,三亚云泥科技有限公司,91460000MADMYEUR64,327
14679,三亚瑾驰科技有限公司,91460000MADMYEW086,327
14680,海南闽田农业发展有限公司,91460108MADRCFYF07,327
14681,星光智能（海南）科技有限公司,91460000MAE09XB28H,327
14682,三亚澎硕投资有限公司,91460000MAE66PX929,327
14683,海南中启银创投资有限公司,91460000MAEEFE1D8A,327
14684,大医匠（海南经济特区）智能科技服务有限公司,91460000MAEKU7N267,327
14685,海南特嘉投资有限公司,91460000MAEU5ULL43,327
14686,三亚知行九州网络科技有限公司,91460000MAG14LR32N,327
14687,智序未来（三亚）科技有限责任公司,91460000MAG01AQ710,327
14688,海南加斯迈商贸有限公司,91460000MAG164FG7N,327
14689,智壤科技（三亚）有限公司,91120102MAC6DTDP1N,327
14690,海南禾香福农业科技有限公司,91460000MAG1GH369R,327
14691,三亚市柏记管理有限公司,91460000MAK03K856M,327
14692,三亚津耀管理咨询有限公司,91120111MAEM6L2R6C,327
14693,海南砥盛供应链管理有限公司,91411200MA45LBLD3L,327
14694,三亚鑫思宇数字科技有限公司,91210112MACGPKDT4R,327
14695,黑鼻羊（海南）科技有限公司,91510100MADNGQKC5U,327
14696,海南招金金银珠宝有限公司,91460000MAK14E3F6R,327
14697,三亚九歌愈心咨询有限公司,91460000MAK22NQ63B,327
14698,海南康正众诚商贸有限公司,91460000MAK2URWY45,327
14699,海菇源（海南）农业科技服务有限公司,91460000MAK243531C,327
14700,三亚安舜建筑工程有限公司,91460000MAK3LWPB7G,327
14701,海南链上未来网络科技有限公司,91469031MADMUGF46X,327
14702,海南琼澜汇企业管理有限公司,91460000MAEURAEC1F,327
14703,三亚崖州高伟辉再生资源回收站,91460205MA5TDYKDXF,327
14704,海南唯佳投资有限公司,91460108MAA98UGN9N,327
14705,海南天牛聚源投资有限公司,91460100MA5TUF824T,327
14706,三亚崖州区崖州湾科技城社区卫生服务中心,52460205MJY435523M,327
14707,海南谷蓝科技有限公司,91230110063672509D,327
14708,海南绿谷丰农业科技有限公司,92460000MA5T9FDF8D,327
14709,离岸酒业（海南）有限公司,91460000MA5TPQFR6D,327
14710,万绿康养（海南）科技发展有限公司,91460000MA5TXB299W,327
14711,华著地产（海南经济特区）有限公司,91460106MA5U1L7HX6,327
14712,大多喜（海南）农业发展有限公司,91460000MA7LDCL22E,327
14713,海南州港文化产业发展有限公司,91460000MA7L870YXJ,327
14714,海南华农惠源国际投资集团有限公司,91460000MABY5AJ03A,328
14715,海南喜福祥贸易有限公司,91460000MAC3UWRN2J,328
14716,三亚果信商贸有限公司,91460000MAC7R859XH,328
14717,三亚果信农业发展有限公司,91460000MAC7R87F1C,328
14718,海南博华农业发展有限公司,91460000MAC6KL6E3H,328
14719,海南新创荟科技服务有限公司,91460204MACCY5JXX2,328
14720,海南悦圆愈健数字技术有限公司,91460000MACA156L7N,328
14721,海南佳昌旺农业科技有限公司,91460000MACKWQ7Y52,328
14722,晟舶海洋科技（海南）有限公司,91460300MACTA2YG24,328
14723,海南景雯智能科技有限公司,91460108MAD2BB790E,328
14724,海南立刻优科技有限公司,91460108MAD23QFU0E,328
14725,海南十六进制电子科技有限公司,91460000MAD1J50GX7,328
14726,海南捕顺船舶科技有限公司,91460000MAD5JNAQ8C,328
14727,海南正和建筑装饰工程有限公司,91460000MAD76AD855,328
14728,三亚易成投资有限责任公司,91460000MAD9YFCF4N,328
14729,三亚懿航文化科技有限公司,91460000MADCKBPW1Y,328
14730,海南森雨投资有限公司,91460000MAEA6CKW6B,328
14731,海南省园丰农业有限责任公司,91460000MAEBL4Q2X9,328
14732,三亚绿之峰林业有害生物防治有限公司,91460000MAEDG05034,328
14733,三亚思禾农业科技有限公司,91460000MAEGGUW42J,328
14734,三亚鑫曜智联科技有限公司,91520115MADC5JH17W,328
14735,海南坤朔智能科技有限公司,91230199MA7D1AH454,328
14736,海南省丹妮娅贸易有限公司,91460000MAK1PQTM6X,328
14737,海南领航光慧新能源科技有限公司,91510108MA639G0C1T,328
14738,海南坦思环保科技有限公司,91460000MAK3MU892A,328
14739,海南家润贸易有限公司,91460000MAK43GL00N,328
14740,海南昌顺隆贸易有限公司,91460000MAK4077G18,328
14741,海南寰宇智策投资有限公司,91460000MAK4LCQJ56,328
14742,游一游科技（三亚）有限公司,91230109MABQX8A9X0,328
14743,京喜盛东（海南省三亚）商贸商行（个人独资）,91460000MAK4QE3X6T,328
14744,三亚巴呱网络科技有限公司,91460000MAK4QPBA9Y,328
14745,海南谦润大成国际贸易有限公司,91460000MAK62B3Q1B,328
14746,海南威融恒泰汽车服务有限公司,91460000MAK5J3878B,328
14747,海南红实企业管理合伙企业（有限合伙）,91460000MAK5J4KBX6,328
14748,立见（三亚）咨询有限公司,91460000MAK3YEE41U,328
14749,三亚繁河商务咨询有限责任公司,91460000MAK5JBR70W,328
14750,海南碧弘贸易有限公司,91460000MAK59HXE89,328
14751,三亚中恒建业工程有限公司,91460000MAK3YN7A01,328
14752,海南嵘锦瑞投资有限责任公司,91460000MAK5K5U01G,328
14753,海南深蓝探索新能源装备有限公司,91460000MAK631FG40,328
14754,海南德全文盛科技有限公司,91460000MAK631LH01,328
14755,海南贺珈科技有限公司,91460000MAK4U6WT89,328
14756,海南久益建设工程有限公司,91460000MAK4UC0B3N,328
14757,三亚臻源生命科技有限公司,91460000MAK5BHN94F,328
14758,芯科互通（海南）进出口贸易有限责任公司,91460000MAK4X8FK86,328
14759,三亚市慢慢品品酒店管理有限公司,91460000MAK5BQRN90,329
14760,海南博海通达咨询有限公司,91460000MAK4X8Y994,329
14761,海南石成鑫投资有限公司,91460000MAK5PDA03Y,329
14762,海协新生命科学（海南）有限公司,91460000MAK689NU93,329
14763,海南唯胤实业控股有限公司,91460000MAK5QFBY9C,329
14764,三亚秀米文化传媒有限公司,91460000MAK47D2G4N,329
14765,海南东方安达链生态环保科技有限责任公司,91460000MAK47F700L,329
14766,三亚崖州星槎跨境电子商务有限责任公司,91460000MAK47GDA3H,329
14767,海南汐铭公务汽车租赁有限公司,91460000MAK5QMRP6N,329
14768,海南昌琦润滑科技有限公司,91460000MAK47J533B,329
14769,海南玺胜道科技有限公司,91460000MAK47MDAX6,329
14770,时代昱晟新材料科技（海南）有限公司,91460000MAK68M5E9U,329
14771,海南三辰贸易有限公司,91460000MAK4C3GTXC,329
14772,海南铭途智创科技发展有限公司,91460000MAK51GWL22,329
14773,三亚崖州望颜科技有限公司,91460000MAK4CCR905,329
14774,海南传晟科技有限公司,91460000MAK4CKBFX8,329
14775,海南玉福源国际贸易有限公司,91460000MAK5GWAB6R,329
14776,三亚乘波智能科技有限公司,91460000MAK55XE634,329
14777,海南映阙科技有限公司,91460000MAK4DG7M6J,329
14778,海南稳骏商贸有限公司,91460000MAK4DK2Q85,329
14779,河北科华检测认证集团有限公司海南分公司,91460000MAK56T0D67,329
14780,海南迅鲜达供应链有限公司,91460000MAK56YBG4F,329
14781,三亚市弘屹科技有限公司,91460000MAK6EBGA9C,329
14782,三亚市古帆商贸有限公司,91460000MAK5701N0F,329
14783,海南达莺佳科创有限公司,91460000MAK5718BXW,329
14784,三亚西罗亚科技有限公司,91460000MAK4GB4XX4,329
14785,泰和祥（海南）科技有限公司,91460000MAK4GB5U11,329
14786,三亚鸿途汽博跨境电商物流中心（有限合伙）,91460000MAK5796F1Q,329
14787,海南谷畋贸易有限公司,91460000MAK5LEYH6B,329
14788,三亚市仟邦商贸有限公司,91460000MAK4GH2DXK,329
14789,禾顺帮忙（三亚崖州）商务代理代办服务有限责任公司,91460000MAK5LJ3E82,329
14790,鄂尔多斯市钜辉煤炭运销有限公司海南分公司,91460000MAK5LJ6Y0T,329
14791,海博纳生命科技（海南）有限责任公司,91460000MAK59TBX6D,329
14792,海南铂泰矿业有限公司,91460000MAK4HJE43W,329
14793,三亚崖州佳禾诺农业科技有限公司,91460000MAK4HM6H7Y,329
14794,海南瀚势投资有限公司,91460000MAK60GNRXK,329
14795,越安（海南）科技有限公司,91460000MAK4KHK26Q,329
14796,海南超粉文化传媒有限公司,91460000MAK5CEG46G,329
14797,海南猎芯投资有限公司,91460000MAK5CFMM4F,329
14798,海南佰世天悦国际供应链管理有限公司,91460000MAK5RTPM3U,329
14799,海南匠阁人力资源有限责任公司,91460000MAK4LHB32P,329
14800,海南海浙优榴农业科技有限公司,91460000MAK6U2NH3N,329
14801,海南莲荷未来农业科技有限公司,91460000MAK5T5PK2N,329
14802,海南龙佳科技技术有限公司,91460000MAK4LR5L9N,329
14803,三亚百里链供应链有限公司,91460000MAK5DTYW67,329
14804,拓斯纳维（海南）海洋科技有限责任公司,91460000MAK5T97PXG,330
14805,老郑叔（海南）贸易有限公司,91460000MAK4LWXX9X,330
14806,海南灵枢科技有限公司,91460000MAK4LXGDXQ,330
14807,海南极幻科技有限公司,91460000MAK6XEEW8A,330
14808,三亚市凯利珠宝有限公司,91460000MAK4MTRJ3J,330
14809,三亚亿安贸易有限责任公司,91460000MAK6EWKD62,330
14810,海南铄石投资有限公司,91460000MAK6F4060N,330
14811,三亚光年视界科技有限公司,91460000MAK4PQTM9Y,330
14812,海南黑土臻优农业科技发展有限公司,91460000MAK6Y2XU56,330
14813,海南省神瞳大数据科技有限公司,91460000MAK5HH146P,330
14814,罗吉（海南）跨境电子商务有限公司,91460000MAK6Q7Y73N,330
14815,海南巴图星源企业管理合伙企业（有限合伙）,91460000MAK6Q8GE98,330
14816,海南友仔投资发展有限公司,91460000MAK6GT6B3X,330
14817,海南猛犸虎科技有限公司,91460000MAK6GULNXG,330
14818,海南春荃投资有限公司,91460000MAK6QFNP2G,330
14819,三亚康稀科技有限公司,91460000MAK4R3NW0B,330
14820,格鑫曼（海南）投资贸易有限公司,91460000MAK6QQMK51,330
14821,三亚朗途科技合伙企业（有限合伙）,91460000MAK6J49T8E,330
14822,三亚优净园农业有限公司,91460000MAK4TDXM0U,330
14823,正粒丰（三亚崖州）种业有限责任公司,91460000MAK60M6A9F,330
14824,海南圣世达拍卖有限公司,91460000MAK5NC9895,330
14825,山西开源益通建设监理有限公司海南分公司,91460000MAK5NCBF9P,330
14826,海南银龄科技有限公司,91460000MAK4TR9KXQ,330
14827,三亚星空餐饮管理有限公司崖州分公司,91460000MAK4TTY512,330
14828,海南五岭物产有限公司,91460000MAK4TU5M9L,330
14829,三亚瀚科海洋技术服务有限公司,91460000MAK4TUT44T,330
14830,海南莫奥贸易有限公司,91460000MAK6MQAG45,330
14831,荣炎科技（海南）有限公司,91460000MAK6C8663P,330
14832,三亚新鲜的果果科技合伙企业（有限合伙）,91460000MAK6MWRC69,330
14833,三亚翊礼投资合伙企业（有限合伙）,91460000MAK5QU4D37,330
14834,海南宇洽科技有限公司,91460000MAK4XBUK1A,330
14835,琼臻慧志（海南）医药健康科技有限公司,91460000MAK6CA8TXN,330
14836,智序方舟（海南）科技有限公司,91460000MAK6CAED77,330
14837,青岛每日共橙科技有限公司崖州区分公司,91460000MAK6CAKW0D,330
14838,海南同海瀛航运有限公司,91460000MAK6N4R66D,330
14839,三亚洁岐英贸易有限公司,91460000MAK6NAGY1Y,330
14840,三亚蓝怡梅科技有限公司,91460000MAK6CMQR06,330
14841,三亚阳赐瑶运输有限公司,91460000MAK4XPCJ7D,330
14842,三亚市崖州区洋芳罗五金有限公司,91460000MAK5TX7A20,330
14843,海南致远新创机器人有限公司,91460000MAK5U25K2J,330
14844,三亚崖州世奕傲科技有限公司,91460000MAK502CF25,330
14845,三亚赤卫现代农业合伙企业（有限合伙）,91460000MAK5UYC513,330
14846,海南浩悦建筑开发有限公司,91460000MAK66GHJ9G,330
14847,三亚鲲曦医疗科技合伙企业（有限合伙）,91460000MAK66KLH96,330
14848,诚动金开金属资源（海南）有限公司,91460000MAK66PJ00A,330
14849,海南水之梦投资有限公司,91460000MAK558K8XB,331
14850,三亚三聚鑫科技有限公司,91460000MAK55C0676,331
14851,三亚崖州卓松晶咨询有限公司,91460000MAK710451Q,331
14852,三亚元零壹企业管理有限公司,91460000MAK69FUC80,331
14853,海南沧澜云科数字科技有限公司,91460000MAK55Q882W,331
14854,三亚市崖州区翔勋士科技有限公司,91460000MAK69MJ41A,331
14855,海南源蒙投资有限公司,91460000MAK57J5Y89,331
14856,溢嘉合生物科技（海南）有限公司,91460000MAK57KU95E,331
14857,北京玖玖平安劳务派遣有限公司海南分公司,91460000MAK57XXM6H,331
14858,海南稼格农业科技有限责任公司,91460000MAK57YRM0F,331
14859,海南奥斯顿投资有限责任公司,91460000MAK5814P4W,331
14860,广东易铭天企业服务有限公司三亚分公司,91460000MAK6PTLE2K,331
14861,三亚市崖州区建衍鑫药房有限公司,91460000MAK620DE7W,331
14862,三亚市崖州区涛烨凡科技有限公司,91460000MAK63D609J,331
14863,三亚市崖州区频望祥餐饮管理有限公司,91460000MAK6UKJY6H,331
14864,海南双禾聚鑫商贸有限公司,91460000MAK5C2KQ9Q,331
14865,领硕澳美（海南）转基因技术有限公司,91460000MAK5CC1E7A,331
14866,三亚优妍佳跨境电子商务有限公司,91460000MAK63U402N,331
14867,海南育桐国际商务有限公司,91460000MAK779KBXA,331
14868,三亚市崖州区理棱汇科技有限公司,91460000MAK63UX742,331
14869,海南博源房地产有限公司,91460000MAK5E67C32,331
14870,海南吾界设计有限公司,91460000MAK77FPC66,331
14871,才寻网络科技（三亚）有限公司,91460000MAK6JQ2KX1,331
14872,海南亿丰控股有限公司,91460000MAK7PY1B5D,331
14873,申泽茄华（海南）农业科技有限公司,91460000MAK7AH123B,331
14874,三亚市耀之道医药科技有限公司,91460000MAK7AHGA4U,331
14875,海南强盛智行汽车科技有限公司,91460000MAK5EL2K8H,331
14876,三亚豚音环娱文化发展有限公司,91460000MAK7AMX048,331
14877,亿升（三亚）文化科技有限公司,91460000MAK7AN1L58,331
14878,三亚川姆科技发展有限公司,91460000MAK7QAXT66,331
14879,三亚市崖州区时沃呈科技有限公司,91460000MAK6KDF925,331
14880,三亚崖州瞻渥会务有限公司,91460000MAK6L3XK5P,331
14881,海南绿泽数能新能源科技中心（有限合伙）,91460000MAK667FKX3,331
14882,嘉庆翔（海南）投资有限公司,91460000MAK7CDRW44,331
14883,海南闻韶投资有限公司,91460000MAK7CEP37F,331
14884,三亚市崖州区迈若星科技有限公司,91460000MAK6LPMK5T,331
14885,海南缕严池餐饮管理有限公司,91460000MAK7ETHN1L,331
14886,海南铎颖琴广告有限公司,91460000MAK75ERD3J,331
14887,海南锦秒茹咨询有限公司,91460000MAK5LJXQ7W,331
14888,海南坤德投资发展有限公司,91460000MAD77Q081U,331
14889,海南锦农云泰现代农业科技有限公司,91460000MADAQD3Y4Q,331
14890,海南金海鹏宇投资有限公司,91460000MAEACY0G01,331
14891,三亚启岸科技有限公司,91460000MAK3EPKK1W,331
14892,海南佰汇通国际供应链管理有限公司,91460000MAK4KX7K4N,331
14893,海南泽林智汇科技有限公司,91460000MAK3ER700G,331
14894,海南玖紫禾材料科技有限公司,91460000MAK4KY7X35,332
14895,三亚迈拓智能科技有限公司,91460000MAK5JMHG01,332
14896,海南省可信农品大数据有限公司,91460000MAK5AFWP1G,332
14897,万泰天成（海南）能源科技有限公司,91460000MAK5AGHR5P,332
14898,战象海洋科技（三亚）有限公司,91460000MAK3F02007,332
14899,三亚悦莘技术服务有限公司,91460000MAK5JP579X,332
14900,海南金硕丰源农业科技有限公司,91460000MAK5ANUF9X,332
14901,海南寰球甄选跨境电商有限责任公司,91460000MAK3L9CJ70,332
14902,三亚越扬旅游有限公司,91460000MAK3LAB91M,332
14903,三亚崖州罗武斌医疗科技有限责任公司,91460000MAK3LDRF0X,332
14904,海南向沃土农业服务有限公司,91460000MAK5M05Y8K,332
14905,海南隆豫商业管理有限公司,91460000MAK4M5TD15,332
14906,海南向九天航天服务有限公司,91460000MAK3LEA29E,332
14907,三亚鑫鹏体育文化发展有限公司,91460000MAK3LGBA6H,332
14908,海南自影科技有限公司,91460000MAK4M8QM41,332
14909,海南向深蓝海洋服务有限公司,91460000MAK5M74612,332
14910,海南龙耘农业科技有限公司,91460000MAK5MFHT4K,332
14911,三亚崖州星系外贸服务有限责任公司,91460000MAK4MMMK0F,332
14912,海南种芯源农业科技有限公司,91460000MAK4MQK56X,332
14913,海南鱼伯企业服务有限公司,91460000MAK3PGU07C,332
14914,海南要素科技有限公司,91460000MAK4MRT64P,332
14915,三亚纳迹科技有限公司,91460000MAK4Q8449L,332
14916,三亚共生链路数字科技有限公司,91460000MAK4QDJK9P,332
14917,运筹帷幄（海南）投资有限公司,91460000MAK5Q4JD80,332
14918,海南溟坤控股有限公司,91460000MAK5QCJ70T,332
14919,海南省晶海农业科技有限公司,91460000MAK5PAER1K,332
14920,海南盛景祥实业有限公司,91460000MACU2N7F7M,332
14921,岢岢研（海南）餐饮管理有限公司,91460000MAK33CM48R,332
14922,三亚惠民坊市场经营管理有限公司,91460000MAK531GB9D,332
14923,三亚聚福霞餐饮有限公司,92469036MA5TTL7H14,332
14924,海南融坤实业有限公司,91460000MA5TWB4J8N,332
14925,华庆（海南）农业科技有限公司,91460000MAC7CXGF5Y,332
14926,小小岛民（海南）国际贸易有限公司,92469007MAD6M9H17N,332
14927,金智源（三亚）管理咨询有限公司,91460200MAC8WMYW97,332
14928,三亚市爱力特体育科技有限公司,91460000MAEHE2E84U,332
14929,海南丁力达投资有限公司,91110111565758118P,332
14930,卓阳智控（海南）科技有限公司,91460000MAK73LNK3K,332
14931,三亚市蓝启众合企业管理合伙企业（有限合伙）,91460000MAEH5EDM6T,332
14932,海南爱尔菲进出口有限公司,91460000MAEHP9FK8H,332
14933,海南省乐福康科技有限公司,91460108MADPKHB097,332
14934,三亚学呗图书出版有限责任公司,91460000MAEEW23K8R,332
14935,润和医纺（海南）纺织服装有限公司,91460000MAK6ALCH6M,332
14936,京桦嘉宴（三亚崖州）餐饮服务有限公司,91460000MAK820P78N,332
14937,亦信（海南）科技有限公司,91460000MAK8B01X73,332
14938,海南华源荣耀企业管理有限公司,91460000MAK7B1FQ0C,332
14939,三亚市霁礼巩咨询有限公司,91460000MAK7B2B80C,333
14940,海南诚顺嘉物业有限公司,91460000MAK8512T0Q,333
14941,海南辰时见山科技有限公司,91460000MAK8535D47,333
14942,海南贝斯德能源科技有限责任公司,91460000MAK67L5G7Q,333
14943,海南中璟际国际贸易有限公司,91460000MAK71U3H5Y,333
14944,海南全聚恒物流有限公司,91460000MAK7KW2K2L,333
14945,海南星威国际体育管理有限公司,91460000MAK7KXC990,333
14946,三亚崖州令月冰科技有限责任公司,91460000MAK7L05B67,333
14947,可耀（海南）投资有限公司,91460000MAK8FAGF4P,333
14948,三亚市立卿旺机械设备有限公司,91460000MAK8FHEN6C,333
14949,海南宏世莱投资控股有限公司,91460000MAK68MYRX3,333
14950,帆智（海南）科技有限公司,91460000MAK80BR883,333
14951,圣美奇种业科技（海南）有限公司,91460000MAEDCQR539,333
14952,海南恒禾贸易有限公司,91469027MADAMMF21W,333
14953,有你同行（三亚）科技有限公司,91460000MAEH0D409D,333
14954,海南文链商务服务有限公司,91460106MAA9A88Y9T,333
14955,海南润达医疗科技有限公司,91460000MA5U1419XC,333
14956,海南霖威设计装潢工程有限公司,91460107MA5TR33J2P,333
14957,三亚市崖州区惠茗日咨询有限公司,91460000MAK5LKDXXJ,333
14958,屿麓筠瞻（三亚）旅行有限公司,91460000MAK7MKHP7U,333
14959,中泽商汇投资（海南）有限公司,91460000MAK5LKLR1F,333
14960,三亚崖州捷安货运服务有限公司,91460000MAK5LXCP3E,333
14961,海南星珂科技有限公司,91460000MAK6AB6T95,333
14962,三亚市若居好房信息咨询有限公司,91460000MAK6NQF942,333
14963,文津管理咨询（三亚）有限公司,91460000MAK6P2676U,333
14964,海南爱建森文化有限公司,91460000MAK760PR23,333
14965,海南灵枢海洋科技有限责任公司,91460000MAK7611E6E,333
14966,三亚市崖州区悦歌裕科技有限公司,91460000MAK5NYEM5L,333
14967,海南麦溪呼建筑工程有限公司,91460000MAK5NYL859,333
14968,海南香山海岸农业科技有限公司,91460000MAK5P45B79,333
14969,海南省鹿迪斯科技有限公司,91460000MAK5R88B8R,333
14970,海南海之安产业咨询有限公司,91460000MAK6C0B715,333
14971,克虏宝（海南）投资有限公司,91460000MAK6CNMFXU,333
14972,三亚乔黎繁酒店管理有限公司,91460000MAK6YHB27Q,333
14973,海南睿汇网络科技有限公司,91460000MAK6YLA3XX,333
14974,海南觅芷贸易有限公司,91460000MAK6YPFG9F,333
14975,海南由钏锐科技有限公司,91460000MAK6YPKC8Y,333
14976,海南隆良投资有限公司,91460000MAK6YQMY3L,333
14977,海南和唯海洋能源有限公司,91460000MAK6YT2C4P,333
14978,扬媒卓越（海南）科技有限公司,91460000MAK702RE10,333
14979,婴泊（海南）农业科技有限公司,91460000MAK795FLXF,333
14980,海南蛤勉莉石油有限公司,91460000MAK5UA6B79,333
14981,海南萧毅寒科技有限公司,91460000MAK5UALY0N,333
14982,海南乔歌文化科技有限公司,91460000MAK726N54B,333
14983,海南贝杜然建材有限公司,91460000MAK7E3RW8P,333
14984,海南月虹国际贸易有限公司,91460000MAK83YAN17,334
14985,海南巴菰生物科技有限公司,91460000MAK840DR6R,334
14986,海南楚侧傅建材有限公司,91460000MAK5UN9YXQ,334
14987,海南辰海智造创业投资基金合伙企业（有限合伙）,91460000MAK5UW9U1A,334
14988,海南科睿国际贸易有限公司,91460000MAK5UXW99K,334
14989,三亚市崖州区物京绕科技有限公司,91460000MAK6G71E6L,334
14990,海南裕威国际投资有限公司,91460000MAK6GE0UX6,334
14991,海南嘉澜生物科技有限公司,91460000MAK7FQF67L,334
14992,元德堂源动力（三亚）健康管理有限公司,91460000MAK7XPDX0G,334
14993,海南晟鑫电气发展有限公司,91460000MAK7Y18M9G,334
14994,三亚利臻科技有限公司,91460000MAK5WTAX5P,334
14995,三亚海发壹号投资合伙企业（有限合伙）,91460000MAK76KEKXN,334
14996,海南京芯农业科技发展有限公司,91460000MAK7HFYE47,334
14997,海南国创种业科技有限公司,91460000MAK7HWEP3G,334
14998,三亚崖州凌朱伟科技有限公司,91460000MAK7QX8N0H,334
14999,西米学（海南）科技有限公司,91460000MAK7R00M7Y,334
15000,海南云帆深海科技装备有限公司,91460000MAK7R9TE0N,334
15001,三亚市崖州区清祎界贸易有限公司,91460000MAK5XAQHX9,334
15002,三亚翰舫投资有限公司,91460000MAK78KA608,334
15003,军博（三亚）科技企业孵化器有限公司,91460000MAK7KNKF1J,334
15004,霖沂供应链科技（海南）有限公司,91460000MAK7KQAP8U,334
15005,三亚七号融创文化传媒有限公司,91460000MAK847EM0B,334
15006,海南塑创科技有限公司,91460000MAK5YBTH7F,334
15007,海南旭信投资有限公司,91460000MAK7B7DH05,334
15008,三亚市奥丽雅外贸服务有限公司,91460000MAK7B7G357,334
15009,海南朗进绿泽科技有限公司,91460000MAK7BAT44K,334
15010,三亚锦阳朗科技有限公司,91460000MAK7BDBD14,334
15011,众宠（三亚）投资有限公司,91460000MAK7M95P0R,334
15012,三亚四方经纬贸易有限公司,91460000MAK7MED949,334
15013,海南德真投资合伙企业（有限合伙）,91460000MAK7MFYM7N,334
15014,海南木星智元科技有限公司,91460000MAK8DM1Y68,334
15015,三亚市征服咨询服务有限公司,91460000MAK637WLXN,334
15016,三亚市崖州区祥简程药房有限公司,91460000MAK646CL52,334
15017,海南琼弘企业管理咨询有限公司,91460000MAK7D9AE38,334
15018,海南意波量子科技有限公司,91460000MAK7DC5059,334
15019,三亚本质海联投资咨询有限公司,91460000MAK7NPUW6B,334
15020,三亚嘉径未来专业设计服务有限责任公司,91460000MAK7NW1T6R,334
15021,三亚一朗智联科技有限公司,91460000MAK7F3FW7K,334
15022,海南宝集珠宝有限公司,91460000MAK826X75T,334
15023,海南佳得一国际文化发展有限公司,91460000MAK82H4J94,334
15024,中泽赛奥（海南）医学科技有限公司,91460000MAK7GH388T,334
15025,海南晋拓城基础建设投资有限公司,91460000MAK7GJN992,334
15026,东方吉星（海南）海洋产业发展有限公司,91460000MAK7GKKA0D,334
15027,海南珠程工程咨询有限公司,91460000MAK7GM2693,334
15028,海南省椰多多贸易发展有限公司,91460000MAK7TWW68K,334
15029,海南福承石材有限公司,91460000MAK64XHD5D,335
15030,三亚崖州七田匀文化工作室（个人独资）,91460000MAK6536X22,335
15031,蓝集微（三亚）企业管理有限公司,91460000MAK70BPRXP,335
15032,广易万松（三亚）信息产业有限公司,91460000MAK70CGR5W,335
15033,长诺乾（三亚）机械设备有限公司,91460000MAK7WFU14X,335
15034,海南拓铼斯投资有限公司,91460000MAK65YAU8C,335
15035,海南樾联健康科技有限公司,91460000MAK6606C85,335
15036,三亚市驭洋跨境电子商务有限公司,91460000MAK660B87A,335
15037,九州牛樟芝（海南）科技有限公司,91460000MAK660KGX4,335
15038,三亚市崖州区壹企咖文化科技有限公司,91460000MAK661KF4W,335
15039,速创同辉（海南）科技发展合伙企业（有限合伙）,91460000MAK70PAG2P,335
15040,三亚寰九州企业管理有限公司,91460000MAK70T5N9W,335
15041,境界旅游服务（三亚崖州）有限公司,91460000MAK7JD21XH,335
