seq,name,uscc,pdf_page,tier,track,form,reg_authority,origin,vintage,seed_kw,ocean_kw,support_kw,exclude_kw,holding_kw,anchor_kw,state_kw,risk_flags,score
9984,海南农垦南繁种业有限公司,91460200MA5T3H929R,222,A 核心赛道-优先访谈,南繁种业,独立法人,三亚市/区登记,本地(三亚),MA5,种业|南繁,,,,,南繁,农垦,,92
9988,海南农垦南繁产业集团有限公司,91460200MA5RD9N610,222,A 核心赛道-优先访谈,南繁种业,独立法人,三亚市/区登记,本地(三亚),MA5,南繁,,,,,南繁,农垦,,92
13606,国投种业科技有限公司,91460000MAD0EDTW9H,303,A 核心赛道-优先访谈,南繁种业,独立法人,海南省级登记,本地(省级),MAD,国投种业|种业,,,,,国投种业,国投,,92
250,中国船舶重工集团公司第七六〇研究所海南分部,91460200MABMN7C404,6,A 核心赛道-优先访谈,深海海洋,独立法人,三亚市/区登记,本地(三亚),MA其他,,船舶,,,,研究所,中国,,90
362,招商局深海装备研究院（三亚）有限公司,91460200MA5TALGU1E,9,A 核心赛道-优先访谈,深海海洋,独立法人,三亚市/区登记,本地(三亚),MA5,,招商局深海|深海,装备,,,招商局深海|深海|招商局|研究院,招商局,,90
9986,海南农垦南繁投资有限公司,91469033MA5TFJJW9T,222,A 核心赛道-优先访谈,南繁种业,独立法人,海南其他市县登记,省内迁入/外设,MA5,南繁,,,,投资,南繁,农垦,,86
3989,三亚南繁牛羊生物科技有限公司,91460000MAA98G0HXC,89,A 核心赛道-优先访谈,南繁种业,独立法人,海南省级登记,本地(省级),MAA,南繁,,,,,南繁,,,84
3990,三亚南繁国农种业研究有限公司,91460000MACWB0FC1N,89,A 核心赛道-优先访谈,南繁种业,独立法人,海南省级登记,本地(省级),MAC,种业|南繁,,,,,南繁,,,84
4268,三亚垦丰农业科技有限公司,91460200324166525T,95,A 核心赛道-优先访谈,南繁种业,独立法人,三亚市/区登记,本地(三亚),旧版(2015前),农业科技|垦丰,,,,,垦丰,,,84
5212,三亚大北农创种基因科技有限公司,91460000MAA990LR76,116,A 核心赛道-优先访谈,南繁种业,独立法人,海南省级登记,本地(省级),MAA,基因|大北农,,,,,大北农,,,84
5615,齐禾生科（三亚）生物科技有限公司,91460000MADXUBK28W,125,A 核心赛道-优先访谈,南繁种业,独立法人,海南省级登记,本地(省级),MAD,齐禾生科,,,,,齐禾生科,,,84
5680,南繁生物科技（三亚）有限公司,91460000MAEHP5MP28,127,A 核心赛道-优先访谈,南繁种业,独立法人,海南省级登记,本地(省级),MAE,南繁,,,,,南繁,,,84
5681,南繁农科院（海南）农业科技有限公司,91460000MAEK2PNT3Q,127,A 核心赛道-优先访谈,南繁种业,独立法人,海南省级登记,本地(省级),MAE,农科|农业科技|南繁,,,,,南繁,,,84
5682,南繁潞党参农业科技（三亚）有限公司,91460000MADBER1K0H,127,A 核心赛道-优先访谈,南繁种业,独立法人,海南省级登记,本地(省级),MAD,农业科技|南繁,,,,,南繁,,,84
5683,南繁科技城有限公司,91460200MA5T6FBA83,127,A 核心赛道-优先访谈,南繁种业,独立法人,三亚市/区登记,本地(三亚),MA5,南繁,,,,,南繁|科技城,,,84
5770,绿川鲜食玉米研究院（海南）有限公司,91460000MA5TW5D62F,129,A 核心赛道-优先访谈,南繁种业,独立法人,海南省级登记,本地(省级),MA5,玉米,,,,,研究院,,,84
5789,隆平生物技术（海南）有限公司,91460200MA5T9TYA9Q,129,A 核心赛道-优先访谈,南繁种业,独立法人,三亚市/区登记,本地(三亚),MA5,隆平,,,,,隆平,,,84
5920,康泊洱南繁种业科技（海南）有限公司,91460000MAE95XYT1Q,132,A 核心赛道-优先访谈,南繁种业,独立法人,海南省级登记,本地(省级),MAE,种业|南繁,,,,,南繁,,,84
6256,禾合南繁科技服务（三亚市）有限公司,91460000MAE97AXX6U,140,A 核心赛道-优先访谈,南繁种业,独立法人,海南省级登记,本地(省级),MAE,南繁,,,,,南繁,,,84
7644,海南星际宇航南繁科技有限公司,91460000MA5TW17R5D,170,A 核心赛道-优先访谈,南繁种业,独立法人,海南省级登记,本地(省级),MA5,南繁,,,,,南繁,,,84
8946,海南省南繁种业科技有限公司,91460000MACR6B9DXD,199,A 核心赛道-优先访谈,南繁种业,独立法人,海南省级登记,本地(省级),MAC,种业|南繁,,,,,南繁,,,84
8947,海南省南繁科技有限公司,91460200MA5T5NE36H,199,A 核心赛道-优先访谈,南繁种业,独立法人,三亚市/区登记,本地(三亚),MA5,南繁,,,,,南繁,,,84
10048,海南南繁种子基地有限公司,91460000284040513W,224,A 核心赛道-优先访谈,南繁种业,独立法人,海南省级登记,本地(省级),旧版(2015前),种子|南繁,,,,,南繁,,,84
10049,海南南繁种业集团有限公司,91460000MADCQ6PW0E,224,A 核心赛道-优先访谈,南繁种业,独立法人,海南省级登记,本地(省级),MAD,种业|南繁,,,,,南繁,,,84
10051,海南南繁油料产业发展有限公司,91460000MAE446P977,224,A 核心赛道-优先访谈,南繁种业,独立法人,海南省级登记,本地(省级),MAE,南繁,,,,,南繁,,,84
10731,海南科源肽水产南繁渔业科技有限责任公司,91460000MA5TJYKF9P,239,A 核心赛道-优先访谈,南繁种业,独立法人,海南省级登记,本地(省级),MA5,南繁,渔业|水产,,,,南繁,,,84
10966,海南九圣禾分子技术科技有限公司,91460200MA7F7XPG1L,244,A 核心赛道-优先访谈,南繁种业,独立法人,三亚市/区登记,本地(三亚),MA7,九圣禾|分子,,,,,九圣禾,,,84
11069,海南经济特区敦种作物种子研究院有限公司,91460000MA5TPBBRX0,247,A 核心赛道-优先访谈,南繁种业,独立法人,海南省级登记,本地(省级),MA5,种子|物种|作物,,,,,研究院,,,84
11162,海南金棕榈南繁育种科技发展有限公司,91460000MAA8YA1F4Y,249,A 核心赛道-优先访谈,南繁种业,独立法人,海南省级登记,本地(省级),MAA,育种|南繁,,,,,南繁,,,84
11419,海南佳和南繁育种有限公司,91460000MAC7RM7C5K,254,A 核心赛道-优先访谈,南繁种业,独立法人,海南省级登记,本地(省级),MAC,育种|南繁,,,,,南繁,,,84
12557,海南丰乐园农业有限公司,91460000MA5TJL9K4B,280,A 核心赛道-优先访谈,南繁种业,独立法人,海南省级登记,本地(省级),MA5,丰乐,,,,,丰乐,,,84
12558,海南丰乐农化科技有限公司,91460000MAD2TQ4741,280,A 核心赛道-优先访谈,南繁种业,独立法人,海南省级登记,本地(省级),MAD,丰乐,,,,,丰乐,,,84
12613,海南繁种科技有限公司,91460000MA5TW1JW2M,281,A 核心赛道-优先访谈,南繁种业,独立法人,海南省级登记,本地(省级),MA5,南繁,,,,,南繁,,,84
12614,海南繁拓科技有限公司,91460000MAC1QYCC96,281,A 核心赛道-优先访谈,南繁种业,独立法人,海南省级登记,本地(省级),MAC,南繁,,,,,南繁,,,84
12616,海南繁贸农业科技有限公司,91460000MAC5C3JC69,281,A 核心赛道-优先访谈,南繁种业,独立法人,海南省级登记,本地(省级),MAC,农业科技|南繁,,,,,南繁,,,84
13011,海南盛乐南繁生物科技有限公司,91460000MAE383PN42,290,A 核心赛道-优先访谈,南繁种业,独立法人,海南省级登记,本地(省级),MAE,南繁,,,,,南繁,,,84
13825,大北农生物技术（海南）有限公司,91460000MACNY6GR42,308,A 核心赛道-优先访谈,南繁种业,独立法人,海南省级登记,本地(省级),MAC,大北农,,,,,大北农,,,84
13933,博瑞迪生物技术（海南省）有限公司,91460000MA5TB0LKXG,310,A 核心赛道-优先访谈,南繁种业,独立法人,海南省级登记,本地(省级),MA5,博瑞迪,,,,,博瑞迪,,,84
13973,北豆南繁（海南）菜豆种子有限公司,91460000MAC7QUKW85,311,A 核心赛道-优先访谈,南繁种业,独立法人,海南省级登记,本地(省级),MAC,种子|南繁,,,,,南繁,,,84
271,中船重工申海装备（海南）有限公司,91460200MA5T4P2B52,7,A 核心赛道-优先访谈,深海海洋,独立法人,三亚市/区登记,本地(三亚),MA5,,中船,装备,,,中船,,,82
272,中船重工瑞利海洋信息与装备保障（海南）有限公司,91460200MA5T4UA0XB,7,A 核心赛道-优先访谈,深海海洋,独立法人,三亚市/区登记,本地(三亚),MA5,,中船|海洋,装备,,,中船,,,82
273,中船重工鹏程海洋装备（海南）有限公司,91460200MA5T59AX8X,7,A 核心赛道-优先访谈,深海海洋,独立法人,三亚市/区登记,本地(三亚),MA5,,中船|海洋,装备,,,中船,,,82
274,中船重工海洋装备（海南）有限公司,91460200MA5T4PL060,7,A 核心赛道-优先访谈,深海海洋,独立法人,三亚市/区登记,本地(三亚),MA5,,中船|海洋,装备,,,中船,,,82
275,中船投资集团（海南）有限公司,91460000MA5TMLT63J,7,A 核心赛道-优先访谈,深海海洋,独立法人,海南省级登记,本地(省级),MA5,,中船,,,投资,中船,,,82
276,中船海目测试技术（海南）有限公司,91460200MA5T4QKL40,7,A 核心赛道-优先访谈,深海海洋,独立法人,三亚市/区登记,本地(三亚),MA5,,中船,,,,中船,,,82
277,中船电子科技（三亚）有限公司,91460200MA5RH1QT9X,7,A 核心赛道-优先访谈,深海海洋,独立法人,三亚市/区登记,本地(三亚),MA5,,中船,电子科技,,,中船,,,82
278,中船（海南）科技发展有限公司,91460200MA5T4PNH83,7,A 核心赛道-优先访谈,深海海洋,独立法人,三亚市/区登记,本地(三亚),MA5,,中船,,,,中船,,,82
360,招商三亚深海科技城开发有限公司,91460200MA5T7PXN74,9,A 核心赛道-优先访谈,深海海洋,独立法人,三亚市/区登记,本地(三亚),MA5,,深海,,,,深海|科技城,,,82
364,招商（三亚）深海装备产业园有限公司,91460000MA5TPQA546,9,A 核心赛道-优先访谈,深海海洋,独立法人,海南省级登记,本地(省级),MA5,,深海,装备,,,深海,,,82
841,塔沃（海南）深海科技有限公司,91460000MAA9011D9M,19,A 核心赛道-优先访谈,深海海洋,独立法人,海南省级登记,本地(省级),MAA,,深海,,,,深海,,,82
1158,三亚招商深海产业发展有限公司,91460000MAC6UE3G6E,26,A 核心赛道-优先访谈,深海海洋,独立法人,海南省级登记,本地(省级),MAC,,深海,,,,深海,,,82
1595,三亚崖州湾农渔业发展有限公司,91460200MA5TY81R7X,36,A 核心赛道-优先访谈,深海海洋,独立法人,三亚市/区登记,本地(三亚),MA5,,渔业,,,,崖州湾,,,82
1596,三亚崖州湾南海海洋深层水研究院有限公司,91460000MA7H4LH61T,36,A 核心赛道-优先访谈,深海海洋,独立法人,海南省级登记,本地(省级),MA7,,海洋,,,,崖州湾|研究院,,,82
5229,三亚创信深海开发有限公司,91460000MAE14P6F4N,117,A 核心赛道-优先访谈,深海海洋,独立法人,海南省级登记,本地(省级),MAE,,深海,,,,深海,,,82
6590,海南中船蓝泰海洋工程有限公司,91460200MA5T6N3X7Q,147,A 核心赛道-优先访谈,深海海洋,独立法人,三亚市/区登记,本地(三亚),MA5,,中船|海洋|海洋工程,,,,中船,,,82
8143,海南卫星海洋应用研究院有限公司,91460000MA5TNAHC1Y,181,A 核心赛道-优先访谈,深海海洋,独立法人,海南省级登记,本地(省级),MA5,,海洋,卫星,,,研究院,,,82
8670,海南狮子鱼深海技术有限公司,91460000MA5TNM0J3A,193,A 核心赛道-优先访谈,深海海洋,独立法人,海南省级登记,本地(省级),MA5,,深海,,,,深海,,,82
9240,海南深海科技有限公司,91460000MA5T8LPR3G,206,A 核心赛道-优先访谈,深海海洋,独立法人,海南省级登记,本地(省级),MA5,,深海,,,,深海,,,82
9333,海南叁能锐达深海科技有限公司,91460000MAE0EC7A8Y,208,A 核心赛道-优先访谈,深海海洋,独立法人,海南省级登记,本地(省级),MAE,,深海,,,,深海,,,82
9729,海南清大博雅深海智能装备有限公司,91460000MAE2BA1E2X,217,A 核心赛道-优先访谈,深海海洋,独立法人,海南省级登记,本地(省级),MAE,,深海,装备|智能装备,,,深海,,,82
14543,海南时空链深海智能装备有限公司,91460000MAK4JB2E8P,324,A 核心赛道-优先访谈,深海海洋,独立法人,海南省级登记,本地(省级),MAK,,深海,装备|智能装备,,,深海,,,82
15000,海南云帆深海科技装备有限公司,91460000MAK7R9TE0N,334,A 核心赛道-优先访谈,深海海洋,独立法人,海南省级登记,本地(省级),MAK,,深海,装备,,,深海,,,82
873,舜丰生物科技（海南）有限公司,91460108MAA9020Y7B,20,A 核心赛道-优先访谈,南繁种业,独立法人,海口登记,省内迁入/外设,MAA,舜丰,,,,,舜丰,,,78
1601,三亚崖州湾国际农业科技孵化器有限公司,91460105MAA96XK54A,36,A 核心赛道-优先访谈,南繁种业,独立法人,海口登记,省内迁入/外设,MAA,农业科技,,,,,崖州湾,,,78
4776,三亚禾下南繁公寓管理有限公司,91469001MADLH8QA1F,107,A 核心赛道-优先访谈,南繁种业,独立法人,海南其他市县登记,省内迁入/外设,MAD,南繁,,,,,南繁,,,78
5684,南繁华药种业科技（三亚）有限公司,91460106MAD9J1EX4A,127,A 核心赛道-优先访谈,南繁种业,独立法人,海口登记,省内迁入/外设,MAD,种业|南繁,,,,,南繁,,,78
8704,海南省智慧南繁众创农业科技有限公司,91469025MAC8DJMM9F,194,A 核心赛道-优先访谈,南繁种业,独立法人,海南其他市县登记,省内迁入/外设,MAC,农业科技|南繁,,,,,南繁,,,78
9982,海南农乐南繁科技有限公司,91469033MA5RD6KK9E,222,A 核心赛道-优先访谈,南繁种业,独立法人,海南其他市县登记,省内迁入/外设,MA5,南繁,,,,,南繁,,,78
10052,海南南繁祥兆农业有限公司,91460100MADFW9M97N,224,A 核心赛道-优先访谈,南繁种业,独立法人,海口登记,省内迁入/外设,MAD,南繁,,,,,南繁,,,78
10054,海南南繁产业发展有限公司,91460100MA5TH40U11,224,A 核心赛道-优先访谈,南繁种业,独立法人,海口登记,省内迁入/外设,MA5,南繁,,,,,南繁,,,78
12337,海南广陵热科南繁种业研发中心有限公司,91469034MA5T54430H,275,A 核心赛道-优先访谈,南繁种业,独立法人,海南其他市县登记,省内迁入/外设,MA5,种业|南繁,,,,,南繁,,,78
13165,海南长禾南繁种业有限公司,91460108MACRUNXF28,293,A 核心赛道-优先访谈,南繁种业,独立法人,海口登记,省内迁入/外设,MAC,种业|南繁,,,,,南繁,,,78
118,中热科（海南）海洋与农业研究院有限公司,91460100069661050T,3,A 核心赛道-优先访谈,深海海洋,独立法人,海口登记,省内迁入/外设,旧版(2015前),,海洋,,,,研究院,,,76
3648,三亚深之蓝海洋科技有限公司,91469027MAD6XEKT96,82,A 核心赛道-优先访谈,深海海洋,独立法人,海南其他市县登记,省内迁入/外设,MAD,,海洋|深之蓝,,,,深之蓝|深之蓝,,,76
9241,海南深海比特数字科技有限公司,91460108MAA9A6NW21,206,A 核心赛道-优先访谈,深海海洋,独立法人,海口登记,省内迁入/外设,MAA,,深海,,,,深海,,,76
223,中国种子集团有限公司,91110000100000438C,5,B 核心赛道-需核实,南繁种业,独立法人,省外登记(110000),省外迁入/外设,旧版(2015前),中国种子|种子,,,,,中国种子,中国,首次登记在省外(迁入或外地主体设点),74
161,中科联拓海洋科技（海南）有限公司,91460000MAEDPWEG8P,4,A 核心赛道-优先访谈,深海海洋,独立法人,海南省级登记,本地(省级),MAE,,海洋,,,,,中科,,72
222,中国种子集团有限公司三亚分公司,91460200760383243H,5,B 核心赛道-需核实,南繁种业,分支机构,三亚市/区登记,本地(三亚),旧版(2015前),中国种子|种子,,,,,中国种子,中国,分支机构(非独立法人),70
163,中科开采夫（海南）空天信息研究院有限公司,91460000MA5TDEEB01,4,C 支撑/泛赛道-备选,科技配套,独立法人,海南省级登记,本地(省级),MA5,,,空天,,,研究院,中科,,67
14490,三亚中科遥感信息产业园投资有限公司,91460200MA5RD5152X,323,C 支撑/泛赛道-备选,科技配套,独立法人,三亚市/区登记,本地(三亚),MA5,,,遥感,,投资,遥感,中科,,67
36,众驰（海南）种子生物科技有限公司,91460203MADCYUUQ23,1,A 核心赛道-优先访谈,南繁种业,独立法人,三亚市/区登记,本地(三亚),MAD,种子,,,,,,,,66
101,中水（海南）种业有限公司,91460000MAEXB58QX5,3,A 核心赛道-优先访谈,南繁种业,独立法人,海南省级登记,本地(省级),MAE,种业,,,,,,,,66
122,中庆粮安（海南）农业科技有限公司,91460000MAC6KERA54,3,A 核心赛道-优先访谈,南繁种业,独立法人,海南省级登记,本地(省级),MAC,农业科技,,,,,,,,66
150,中冷（海南）种子科技有限公司,91460000MA5U23YP3F,4,A 核心赛道-优先访谈,南繁种业,独立法人,海南省级登记,本地(省级),MA5,种子,,,,,,,,66
348,真奥农业科技（三亚）有限公司,91460000MAEL7GPA4P,8,A 核心赛道-优先访谈,南繁种业,独立法人,海南省级登记,本地(省级),MAE,农业科技,,,,,,,,66
366,张农种业科技（海南）有限公司,91460000MAE70AEEX3,9,A 核心赛道-优先访谈,南繁种业,独立法人,海南省级登记,本地(省级),MAE,种业,,,,,,,,66
424,育方道（海南）农业科技有限公司,91460000MADCMTK08W,10,A 核心赛道-优先访谈,南繁种业,独立法人,海南省级登记,本地(省级),MAD,农业科技,,,,,,,,66
442,与天（海南）药用生物育种有限责任公司,91460000MACWUUMR4E,10,A 核心赛道-优先访谈,南繁种业,独立法人,海南省级登记,本地(省级),MAC,育种|生物育种,,,,,,,,66
443,与君同行（海南）农业科技有限公司,91460000MAE7ETF50M,10,A 核心赛道-优先访谈,南繁种业,独立法人,海南省级登记,本地(省级),MAE,农业科技,,,,,,,,66
445,鱼喔喔（三亚）生态农业科技有限公司,91460000MAEG12C39K,10,A 核心赛道-优先访谈,南繁种业,独立法人,海南省级登记,本地(省级),MAE,农业科技,,,,,,,,66
451,优态绿洲（海南）农业科技有限公司,91460000MADY9LPFXA,11,A 核心赛道-优先访谈,南繁种业,独立法人,海南省级登记,本地(省级),MAD,农业科技,,,,,,,,66
461,勇胜（海南）农业科技有限公司,91460000MACEP2RQ8Q,11,A 核心赛道-优先访谈,南繁种业,独立法人,海南省级登记,本地(省级),MAC,农业科技,,,,,,,,66
477,益农时代农业科技（海南）有限公司,91460000MA5TURE178,11,A 核心赛道-优先访谈,南繁种业,独立法人,海南省级登记,本地(省级),MA5,农业科技,,,,,,,,66
519,伊诺丰华（海南）种子科技有限公司,91460000MACBG89U0M,12,A 核心赛道-优先访谈,南繁种业,独立法人,海南省级登记,本地(省级),MAC,种子,,,,,,,,66
539,药食种源（三亚）生物科技有限公司,91460200MADPHRJG1J,13,A 核心赛道-优先访谈,南繁种业,独立法人,三亚市/区登记,本地(三亚),MAD,种源,,,,,,,,66
571,亚布农业科技（海南）有限公司,91460000MADH91XD42,13,A 核心赛道-优先访谈,南繁种业,独立法人,海南省级登记,本地(省级),MAD,农业科技,,,,,,,,66
607,星核物种生命科学（海南）有限公司,91460000MAE4WT1W8B,14,A 核心赛道-优先访谈,南繁种业,独立法人,海南省级登记,本地(省级),MAE,物种,,,,,,,,66
615,兴辉（海南）国际农业科技发展有限公司,91460000MAET80DA7U,14,A 核心赛道-优先访谈,南繁种业,独立法人,海南省级登记,本地(省级),MAE,农业科技,,,,,,,,66
626,鑫泰（三亚）农业科技有限责任公司,91460000MADFRQTR8N,14,A 核心赛道-优先访谈,南繁种业,独立法人,海南省级登记,本地(省级),MAD,农业科技,,,,,,,,66
632,鑫沐禾种业（海南）有限公司,91460000MA5TY9KC8N,15,A 核心赛道-优先访谈,南繁种业,独立法人,海南省级登记,本地(省级),MA5,种业,,,,,,,,66
642,芯强种业科技（海南）有限公司,91460000MAE905LK1L,15,A 核心赛道-优先访谈,南繁种业,独立法人,海南省级登记,本地(省级),MAE,种业,,,,,,,,66
657,新农科（海南）农业科技有限公司,91460000MAE9DHNQ73,15,A 核心赛道-优先访谈,南繁种业,独立法人,海南省级登记,本地(省级),MAE,农科|农业科技,,,,,,,,66
731,蔚之晨（海南）农业科技有限公司,91460000MAD9QQFY5W,17,A 核心赛道-优先访谈,南繁种业,独立法人,海南省级登记,本地(省级),MAD,农业科技,,,,,,,,66
778,土巴农科（海南）生物科技有限公司,91460000MACBXFGL3N,18,A 核心赛道-优先访谈,南繁种业,独立法人,海南省级登记,本地(省级),MAC,农科,,,,,,,,66
879,双河（海南）种子有限公司,91460000MACEEL2C60,20,A 核心赛道-优先访谈,南繁种业,独立法人,海南省级登记,本地(省级),MAC,种子,,,,,,,,66
911,诗莱恩（海南）种业科技有限责任公司,91460000MAEHCX5Q89,21,A 核心赛道-优先访谈,南繁种业,独立法人,海南省级登记,本地(省级),MAE,种业,,,,,,,,66
994,桑沃农业科技（海南）有限公司,91460000MACWAEA04L,23,A 核心赛道-优先访谈,南繁种业,独立法人,海南省级登记,本地(省级),MAC,农业科技,,,,,,,,66
1040,三亚众恒现代农业科技有限公司,91460200MA5RH5CP8G,24,A 核心赛道-优先访谈,南繁种业,独立法人,三亚市/区登记,本地(三亚),MA5,农业科技,,,,,,,,66
1065,三亚中间农业科技有限公司,91460000MACB387H0B,24,A 核心赛道-优先访谈,南繁种业,独立法人,海南省级登记,本地(省级),MAC,农业科技,,,,,,,,66
1104,三亚志盛农业科技开发有限公司,91460000MADBUA2K88,25,A 核心赛道-优先访谈,南繁种业,独立法人,海南省级登记,本地(省级),MAD,农业科技,,,,,,,,66
1123,三亚正稻种业有限公司,91460000MA5TUX68X3,25,A 核心赛道-优先访谈,南繁种业,独立法人,海南省级登记,本地(省级),MA5,种业,,,,,,,,66
1129,三亚振新种业科技有限公司,91460000MADE03WJ06,26,A 核心赛道-优先访谈,南繁种业,独立法人,海南省级登记,本地(省级),MAD,种业,,,,,,,,66
1163,三亚张育农业科技有限责任公司,91460000MACAJHU33A,26,A 核心赛道-优先访谈,南繁种业,独立法人,海南省级登记,本地(省级),MAC,农业科技,,,,,,,,66
1174,三亚增信种子技术研究有限公司,91460000MA5TX5RE2K,27,A 核心赛道-优先访谈,南繁种业,独立法人,海南省级登记,本地(省级),MA5,种子,,,,,,,,66
1175,三亚泽育农业科技有限公司,91460000MAEWUA7N5G,27,A 核心赛道-优先访谈,南繁种业,独立法人,海南省级登记,本地(省级),MAE,农业科技,,,,,,,,66
1179,三亚泽泓农业科技有限公司,91460000MAK03XYKXG,27,A 核心赛道-优先访谈,南繁种业,独立法人,海南省级登记,本地(省级),MAK,农业科技,,,,,,,,66
1223,三亚越盛农业科技有限公司,91460000MAE7YB1278,28,A 核心赛道-优先访谈,南繁种业,独立法人,海南省级登记,本地(省级),MAE,农业科技,,,,,,,,66
1230,三亚悦创睿科农业科技有限公司,91460000MA5TGLAU60,28,A 核心赛道-优先访谈,南繁种业,独立法人,海南省级登记,本地(省级),MA5,农业科技,,,,,,,,66
1277,三亚玉苗农业科技发展有限公司,91460000MAEHQTY992,29,A 核心赛道-优先访谈,南繁种业,独立法人,海南省级登记,本地(省级),MAE,农业科技,,,,,,,,66
1289,三亚昱丰农科有限公司,91460000MAEJT4UK3U,29,A 核心赛道-优先访谈,南繁种业,独立法人,海南省级登记,本地(省级),MAE,农科,,,,,,,,66
1293,三亚雨阳农业科技有限公司,91460000MAD8RNK211,29,A 核心赛道-优先访谈,南繁种业,独立法人,海南省级登记,本地(省级),MAD,农业科技,,,,,,,,66
1346,三亚优粮农业科技有限公司,91460000MAE6MFX5X3,30,A 核心赛道-优先访谈,南繁种业,独立法人,海南省级登记,本地(省级),MAE,农业科技,,,,,,,,66
1377,三亚永超水稻种植有限公司,91460000MA5TJ94U1E,31,A 核心赛道-优先访谈,南繁种业,独立法人,海南省级登记,本地(省级),MA5,水稻,,,,,,,,66
1557,三亚雅瑞农业科技发展有限公司,91460000MA5TX0UN10,35,A 核心赛道-优先访谈,南繁种业,独立法人,海南省级登记,本地(省级),MA5,农业科技,,,,,,,,66
1716,三亚星和农业科技有限公司,91460000MAE8A5NK8G,39,A 核心赛道-优先访谈,南繁种业,独立法人,海南省级登记,本地(省级),MAE,农业科技,,,,,,,,66
1777,三亚炘炘种业有限责任公司,91460204MADDHJ0L9N,40,A 核心赛道-优先访谈,南繁种业,独立法人,三亚市/区登记,本地(三亚),MAD,种业,,,,,,,,66
1818,三亚新滨果蔬供应有限公司,91460000MAC8379U4E,41,A 核心赛道-优先访谈,南繁种业,独立法人,海南省级登记,本地(省级),MAC,果蔬,,,,,,,,66
1850,三亚湘农科技有限公司,91460000MACR9MF08G,42,A 核心赛道-优先访谈,南繁种业,独立法人,海南省级登记,本地(省级),MAC,农科,,,,,,,,66
1896,三亚沃坤生态农业科技有限公司,91460000MA5TAPC44L,43,A 核心赛道-优先访谈,南繁种业,独立法人,海南省级登记,本地(省级),MA5,农业科技,,,,,,,,66
2096,三亚舜耕农业科技有限公司,91460000MAC1X3Q2XH,47,A 核心赛道-优先访谈,南繁种业,独立法人,海南省级登记,本地(省级),MAC,农业科技,,,,,,,,66
2287,三亚市永发星选农业科技有限公司,91460000MAK0EDLQ1P,51,A 核心赛道-优先访谈,南繁种业,独立法人,海南省级登记,本地(省级),MAK,农业科技,,,,,,,,66
2421,三亚市崖州区福沣农业科技有限责任公司,91460200MAD66UGU8M,54,A 核心赛道-优先访谈,南繁种业,独立法人,三亚市/区登记,本地(三亚),MAD,农业科技,,,,,,,,66
2914,三亚市米佳农业科技发展有限公司,91460000MA5TKYBX41,65,A 核心赛道-优先访谈,南繁种业,独立法人,海南省级登记,本地(省级),MA5,农业科技,,,,,,,,66
2960,三亚市龙信农业科技有限公司,91460000MA5U2Q2WXX,66,A 核心赛道-优先访谈,南繁种业,独立法人,海南省级登记,本地(省级),MA5,农业科技,,,,,,,,66
2962,三亚市龙辉农业科技有限公司,91460000MACG842K44,66,A 核心赛道-优先访谈,南繁种业,独立法人,海南省级登记,本地(省级),MAC,农业科技,,,,,,,,66
3178,三亚市慧德农业科技有限责任公司,91460000MADYMPML10,71,A 核心赛道-优先访谈,南繁种业,独立法人,海南省级登记,本地(省级),MAD,农业科技,,,,,,,,66
3454,三亚市达丰源农业科技有限公司,91460000MA7MHFNY8G,77,A 核心赛道-优先访谈,南繁种业,独立法人,海南省级登记,本地(省级),MA7,农业科技,,,,,,,,66
3462,三亚市春璋农业科技有限公司,91460000MAK0JB963D,77,A 核心赛道-优先访谈,南繁种业,独立法人,海南省级登记,本地(省级),MAK,农业科技,,,,,,,,66
3516,三亚市晨荃农业科技有限公司,91460000MACDP52E8Y,79,A 核心赛道-优先访谈,南繁种业,独立法人,海南省级登记,本地(省级),MAC,农业科技,,,,,,,,66
3602,三亚仕泓农业科技有限公司,91460000MAA95R813J,81,A 核心赛道-优先访谈,南繁种业,独立法人,海南省级登记,本地(省级),MAA,农业科技,,,,,,,,66
3614,三亚石头农业科技有限公司,91460000MADXAKJ78J,81,A 核心赛道-优先访谈,南繁种业,独立法人,海南省级登记,本地(省级),MAD,农业科技,,,,,,,,66
3696,三亚三亩田农业科技有限公司,91460000MAEKUU1022,83,A 核心赛道-优先访谈,南繁种业,独立法人,海南省级登记,本地(省级),MAE,农业科技,,,,,,,,66
3720,三亚润繁种业有限公司,91460000MA5TBDTX27,83,A 核心赛道-优先访谈,南繁种业,独立法人,海南省级登记,本地(省级),MA5,种业,,,,,,,,66
3934,三亚彭鹏农业科技有限公司,91460000MAE20QR66A,88,A 核心赛道-优先访谈,南繁种业,独立法人,海南省级登记,本地(省级),MAE,农业科技,,,,,,,,66
4095,三亚绿洲农业科技有限责任公司,91460000MA5TG9JEXP,92,A 核心赛道-优先访谈,南繁种业,独立法人,海南省级登记,本地(省级),MA5,农业科技,,,,,,,,66
4121,三亚鹿农科技有限公司,91460000MABXERAM0Q,92,A 核心赛道-优先访谈,南繁种业,独立法人,海南省级登记,本地(省级),MA其他,农科,,,,,,,,66
4149,三亚榴园农业科技有限公司,91460000MAEFPRC531,93,A 核心赛道-优先访谈,南繁种业,独立法人,海南省级登记,本地(省级),MAE,农业科技,,,,,,,,66
4154,三亚零一农业科技有限公司,91460000MACALPXG1P,93,A 核心赛道-优先访谈,南繁种业,独立法人,海南省级登记,本地(省级),MAC,农业科技,,,,,,,,66
4165,三亚凌发农业科技有限责任公司,91460000MAD2KJ8T1G,93,A 核心赛道-优先访谈,南繁种业,独立法人,海南省级登记,本地(省级),MAD,农业科技,,,,,,,,66
4214,三亚乐实农业科技有限公司,91460000MAD01BDC7X,94,A 核心赛道-优先访谈,南繁种业,独立法人,海南省级登记,本地(省级),MAD,农业科技,,,,,,,,66
4218,三亚乐耕种业有限公司,91460000MAEDB27JXA,94,A 核心赛道-优先访谈,南繁种业,独立法人,海南省级登记,本地(省级),MAE,种业,,,,,,,,66
4392,三亚酒高粱农业科技有限公司,91460000MACWN1U901,98,A 核心赛道-优先访谈,南繁种业,独立法人,海南省级登记,本地(省级),MAC,农业科技,,,,,,,,66
4406,三亚久农农业科技有限公司,91460000MAEQY98231,98,A 核心赛道-优先访谈,南繁种业,独立法人,海南省级登记,本地(省级),MAE,农业科技,,,,,,,,66
4412,三亚劲丰合棉花生物育种有限公司,91460204MACE859B60,99,A 核心赛道-优先访谈,南繁种业,独立法人,三亚市/区登记,本地(三亚),MAC,育种|棉花|生物育种,,,,,,,,66
4470,三亚金麦浪农业科技有限公司,91460000MACWPBXY28,100,A 核心赛道-优先访谈,南繁种业,独立法人,海南省级登记,本地(省级),MAC,农业科技,,,,,,,,66
4504,三亚江河生态农业科技有限公司,91460000MACMGXD76U,101,A 核心赛道-优先访谈,南繁种业,独立法人,海南省级登记,本地(省级),MAC,农业科技,,,,,,,,66
4614,三亚汇柏合农业科技有限公司,91460000MAE5GGWK5F,103,A 核心赛道-优先访谈,南繁种业,独立法人,海南省级登记,本地(省级),MAE,农业科技,,,,,,,,66
4631,三亚回味吾琼农业科技有限公司,91460200MA5RC28R30,103,A 核心赛道-优先访谈,南繁种业,独立法人,三亚市/区登记,本地(三亚),MA5,农业科技,,,,,,,,66
4694,三亚花匠子国际园艺有限公司,91460000MAEPB9ERXM,105,A 核心赛道-优先访谈,南繁种业,独立法人,海南省级登记,本地(省级),MAE,园艺,,,,,,,,66
4707,三亚鸿壹农业科技有限公司,91460200MA5RC55J7R,105,A 核心赛道-优先访谈,南繁种业,独立法人,三亚市/区登记,本地(三亚),MA5,农业科技,,,,,,,,66
4719,三亚鸿大农业科技有限公司,91460000MAEW8ABG3P,105,A 核心赛道-优先访谈,南繁种业,独立法人,海南省级登记,本地(省级),MAE,农业科技,,,,,,,,66
4722,三亚鸿博耘商农业科技有限公司,91460000MACPGRAF9L,105,A 核心赛道-优先访谈,南繁种业,独立法人,海南省级登记,本地(省级),MAC,农业科技,,,,,,,,66
4773,三亚禾屿菽源农业科技有限公司,91460000MAEUUEBT92,107,A 核心赛道-优先访谈,南繁种业,独立法人,海南省级登记,本地(省级),MAE,农业科技,,,,,,,,66
4788,三亚禾畅农业科技有限公司,91460000MACP32MC1C,107,A 核心赛道-优先访谈,南繁种业,独立法人,海南省级登记,本地(省级),MAC,农业科技,,,,,,,,66
4790,三亚河湾农业科技有限公司,91460000MAEHTRY14J,107,A 核心赛道-优先访谈,南繁种业,独立法人,海南省级登记,本地(省级),MAE,农业科技,,,,,,,,66
4812,三亚皓丰源农业科技有限公司,91460000MACMK8X42N,107,A 核心赛道-优先访谈,南繁种业,独立法人,海南省级登记,本地(省级),MAC,农业科技,,,,,,,,66
4858,三亚罕玉秋实农业科技有限公司,91460000MAEGFGR8X2,108,A 核心赛道-优先访谈,南繁种业,独立法人,海南省级登记,本地(省级),MAE,农业科技,,,,,,,,66
4871,三亚海云基因科技有限公司,91460000MAE2FLT830,109,A 核心赛道-优先访谈,南繁种业,独立法人,海南省级登记,本地(省级),MAE,基因,,,,,,,,66
4931,三亚哈里很芒农业科技有限公司,91460000MA5TWQ4M38,110,A 核心赛道-优先访谈,南繁种业,独立法人,海南省级登记,本地(省级),MA5,农业科技,,,,,,,,66
4987,三亚谷丰升农业科技有限公司,91460000MAE59F904F,111,A 核心赛道-优先访谈,南繁种业,独立法人,海南省级登记,本地(省级),MAE,农业科技,,,,,,,,66
5016,三亚富万家农业科技发展有限公司,91460000MACL8TW47T,112,A 核心赛道-优先访谈,南繁种业,独立法人,海南省级登记,本地(省级),MAC,农业科技,,,,,,,,66
5035,三亚福融种业有限公司,91460000MAC5G27C9U,112,A 核心赛道-优先访谈,南繁种业,独立法人,海南省级登记,本地(省级),MAC,种业,,,,,,,,66
5077,三亚丰稷智能农业科技有限公司,91460000MAG18WKK9K,113,A 核心赛道-优先访谈,南繁种业,独立法人,海南省级登记,本地(省级),MAG,农业科技,,,,,,,,66
5080,三亚丰禾种业有限公司,91460000MADA84KYX4,113,A 核心赛道-优先访谈,南繁种业,独立法人,海南省级登记,本地(省级),MAD,种业,,,,,,,,66
5134,三亚鼎芯种业科技有限公司,91460000MABQXDK70X,115,A 核心赛道-优先访谈,南繁种业,独立法人,海南省级登记,本地(省级),MA其他,种业,,,,,,,,66
5160,三亚德育农业科技开发有限公司,91460200MA5T2RA78K,115,A 核心赛道-优先访谈,南繁种业,独立法人,三亚市/区登记,本地(三亚),MA5,农业科技,,,,,,,,66
5187,三亚稻芯农业科技有限公司,91460000MAEQ3QW23X,116,A 核心赛道-优先访谈,南繁种业,独立法人,海南省级登记,本地(省级),MAE,农业科技,,,,,,,,66
5206,三亚大粒农业科技有限公司,91460000MA5TKAPM8Q,116,A 核心赛道-优先访谈,南繁种业,独立法人,海南省级登记,本地(省级),MA5,农业科技,,,,,,,,66
5266,三亚盛世京丰农业科技有限公司,91460000MAE85LBJXP,118,A 核心赛道-优先访谈,南繁种业,独立法人,海南省级登记,本地(省级),MAE,农业科技,,,,,,,,66
5518,润品（海南）农业科技有限公司,91460000MAE255UJ10,123,A 核心赛道-优先访谈,南繁种业,独立法人,海南省级登记,本地(省级),MAE,农业科技,,,,,,,,66
5601,乾祥玉丰（海南）农业科技有限公司,91460000MAEKFXY09X,125,A 核心赛道-优先访谈,南繁种业,独立法人,海南省级登记,本地(省级),MAE,农业科技,,,,,,,,66
5608,千问植物新品种科技发展（三亚）有限公司,91460000MA5TGA0Y5Y,125,A 核心赛道-优先访谈,南繁种业,独立法人,海南省级登记,本地(省级),MA5,植物,,,,,,,,66
5649,诺同农业科技（海南）有限公司,91460000MACPEF7X3P,126,A 核心赛道-优先访谈,南繁种业,独立法人,海南省级登记,本地(省级),MAC,农业科技,,,,,,,,66
5694,牧禾种子科技有限公司,91460204MAC8YT8605,127,A 核心赛道-优先访谈,南繁种业,独立法人,三亚市/区登记,本地(三亚),MAC,种子,,,,,,,,66
5710,明耀智农科技（海南）有限公司,91460000MA5TPPEU13,127,A 核心赛道-优先访谈,南繁种业,独立法人,海南省级登记,本地(省级),MA5,农科,,,,,,,,66
5726,觅果农业科技（三亚）有限公司,91460000MABPYB89X2,128,A 核心赛道-优先访谈,南繁种业,独立法人,海南省级登记,本地(省级),MA其他,农业科技,,,,,,,,66
5750,美粮农业科技（海南三亚）有限责任公司,91460000MAE929866Y,128,A 核心赛道-优先访谈,南繁种业,独立法人,海南省级登记,本地(省级),MAE,农业科技,,,,,,,,66
5765,马中（海南）农业科技有限公司,91460000MAC0XFPA0E,129,A 核心赛道-优先访谈,南繁种业,独立法人,海南省级登记,本地(省级),MAC,农业科技,,,,,,,,66
5832,粒安作物科学（海南）有限公司,91460000MACKB54B6K,130,A 核心赛道-优先访谈,南繁种业,独立法人,海南省级登记,本地(省级),MAC,作物,,,,,,,,66
5835,利源优选（三亚）农业科技有限公司,91460000MAEPQH062D,130,A 核心赛道-优先访谈,南繁种业,独立法人,海南省级登记,本地(省级),MAE,农业科技,,,,,,,,66
5867,蓝途未来（海南）农业科技发展有限公司,91460000MAE1CFP92Y,131,A 核心赛道-优先访谈,南繁种业,独立法人,海南省级登记,本地(省级),MAE,农业科技,,,,,,,,66
5868,蓝天地（三亚）农业技术开发有限公司,91460000MAEXGM421B,131,A 核心赛道-优先访谈,南繁种业,独立法人,海南省级登记,本地(省级),MAE,农业技术,,,,,,,,66
5948,巨信种业科技（三亚）有限公司,91460000MAEUN1PM76,133,A 核心赛道-优先访谈,南繁种业,独立法人,海南省级登记,本地(省级),MAE,种业,,,,,,,,66
5951,玖亿（海南）农业科技有限公司,91460000MADB5CGP7W,133,A 核心赛道-优先访谈,南繁种业,独立法人,海南省级登记,本地(省级),MAD,农业科技,,,,,,,,66
5955,玖成（海南）农业科技有限公司,91460000MAG1NG25X8,133,A 核心赛道-优先访谈,南繁种业,独立法人,海南省级登记,本地(省级),MAG,农业科技,,,,,,,,66
6046,角豆仕（海南）农业科技有限公司,91460000MAE9TDCW2N,135,A 核心赛道-优先访谈,南繁种业,独立法人,海南省级登记,本地(省级),MAE,农业科技,,,,,,,,66
6069,稼艺丰（海南）农业生物科技有限公司,91460000MADC2PNQXY,135,A 核心赛道-优先访谈,南繁种业,独立法人,海南省级登记,本地(省级),MAD,农业生物,,,,,,,,66
6078,嘉胜（海南）农业科技有限公司,91460000MAEEBL1Y75,136,A 核心赛道-优先访谈,南繁种业,独立法人,海南省级登记,本地(省级),MAE,农业科技,,,,,,,,66
6087,佳粮农业科技（三亚）有限公司,91460000MAE8HEAM49,136,A 核心赛道-优先访谈,南繁种业,独立法人,海南省级登记,本地(省级),MAE,农业科技,,,,,,,,66
6103,极目（海南）智能育种装备有限公司,91460000MA5T9R7J5G,136,A 核心赛道-优先访谈,南繁种业,独立法人,海南省级登记,本地(省级),MA5,育种,,装备,,,,,,66
6104,极峰农业科技（海南）有限公司,91460000MAEB1Q5A2F,136,A 核心赛道-优先访谈,南繁种业,独立法人,海南省级登记,本地(省级),MAE,农业科技,,,,,,,,66
6162,华竹农业科技（海南）有限公司,91460200MADR1U1685,137,A 核心赛道-优先访谈,南繁种业,独立法人,三亚市/区登记,本地(三亚),MAD,农业科技,,,,,,,,66
6170,华赢（海南）农业科技发展有限公司,91460000MAD7C27H1L,138,A 核心赛道-优先访谈,南繁种业,独立法人,海南省级登记,本地(省级),MAD,农业科技,,,,,,,,66
6236,恒源丰（海南）农业科技有限公司,91460000MAE7C7003U,139,A 核心赛道-优先访谈,南繁种业,独立法人,海南省级登记,本地(省级),MAE,农业科技,,,,,,,,66
6243,恒科种业（海南）有限公司,91460000MA7FEAJC66,139,A 核心赛道-优先访谈,南繁种业,独立法人,海南省级登记,本地(省级),MA7,种业,,,,,,,,66
6252,禾新玉（三亚）种业科技有限公司,91460000MAE6UEJ27L,139,A 核心赛道-优先访谈,南繁种业,独立法人,海南省级登记,本地(省级),MAE,种业,,,,,,,,66
6255,禾满丰农（海南）农业科技有限公司,91460000MAD42E2T39,140,A 核心赛道-优先访谈,南繁种业,独立法人,海南省级登记,本地(省级),MAD,农业科技,,,,,,,,66
6337,海诺彩植保（海南）有限公司,91460000MAEA5T817H,141,A 核心赛道-优先访谈,南繁种业,独立法人,海南省级登记,本地(省级),MAE,植保,,,,,,,,66
6340,海南左罗农业科技有限公司,91460000MAE9AU285U,141,A 核心赛道-优先访谈,南繁种业,独立法人,海南省级登记,本地(省级),MAE,农业科技,,,,,,,,66
6368,海南紫钻农业科技有限责任公司,91460000MAEA57WX14,142,A 核心赛道-优先访谈,南繁种业,独立法人,海南省级登记,本地(省级),MAE,农业科技,,,,,,,,66
6373,海南紫升农业科技有限责任公司,91460000MAE9DD3J1H,142,A 核心赛道-优先访谈,南繁种业,独立法人,海南省级登记,本地(省级),MAE,农业科技,,,,,,,,66
6376,海南紫禾纤纤农业科技有限公司,91460200MADMRJA031,142,A 核心赛道-优先访谈,南繁种业,独立法人,三亚市/区登记,本地(三亚),MAD,农业科技,,,,,,,,66
6446,海南众育农业科技有限公司,91460000MACL4W7B1P,144,A 核心赛道-优先访谈,南繁种业,独立法人,海南省级登记,本地(省级),MAC,农业科技,,,,,,,,66
6451,海南众研农业科技有限公司,91460000MAE8KTAW3K,144,A 核心赛道-优先访谈,南繁种业,独立法人,海南省级登记,本地(省级),MAE,农业科技,,,,,,,,66
6482,海南种源科技有限公司,91460000MA5U1APW74,145,A 核心赛道-优先访谈,南繁种业,独立法人,海南省级登记,本地(省级),MA5,种源,,,,,,,,66
6483,海南种都种业科学研究有限公司,91460000MAE9KRXL5Q,145,A 核心赛道-优先访谈,南繁种业,独立法人,海南省级登记,本地(省级),MAE,种业,,,,,,,,66
6487,海南忠意农业科技有限公司,91460000MAA99JFC8H,145,A 核心赛道-优先访谈,南繁种业,独立法人,海南省级登记,本地(省级),MAA,农业科技,,,,,,,,66
6493,海南中智龙星农业科技有限公司,91460000MA7MA0KU7N,145,A 核心赛道-优先访谈,南繁种业,独立法人,海南省级登记,本地(省级),MA7,农业科技,,,,,,,,66
6507,海南中以农业技术有限公司,91460200MA5RC91QXA,145,A 核心赛道-优先访谈,南繁种业,独立法人,三亚市/区登记,本地(三亚),MA5,农业技术,,,,,,,,66
6548,海南中南和泰农业科技有限公司,91460200MA5REHYY8D,146,A 核心赛道-优先访谈,南繁种业,独立法人,三亚市/区登记,本地(三亚),MA5,农业科技,,,,,,,,66
6589,海南中大博瑞农业生物科技有限公司,91460000MAD41GRW71,147,A 核心赛道-优先访谈,南繁种业,独立法人,海南省级登记,本地(省级),MAD,农业生物,,,,,,,,66
6602,海南中邦百顺农业科技有限公司,91460000MA5TGFP50C,147,A 核心赛道-优先访谈,南繁种业,独立法人,海南省级登记,本地(省级),MA5,农业科技,,,,,,,,66
6646,海南智农科技有限公司,91460000MA5TJCBE3L,148,A 核心赛道-优先访谈,南繁种业,独立法人,海南省级登记,本地(省级),MA5,农科,,,,,,,,66
6708,海南郑科农业科技有限公司,91460000MA5T8BFQ44,150,A 核心赛道-优先访谈,南繁种业,独立法人,海南省级登记,本地(省级),MA5,农业科技,,,,,,,,66
6758,海南臻集农业科技开发有限责任公司,91460000MACWAMHN95,151,A 核心赛道-优先访谈,南繁种业,独立法人,海南省级登记,本地(省级),MAC,农业科技,,,,,,,,66
6759,海南臻果田园农业科技有限公司,91460000MADXNWUF7Q,151,A 核心赛道-优先访谈,南繁种业,独立法人,海南省级登记,本地(省级),MAD,农业科技,,,,,,,,66
6840,海南泽农联科农业科技有限公司,91460000MAEN08BPXK,153,A 核心赛道-优先访谈,南繁种业,独立法人,海南省级登记,本地(省级),MAE,农业科技,,,,,,,,66
6841,海南泽农高科信息技术有限公司,91460000MA5TKTMC9T,153,A 核心赛道-优先访谈,南繁种业,独立法人,海南省级登记,本地(省级),MA5,农高,,,,,,,,66
6860,海南运长农业科技有限公司,91460000MAC870WD48,153,A 核心赛道-优先访谈,南繁种业,独立法人,海南省级登记,本地(省级),MAC,农业科技,,,,,,,,66
6862,海南蕴成农业科技有限公司,91460000MAEX0RNU82,153,A 核心赛道-优先访谈,南繁种业,独立法人,海南省级登记,本地(省级),MAE,农业科技,,,,,,,,66
6867,海南耘耔农业科技发展有限公司,91460000MAK2RK2P4F,153,A 核心赛道-优先访谈,南繁种业,独立法人,海南省级登记,本地(省级),MAK,农业科技,,,,,,,,66
6868,海南耘育农业科技有限公司,91460000MAEHL8BUXM,153,A 核心赛道-优先访谈,南繁种业,独立法人,海南省级登记,本地(省级),MAE,农业科技,,,,,,,,66
6892,海南云上榴农业科技有限公司,91460000MAE78YRY56,154,A 核心赛道-优先访谈,南繁种业,独立法人,海南省级登记,本地(省级),MAE,农业科技,,,,,,,,66
6977,海南远科农业科技有限公司,91460000MAE7HBWG68,156,A 核心赛道-优先访谈,南繁种业,独立法人,海南省级登记,本地(省级),MAE,农业科技,,,,,,,,66
6993,海南源益农农业科技有限公司,91460000MADK803F4N,156,A 核心赛道-优先访谈,南繁种业,独立法人,海南省级登记,本地(省级),MAD,农业科技,,,,,,,,66
7018,海南圆丰强农业科技有限公司,91460000MAD42YNF7F,156,A 核心赛道-优先访谈,南繁种业,独立法人,海南省级登记,本地(省级),MAD,农业科技,,,,,,,,66
7021,海南园禾农业科技有限公司,91460000MAE3JDR303,157,A 核心赛道-优先访谈,南繁种业,独立法人,海南省级登记,本地(省级),MAE,农业科技,,,,,,,,66
7060,海南裕泽熙农业科技有限公司,91460000MADJ6RXP9L,157,A 核心赛道-优先访谈,南繁种业,独立法人,海南省级登记,本地(省级),MAD,农业科技,,,,,,,,66
7065,海南裕九州农业科技开发有限公司,91460000MABPCKP68H,158,A 核心赛道-优先访谈,南繁种业,独立法人,海南省级登记,本地(省级),MA其他,农业科技,,,,,,,,66
7067,海南裕稼禾农业科技发展有限公司,91460000MAE9UMPN1D,158,A 核心赛道-优先访谈,南繁种业,独立法人,海南省级登记,本地(省级),MAE,农业科技,,,,,,,,66
7079,海南玉之芯农业科技有限公司,91460000MADAQ56C14,158,A 核心赛道-优先访谈,南繁种业,独立法人,海南省级登记,本地(省级),MAD,农业科技,,,,,,,,66
7107,海南雨甜农业科技有限公司,91460000MAD5XQA34X,158,A 核心赛道-优先访谈,南繁种业,独立法人,海南省级登记,本地(省级),MAD,农业科技,,,,,,,,66
7173,海南优选珍品农业科技有限公司,91460000MAEDNADW1Y,160,A 核心赛道-优先访谈,南繁种业,独立法人,海南省级登记,本地(省级),MAE,农业科技,,,,,,,,66
7193,海南用川农业科技有限公司,91460000MA5TJ9078Q,160,A 核心赛道-优先访谈,南繁种业,独立法人,海南省级登记,本地(省级),MA5,农业科技,,,,,,,,66
7219,海南颍川世家农业科技开发有限公司,91460000MAEL46GA3D,161,A 核心赛道-优先访谈,南繁种业,独立法人,海南省级登记,本地(省级),MAE,农业科技,,,,,,,,66
7240,海南英特斯克尔国际种业科创有限公司,91460000MAA8Y76C3F,161,A 核心赛道-优先访谈,南繁种业,独立法人,海南省级登记,本地(省级),MAA,种业,,,,,,,,66
7258,海南银达农业科技有限责任公司,91460000MACDYETJ46,162,A 核心赛道-优先访谈,南繁种业,独立法人,海南省级登记,本地(省级),MAC,农业科技,,,,,,,,66
7286,海南益鑫源育种有限公司,91460000MAC7M9A46R,162,A 核心赛道-优先访谈,南繁种业,独立法人,海南省级登记,本地(省级),MAC,育种,,,,,,,,66
7374,海南以创农业科技有限公司,91460000MADGJQYM6F,164,A 核心赛道-优先访谈,南繁种业,独立法人,海南省级登记,本地(省级),MAD,农业科技,,,,,,,,66
7399,海南壹路长农业科技有限公司,91460000MAE4XEFK33,165,A 核心赛道-优先访谈,南繁种业,独立法人,海南省级登记,本地(省级),MAE,农业科技,,,,,,,,66
7440,海南一和农业科技有限公司,91460000MAET7UP24E,166,A 核心赛道-优先访谈,南繁种业,独立法人,海南省级登记,本地(省级),MAE,农业科技,,,,,,,,66
7459,海南椰嘟嘟农业科技有限公司,91460000MAD5DLY26U,166,A 核心赛道-优先访谈,南繁种业,独立法人,海南省级登记,本地(省级),MAD,农业科技,,,,,,,,66
7474,海南垚鑫种业有限公司,91460000MA5TJRJR1F,167,A 核心赛道-优先访谈,南繁种业,独立法人,海南省级登记,本地(省级),MA5,种业,,,,,,,,66
7479,海南阳光链接农业科技有限公司,91460000MA5U1PW94H,167,A 核心赛道-优先访谈,南繁种业,独立法人,海南省级登记,本地(省级),MA5,农业科技,,,,,,,,66
7511,海南亚舟农业科技有限公司,91460000MADAXW680R,167,A 核心赛道-优先访谈,南繁种业,独立法人,海南省级登记,本地(省级),MAD,农业科技,,,,,,,,66
7515,海南亚若思农业科技发展有限公司,91460200MA5T5LPE0Y,168,A 核心赛道-优先访谈,南繁种业,独立法人,三亚市/区登记,本地(三亚),MA5,农业科技,,,,,,,,66
7534,海南雅凯农业科技有限公司,91460000MAD42BNJ79,168,A 核心赛道-优先访谈,南繁种业,独立法人,海南省级登记,本地(省级),MAD,农业科技,,,,,,,,66
7540,海南芽苗农业科技发展有限公司,91460000MAD6U7UA1L,168,A 核心赛道-优先访谈,南繁种业,独立法人,海南省级登记,本地(省级),MAD,农业科技,,,,,,,,66
7545,海南崖田农业科技有限公司,91460000MAK1N4MX0Y,168,A 核心赛道-优先访谈,南繁种业,独立法人,海南省级登记,本地(省级),MAK,农业科技,,,,,,,,66
7546,海南崖胜农业科技有限公司,91460000MAET3LN25A,168,A 核心赛道-优先访谈,南繁种业,独立法人,海南省级登记,本地(省级),MAE,农业科技,,,,,,,,66
7609,海南休禾农业科技有限公司,91460000MAE3JBKA8J,170,A 核心赛道-优先访谈,南繁种业,独立法人,海南省级登记,本地(省级),MAE,农业科技,,,,,,,,66
7622,海南星原种业有限公司,91460000MAE815359K,170,A 核心赛道-优先访谈,南繁种业,独立法人,海南省级登记,本地(省级),MAE,种业,,,,,,,,66
7742,海南鑫升农业科技有限责任公司,91460000MAE6H83NXF,173,A 核心赛道-优先访谈,南繁种业,独立法人,海南省级登记,本地(省级),MAE,农业科技,,,,,,,,66
7746,海南鑫荣懋农业科技有限公司,91460000MA5TR9EDXM,173,A 核心赛道-优先访谈,南繁种业,独立法人,海南省级登记,本地(省级),MA5,农业科技,,,,,,,,66
7776,海南鑫华源农业科技有限公司,91460000MAC9C5N29P,173,A 核心赛道-优先访谈,南繁种业,独立法人,海南省级登记,本地(省级),MAC,农业科技,,,,,,,,66
7798,海南鑫川悦成农业科技有限公司,91460000MADB683C23,174,A 核心赛道-优先访谈,南繁种业,独立法人,海南省级登记,本地(省级),MAD,农业科技,,,,,,,,66
7819,海南芯蓝途农业科技有限公司,91460000MADHCMY40R,174,A 核心赛道-优先访谈,南繁种业,独立法人,海南省级登记,本地(省级),MAD,农业科技,,,,,,,,66
7834,海南欣熙望农业科技有限公司,91460000MAC38JTK53,175,A 核心赛道-优先访谈,南繁种业,独立法人,海南省级登记,本地(省级),MAC,农业科技,,,,,,,,66
7836,海南欣润园种业有限公司,91460000MAEAXFD644,175,A 核心赛道-优先访谈,南繁种业,独立法人,海南省级登记,本地(省级),MAE,种业,,,,,,,,66
7852,海南新质农业科技有限公司,91460000MADB8L4J25,175,A 核心赛道-优先访谈,南繁种业,独立法人,海南省级登记,本地(省级),MAD,农业科技,,,,,,,,66
7931,海南小植农业科技有限公司,91460000MAD81T395W,177,A 核心赛道-优先访谈,南繁种业,独立法人,海南省级登记,本地(省级),MAD,农业科技,,,,,,,,66
7960,海南飨农生农业科技有限公司,91460000MACCWM2G8Q,177,A 核心赛道-优先访谈,南繁种业,独立法人,海南省级登记,本地(省级),MAC,农业科技,,,,,,,,66
7980,海南香药农业科技集团有限公司,91460000MA5U0W6J4A,178,A 核心赛道-优先访谈,南繁种业,独立法人,海南省级登记,本地(省级),MA5,农业科技,,,,,,,,66
8032,海南西密种业科技有限公司,91460000MACK0MRY70,179,A 核心赛道-优先访谈,南繁种业,独立法人,海南省级登记,本地(省级),MAC,种业,,,,,,,,66
8068,海南物种科技有限公司,91460000MAEAET4613,180,A 核心赛道-优先访谈,南繁种业,独立法人,海南省级登记,本地(省级),MAE,物种,,,,,,,,66
8120,海南文伟农业科技有限公司,91460000MADCQXQ33R,181,A 核心赛道-优先访谈,南繁种业,独立法人,海南省级登记,本地(省级),MAD,农业科技,,,,,,,,66
8132,海南未农科技有限公司,91460000MAK0JE2C6T,181,A 核心赛道-优先访谈,南繁种业,独立法人,海南省级登记,本地(省级),MAK,农科,,,,,,,,66
8156,海南维舟农业科技有限公司,91460000MAE8D081XJ,182,A 核心赛道-优先访谈,南繁种业,独立法人,海南省级登记,本地(省级),MAE,农业科技,,,,,,,,66
8167,海南唯实农业科技发展有限公司,91460000MAE9K5DD2W,182,A 核心赛道-优先访谈,南繁种业,独立法人,海南省级登记,本地(省级),MAE,农业科技,,,,,,,,66
8204,海南万叶奇种业有限公司,91460000MAC1N89L6M,183,A 核心赛道-优先访谈,南繁种业,独立法人,海南省级登记,本地(省级),MAC,种业,,,,,,,,66
8227,海南万农先锋种子有限公司,91460000MAA98P099Q,183,A 核心赛道-优先访谈,南繁种业,独立法人,海南省级登记,本地(省级),MAA,种子,,,,,,,,66
8337,海南天之禾农业科技有限公司,91460000MACK4WND95,186,A 核心赛道-优先访谈,南繁种业,独立法人,海南省级登记,本地(省级),MAC,农业科技,,,,,,,,66
8340,海南天玉农业科技发展有限公司,91460000MAD43GUA79,186,A 核心赛道-优先访谈,南繁种业,独立法人,海南省级登记,本地(省级),MAD,农业科技,,,,,,,,66
8347,海南天娴农业科技有限公司,91460000MAEP6P532N,186,A 核心赛道-优先访谈,南繁种业,独立法人,海南省级登记,本地(省级),MAE,农业科技,,,,,,,,66
8363,海南天椒红泰农业科技有限公司,91460200MADM6UJ65Q,186,A 核心赛道-优先访谈,南繁种业,独立法人,三亚市/区登记,本地(三亚),MAD,农业科技,,,,,,,,66
8366,海南天辉瑞农农业生物科技有限公司,91460200MA5RH6T20Q,186,A 核心赛道-优先访谈,南繁种业,独立法人,三亚市/区登记,本地(三亚),MA5,农业生物,,,,,,,,66
8395,海南唐研农业科技有限公司,91460000MAD5A9K795,187,A 核心赛道-优先访谈,南繁种业,独立法人,海南省级登记,本地(省级),MAD,农业科技,,,,,,,,66
8409,海南肽好基因工程有限公司,91460000MACMCTPM22,187,A 核心赛道-优先访谈,南繁种业,独立法人,海南省级登记,本地(省级),MAC,基因,,,,,,,,66
8423,海南泰金种业有限公司,91460000MA5TX9UB8B,188,A 核心赛道-优先访谈,南繁种业,独立法人,海南省级登记,本地(省级),MA5,种业,,,,,,,,66
8474,海南苏湾农业科技有限公司,91460000MA5U1XR786,189,A 核心赛道-优先访谈,南繁种业,独立法人,海南省级登记,本地(省级),MA5,农业科技,,,,,,,,66
8492,海南斯玮迪种业有限公司,91460000MA5TMAMJ5G,189,A 核心赛道-优先访谈,南繁种业,独立法人,海南省级登记,本地(省级),MA5,种业,,,,,,,,66
8516,海南丝路惠丰种业有限公司,91460000MABPBWPM64,190,A 核心赛道-优先访谈,南繁种业,独立法人,海南省级登记,本地(省级),MA其他,种业,,,,,,,,66
8520,海南硕果累累农业科技有限公司,91460000MAENEKYJ6Y,190,A 核心赛道-优先访谈,南繁种业,独立法人,海南省级登记,本地(省级),MAE,农业科技,,,,,,,,66
8524,海南硕邦种业有限公司,91460000MADEKUXX44,190,A 核心赛道-优先访谈,南繁种业,独立法人,海南省级登记,本地(省级),MAD,种业,,,,,,,,66
8608,海南曙景种业科技有限公司,91460000MACTW4DG44,192,A 核心赛道-优先访谈,南繁种业,独立法人,海南省级登记,本地(省级),MAC,种业,,,,,,,,66
8683,海南圣露农业科技有限公司,91460200MADN0L9R71,193,A 核心赛道-优先访谈,南繁种业,独立法人,三亚市/区登记,本地(三亚),MAD,农业科技,,,,,,,,66
8761,海南省言诺农业科技有限公司,91460000MAA97LGA2H,195,A 核心赛道-优先访谈,南繁种业,独立法人,海南省级登记,本地(省级),MAA,农业科技,,,,,,,,66
8791,海南省西育种子工程有限公司,91460000MAA958WP0N,196,A 核心赛道-优先访谈,南繁种业,独立法人,海南省级登记,本地(省级),MAA,种子|育种,,,,,,,,66
8800,海南省未来方舟农业科技有限公司,91460000MAEMTM2B38,196,A 核心赛道-优先访谈,南繁种业,独立法人,海南省级登记,本地(省级),MAE,农业科技,,,,,,,,66
8810,海南省通研农业科技发展有限公司,91460000MAD4YD7W13,196,A 核心赛道-优先访谈,南繁种业,独立法人,海南省级登记,本地(省级),MAD,农业科技,,,,,,,,66
8882,海南省三亚市吉唯农农业科技有限公司,91460000MAE1UXMG8N,198,A 核心赛道-优先访谈,南繁种业,独立法人,海南省级登记,本地(省级),MAE,农业科技,,,,,,,,66
8891,海南省三亚市东达种业有限公司,91460000MA5TU16232,198,A 核心赛道-优先访谈,南繁种业,独立法人,海南省级登记,本地(省级),MA5,种业,,,,,,,,66
8899,海南省三亚美嘉源农业科技有限责任公司,91460000MA7FP4WC2W,198,A 核心赛道-优先访谈,南繁种业,独立法人,海南省级登记,本地(省级),MA7,农业科技,,,,,,,,66
8907,海南省三榕种业科技有限公司,91460000MAC3UJT28X,198,A 核心赛道-优先访谈,南繁种业,独立法人,海南省级登记,本地(省级),MAC,种业,,,,,,,,66
8964,海南省蒙瑞现代农业科技有限公司,91460000MAK2E8PJ89,200,A 核心赛道-优先访谈,南繁种业,独立法人,海南省级登记,本地(省级),MAK,农业科技,,,,,,,,66
8975,海南省喽百百农业科技有限公司,91460000MABN56U456,200,A 核心赛道-优先访谈,南繁种业,独立法人,海南省级登记,本地(省级),MA其他,农业科技,,,,,,,,66
8982,海南省粮心农业科技有限公司,91460000MAE7F6NT0A,200,A 核心赛道-优先访谈,南繁种业,独立法人,海南省级登记,本地(省级),MAE,农业科技,,,,,,,,66
8984,海南省莲汇农业科技有限公司,91460000MA5TWB6131,200,A 核心赛道-优先访谈,南繁种业,独立法人,海南省级登记,本地(省级),MA5,农业科技,,,,,,,,66
9039,海南省金色拾年种业有限公司,91460000MAEDBCMC5H,201,A 核心赛道-优先访谈,南繁种业,独立法人,海南省级登记,本地(省级),MAE,种业,,,,,,,,66
9041,海南省金葵花种业科技有限公司,91460000MAK35JLX9U,201,A 核心赛道-优先访谈,南繁种业,独立法人,海南省级登记,本地(省级),MAK,种业,,,,,,,,66
9043,海南省金辉种业科学研究有限责任公司,91460000MA5TYMM32W,201,A 核心赛道-优先访谈,南繁种业,独立法人,海南省级登记,本地(省级),MA5,种业,,,,,,,,66
9055,海南省霁田种业科学研究发展有限责任公司,91460000MAE9W6YWXD,202,A 核心赛道-优先访谈,南繁种业,独立法人,海南省级登记,本地(省级),MAE,种业,,,,,,,,66
9066,海南省华禾农业科技有限公司,91460000MADYXGD597,202,A 核心赛道-优先访谈,南繁种业,独立法人,海南省级登记,本地(省级),MAD,农业科技,,,,,,,,66
9071,海南省鸿翔农业科技投资有限公司,91460000MAK21GE97Y,202,A 核心赛道-优先访谈,南繁种业,独立法人,海南省级登记,本地(省级),MAK,农业科技,,,,投资,,,,66
9091,海南省果然果美农业科技研发有限公司,91460000MA5TNU8X05,203,A 核心赛道-优先访谈,南繁种业,独立法人,海南省级登记,本地(省级),MA5,农业科技,,,,,,,,66
9122,海南省冬繁农业科技有限公司,91460000MABM4EU75Q,203,A 核心赛道-优先访谈,南繁种业,独立法人,海南省级登记,本地(省级),MA其他,农业科技,,,,,,,,66
9149,海南省盛润种业有限公司,91460000MAD81Q602W,204,A 核心赛道-优先访谈,南繁种业,独立法人,海南省级登记,本地(省级),MAD,种业,,,,,,,,66
9163,海南省博铭康健农业科技发展有限公司,91460000MAE8HF0R4U,204,A 核心赛道-优先访谈,南繁种业,独立法人,海南省级登记,本地(省级),MAE,农业科技,,,,,,,,66
9171,海南省北河种业有限公司,91460000MAECUR2Y13,204,A 核心赛道-优先访谈,南繁种业,独立法人,海南省级登记,本地(省级),MAE,种业,,,,,,,,66
9208,海南神农稷泰农业科技有限公司,91460000MAEXYQF12X,205,A 核心赛道-优先访谈,南繁种业,独立法人,海南省级登记,本地(省级),MAE,农业科技,,,,,,,,66
9209,海南神龙农业科技发展有限公司,91460000MAEA5XGX0U,205,A 核心赛道-优先访谈,南繁种业,独立法人,海南省级登记,本地(省级),MAE,农业科技,,,,,,,,66
9218,海南申光农业科技有限公司,91460000MAENFHBNXP,205,A 核心赛道-优先访谈,南繁种业,独立法人,海南省级登记,本地(省级),MAE,农业科技,,,,,,,,66
9252,海南尚世农业科技有限公司,91460000MAK1MC6138,206,A 核心赛道-优先访谈,南繁种业,独立法人,海南省级登记,本地(省级),MAK,农业科技,,,,,,,,66
9264,海南上禾鸿丰农业科技有限公司,91460000MAD3ME6G0W,206,A 核心赛道-优先访谈,南繁种业,独立法人,海南省级登记,本地(省级),MAD,农业科技,,,,,,,,66
9296,海南山瓜瓜农业科技有限公司,91460000MAE4D53697,207,A 核心赛道-优先访谈,南繁种业,独立法人,海南省级登记,本地(省级),MAE,农业科技,,,,,,,,66
9331,海南桑田梓地种业科技有限公司,91460000MAD0802582,208,A 核心赛道-优先访谈,南繁种业,独立法人,海南省级登记,本地(省级),MAD,种业,,,,,,,,66
9405,海南三好农业科技有限公司,91460000MAEBXFTWXL,210,A 核心赛道-优先访谈,南繁种业,独立法人,海南省级登记,本地(省级),MAE,农业科技,,,,,,,,66
9415,海南赛芯农业科技有限公司,91460000MAEPC8FC67,210,A 核心赛道-优先访谈,南繁种业,独立法人,海南省级登记,本地(省级),MAE,农业科技,,,,,,,,66
9513,海南瑞垣农业科技有限公司,91460000MAEU685KXQ,212,A 核心赛道-优先访谈,南繁种业,独立法人,海南省级登记,本地(省级),MAE,农业科技,,,,,,,,66
9518,海南瑞垠种业有限公司,91460000MAE9PUGG1U,212,A 核心赛道-优先访谈,南繁种业,独立法人,海南省级登记,本地(省级),MAE,种业,,,,,,,,66
9572,海南融祺种业有限公司,91460000MAE843MP4M,213,A 核心赛道-优先访谈,南繁种业,独立法人,海南省级登记,本地(省级),MAE,种业,,,,,,,,66
9643,海南荃银五星种业有限公司,91340100MA8N1C5X2R,215,B 核心赛道-需核实,南繁种业,独立法人,省外登记(340100),省外迁入/外设,MA其他,种业|荃银,,,,,荃银,,首次登记在省外(迁入或外地主体设点),66
9664,海南全成农业科技有限公司,91460000MAA9849T2E,215,A 核心赛道-优先访谈,南繁种业,独立法人,海南省级登记,本地(省级),MAA,农业科技,,,,,,,,66
9681,海南琼甬农业科技有限公司,91460000MAK1NPHR73,216,A 核心赛道-优先访谈,南繁种业,独立法人,海南省级登记,本地(省级),MAK,农业科技,,,,,,,,66
9683,海南琼研农业科技有限公司,91460000MA5TTPPG9T,216,A 核心赛道-优先访谈,南繁种业,独立法人,海南省级登记,本地(省级),MA5,农业科技,,,,,,,,66
9707,海南青玉富强种子有限公司,91460000MAD7K7NT96,216,A 核心赛道-优先访谈,南繁种业,独立法人,海南省级登记,本地(省级),MAD,种子,,,,,,,,66
9739,海南秦玉农业科技有限公司,91460000MAC7H1W04W,217,A 核心赛道-优先访谈,南繁种业,独立法人,海南省级登记,本地(省级),MAC,农业科技,,,,,,,,66
9756,海南乔府种业有限公司,91460000MACX4WGBXQ,217,A 核心赛道-优先访谈,南繁种业,独立法人,海南省级登记,本地(省级),MAC,种业,,,,,,,,66
9780,海南乾德农业科技有限公司,91460000MACEUNB91K,218,A 核心赛道-优先访谈,南繁种业,独立法人,海南省级登记,本地(省级),MAC,农业科技,,,,,,,,66
9827,海南启程农业科技有限公司,91460000MAD8TFN971,219,A 核心赛道-优先访谈,南繁种业,独立法人,海南省级登记,本地(省级),MAD,农业科技,,,,,,,,66
9850,海南祺牛农业科技有限公司,91460000MACBG4TT94,219,A 核心赛道-优先访谈,南繁种业,独立法人,海南省级登记,本地(省级),MAC,农业科技,,,,,,,,66
9870,海南七亿七农业科技有限公司,91460000MAEF4FAU8G,220,A 核心赛道-优先访谈,南繁种业,独立法人,海南省级登记,本地(省级),MAE,农业科技,,,,,,,,66
9907,海南平捷农业科技有限公司,91460000MAEA6H2M3E,221,A 核心赛道-优先访谈,南繁种业,独立法人,海南省级登记,本地(省级),MAE,农业科技,,,,,,,,66
9913,海南品丰源农业科技有限公司,91460000MAC8XEWX8L,221,A 核心赛道-优先访谈,南繁种业,独立法人,海南省级登记,本地(省级),MAC,农业科技,,,,,,,,66
9918,海南朴树种子有限责任公司,91460000MACY1X4A2J,221,A 核心赛道-优先访谈,南繁种业,独立法人,海南省级登记,本地(省级),MAC,种子,,,,,,,,66
9922,海南鹏之禾农业科技有限责任公司,91460000MACNFRR31A,221,A 核心赛道-优先访谈,南繁种业,独立法人,海南省级登记,本地(省级),MAC,农业科技,,,,,,,,66
9932,海南蓬蓬棉农业科技有限公司,91460000MAEX3U0D79,221,A 核心赛道-优先访谈,南繁种业,独立法人,海南省级登记,本地(省级),MAE,农业科技,,,,,,,,66
9948,海南派森诺基因科技有限公司,91460000MAERQDUG6M,222,A 核心赛道-优先访谈,南繁种业,独立法人,海南省级登记,本地(省级),MAE,基因,,,,,,,,66
9976,海南暖芯农业科技有限公司,91460000MAC7JX7T06,222,A 核心赛道-优先访谈,南繁种业,独立法人,海南省级登记,本地(省级),MAC,农业科技,,,,,,,,66
9989,海南农科豫玉农业科技有限公司,91460000MACT9G9Q8M,223,A 核心赛道-优先访谈,南繁种业,独立法人,海南省级登记,本地(省级),MAC,农科|农业科技,,,,,,,,66
9990,海南农科谷物研发有限公司,91460000MAC0FC3379,223,A 核心赛道-优先访谈,南繁种业,独立法人,海南省级登记,本地(省级),MAC,农科,,,,,,,,66
9992,海南农高智造科技有限公司,91460000MACXKT1N1X,223,A 核心赛道-优先访谈,南繁种业,独立法人,海南省级登记,本地(省级),MAC,农高,,,,,,,,66
10002,海南宁象农业科技有限公司,91460000MABP6A9G8W,223,A 核心赛道-优先访谈,南繁种业,独立法人,海南省级登记,本地(省级),MA其他,农业科技,,,,,,,,66
10010,海南年丰盈车农业科技有限公司,91460000MAE1NMDE6G,223,A 核心赛道-优先访谈,南繁种业,独立法人,海南省级登记,本地(省级),MAE,农业科技,,,,,,,,66
10024,海南楠秾农业科技有限公司,91460000MABXFY5R4Q,223,A 核心赛道-优先访谈,南繁种业,独立法人,海南省级登记,本地(省级),MA其他,农业科技,,,,,,,,66
10043,海南南果汇农业科技有限责任公司,91460000MA5U1CQQX8,224,A 核心赛道-优先访谈,南繁种业,独立法人,海南省级登记,本地(省级),MA5,农业科技,,,,,,,,66
10072,海南目图农业科技有限责任公司,91460000MACE297Q46,224,A 核心赛道-优先访谈,南繁种业,独立法人,海南省级登记,本地(省级),MAC,农业科技,,,,,,,,66
10085,海南沐果香农业科技有限公司,91460000MAK1MR0F09,225,A 核心赛道-优先访谈,南繁种业,独立法人,海南省级登记,本地(省级),MAK,农业科技,,,,,,,,66
10089,海南木留莲农业科技有限公司,91460000MAEQAPJJ5T,225,A 核心赛道-优先访谈,南繁种业,独立法人,海南省级登记,本地(省级),MAE,农业科技,,,,,,,,66
10096,海南陌上明珠农业生物技术有限公司,91460000MACCEP856B,225,A 核心赛道-优先访谈,南繁种业,独立法人,海南省级登记,本地(省级),MAC,农业生物,,,,,,,,66
10105,海南鸣月农业科技发展有限公司,91460000MA5TTPC995,225,A 核心赛道-优先访谈,南繁种业,独立法人,海南省级登记,本地(省级),MA5,农业科技,,,,,,,,66
10129,海南明珠绿苑农业科技有限公司,91460000MAEBR1811P,226,A 核心赛道-优先访谈,南繁种业,独立法人,海南省级登记,本地(省级),MAE,农业科技,,,,,,,,66
10164,海南明安种业有限公司,91460000MAA96LWB7E,226,A 核心赛道-优先访谈,南繁种业,独立法人,海南省级登记,本地(省级),MAA,种业,,,,,,,,66
10242,海南美隆农业科技有限公司,91460000MA5TNCM27C,228,A 核心赛道-优先访谈,南繁种业,独立法人,海南省级登记,本地(省级),MA5,农业科技,,,,,,,,66
10261,海南茂育种业科技有限公司,91460000MAA97WFD0J,229,A 核心赛道-优先访谈,南繁种业,独立法人,海南省级登记,本地(省级),MAA,种业|育种,,,,,,,,66
10278,海南满地种子科技发展有限公司,91460000MADB1BG082,229,A 核心赛道-优先访谈,南繁种业,独立法人,海南省级登记,本地(省级),MAD,种子,,,,,,,,66
10311,海南绿普森农业科技有限公司,91460000MA5U2BC782,230,A 核心赛道-优先访谈,南繁种业,独立法人,海南省级登记,本地(省级),MA5,农业科技,,,,,,,,66
10318,海南绿谷生物育种有限公司,91460000MA5TXMG8XH,230,A 核心赛道-优先访谈,南繁种业,独立法人,海南省级登记,本地(省级),MA5,育种|生物育种,,,,,,,,66
10319,海南绿谷清泉生态种业科技有限公司,91460000MAA92DEP3D,230,A 核心赛道-优先访谈,南繁种业,独立法人,海南省级登记,本地(省级),MAA,种业,,,,,,,,66
10324,海南绿岸申呈种子有限公司,91460000MAA94NKX5N,230,A 核心赛道-优先访谈,南繁种业,独立法人,海南省级登记,本地(省级),MAA,种子,,,,,,,,66
10339,海南鹿海盈盈农业科技有限公司,91460000MACC967BXH,230,A 核心赛道-优先访谈,南繁种业,独立法人,海南省级登记,本地(省级),MAC,农业科技,,,,,,,,66
10354,海南鲁研农业科技有限公司,91460000MADXUB952L,231,A 核心赛道-优先访谈,南繁种业,独立法人,海南省级登记,本地(省级),MAD,农业科技,,,,,,,,66
10390,海南隆玉种子有限公司,91460000MAE44AHT0X,231,A 核心赛道-优先访谈,南繁种业,独立法人,海南省级登记,本地(省级),MAE,种子,,,,,,,,66
10395,海南隆投种业有限公司,91460000MADFF6AN4W,232,A 核心赛道-优先访谈,南繁种业,独立法人,海南省级登记,本地(省级),MAD,种业,,,,,,,,66
10399,海南隆收农业科技有限公司,91460000MAA8Y54B71,232,A 核心赛道-优先访谈,南繁种业,独立法人,海南省级登记,本地(省级),MAA,农业科技,,,,,,,,66
10424,海南领鲜博士农业科技有限公司,91460000MACRCQ7Q7M,232,A 核心赛道-优先访谈,南繁种业,独立法人,海南省级登记,本地(省级),MAC,农业科技,,,,,,,,66
10479,海南亮源农业科技有限公司,91460200MA5T7L9Y3Q,233,A 核心赛道-优先访谈,南繁种业,独立法人,三亚市/区登记,本地(三亚),MA5,农业科技,,,,,,,,66
10483,海南亮点农业科技有限公司,91460000MA5TGYUDXH,233,A 核心赛道-优先访谈,南繁种业,独立法人,海南省级登记,本地(省级),MA5,农业科技,,,,,,,,66
10486,海南良玉农业科技有限公司,91460000MA5U2ELP0W,234,A 核心赛道-优先访谈,南繁种业,独立法人,海南省级登记,本地(省级),MA5,农业科技,,,,,,,,66
10504,海南联胜农业科技有限公司,91460000MAEK71BF4R,234,A 核心赛道-优先访谈,南繁种业,独立法人,海南省级登记,本地(省级),MAE,农业科技,,,,,,,,66
10517,海南荔香园农业科技有限公司,91460000MAEFEU6U8X,234,A 核心赛道-优先访谈,南繁种业,独立法人,海南省级登记,本地(省级),MAE,农业科技,,,,,,,,66
10593,海南乐谷种业科技有限公司,91460000MA5U0K905T,236,A 核心赛道-优先访谈,南繁种业,独立法人,海南省级登记,本地(省级),MA5,种业,,,,,,,,66
10617,海南郎中道农业科技有限公司,91460000MAC7Q4E15D,236,A 核心赛道-优先访谈,南繁种业,独立法人,海南省级登记,本地(省级),MAC,农业科技,,,,,,,,66
10678,海南阔顷农业科技有限公司,91460000MAA95MHE36,238,A 核心赛道-优先访谈,南繁种业,独立法人,海南省级登记,本地(省级),MAA,农业科技,,,,,,,,66
10681,海南鲲信油料作物研究中心有限责任公司,91460200MA5TA00W9W,238,A 核心赛道-优先访谈,南繁种业,独立法人,三亚市/区登记,本地(三亚),MA5,作物,,,,,,,,66
10732,海南科源农业科技有限公司,91460000MAA97WQ8XA,239,A 核心赛道-优先访谈,南繁种业,独立法人,海南省级登记,本地(省级),MAA,农业科技,,,,,,,,66
10751,海南科农融丰种业科技有限公司,91460000MAE55EX96A,239,A 核心赛道-优先访谈,南繁种业,独立法人,海南省级登记,本地(省级),MAE,种业,,,,,,,,66
10757,海南科莱美植物能源科技有限公司,91460200MADQNGP37C,240,A 核心赛道-优先访谈,南繁种业,独立法人,三亚市/区登记,本地(三亚),MAD,植物,,能源科技,,,,,,66
10801,海南凯越农业科技发展有限公司,91460000MACH803Y5X,241,A 核心赛道-优先访谈,南繁种业,独立法人,海南省级登记,本地(省级),MAC,农业科技,,,,,,,,66
10821,海南凯福鑫农业科技有限公司,91460000MADFWN5547,241,A 核心赛道-优先访谈,南繁种业,独立法人,海南省级登记,本地(省级),MAD,农业科技,,,,,,,,66
10847,海南竣荞农业科技有限公司,91460000MA5TAPJ22E,242,A 核心赛道-优先访谈,南繁种业,独立法人,海南省级登记,本地(省级),MA5,农业科技,,,,,,,,66
10943,海南鞠氏农业科技有限公司,91460000MACKTF0M6K,244,A 核心赛道-优先访谈,南繁种业,独立法人,海南省级登记,本地(省级),MAC,农业科技,,,,,,,,66
10948,海南玖源农业科技发展有限公司,91460000MACMC4UC4N,244,A 核心赛道-优先访谈,南繁种业,独立法人,海南省级登记,本地(省级),MAC,农业科技,,,,,,,,66
10965,海南九圣禾农业科学研究院有限公司,91110108330348245Y,244,B 核心赛道-需核实,南繁种业,独立法人,省外登记(110108),省外迁入/外设,旧版(2015前),九圣禾,,,,,九圣禾|研究院,,首次登记在省外(迁入或外地主体设点),66
10967,海南九如农业科技发展有限公司,91460000MAC8JFA98U,244,A 核心赛道-优先访谈,南繁种业,独立法人,海南省级登记,本地(省级),MAC,农业科技,,,,,,,,66
10970,海南九粮源农业科技有限公司,91460000MAD9T3M21D,244,A 核心赛道-优先访谈,南繁种业,独立法人,海南省级登记,本地(省级),MAD,农业科技,,,,,,,,66
10971,海南九科农业科技发展有限公司,91460000MAE1PL5U4T,244,A 核心赛道-优先访谈,南繁种业,独立法人,海南省级登记,本地(省级),MAE,农业科技,,,,,,,,66
10979,海南九谷新农业科技有限公司,91460000MA5TYPXN4J,245,A 核心赛道-优先访谈,南繁种业,独立法人,海南省级登记,本地(省级),MA5,农业科技,,,,,,,,66
10999,海南靓美种业科技有限公司,91460000MAE1PQ553X,245,A 核心赛道-优先访谈,南繁种业,独立法人,海南省级登记,本地(省级),MAE,种业,,,,,,,,66
11030,海南景福源农业科技发展有限公司,91460000MAA983DK1K,246,A 核心赛道-优先访谈,南繁种业,独立法人,海南省级登记,本地(省级),MAA,农业科技,,,,,,,,66
11126,海南晋禾凯农业科技有限公司,91460000MACTPN7X9A,248,A 核心赛道-优先访谈,南繁种业,独立法人,海南省级登记,本地(省级),MAC,农业科技,,,,,,,,66
11139,海南锦色春蕾农业科技有限公司,91460000MA5TQKFB4C,248,A 核心赛道-优先访谈,南繁种业,独立法人,海南省级登记,本地(省级),MA5,农业科技,,,,,,,,66
11177,海南金益丰农业科技有限公司,91460000MAD4764R5N,249,A 核心赛道-优先访谈,南繁种业,独立法人,海南省级登记,本地(省级),MAD,农业科技,,,,,,,,66
11181,海南金阳种业有限公司,91460000MAE67A6M1R,249,A 核心赛道-优先访谈,南繁种业,独立法人,海南省级登记,本地(省级),MAE,种业,,,,,,,,66
11185,海南金旭种业科技有限公司,91460000MAEBY7PY46,249,A 核心赛道-优先访谈,南繁种业,独立法人,海南省级登记,本地(省级),MAE,种业,,,,,,,,66
11230,海南金芒御园农业科技有限公司,91460000MAEGE2WQ5C,250,A 核心赛道-优先访谈,南繁种业,独立法人,海南省级登记,本地(省级),MAE,农业科技,,,,,,,,66
11232,海南金陇农业科技开发有限公司,91460000MAK1X2LB3P,250,A 核心赛道-优先访谈,南繁种业,独立法人,海南省级登记,本地(省级),MAK,农业科技,,,,,,,,66
11233,海南金绫罗科技种业控股有限公司,91460000MAD9F55069,250,A 核心赛道-优先访谈,南繁种业,独立法人,海南省级登记,本地(省级),MAD,种业,,,,控股,,,,66
11240,海南金骄种业有限公司,91460000MACE79D15A,250,A 核心赛道-优先访谈,南繁种业,独立法人,海南省级登记,本地(省级),MAC,种业,,,,,,,,66
11256,海南金刚育种科技有限公司,91460000MADAC4022N,251,A 核心赛道-优先访谈,南繁种业,独立法人,海南省级登记,本地(省级),MAD,育种,,,,,,,,66
11265,海南金都种业科技有限公司,91460000MAEAJ92X2N,251,A 核心赛道-优先访谈,南繁种业,独立法人,海南省级登记,本地(省级),MAE,种业,,,,,,,,66
11317,海南江禾农业科技有限公司,91460000MAD5NRP54T,252,A 核心赛道-优先访谈,南繁种业,独立法人,海南省级登记,本地(省级),MAD,农业科技,,,,,,,,66
11360,海南家裕榴源农业科技有限公司,91460000MAK0MB4X9J,253,A 核心赛道-优先访谈,南繁种业,独立法人,海南省级登记,本地(省级),MAK,农业科技,,,,,,,,66
11361,海南家祥种业科技有限公司,91460000MAD961F69Y,253,A 核心赛道-优先访谈,南繁种业,独立法人,海南省级登记,本地(省级),MAD,种业,,,,,,,,66
11365,海南嘉泽农业科技有限公司,91460000MAC8DK8533,253,A 核心赛道-优先访谈,南繁种业,独立法人,海南省级登记,本地(省级),MAC,农业科技,,,,,,,,66
11384,海南嘉霖农业科技有限公司,91460000MACJYQ0P76,254,A 核心赛道-优先访谈,南繁种业,独立法人,海南省级登记,本地(省级),MAC,农业科技,,,,,,,,66
11415,海南佳嘉易农业科技有限公司,91460000MACLAHNL7P,254,A 核心赛道-优先访谈,南繁种业,独立法人,海南省级登记,本地(省级),MAC,农业科技,,,,,,,,66
11418,海南佳禾农业科技发展有限公司,91460000MA5T9K9U96,254,A 核心赛道-优先访谈,南繁种业,独立法人,海南省级登记,本地(省级),MA5,农业科技,,,,,,,,66
11440,海南集智农业生物科技有限公司,91460200MA5T3CKJ4F,255,A 核心赛道-优先访谈,南繁种业,独立法人,三亚市/区登记,本地(三亚),MA5,农业生物,,,,,,,,66
11471,海南吉科农业科技有限公司,91460000MAEXQ5YX4E,255,A 核心赛道-优先访谈,南繁种业,独立法人,海南省级登记,本地(省级),MAE,农业科技,,,,,,,,66
11533,海南慧通盛达农业科技有限公司,91460000MAD7HTNY3H,257,A 核心赛道-优先访谈,南繁种业,独立法人,海南省级登记,本地(省级),MAD,农业科技,,,,,,,,66
11559,海南惠盛种业科技有限公司,91460000MACJD0BJ2Y,257,A 核心赛道-优先访谈,南繁种业,独立法人,海南省级登记,本地(省级),MAC,种业,,,,,,,,66
11579,海南黄道紫垣农业科技有限公司,91460000MAEXTFKC7F,258,A 核心赛道-优先访谈,南繁种业,独立法人,海南省级登记,本地(省级),MAE,农业科技,,,,,,,,66
11582,海南凰冠农业科技有限公司,91460000MADDQF0F8T,258,A 核心赛道-优先访谈,南繁种业,独立法人,海南省级登记,本地(省级),MAD,农业科技,,,,,,,,66
11613,海南华臻农业科技有限公司,91460000MAEBC7CQ6C,259,A 核心赛道-优先访谈,南繁种业,独立法人,海南省级登记,本地(省级),MAE,农业科技,,,,,,,,66
11624,海南华义农业科技有限公司,91460000MAE6LTW483,259,A 核心赛道-优先访谈,南繁种业,独立法人,海南省级登记,本地(省级),MAE,农业科技,,,,,,,,66
11647,海南华萍梦农业科技有限公司,91460000MAEUB8AEXN,259,A 核心赛道-优先访谈,南繁种业,独立法人,海南省级登记,本地(省级),MAE,农业科技,,,,,,,,66
11664,海南华果农业科技有限公司,91460000MAD6ERD25N,260,A 核心赛道-优先访谈,南繁种业,独立法人,海南省级登记,本地(省级),MAD,农业科技,,,,,,,,66
11666,海南华赣农业科技有限公司,91460203MADXCG2K6D,260,A 核心赛道-优先访谈,南繁种业,独立法人,三亚市/区登记,本地(三亚),MAD,农业科技,,,,,,,,66
11704,海南后稷农业科技有限公司,91460204MADXXGFF2Q,261,A 核心赛道-优先访谈,南繁种业,独立法人,三亚市/区登记,本地(三亚),MAD,农业科技,,,,,,,,66
11800,海南红糯农业科技开发有限公司,91460000MACQ1E8E1E,263,A 核心赛道-优先访谈,南繁种业,独立法人,海南省级登记,本地(省级),MAC,农业科技,,,,,,,,66
11893,海南宏丰卓亚农业科技有限公司,91460000MAA966RUXW,265,A 核心赛道-优先访谈,南繁种业,独立法人,海南省级登记,本地(省级),MAA,农业科技,,,,,,,,66
11948,海南恒昌盛农业生物技术有限公司,91460000MACE7R927E,266,A 核心赛道-优先访谈,南繁种业,独立法人,海南省级登记,本地(省级),MAC,农业生物,,,,,,,,66
11961,海南黑刺农业科技集团有限公司,91460000MACD941X72,266,A 核心赛道-优先访谈,南繁种业,独立法人,海南省级登记,本地(省级),MAC,农业科技,,,,,,,,66
11972,海南禾兴天下农业科技有限公司,91460000MAD9758525,267,A 核心赛道-优先访谈,南繁种业,独立法人,海南省级登记,本地(省级),MAD,农业科技,,,,,,,,66
11973,海南禾心农业科技有限公司,91460000MAEUDHX4XQ,267,A 核心赛道-优先访谈,南繁种业,独立法人,海南省级登记,本地(省级),MAE,农业科技,,,,,,,,66
11976,海南禾瑞田园农业科技有限公司,91460000MAE1LBPK04,267,A 核心赛道-优先访谈,南繁种业,独立法人,海南省级登记,本地(省级),MAE,农业科技,,,,,,,,66
12033,海南皓硕农业科技有限公司,91460000MACKFPU082,268,A 核心赛道-优先访谈,南繁种业,独立法人,海南省级登记,本地(省级),MAC,农业科技,,,,,,,,66
12112,海南瀚悦农业科技有限公司,91460000MAK2MUCN1Q,270,A 核心赛道-优先访谈,南繁种业,独立法人,海南省级登记,本地(省级),MAK,农业科技,,,,,,,,66
12120,海南瀚荣农业科技有限公司,91460000MAC7AERBXC,270,A 核心赛道-优先访谈,南繁种业,独立法人,海南省级登记,本地(省级),MAC,农业科技,,,,,,,,66
12208,海南海上农业科技有限公司,91460000MACLAJYD75,272,A 核心赛道-优先访谈,南繁种业,独立法人,海南省级登记,本地(省级),MAC,农业科技,,,,,,,,66
12229,海南海茂农业科技有限公司,91460000MA5TWH513N,272,A 核心赛道-优先访谈,南繁种业,独立法人,海南省级登记,本地(省级),MA5,农业科技,,,,,,,,66
12265,海南海创农业科技发展有限公司,91460000MA7LMXP08Q,273,A 核心赛道-优先访谈,南繁种业,独立法人,海南省级登记,本地(省级),MA7,农业科技,,,,,,,,66
12275,海南果云农业科技有限公司,91460200MA5RD0FR8G,273,A 核心赛道-优先访谈,南繁种业,独立法人,三亚市/区登记,本地(三亚),MA5,农业科技,,,,,,,,66
12288,海南国耘农业科技有限公司,91460000MACYL5M91L,274,A 核心赛道-优先访谈,南繁种业,独立法人,海南省级登记,本地(省级),MAC,农业科技,,,,,,,,66
12306,海南国科种业有限公司,91460000MAA91GX7XG,274,A 核心赛道-优先访谈,南繁种业,独立法人,海南省级登记,本地(省级),MAA,种业,,,,,,,,66
12327,海南广源汇优农业科技有限公司,91460000MABXX0QR35,274,A 核心赛道-优先访谈,南繁种业,独立法人,海南省级登记,本地(省级),MA其他,农业科技,,,,,,,,66
12330,海南广信基因科技有限公司,91460000MAD7FKMB36,275,A 核心赛道-优先访谈,南繁种业,独立法人,海南省级登记,本地(省级),MAD,基因,,,,,,,,66
12352,海南冠联美农业科技有限公司,91460000MACJQTE22G,275,A 核心赛道-优先访谈,南繁种业,独立法人,海南省级登记,本地(省级),MAC,农业科技,,,,,,,,66
12388,海南格莱菲德农业科技有限公司,91460000MACDCU710Y,276,A 核心赛道-优先访谈,南繁种业,独立法人,海南省级登记,本地(省级),MAC,农业科技,,,,,,,,66
12422,海南赣繁种业有限公司,91460000MAD1D0ER2H,277,A 核心赛道-优先访谈,南繁种业,独立法人,海南省级登记,本地(省级),MAD,种业,,,,,,,,66
12465,海南芙锐思植物新品种科技发展有限公司,91460000MAA905Y112,278,A 核心赛道-优先访谈,南繁种业,独立法人,海南省级登记,本地(省级),MAA,植物,,,,,,,,66
12480,海南福瑞金太阳农业科技有限公司,91460000MAEAUR2F4P,278,A 核心赛道-优先访谈,南繁种业,独立法人,海南省级登记,本地(省级),MAE,农业科技,,,,,,,,66
12483,海南福农高科有限公司,91460000MACFGKM637,278,A 核心赛道-优先访谈,南繁种业,独立法人,海南省级登记,本地(省级),MAC,农高|福农,,,,,,,,66
12491,海南福鸿农业科技有限公司,91460000MADFPKMF8C,278,A 核心赛道-优先访谈,南繁种业,独立法人,海南省级登记,本地(省级),MAD,农业科技,,,,,,,,66
12530,海南沣鸿源农业科技有限公司,91460000MAE1UEFD72,279,A 核心赛道-优先访谈,南繁种业,独立法人,海南省级登记,本地(省级),MAE,农业科技,,,,,,,,66
12538,海南峰青园农业科技有限公司,91460000MACBPBP47Y,279,A 核心赛道-优先访谈,南繁种业,独立法人,海南省级登记,本地(省级),MAC,农业科技,,,,,,,,66
12546,海南丰盈农业科技有限公司,91460000MACLAEL12K,279,A 核心赛道-优先访谈,南繁种业,独立法人,海南省级登记,本地(省级),MAC,农业科技,,,,,,,,66
12552,海南丰胜益农农业科技有限公司,91460000MABR1T276P,279,A 核心赛道-优先访谈,南繁种业,独立法人,海南省级登记,本地(省级),MA其他,农业科技,,,,,,,,66
12561,海南丰恺育种科技有限公司,91460000MAET966TXU,280,A 核心赛道-优先访谈,南繁种业,独立法人,海南省级登记,本地(省级),MAE,育种,,,,,,,,66
12563,海南丰稷园农业科技有限公司,91460000MAK088UH9E,280,A 核心赛道-优先访谈,南繁种业,独立法人,海南省级登记,本地(省级),MAK,农业科技,,,,,,,,66
12567,海南丰行万佳农业科技有限公司,91460000MA5TWJ7U9N,280,A 核心赛道-优先访谈,南繁种业,独立法人,海南省级登记,本地(省级),MA5,农业科技,,,,,,,,66
12600,海南芳顺农业科技有限公司,91460000MAEE52ED3G,281,A 核心赛道-优先访谈,南繁种业,独立法人,海南省级登记,本地(省级),MAE,农业科技,,,,,,,,66
12656,海南豆越农业科技有限公司,91460000MAE5LKQ01D,282,A 核心赛道-优先访谈,南繁种业,独立法人,海南省级登记,本地(省级),MAE,农业科技,,,,,,,,66
12666,海南东紫农业科技有限公司,91460000MACJ7BNT89,282,A 核心赛道-优先访谈,南繁种业,独立法人,海南省级登记,本地(省级),MAC,农业科技,,,,,,,,66
12728,海南滇桂禾农业科技发展有限责任公司,91460000MAE9EQAB19,283,A 核心赛道-优先访谈,南繁种业,独立法人,海南省级登记,本地(省级),MAE,农业科技,,,,,,,,66
12747,海南德育丰农业科技有限公司,91460000MAC5L7YF6B,284,A 核心赛道-优先访谈,南繁种业,独立法人,海南省级登记,本地(省级),MAC,农业科技,,,,,,,,66
12773,海南德华方玉农业科技有限公司,91460000MAA97DNG4D,284,A 核心赛道-优先访谈,南繁种业,独立法人,海南省级登记,本地(省级),MAA,农业科技,,,,,,,,66
12819,海南大为农业科技有限公司,91460000MAA97MTM69,285,A 核心赛道-优先访谈,南繁种业,独立法人,海南省级登记,本地(省级),MAA,农业科技,,,,,,,,66
12824,海南大粮智慧农业科技有限公司,91460000MAK0EN1F1K,286,A 核心赛道-优先访谈,南繁种业,独立法人,海南省级登记,本地(省级),MAK,农业科技,,,,,,,,66
12831,海南大地滨丰种业有限公司,91460000MAA96NQF7A,286,A 核心赛道-优先访谈,南繁种业,独立法人,海南省级登记,本地(省级),MAA,种业,,,,,,,,66
12862,海南纯净农业科技有限公司,91460000MADHD8KL8E,286,A 核心赛道-优先访谈,南繁种业,独立法人,海南省级登记,本地(省级),MAD,农业科技,,,,,,,,66
12877,海南春蕾天涯农业科技发展有限公司,91460200MA5RFC9290,287,A 核心赛道-优先访谈,南繁种业,独立法人,三亚市/区登记,本地(三亚),MA5,农业科技,,,,,,,,66
12882,海南春来农业科技有限公司,91460000MA5U0PQH6H,287,A 核心赛道-优先访谈,南繁种业,独立法人,海南省级登记,本地(省级),MA5,农业科技,,,,,,,,66
12885,海南春奥农业科技有限公司,91460000MAG022C33U,287,A 核心赛道-优先访谈,南繁种业,独立法人,海南省级登记,本地(省级),MAG,农业科技,,,,,,,,66
12906,海南创赫农业科技有限公司,91460000MAD9M6DQ0J,287,A 核心赛道-优先访谈,南繁种业,独立法人,海南省级登记,本地(省级),MAD,农业科技,,,,,,,,66
12936,海南虫之道生态农业科技有限责任公司,91460000MAD59C8R97,288,A 核心赛道-优先访谈,南繁种业,独立法人,海南省级登记,本地(省级),MAD,农业科技,,,,,,,,66
12939,海南崇谷金麦农业科技有限公司,91460000MAE8NMKH18,288,A 核心赛道-优先访谈,南繁种业,独立法人,海南省级登记,本地(省级),MAE,农业科技,,,,,,,,66
12988,海南盛为农业科技有限公司,91460000MACK0QNA6W,289,A 核心赛道-优先访谈,南繁种业,独立法人,海南省级登记,本地(省级),MAC,农业科技,,,,,,,,66
12996,海南盛世农耕农业科技有限公司,91460000MA5TXJE03P,289,A 核心赛道-优先访谈,南繁种业,独立法人,海南省级登记,本地(省级),MA5,农业科技,,,,,,,,66
13008,海南盛农农业科技有限公司,91460000MACL2DGN4K,290,A 核心赛道-优先访谈,南繁种业,独立法人,海南省级登记,本地(省级),MAC,农业科技,,,,,,,,66
13018,海南盛洪农业科技有限公司,91460000MADG8WTF3Q,290,A 核心赛道-优先访谈,南繁种业,独立法人,海南省级登记,本地(省级),MAD,农业科技,,,,,,,,66
13073,海南成宇农业科技有限公司,91460000MACG8R9B8P,291,A 核心赛道-优先访谈,南繁种业,独立法人,海南省级登记,本地(省级),MAC,农业科技,,,,,,,,66
13083,海南城发种业有限公司,91460000MACUEP2R4E,291,A 核心赛道-优先访谈,南繁种业,独立法人,海南省级登记,本地(省级),MAC,种业,,,,,,,,66
13144,海南超润年沣农业科技有限公司,91460000MACH4QFL43,293,A 核心赛道-优先访谈,南繁种业,独立法人,海南省级登记,本地(省级),MAC,农业科技,,,,,,,,66
13214,海南布耳兔农业科技发展有限公司,91460000MA5TX9U83Q,294,A 核心赛道-优先访谈,南繁种业,独立法人,海南省级登记,本地(省级),MA5,农业科技,,,,,,,,66
13258,海南博腾农业科技有限公司,91460000MAK2EYBT1N,295,A 核心赛道-优先访谈,南繁种业,独立法人,海南省级登记,本地(省级),MAK,农业科技,,,,,,,,66
13263,海南博收种业有限公司,91460000MAC3EJXW1F,295,A 核心赛道-优先访谈,南繁种业,独立法人,海南省级登记,本地(省级),MAC,种业,,,,,,,,66
13302,海南波斯枣农业科技有限责任公司,91460000MAEGMN4W75,296,A 核心赛道-优先访谈,南繁种业,独立法人,海南省级登记,本地(省级),MAE,农业科技,,,,,,,,66
13347,海南本初农业科技有限公司,91460000MADBPQHY4J,297,A 核心赛道-优先访谈,南繁种业,独立法人,海南省级登记,本地(省级),MAD,农业科技,,,,,,,,66
13350,海南贝升智慧农业科技有限公司,91460000MAA8YUW62K,297,A 核心赛道-优先访谈,南繁种业,独立法人,海南省级登记,本地(省级),MAA,农业科技,,,,,,,,66
13374,海南葆程农业科技有限公司,91460000MA5TQ6107W,298,A 核心赛道-优先访谈,南繁种业,独立法人,海南省级登记,本地(省级),MA5,农业科技,,,,,,,,66
13389,海南苞有乾农业科技有限公司,91460000MAEJNMK451,298,A 核心赛道-优先访谈,南繁种业,独立法人,海南省级登记,本地(省级),MAE,农业科技,,,,,,,,66
13425,海南白鹿森林农业科技有限公司,91460000MACUC0D63G,299,A 核心赛道-优先访谈,南繁种业,独立法人,海南省级登记,本地(省级),MAC,农业科技,,,,,,,,66
13449,海南奥思达种业科技有限公司,91460000MACK0G8T9D,299,A 核心赛道-优先访谈,南繁种业,独立法人,海南省级登记,本地(省级),MAC,种业,,,,,,,,66
13490,海南安禾智慧农业科技有限责任公司,91460000MACLT9C900,300,A 核心赛道-优先访谈,南繁种业,独立法人,海南省级登记,本地(省级),MAC,农业科技,,,,,,,,66
13522,海南爱农富胜农业科技有限公司,91460000MACMQGJB59,301,A 核心赛道-优先访谈,南繁种业,独立法人,海南省级登记,本地(省级),MAC,农业科技,,,,,,,,66
13528,海南爱科睿农科技有限公司,91460000MAEA9DG082,301,A 核心赛道-优先访谈,南繁种业,独立法人,海南省级登记,本地(省级),MAE,农科,,,,,,,,66
13549,海美纳基因科技（海南）有限公司,91460000MAA95X393B,302,A 核心赛道-优先访谈,南繁种业,独立法人,海南省级登记,本地(省级),MAA,基因,,,,,,,,66
13575,海合源（三亚）农业科技有限公司,91460000MAE8K1HN80,302,A 核心赛道-优先访谈,南繁种业,独立法人,海南省级登记,本地(省级),MAE,农业科技,,,,,,,,66
13625,国创种源科技（海南）有限公司,91460000MAEPHMNR5X,303,A 核心赛道-优先访谈,南繁种业,独立法人,海南省级登记,本地(省级),MAE,种源,,,,,,,,66
13693,富尔（海南）农业科技有限公司,91460000MAA926N31D,305,A 核心赛道-优先访谈,南繁种业,独立法人,海南省级登记,本地(省级),MAA,农业科技,,,,,,,,66
13720,丰原农创（海南）智慧农业科技有限公司,91460000MAG1C04AXP,305,A 核心赛道-优先访谈,南繁种业,独立法人,海南省级登记,本地(省级),MAG,农业科技,,,,,,,,66
13723,丰桥农业科技（海南）有限公司,91460000MAD8B33D1U,305,A 核心赛道-优先访谈,南繁种业,独立法人,海南省级登记,本地(省级),MAD,农业科技,,,,,,,,66
13730,费希尔种业科技（海南）有限公司,91460000MAE0A8D95T,306,A 核心赛道-优先访谈,南繁种业,独立法人,海南省级登记,本地(省级),MAE,种业,,,,,,,,66
13748,多次元（三亚）果蔬种业有限公司,91460000MACY6GYP7U,306,A 核心赛道-优先访谈,南繁种业,独立法人,海南省级登记,本地(省级),MAC,种业|果蔬,,,,,,,,66
13768,东保（海南）农业科技有限公司,91460000MACJCX3P5R,306,A 核心赛道-优先访谈,南繁种业,独立法人,海南省级登记,本地(省级),MAC,农业科技,,,,,,,,66
13815,大名顺（海南）农业科技有限公司,91460200MADM2G0L7Q,308,A 核心赛道-优先访谈,南繁种业,独立法人,三亚市/区登记,本地(三亚),MAD,农业科技,,,,,,,,66
13816,大绿（海南）种业科技有限公司,91460000MAA96F1039,308,A 核心赛道-优先访谈,南繁种业,独立法人,海南省级登记,本地(省级),MAA,种业,,,,,,,,66
13823,大地永丰（海南）农业科技有限公司,91460000MACCMNL812,308,A 核心赛道-优先访谈,南繁种业,独立法人,海南省级登记,本地(省级),MAC,农业科技,,,,,,,,66
13849,楚为（海南）国际种业科技有限公司,91460000MACFP86GXK,308,A 核心赛道-优先访谈,南繁种业,独立法人,海南省级登记,本地(省级),MAC,种业,,,,,,,,66
13872,盛世安邦（海南）农业科技有限公司,91460000MA5TUB604B,309,A 核心赛道-优先访谈,南繁种业,独立法人,海南省级登记,本地(省级),MA5,农业科技,,,,,,,,66
13936,播兰得（海南）农业科技有限公司,91460000MAK18GC16U,310,A 核心赛道-优先访谈,南繁种业,独立法人,海南省级登记,本地(省级),MAK,农业科技,,,,,,,,66
13987,百万良田（海南）农业科技有限责任公司,91460000MAC6MY1N1Y,311,A 核心赛道-优先访谈,南繁种业,独立法人,海南省级登记,本地(省级),MAC,农业科技,,,,,,,,66
13999,百椒所（海南）农业科技集团有限公司,91460000MACM4M7D1R,312,A 核心赛道-优先访谈,南繁种业,独立法人,海南省级登记,本地(省级),MAC,农业科技,,,,,,,,66
14046,爱默生长农业科技（海南）有限公司,91460200MADQCPT96M,313,A 核心赛道-优先访谈,南繁种业,独立法人,三亚市/区登记,本地(三亚),MAD,农业科技,,,,,,,,66
14083,海南迪丰基因科技有限公司,91460000MAK2U1X95T,313,A 核心赛道-优先访谈,南繁种业,独立法人,海南省级登记,本地(省级),MAK,基因,,,,,,,,66
14112,海南亿发姆智慧农业科技有限公司,91460000MAK2D5P5XF,314,A 核心赛道-优先访谈,南繁种业,独立法人,海南省级登记,本地(省级),MAK,农业科技,,,,,,,,66
14147,海南项屿农业科技有限公司,91460000MAK2MYDF33,315,A 核心赛道-优先访谈,南繁种业,独立法人,海南省级登记,本地(省级),MAK,农业科技,,,,,,,,66
14158,三亚禾渔农业科技发展有限公司,91460000MAK4BPP20A,315,A 核心赛道-优先访谈,南繁种业,独立法人,海南省级登记,本地(省级),MAK,农业科技,,,,,,,,66
14192,名优特种业科技（三亚）有限公司,91460000MAK3Q8WK7K,316,A 核心赛道-优先访谈,南繁种业,独立法人,海南省级登记,本地(省级),MAK,种业,,,,,,,,66
14197,海南国农尚界生态农业科技有限公司,91460000MAK3Y4CH8B,316,A 核心赛道-优先访谈,南繁种业,独立法人,海南省级登记,本地(省级),MAK,农业科技,,,,,,,,66
14211,青禾牧歌（海南）国际生态农业科技有限公司,91460000MAK32U1W7J,316,A 核心赛道-优先访谈,南繁种业,独立法人,海南省级登记,本地(省级),MAK,农业科技,,,,,,,,66
14251,海南地知道农业科技有限公司,91460000MAK28YXE6H,317,A 核心赛道-优先访谈,南繁种业,独立法人,海南省级登记,本地(省级),MAK,农业科技,,,,,,,,66
14291,海南源企农业科技有限公司,91460000MAK45KQ39H,318,A 核心赛道-优先访谈,南繁种业,独立法人,海南省级登记,本地(省级),MAK,农业科技,,,,,,,,66
14294,酶好田园（海南）农业技术有限公司,91460000MAK4CM3R20,318,A 核心赛道-优先访谈,南繁种业,独立法人,海南省级登记,本地(省级),MAK,农业技术,,,,,,,,66
14349,海南庆雪农业科技有限公司,91460000MAK4BNGJ7H,319,A 核心赛道-优先访谈,南繁种业,独立法人,海南省级登记,本地(省级),MAK,农业科技,,,,,,,,66
14364,海南省苏普瑞农业科技有限公司,91460000MAK2L5C775,320,A 核心赛道-优先访谈,南繁种业,独立法人,海南省级登记,本地(省级),MAK,农业科技,,,,,,,,66
14374,三亚粒诺农业科技有限公司,91460000MAK3912G1K,320,A 核心赛道-优先访谈,南繁种业,独立法人,海南省级登记,本地(省级),MAK,农业科技,,,,,,,,66
14392,海南骏晨种业科技有限公司,91460000MAK2QMC97R,320,A 核心赛道-优先访谈,南繁种业,独立法人,海南省级登记,本地(省级),MAK,种业,,,,,,,,66
14410,万物互动（三亚）农业科技有限公司,91460000MAK1KHMY8F,321,A 核心赛道-优先访谈,南繁种业,独立法人,海南省级登记,本地(省级),MAK,农业科技,,,,,,,,66
14412,海南开源展业农业科技有限公司,91460000MAK4BNWX3L,321,A 核心赛道-优先访谈,南繁种业,独立法人,海南省级登记,本地(省级),MAK,农业科技,,,,,,,,66
14413,海南原有独真农业科技有限公司,91460000MAK1KN4T92,321,A 核心赛道-优先访谈,南繁种业,独立法人,海南省级登记,本地(省级),MAK,农业科技,,,,,,,,66
14417,海南首嘉种业科技有限公司,91460000MAK26KW73C,321,A 核心赛道-优先访谈,南繁种业,独立法人,海南省级登记,本地(省级),MAK,种业,,,,,,,,66
14421,三亚亮粳粳农业科技有限公司,91460000MAK34ETY9A,321,A 核心赛道-优先访谈,南繁种业,独立法人,海南省级登记,本地(省级),MAK,农业科技,,,,,,,,66
14444,三亚伍壹农业科技有限公司,91460000MAK1FDPU6M,322,A 核心赛道-优先访谈,南繁种业,独立法人,海南省级登记,本地(省级),MAK,农业科技,,,,,,,,66
14447,海南创记中恒种业科技有限公司,91460000MAK32FH73L,322,A 核心赛道-优先访谈,南繁种业,独立法人,海南省级登记,本地(省级),MAK,种业,,,,,,,,66
14466,三亚汇鲜农业科技有限公司,91460000MA5TCYN74J,322,A 核心赛道-优先访谈,南繁种业,独立法人,海南省级登记,本地(省级),MA5,农业科技,,,,,,,,66
14515,海南鑫捷威农业科技有限公司,91460000MAK541AB6R,323,A 核心赛道-优先访谈,南繁种业,独立法人,海南省级登记,本地(省级),MAK,农业科技,,,,,,,,66
14523,祥优（海南）农业科技有限公司,91460000MAK4F9601L,323,A 核心赛道-优先访谈,南繁种业,独立法人,海南省级登记,本地(省级),MAK,农业科技,,,,,,,,66
14537,海南普瑞丰智能农业科技有限公司,91460000MAK4000663,324,A 核心赛道-优先访谈,南繁种业,独立法人,海南省级登记,本地(省级),MAK,农业科技,,,,,,,,66
14588,鸿泰种业（海南）有限公司,91460000MAK3A73W0M,325,A 核心赛道-优先访谈,南繁种业,独立法人,海南省级登记,本地(省级),MAK,种业,,,,,,,,66
14592,三亚南帆种业科技有限公司,91460000MAK4AUUH3Y,325,A 核心赛道-优先访谈,南繁种业,独立法人,海南省级登记,本地(省级),MAK,种业,,,,,,,,66
14596,海南刘光基种都种业有限公司,91460000MAK4C27X2H,325,A 核心赛道-优先访谈,南繁种业,独立法人,海南省级登记,本地(省级),MAK,种业,,,,,,,,66
14690,海南禾香福农业科技有限公司,91460000MAG1GH369R,327,A 核心赛道-优先访谈,南繁种业,独立法人,海南省级登记,本地(省级),MAG,农业科技|福农,,,,,,,,66
14708,海南绿谷丰农业科技有限公司,92460000MA5T9FDF8D,327,A 核心赛道-优先访谈,南繁种业,独立法人,海南省级登记,本地(省级),MA5,农业科技,,,,,,,,66
14721,海南佳昌旺农业科技有限公司,91460000MACKWQ7Y52,328,A 核心赛道-优先访谈,南繁种业,独立法人,海南省级登记,本地(省级),MAC,农业科技,,,,,,,,66
14733,三亚思禾农业科技有限公司,91460000MAEGGUW42J,328,A 核心赛道-优先访谈,南繁种业,独立法人,海南省级登记,本地(省级),MAE,农业科技,,,,,,,,66
14793,三亚崖州佳禾诺农业科技有限公司,91460000MAK4HM6H7Y,329,A 核心赛道-优先访谈,南繁种业,独立法人,海南省级登记,本地(省级),MAK,农业科技,,,,,,,,66
14800,海南海浙优榴农业科技有限公司,91460000MAK6U2NH3N,329,A 核心赛道-优先访谈,南繁种业,独立法人,海南省级登记,本地(省级),MAK,农业科技,,,,,,,,66
14801,海南莲荷未来农业科技有限公司,91460000MAK5T5PK2N,329,A 核心赛道-优先访谈,南繁种业,独立法人,海南省级登记,本地(省级),MAK,农业科技,,,,,,,,66
14812,海南黑土臻优农业科技发展有限公司,91460000MAK6Y2XU56,330,A 核心赛道-优先访谈,南繁种业,独立法人,海南省级登记,本地(省级),MAK,农业科技,,,,,,,,66
14823,正粒丰（三亚崖州）种业有限责任公司,91460000MAK60M6A9F,330,A 核心赛道-优先访谈,南繁种业,独立法人,海南省级登记,本地(省级),MAK,种业,,,,,,,,66
14858,海南稼格农业科技有限责任公司,91460000MAK57YRM0F,331,A 核心赛道-优先访谈,南繁种业,独立法人,海南省级登记,本地(省级),MAK,农业科技,,,,,,,,66
14865,领硕澳美（海南）转基因技术有限公司,91460000MAK5CC1E7A,331,A 核心赛道-优先访谈,南繁种业,独立法人,海南省级登记,本地(省级),MAK,基因,,,,,,,,66
14873,申泽茄华（海南）农业科技有限公司,91460000MAK7AH123B,331,A 核心赛道-优先访谈,南繁种业,独立法人,海南省级登记,本地(省级),MAK,农业科技,,,,,,,,66
14889,海南锦农云泰现代农业科技有限公司,91460000MADAQD3Y4Q,331,A 核心赛道-优先访谈,南繁种业,独立法人,海南省级登记,本地(省级),MAD,农业科技,,,,,,,,66
14896,海南省可信农品大数据有限公司,91460000MAK5AFWP1G,332,A 核心赛道-优先访谈,南繁种业,独立法人,海南省级登记,本地(省级),MAK,农品,,大数据,,,,,,66
14900,海南金硕丰源农业科技有限公司,91460000MAK5ANUF9X,332,A 核心赛道-优先访谈,南繁种业,独立法人,海南省级登记,本地(省级),MAK,农业科技,,,,,,,,66
14910,海南龙耘农业科技有限公司,91460000MAK5MFHT4K,332,A 核心赛道-优先访谈,南繁种业,独立法人,海南省级登记,本地(省级),MAK,农业科技,,,,,,,,66
14912,海南种芯源农业科技有限公司,91460000MAK4MQK56X,332,A 核心赛道-优先访谈,南繁种业,独立法人,海南省级登记,本地(省级),MAK,农业科技,,,,,,,,66
14919,海南省晶海农业科技有限公司,91460000MAK5PAER1K,332,A 核心赛道-优先访谈,南繁种业,独立法人,海南省级登记,本地(省级),MAK,农业科技,,,,,,,,66
14925,华庆（海南）农业科技有限公司,91460000MAC7CXGF5Y,332,A 核心赛道-优先访谈,南繁种业,独立法人,海南省级登记,本地(省级),MAC,农业科技,,,,,,,,66
14951,圣美奇种业科技（海南）有限公司,91460000MAEDCQR539,333,A 核心赛道-优先访谈,南繁种业,独立法人,海南省级登记,本地(省级),MAE,种业,,,,,,,,66
14968,海南香山海岸农业科技有限公司,91460000MAK5P45B79,333,A 核心赛道-优先访谈,南繁种业,独立法人,海南省级登记,本地(省级),MAK,农业科技,,,,,,,,66
14979,婴泊（海南）农业科技有限公司,91460000MAK795FLXF,333,A 核心赛道-优先访谈,南繁种业,独立法人,海南省级登记,本地(省级),MAK,农业科技,,,,,,,,66
14996,海南京芯农业科技发展有限公司,91460000MAK7HFYE47,334,A 核心赛道-优先访谈,南繁种业,独立法人,海南省级登记,本地(省级),MAK,农业科技,,,,,,,,66
14997,海南国创种业科技有限公司,91460000MAK7HWEP3G,334,A 核心赛道-优先访谈,南繁种业,独立法人,海南省级登记,本地(省级),MAK,种业,,,,,,,,66
24,周唐海洋生态环境建设管理（海南）有限公司,91460000MAC0TC4M5G,1,A 核心赛道-优先访谈,深海海洋,独立法人,海南省级登记,本地(省级),MAC,,海洋,,,,,,,64
100,中水晨海（海南）智慧渔业有限公司,91460000MAE92H6735,3,A 核心赛道-优先访谈,深海海洋,独立法人,海南省级登记,本地(省级),MAE,,渔业,,,,,,,64
308,智真海洋科技（三亚）有限公司,91460000MAD75D3D5F,7,A 核心赛道-优先访谈,深海海洋,独立法人,海南省级登记,本地(省级),MAD,,海洋,,,,,,,64
741,未来海工智能装备（海南）有限公司,91460000MA5TLPWW09,17,A 核心赛道-优先访谈,深海海洋,独立法人,海南省级登记,本地(省级),MA5,,海工,装备|智能装备,,,,,,64
784,同声盛德（海南）海洋科技有限公司,91460203MADL2MXG1K,18,A 核心赛道-优先访谈,深海海洋,独立法人,三亚市/区登记,本地(三亚),MAD,,海洋,,,,,,,64
902,石文海洋科技（海南）有限公司,91460000MAC8Q95555,21,A 核心赛道-优先访谈,深海海洋,独立法人,海南省级登记,本地(省级),MAC,,海洋,,,,,,,64
940,深蓝家园海洋科技（海南）有限公司,91460200MADX0W6X6W,21,A 核心赛道-优先访谈,深海海洋,独立法人,三亚市/区登记,本地(三亚),MAD,,海洋,,,,,,,64
1071,三亚中帆船舶技术有限公司,91460000MA5TM2K21E,24,A 核心赛道-优先访谈,深海海洋,独立法人,海南省级登记,本地(省级),MA5,,船舶,,,,,,,64
1093,三亚智荟海洋工程科技有限公司,91460000MAEXE02U75,25,A 核心赛道-优先访谈,深海海洋,独立法人,海南省级登记,本地(省级),MAE,,海洋|海洋工程,,,,,,,64
1287,三亚昱旭船舶科技发展有限公司,91460000MACWF5580R,29,A 核心赛道-优先访谈,深海海洋,独立法人,海南省级登记,本地(省级),MAC,,船舶,,,,,,,64
1580,三亚崖州永晟领航海洋工程有限公司,91460000MAEWT9CD7T,36,A 核心赛道-优先访谈,深海海洋,独立法人,海南省级登记,本地(省级),MAE,,海洋|海洋工程,,,,,,,64
1727,三亚兴德水产加工有限公司,91460200MA5T289F52,39,A 核心赛道-优先访谈,深海海洋,独立法人,三亚市/区登记,本地(三亚),MA5,,水产,,,,,,,64
1740,三亚鑫雨渔业有限公司,91460200MA5RJA2UXQ,39,A 核心赛道-优先访谈,深海海洋,独立法人,三亚市/区登记,本地(三亚),MA5,,渔业,,,,,,,64
1769,三亚鑫肤上正海洋生物科技有限公司,91460000MAE5X5MF3J,40,A 核心赛道-优先访谈,深海海洋,独立法人,海南省级登记,本地(省级),MAE,,海洋,,,,,,,64
2041,三亚拓洋海洋科技有限公司,91460000MAK1EURH3T,46,A 核心赛道-优先访谈,深海海洋,独立法人,海南省级登记,本地(省级),MAK,,海洋,,,,,,,64
2105,三亚双帆石渔业科技有限公司,91460000MAD2EW399W,47,A 核心赛道-优先访谈,深海海洋,独立法人,海南省级登记,本地(省级),MAD,,渔业,,,,,,,64
2289,三亚市勇盛水产有限公司,91460203MADX52JF7U,51,A 核心赛道-优先访谈,深海海洋,独立法人,三亚市/区登记,本地(三亚),MAD,,水产,,,,,,,64
2655,三亚市双胜水产有限公司,91460000MAE0T76F0E,60,A 核心赛道-优先访谈,深海海洋,独立法人,海南省级登记,本地(省级),MAE,,水产,,,,,,,64
2877,三亚市纳海讯达水声科技有限公司,91460000MAENPNEYX3,64,A 核心赛道-优先访谈,深海海洋,独立法人,海南省级登记,本地(省级),MAE,,水声,,,,,,,64
3640,三亚声讯海洋科技有限公司,91460200MADNHBDW9K,81,A 核心赛道-优先访谈,深海海洋,独立法人,三亚市/区登记,本地(三亚),MAD,,海洋,,,,,,,64
3641,三亚声为海洋科技有限公司,91460000MADX4UH7X9,81,A 核心赛道-优先访谈,深海海洋,独立法人,海南省级登记,本地(省级),MAD,,海洋,,,,,,,64
3644,三亚升达水产有限公司,91460200735800076L,82,A 核心赛道-优先访谈,深海海洋,独立法人,三亚市/区登记,本地(三亚),旧版(2015前),,水产,,,,,,,64
3717,三亚润潍海洋科技发展有限公司,91460000MA5TAK6697,83,A 核心赛道-优先访谈,深海海洋,独立法人,海南省级登记,本地(省级),MA5,,海洋,,,,,,,64
3758,三亚瑞宸海洋工程有限公司,91460000MAE9982B4T,84,A 核心赛道-优先访谈,深海海洋,独立法人,海南省级登记,本地(省级),MAE,,海洋|海洋工程,,,,,,,64
3922,三亚鹏龙海洋机器人智能系统有限公司,91460000MA5TJMNC0Q,88,A 核心赛道-优先访谈,深海海洋,独立法人,海南省级登记,本地(省级),MA5,,海洋,机器人,,,,,,64
3976,三亚南山港海洋科技有限公司,91460000MAC5E1C095,89,A 核心赛道-优先访谈,深海海洋,独立法人,海南省级登记,本地(省级),MAC,,海洋,,,,,,,64
4144,三亚隆拓海洋科技有限公司,91460000MAK148C8XH,93,A 核心赛道-优先访谈,深海海洋,独立法人,海南省级登记,本地(省级),MAK,,海洋,,,,,,,64
4211,三亚勒贝格海洋工程装备制造有限公司,91460000MAC6BK9M6X,94,A 核心赛道-优先访谈,深海海洋,独立法人,海南省级登记,本地(省级),MAC,,海洋|海洋工程,装备,,,,,,64
4228,三亚蓝耘水产有限公司,91460000MAEDGRDB81,94,A 核心赛道-优先访谈,深海海洋,独立法人,海南省级登记,本地(省级),MAE,,水产,,,,,,,64
4377,三亚聚立创智海洋科技有限公司,91460000MACQ794C9Q,98,A 核心赛道-优先访谈,深海海洋,独立法人,海南省级登记,本地(省级),MAC,,海洋,,,,,,,64
4387,三亚巨富海洋科技有限公司,91460200MA5T5Q8R28,98,A 核心赛道-优先访谈,深海海洋,独立法人,三亚市/区登记,本地(三亚),MA5,,海洋,,,,,,,64
4422,三亚鲸世界海洋馆有限公司,91460200MA5RD7Q22U,99,A 核心赛道-优先访谈,深海海洋,独立法人,三亚市/区登记,本地(三亚),MA5,,海洋,,,,,,,64
4549,三亚嘉合丰盈渔业有限公司,91460200MA5RHL4Y4A,102,A 核心赛道-优先访谈,深海海洋,独立法人,三亚市/区登记,本地(三亚),MA5,,渔业,,,,,,,64
4598,三亚基洛船舶海洋技术有限公司,91460000MACEMU265F,103,A 核心赛道-优先访谈,深海海洋,独立法人,海南省级登记,本地(省级),MAC,,海洋|船舶,,,,,,,64
4664,三亚华铉合邦海洋科技有限公司,91460000MAE7KD6M1Y,104,A 核心赛道-优先访谈,深海海洋,独立法人,海南省级登记,本地(省级),MAE,,海洋,,,,,,,64
4803,三亚和盛源海洋科技有限公司,91460000MAE5Q3MQX7,107,A 核心赛道-优先访谈,深海海洋,独立法人,海南省级登记,本地(省级),MAE,,海洋,,,,,,,64
4845,三亚瀚维海洋科技有限公司,91460000MAEH8D5E3W,108,A 核心赛道-优先访谈,深海海洋,独立法人,海南省级登记,本地(省级),MAE,,海洋,,,,,,,64
4849,三亚瀚澜水下智能探测装备有限公司,91460000MABUMW5M3C,108,A 核心赛道-优先访谈,深海海洋,独立法人,海南省级登记,本地(省级),MA其他,,水下,装备,,,,,,64
4852,三亚瀚海蓝帆海洋科技有限公司,91460000MAE9KMMU5M,108,A 核心赛道-优先访谈,深海海洋,独立法人,海南省级登记,本地(省级),MAE,,海洋,,,,,,,64
4890,三亚海声海洋科技有限公司,91460000MACTT6181D,109,A 核心赛道-优先访谈,深海海洋,独立法人,海南省级登记,本地(省级),MAC,,海洋,,,,,,,64
4891,三亚海深了海洋科技有限公司,91460000MAC9E3RU9K,109,A 核心赛道-优先访谈,深海海洋,独立法人,海南省级登记,本地(省级),MAC,,海洋,,,,,,,64
4925,三亚海仓渔业科技有限公司,91460000MAEG7J7J7J,110,A 核心赛道-优先访谈,深海海洋,独立法人,海南省级登记,本地(省级),MAE,,渔业,,,,,,,64
4991,三亚工至海洋装备科技有限公司,91460000MAE36L611X,111,A 核心赛道-优先访谈,深海海洋,独立法人,海南省级登记,本地(省级),MAE,,海洋,装备,,,,,,64
5038,三亚福联水产发展有限公司,91460200578711941M,112,A 核心赛道-优先访谈,深海海洋,独立法人,三亚市/区登记,本地(三亚),旧版(2015前),,水产,,,,,,,64
5040,三亚福巨和水产有限公司,91460200MA5RD2JLXU,113,A 核心赛道-优先访谈,深海海洋,独立法人,三亚市/区登记,本地(三亚),MA5,,水产,,,,,,,64
5381,三亚波赛冬海洋科技有限公司,91460000MADD917P32,120,A 核心赛道-优先访谈,深海海洋,独立法人,海南省级登记,本地(省级),MAD,,海洋,,,,,,,64
5544,融智汇（三亚）海洋生物科技股份有限公司,91460000MAC3CDAJ1M,124,A 核心赛道-优先访谈,深海海洋,独立法人,海南省级登记,本地(省级),MAC,,海洋,,,,,,,64
5679,南海创科（海南）海洋科技有限公司,91460000MAE3WYJM3F,127,A 核心赛道-优先访谈,深海海洋,独立法人,海南省级登记,本地(省级),MAE,,海洋,,,,,,,64
5794,领卓海洋科技（海南）有限责任公司,91460000MAC2M0LH3Q,129,A 核心赛道-优先访谈,深海海洋,独立法人,海南省级登记,本地(省级),MAC,,海洋,,,,,,,64
5869,蓝梭海洋科技（海南）有限公司,91460000MAEKM1U47Y,131,A 核心赛道-优先访谈,深海海洋,独立法人,海南省级登记,本地(省级),MAE,,海洋,,,,,,,64
5978,鲸航海洋科技（海南）有限公司,91460000MAEQ4FD1XY,133,A 核心赛道-优先访谈,深海海洋,独立法人,海南省级登记,本地(省级),MAE,,海洋,,,,,,,64
6064,舰发（海南）科技有限公司,91460000MAD2LTLD68,135,A 核心赛道-优先访谈,深海海洋,独立法人,海南省级登记,本地(省级),MAD,,舰,,,,,,,64
6110,吉海海事服务（海南）有限公司,91460000MACR8R9WXH,136,A 核心赛道-优先访谈,深海海洋,独立法人,海南省级登记,本地(省级),MAC,,海事,,,,,,,64
6254,禾润联丰（海南）渔业有限公司,91460000MAENC40P4P,140,A 核心赛道-优先访谈,深海海洋,独立法人,海南省级登记,本地(省级),MAE,,渔业,,,,,,,64
6427,海南舟顺船务有限公司,91460000MA5TC7074F,143,A 核心赛道-优先访谈,深海海洋,独立法人,海南省级登记,本地(省级),MA5,,船务,,,,,,,64
6433,海南洲拓海洋科技有限公司,91460000MACRFTPM3N,143,A 核心赛道-优先访谈,深海海洋,独立法人,海南省级登记,本地(省级),MAC,,海洋,,,,,,,64
6656,海南智慧海事科技有限公司,91460000MA5TYPEC30,148,A 核心赛道-优先访谈,深海海洋,独立法人,海南省级登记,本地(省级),MA5,,海事,,,,,,,64
6680,海南志远海洋工程有限公司,91460000MAEM8UTJ87,149,A 核心赛道-优先访谈,深海海洋,独立法人,海南省级登记,本地(省级),MAE,,海洋|海洋工程,,,,,,,64
7129,海南宇恩海洋科技有限公司,91460000MAE820QB6B,159,A 核心赛道-优先访谈,深海海洋,独立法人,海南省级登记,本地(省级),MAE,,海洋,,,,,,,64
7194,海南甬科声学技术有限公司,91460000MAE9CRQ217,160,A 核心赛道-优先访谈,深海海洋,独立法人,海南省级登记,本地(省级),MAE,,声学,,,,,,,64
7386,海南宜康海洋科工有限公司,91460000MAEKHFPN1E,165,A 核心赛道-优先访谈,深海海洋,独立法人,海南省级登记,本地(省级),MAE,,海洋,,,,,,,64
7525,海南亚海工程有限公司,91460000MAC279LG8U,168,A 核心赛道-优先访谈,深海海洋,独立法人,海南省级登记,本地(省级),MAC,,海工,,,,,,,64
7646,海南星浩海洋科技有限公司,91460000MAE6J02L6E,170,A 核心赛道-优先访谈,深海海洋,独立法人,海南省级登记,本地(省级),MAE,,海洋,,,,,,,64
7860,海南新玥海洋服务有限责任公司,91460000MADLFY1G1L,175,A 核心赛道-优先访谈,深海海洋,独立法人,海南省级登记,本地(省级),MAD,,海洋,,,,,,,64
7932,海南小鲨渔业有限责任公司,91460000MAC11A7M7A,177,A 核心赛道-优先访谈,深海海洋,独立法人,海南省级登记,本地(省级),MAC,,渔业,,,,,,,64
7957,海南向海图强海洋科技有限公司,91460000MAEFYHCG5Y,177,A 核心赛道-优先访谈,深海海洋,独立法人,海南省级登记,本地(省级),MAE,,海洋,,,,,,,64
8052,海南溪淇海洋科技有限公司,91460000MAE2W66U94,179,A 核心赛道-优先访谈,深海海洋,独立法人,海南省级登记,本地(省级),MAE,,海洋,,,,,,,64
8094,海南沃泽水产养殖有限公司,91460000MAENAD5B5C,180,A 核心赛道-优先访谈,深海海洋,独立法人,海南省级登记,本地(省级),MAE,,水产,,,,,,,64
8290,海南同钊海洋科技有限责任公司,91460000MAEWYNH83J,185,A 核心赛道-优先访谈,深海海洋,独立法人,海南省级登记,本地(省级),MAE,,海洋,,,,,,,64
8466,海南速威海洋科技有限公司,91460000MAE9898J5N,189,A 核心赛道-优先访谈,深海海洋,独立法人,海南省级登记,本地(省级),MAE,,海洋,,,,,,,64
8477,海南苏航海洋科技发展有限公司,91460000MAD4R37W6K,189,A 核心赛道-优先访谈,深海海洋,独立法人,海南省级登记,本地(省级),MAD,,海洋,,,,,,,64
8557,海南水声技术有限公司,91460000MADACA4AXL,191,A 核心赛道-优先访谈,深海海洋,独立法人,海南省级登记,本地(省级),MAD,,水声,,,,,,,64
8587,海南数字海洋科技有限公司,91460000MA5TP88NX6,191,A 核心赛道-优先访谈,深海海洋,独立法人,海南省级登记,本地(省级),MA5,,海洋,,,,,,,64
8712,海南省振威海洋科技有限公司,91460000MAECMQ1W2Q,194,A 核心赛道-优先访谈,深海海洋,独立法人,海南省级登记,本地(省级),MAE,,海洋,,,,,,,64
8742,海南省颖满兴船舶制造有限公司,91460000MAE7FDEEXW,195,A 核心赛道-优先访谈,深海海洋,独立法人,海南省级登记,本地(省级),MAE,,船舶,,,,,,,64
8875,海南省三亚市隆海海洋智能装备制造有限公司,91460000MABTN6N872,198,A 核心赛道-优先访谈,深海海洋,独立法人,海南省级登记,本地(省级),MA其他,,海洋,装备|智能装备,,,,,,64
9192,海南声之源海洋科技有限公司,91460000MAEPJ9R80Y,205,A 核心赛道-优先访谈,深海海洋,独立法人,海南省级登记,本地(省级),MAE,,海洋,,,,,,,64
9230,海南深迈海洋科技有限公司,91460000MACG97Y40L,206,A 核心赛道-优先访谈,深海海洋,独立法人,海南省级登记,本地(省级),MAC,,海洋,,,,,,,64
9242,海南深耕海海洋发展有限公司,91460000MAE1X95Y89,206,A 核心赛道-优先访谈,深海海洋,独立法人,海南省级登记,本地(省级),MAE,,海洋,,,,,,,64
9286,海南珊海海洋科技有限公司,91460000MAA8YCHM9X,207,A 核心赛道-优先访谈,深海海洋,独立法人,海南省级登记,本地(省级),MAA,,海洋,,,,,,,64
9546,海南瑞锦洋船舶工程技术有限公司,91460000MAE47XTD5K,213,A 核心赛道-优先访谈,深海海洋,独立法人,海南省级登记,本地(省级),MAE,,船舶,,,,,,,64
9602,海南戎华海洋科技有限公司,91460000MAEJGMRM9J,214,A 核心赛道-优先访谈,深海海洋,独立法人,海南省级登记,本地(省级),MAE,,海洋,,,,,,,64
9678,海南琼舟船舶修理有限公司,91460000MAETGXW42T,216,A 核心赛道-优先访谈,深海海洋,独立法人,海南省级登记,本地(省级),MAE,,船舶,,,,,,,64
9766,海南前航海洋工程有限公司,91460000MAE0LPEP95,218,A 核心赛道-优先访谈,深海海洋,独立法人,海南省级登记,本地(省级),MAE,,海洋|海洋工程,,,,,,,64
9866,海南栖凤海洋科技有限公司,91460000MAEKB8EX1H,220,A 核心赛道-优先访谈,深海海洋,独立法人,海南省级登记,本地(省级),MAE,,海洋,,,,,,,64
9894,海南普惠海洋科技有限公司,91460000MAE1Q1B16N,220,A 核心赛道-优先访谈,深海海洋,独立法人,海南省级登记,本地(省级),MAE,,海洋,,,,,,,64
9900,海南蒲余乐渔业科技有限公司,91460000MAEJ3H5E98,221,A 核心赛道-优先访谈,深海海洋,独立法人,海南省级登记,本地(省级),MAE,,渔业,,,,,,,64
9956,海南欧迅海洋科技有限公司,91460000MAE8CB2T5P,222,A 核心赛道-优先访谈,深海海洋,独立法人,海南省级登记,本地(省级),MAE,,海洋,,,,,,,64
10004,海南宁聚达渔业有限公司,91460000MAEREKWU7P,223,A 核心赛道-优先访谈,深海海洋,独立法人,海南省级登记,本地(省级),MAE,,渔业,,,,,,,64
10140,海南明通水下工程有限公司,91460000MACL5N1Q72,226,A 核心赛道-优先访谈,深海海洋,独立法人,海南省级登记,本地(省级),MAC,,水下,,,,,,,64
10216,海南梦宸湾海洋科技有限公司,91460000MAE179GU3T,228,A 核心赛道-优先访谈,深海海洋,独立法人,海南省级登记,本地(省级),MAE,,海洋,,,,,,,64
10244,海南美林和邦农渔业发展有限公司,91460000MAC6RRT26J,228,A 核心赛道-优先访谈,深海海洋,独立法人,海南省级登记,本地(省级),MAC,,渔业,,,,,,,64
10345,海南陆海渔仓海洋生态科技有限公司,91460000MAD36PGKXF,230,A 核心赛道-优先访谈,深海海洋,独立法人,海南省级登记,本地(省级),MAD,,海洋,,,,,,,64
10454,海南凌山船舶工程科技有限公司,91460000MAE7LX791K,233,A 核心赛道-优先访谈,深海海洋,独立法人,海南省级登记,本地(省级),MAE,,船舶,,,,,,,64
10530,海南利洋海洋科技有限公司,91460000MAETH8H1XW,235,A 核心赛道-优先访谈,深海海洋,独立法人,海南省级登记,本地(省级),MAE,,海洋,,,,,,,64
10601,海南劳雷海洋仪器有限公司,91460200MADY9B8YXX,236,A 核心赛道-优先访谈,深海海洋,独立法人,三亚市/区登记,本地(三亚),MAD,,海洋,仪器,,,,,,64
10618,海南郎翰海洋科技有限公司,91460000MAA98G8Q4K,236,A 核心赛道-优先访谈,深海海洋,独立法人,海南省级登记,本地(省级),MAA,,海洋,,,,,,,64
10635,海南蓝色粮仓渔业科技有限公司,91460000MADYTN4D41,237,A 核心赛道-优先访谈,深海海洋,独立法人,海南省级登记,本地(省级),MAD,,渔业,,,,,,,64
10717,海南控网海洋科技有限公司,91460000MAEDLG3H0K,239,A 核心赛道-优先访谈,深海海洋,独立法人,海南省级登记,本地(省级),MAE,,海洋,,,,,,,64
10909,海南聚术海洋科技有限公司,91460000MADJKMBP1D,243,A 核心赛道-优先访谈,深海海洋,独立法人,海南省级登记,本地(省级),MAD,,海洋,,,,,,,64
10919,海南聚航海洋科技有限公司,91460000MA5TY8H24D,243,A 核心赛道-优先访谈,深海海洋,独立法人,海南省级登记,本地(省级),MA5,,海洋,,,,,,,64
10981,海南九渡船务有限公司,91460000MACR3JP001,245,A 核心赛道-优先访谈,深海海洋,独立法人,海南省级登记,本地(省级),MAC,,船务,,,,,,,64
11155,海南锦澳海洋科技有限公司,91460000MA5TKCLU3W,248,A 核心赛道-优先访谈,深海海洋,独立法人,海南省级登记,本地(省级),MA5,,海洋,,,,,,,64
11277,海南金璧海洋产业发展有限公司,91460000MACEGYBX1W,251,A 核心赛道-优先访谈,深海海洋,独立法人,海南省级登记,本地(省级),MAC,,海洋,,,,,,,64
11393,海南嘉航海洋科技有限公司,91460000MAEN4P2E0Q,254,A 核心赛道-优先访谈,深海海洋,独立法人,海南省级登记,本地(省级),MAE,,海洋,,,,,,,64
11529,海南慧亚海洋科技发展有限公司,91460000MAD46DML4R,257,A 核心赛道-优先访谈,深海海洋,独立法人,海南省级登记,本地(省级),MAD,,海洋,,,,,,,64
11534,海南慧声声学科技有限公司,91460000MA5TW5481B,257,A 核心赛道-优先访谈,深海海洋,独立法人,海南省级登记,本地(省级),MA5,,声学,,,,,,,64
11757,海南鸿福洋水产实业有限公司,91460200MA5RDRDD41,262,A 核心赛道-优先访谈,深海海洋,独立法人,三亚市/区登记,本地(三亚),MA5,,水产,,,,,,,64
11804,海南红瑚海洋科技有限公司,91460000MAEFH4YKX0,263,A 核心赛道-优先访谈,深海海洋,独立法人,海南省级登记,本地(省级),MAE,,海洋,,,,,,,64
11887,海南宏绘海洋工程有限公司,91460000MAEGJQ3R11,265,A 核心赛道-优先访谈,深海海洋,独立法人,海南省级登记,本地(省级),MAE,,海洋|海洋工程,,,,,,,64
11888,海南宏绘船舶科技发展有限公司,91460000MAEEYWUB98,265,A 核心赛道-优先访谈,深海海洋,独立法人,海南省级登记,本地(省级),MAE,,船舶,,,,,,,64
12104,海南航拓海洋科技有限公司,91460000MA5TWR0A2A,270,A 核心赛道-优先访谈,深海海洋,独立法人,海南省级登记,本地(省级),MA5,,海洋,,,,,,,64
12226,海南海明志海洋科技有限公司,91460000MA5TX35B2G,272,A 核心赛道-优先访谈,深海海洋,独立法人,海南省级登记,本地(省级),MA5,,海洋,,,,,,,64
12678,海南东瑞盛兴海洋开发有限公司,91460200MA5RFDBT5Y,282,A 核心赛道-优先访谈,深海海洋,独立法人,三亚市/区登记,本地(三亚),MA5,,海洋,,,,,,,64
12744,海南灯塔海洋科技有限公司,91460000MA5TU3R491,284,A 核心赛道-优先访谈,深海海洋,独立法人,海南省级登记,本地(省级),MA5,,海洋,,,,,,,64
12880,海南春蕾海洋生物科技有限公司,91460000MA5TWA8F83,287,A 核心赛道-优先访谈,深海海洋,独立法人,海南省级登记,本地(省级),MA5,,海洋,,,,,,,64
12930,海南楚航海洋科技发展有限公司,91460000MACFWLW59L,288,A 核心赛道-优先访谈,深海海洋,独立法人,海南省级登记,本地(省级),MAC,,海洋,,,,,,,64
12981,海南盛源海洋科技有限公司,91460000MABXTTUK97,289,A 核心赛道-优先访谈,深海海洋,独立法人,海南省级登记,本地(省级),MA其他,,海洋,,,,,,,64
13114,海南晨海水产有限公司,91460200557382640A,292,A 核心赛道-优先访谈,深海海洋,独立法人,三亚市/区登记,本地(三亚),旧版(2015前),,水产,,,,,,,64
13193,海南沧渊声学技术有限公司,91460000MAEJGMHR60,294,A 核心赛道-优先访谈,深海海洋,独立法人,海南省级登记,本地(省级),MAE,,声学,,,,,,,64
13219,海南铂宏农渔业发展有限公司,91460000MAEWDEU1X7,294,A 核心赛道-优先访谈,深海海洋,独立法人,海南省级登记,本地(省级),MAE,,渔业,,,,,,,64
13387,海南保泽水产有限公司,91460000MAE4UQ860D,298,A 核心赛道-优先访谈,深海海洋,独立法人,海南省级登记,本地(省级),MAE,,水产,,,,,,,64
13548,海纳星图（三亚）渔业科技有限公司,91460000MAK1NA7010,302,A 核心赛道-优先访谈,深海海洋,独立法人,海南省级登记,本地(省级),MAK,,渔业,,,,,,,64
14073,三亚澎湃海洋科技有限公司,91460000MAK2L15UX9,313,A 核心赛道-优先访谈,深海海洋,独立法人,海南省级登记,本地(省级),MAK,,海洋,,,,,,,64
14084,海南安悠海洋渔业发展有限公司,91460000MAK3F9NU42,314,A 核心赛道-优先访谈,深海海洋,独立法人,海南省级登记,本地(省级),MAK,,海洋|渔业,,,,,,,64
14108,海底龙（海南）智能装备有限责任公司,91460000MAK2U21N9W,314,A 核心赛道-优先访谈,深海海洋,独立法人,海南省级登记,本地(省级),MAK,,海底,装备|智能装备,,,,,,64
14220,海南灰鲨海洋科技有限公司,91460000MAK3HY9W04,317,A 核心赛道-优先访谈,深海海洋,独立法人,海南省级登记,本地(省级),MAK,,海洋,,,,,,,64
14331,海南百鸣渔业开发实业有限公司,91460000MAK3NFGM4B,319,A 核心赛道-优先访谈,深海海洋,独立法人,海南省级登记,本地(省级),MAK,,渔业,,,,,,,64
14333,三亚钧泰立测海洋科技有限公司,91460000MAK49F5M9A,319,A 核心赛道-优先访谈,深海海洋,独立法人,海南省级登记,本地(省级),MAK,,海洋,,,,,,,64
14366,三亚义立泰海洋科技有限公司,91460000MAK430T24K,320,A 核心赛道-优先访谈,深海海洋,独立法人,海南省级登记,本地(省级),MAK,,海洋,,,,,,,64
14438,海南三树海洋科技有限公司,91460000MAK4BWDX77,321,A 核心赛道-优先访谈,深海海洋,独立法人,海南省级登记,本地(省级),MAK,,海洋,,,,,,,64
14534,海南睿发渔业科技有限公司,91460000MAK3449812,324,A 核心赛道-优先访谈,深海海洋,独立法人,海南省级登记,本地(省级),MAK,,渔业,,,,,,,64
14551,海南聆海声学科技有限公司,91460000MAK43UC95H,324,A 核心赛道-优先访谈,深海海洋,独立法人,海南省级登记,本地(省级),MAK,,声学,,,,,,,64
14726,海南捕顺船舶科技有限公司,91460000MAD5JNAQ8C,328,A 核心赛道-优先访谈,深海海洋,独立法人,海南省级登记,本地(省级),MAD,,船舶,,,,,,,64
14804,拓斯纳维（海南）海洋科技有限责任公司,91460000MAK5T97PXG,330,A 核心赛道-优先访谈,深海海洋,独立法人,海南省级登记,本地(省级),MAK,,海洋,,,,,,,64
14898,战象海洋科技（三亚）有限公司,91460000MAK3F02007,332,A 核心赛道-优先访谈,深海海洋,独立法人,海南省级登记,本地(省级),MAK,,海洋,,,,,,,64
14965,海南灵枢海洋科技有限责任公司,91460000MAK7611E6E,333,A 核心赛道-优先访谈,深海海洋,独立法人,海南省级登记,本地(省级),MAK,,海洋,,,,,,,64
14977,海南和唯海洋能源有限公司,91460000MAK6YT2C4P,333,A 核心赛道-优先访谈,深海海洋,独立法人,海南省级登记,本地(省级),MAK,,海洋,,,,,,,64
15026,东方吉星（海南）海洋产业发展有限公司,91460000MAK7GKKA0D,334,A 核心赛道-优先访谈,深海海洋,独立法人,海南省级登记,本地(省级),MAK,,海洋,,,,,,,64
1604,三亚崖州湾创新发展中心有限公司南繁科技城分公司,91460000MAERK1DF4H,36,B 核心赛道-需核实,南繁种业,分支机构,海南省级登记,本地(省级),MAE,南繁,,,,,南繁|崖州湾|科技城,,分支机构(非独立法人),62
3986,三亚南繁众创知识产权代理事务所（普通合伙）,91460000MAEX0GLQ20,89,B 核心赛道-需核实,南繁种业,合伙企业,海南省级登记,本地(省级),MAE,南繁,,,,,南繁,,合伙企业(常为持股/通道载体),62
10050,海南南繁育种产业投资基金合伙企业（有限合伙）,91460000MAC6AUR88K,224,B 核心赛道-需核实,南繁种业,合伙企业,海南省级登记,本地(省级),MAC,育种|南繁,,,,投资|基金|产业投资,南繁,,合伙企业(常为持股/通道载体),62
17,庄润臻农生态农业科技（海南）有限公司,91460107MADMXRF420,1,A 核心赛道-优先访谈,南繁种业,独立法人,海口登记,省内迁入/外设,MAD,农业科技,,,,,,,,60
212,中恒农科（海南）农业科技有限公司,91460100MA5TUN0T6Y,5,A 核心赛道-优先访谈,南繁种业,独立法人,海口登记,省内迁入/外设,MA5,农科|农业科技,,,,,,,,60
220,中海（三亚）农业科技发展有限公司,91460105MAA9AC14XL,5,A 核心赛道-优先访谈,南繁种业,独立法人,海口登记,省内迁入/外设,MAA,农业科技,,,,,,,,60
330,枝繁现代农业科技（海南）有限公司,91460106MADT3NLC8N,8,A 核心赛道-优先访谈,南繁种业,独立法人,海口登记,省内迁入/外设,MAD,农业科技,,,,,,,,60
341,振乡兴农业科技（海南）有限公司,91460100MA5RCK9LXN,8,A 核心赛道-优先访谈,南繁种业,独立法人,海口登记,省内迁入/外设,MA5,农业科技,,,,,,,,60
432,雨泽万物（三亚）种业发展有限公司,91460106MAA986KT84,10,A 核心赛道-优先访谈,南繁种业,独立法人,海口登记,省内迁入/外设,MAA,种业,,,,,,,,60
470,薏乡种源农业科技（三亚）有限公司,91469001MADHH3066N,11,A 核心赛道-优先访谈,南繁种业,独立法人,海南其他市县登记,省内迁入/外设,MAD,种源|农业科技,,,,,,,,60
523,一起种地（海南）农业科技有限公司,91469033MADWG6QU44,12,A 核心赛道-优先访谈,南繁种业,独立法人,海南其他市县登记,省内迁入/外设,MAD,农业科技,,,,,,,,60
606,星禾种业（海南）有限公司,91460100MACTPUN429,14,A 核心赛道-优先访谈,南繁种业,独立法人,海口登记,省内迁入/外设,MAC,种业,,,,,,,,60
655,新锐恒丰（海南）农业科技有限公司,91460100MA5T9WJ77L,15,A 核心赛道-优先访谈,南繁种业,独立法人,海口登记,省内迁入/外设,MA5,农业科技,,,,,,,,60
683,祥禾现代农业科技（海南）有限公司,91460107MAC6N03B91,16,A 核心赛道-优先访谈,南繁种业,独立法人,海口登记,省内迁入/外设,MAC,农业科技,,,,,,,,60
690,鲜农汇（海南）农业科技有限公司,91460108MAA9AG5L5R,16,A 核心赛道-优先访谈,南繁种业,独立法人,海口登记,省内迁入/外设,MAA,农业科技,,,,,,,,60
747,唯拓尔（海南）农业科技有限公司,91460106MAA9AF3G9J,17,A 核心赛道-优先访谈,南繁种业,独立法人,海口登记,省内迁入/外设,MAA,农业科技,,,,,,,,60
904,石上山水（海南）生态农业科技发展有限公司,91460107MACBXEX66E,21,A 核心赛道-优先访谈,南繁种业,独立法人,海口登记,省内迁入/外设,MAC,农业科技,,,,,,,,60
1428,三亚益耕农业科技有限公司,91460108MADF98UC4U,32,A 核心赛道-优先访谈,南繁种业,独立法人,海口登记,省内迁入/外设,MAD,农业科技,,,,,,,,60
1464,三亚亿举农业科技有限公司,91460107MADEFRFM49,33,A 核心赛道-优先访谈,南繁种业,独立法人,海口登记,省内迁入/外设,MAD,农业科技,,,,,,,,60
1481,三亚宜源果农业科技有限公司,91469005MADM0KBT2H,33,A 核心赛道-优先访谈,南繁种业,独立法人,海南其他市县登记,省内迁入/外设,MAD,农业科技,,,,,,,,60
1808,三亚新良田农业科技有限公司,91460108MAA9AKXN0A,41,A 核心赛道-优先访谈,南繁种业,独立法人,海口登记,省内迁入/外设,MAA,农业科技,,,,,,,,60
1884,三亚舞胜源农业科技有限公司,91469031MADRYQ1E2P,42,A 核心赛道-优先访谈,南繁种业,独立法人,海南其他市县登记,省内迁入/外设,MAD,农业科技,,,,,,,,60
2196,三亚市真鲸农业科技有限公司,91460106MA5TX98AXB,49,A 核心赛道-优先访谈,南繁种业,独立法人,海口登记,省内迁入/外设,MA5,农业科技,,,,,,,,60
2243,三亚市钰鑫农业科技有限公司,91460108MACCJR1G4Y,50,A 核心赛道-优先访谈,南繁种业,独立法人,海口登记,省内迁入/外设,MAC,农业科技,,,,,,,,60
2253,三亚市煜沣农业科技有限公司,91460106MADM19N23X,51,A 核心赛道-优先访谈,南繁种业,独立法人,海口登记,省内迁入/外设,MAD,农业科技,,,,,,,,60
2821,三亚市畦盛农业科技有限公司,91469006MA5TWC1M60,63,A 核心赛道-优先访谈,南繁种业,独立法人,海南其他市县登记,省内迁入/外设,MA5,农业科技,,,,,,,,60
3148,三亚市嘉瑞农业科技有限责任公司,91460105MA5TUU1Q72,70,A 核心赛道-优先访谈,南繁种业,独立法人,海口登记,省内迁入/外设,MA5,农业科技,,,,,,,,60
3228,三亚市赫鑫种业科技有限公司,91460105MADL8KQB30,72,A 核心赛道-优先访谈,南繁种业,独立法人,海口登记,省内迁入/外设,MAD,种业,,,,,,,,60
3748,三亚瑞欣轩农业科技有限公司,91460108MADJEBAR9C,84,A 核心赛道-优先访谈,南繁种业,独立法人,海口登记,省内迁入/外设,MAD,农业科技,,,,,,,,60
3956,三亚农兴农业科技有限公司,91469027MADTJTD29G,88,A 核心赛道-优先访谈,南繁种业,独立法人,海南其他市县登记,省内迁入/外设,MAD,农业科技,,,,,,,,60
4284,三亚科菁农业科技有限公司,91469031MADNDJKT99,96,A 核心赛道-优先访谈,南繁种业,独立法人,海南其他市县登记,省内迁入/外设,MAD,农业科技,,,,,,,,60
4489,三亚杰农康瑞农业科技有限公司,91460106MAD885099J,100,A 核心赛道-优先访谈,南繁种业,独立法人,海口登记,省内迁入/外设,MAD,农业科技,,,,,,,,60
4660,三亚华玉创新种业有限责任公司,91460108MAA915360B,104,A 核心赛道-优先访谈,南繁种业,独立法人,海口登记,省内迁入/外设,MAA,种业,,,,,,,,60
5039,三亚福莱沃农业科技有限责任公司,91460108MADCK5DT4T,113,A 核心赛道-优先访谈,南繁种业,独立法人,海口登记,省内迁入/外设,MAD,农业科技,,,,,,,,60
5066,三亚丰宇农业科技有限公司,91460100MA5RGKY175,113,A 核心赛道-优先访谈,南繁种业,独立法人,海口登记,省内迁入/外设,MA5,农业科技,,,,,,,,60
5221,三亚春源农业科技有限公司,91460105MAA99X2G6J,117,A 核心赛道-优先访谈,南繁种业,独立法人,海口登记,省内迁入/外设,MAA,农业科技,,,,,,,,60
5435,三亚芭禧农业科技发展有限公司,91460106MADN28P54W,121,A 核心赛道-优先访谈,南繁种业,独立法人,海口登记,省内迁入/外设,MAD,农业科技,,,,,,,,60
5578,琼崖（三亚）现代农业科技有限公司,91469025MAC32BYA0N,124,A 核心赛道-优先访谈,南繁种业,独立法人,海南其他市县登记,省内迁入/外设,MAC,农业科技,,,,,,,,60
5588,青岛智慧蓝色海洋工程研究院有限公司海南分公司,91460000MAE8TDGH4M,125,B 核心赛道-需核实,深海海洋,分支机构,海南省级登记,本地(省级),MAE,,海洋|海洋工程,,,,研究院,,分支机构(非独立法人),60
5673,南熙云天（海南）农业科技有限公司,91469033MADW03U840,127,A 核心赛道-优先访谈,南繁种业,独立法人,海南其他市县登记,省内迁入/外设,MAD,农业科技,,,,,,,,60
5829,联育作物科学（海南）有限公司,91460108MAD205K97P,130,A 核心赛道-优先访谈,南繁种业,独立法人,海口登记,省内迁入/外设,MAD,作物,,,,,,,,60
5910,科博瑞森（海南）农业科技有限公司,91460108MACT7E2Q7M,132,A 核心赛道-优先访谈,南繁种业,独立法人,海口登记,省内迁入/外设,MAC,农业科技,,,,,,,,60
5917,康农种业（海南）有限公司,91460106MACH3K46XK,132,A 核心赛道-优先访谈,南繁种业,独立法人,海口登记,省内迁入/外设,MAC,种业,,,,,,,,60
5934,均禹农业科技（海南）有限公司,91469025MADX65AY9J,132,A 核心赛道-优先访谈,南繁种业,独立法人,海南其他市县登记,省内迁入/外设,MAD,农业科技,,,,,,,,60
6111,吉川种业（海南）有限公司,91469001MACUC34051,136,A 核心赛道-优先访谈,南繁种业,独立法人,海南其他市县登记,省内迁入/外设,MAC,种业,,,,,,,,60
6138,惠尔稼（三亚）农业科技有限公司,91469002MADCHMQ93C,137,A 核心赛道-优先访谈,南繁种业,独立法人,海南其他市县登记,省内迁入/外设,MAD,农业科技,,,,,,,,60
6159,寰岛农业科技（海南）有限公司,91460108MACK0BDJ5R,137,A 核心赛道-优先访谈,南繁种业,独立法人,海口登记,省内迁入/外设,MAC,农业科技,,,,,,,,60
6186,华品（海南）农业科技有限公司,91460108MAA9A5DY2Q,138,A 核心赛道-优先访谈,南繁种业,独立法人,海口登记,省内迁入/外设,MAA,农业科技,,,,,,,,60
6237,恒研（海南）作物智能育种有限公司,91469027MADME4956Q,139,A 核心赛道-优先访谈,南繁种业,独立法人,海南其他市县登记,省内迁入/外设,MAD,育种|作物,,,,,,,,60
6423,海南逐丰农业科技发展有限公司,91460106MADMQFQ33P,143,A 核心赛道-优先访谈,南繁种业,独立法人,海口登记,省内迁入/外设,MAD,农业科技,,,,,,,,60
6466,海南众聚鑫农业科技有限公司,91460108MADWYEFF11,144,A 核心赛道-优先访谈,南繁种业,独立法人,海口登记,省内迁入/外设,MAD,农业科技,,,,,,,,60
7156,海南有家很好的农业科技有限公司,91460108MA5U00PA41,160,A 核心赛道-优先访谈,南繁种业,独立法人,海口登记,省内迁入/外设,MA5,农业科技,,,,,,,,60
7366,海南义鹏达农业科技有限公司,91460100MAD5AQQC4Q,164,A 核心赛道-优先访谈,南繁种业,独立法人,海口登记,省内迁入/外设,MAD,农业科技,,,,,,,,60
7423,海南伊家田园农业科技发展有限公司,91469007MA5TMNHK7C,165,A 核心赛道-优先访谈,南繁种业,独立法人,海南其他市县登记,省内迁入/外设,MA5,农业科技,,,,,,,,60
7794,海南鑫鼎盛农业科技有限公司,91469002MAD7J1XJ9Y,174,A 核心赛道-优先访谈,南繁种业,独立法人,海南其他市县登记,省内迁入/外设,MAD,农业科技,,,,,,,,60
7956,海南向晖农业科技有限公司,91460106MAA97F8P8U,177,A 核心赛道-优先访谈,南繁种业,独立法人,海口登记,省内迁入/外设,MAA,农业科技,,,,,,,,60
8096,海南沃土农业科技有限公司,91460108MA5TLQQR4U,180,A 核心赛道-优先访谈,南繁种业,独立法人,海口登记,省内迁入/外设,MA5,农业科技,,,,,,,,60
8193,海南王果生态农业科技有限公司,91460106MAA99XPX16,183,A 核心赛道-优先访谈,南繁种业,独立法人,海口登记,省内迁入/外设,MAA,农业科技,,,,,,,,60
8260,海南万代农业科技发展股份有限公司,91460106MAA9AGHJ5Y,184,A 核心赛道-优先访谈,南繁种业,独立法人,海口登记,省内迁入/外设,MAA,农业科技,,,,,,,,60
8324,海南田小二农业科技有限公司,91460100MAA9AFAC0K,186,A 核心赛道-优先访谈,南繁种业,独立法人,海口登记,省内迁入/外设,MAA,农业科技,,,,,,,,60
8538,海南顺势农业技术开发有限公司,91460100MA5TYQHFX1,190,A 核心赛道-优先访谈,南繁种业,独立法人,海口登记,省内迁入/外设,MA5,农业技术,,,,,,,,60
8609,海南蔬芯种子有限责任公司,91460108MAD6JY926Y,192,A 核心赛道-优先访谈,南繁种业,独立法人,海口登记,省内迁入/外设,MAD,种子,,,,,,,,60
9108,海南省福莱特农业科技有限公司,91460108MACDU6MQ3L,203,A 核心赛道-优先访谈,南繁种业,独立法人,海口登记,省内迁入/外设,MAC,农业科技,,,,,,,,60
9265,海南上鼎优农业科技有限公司,91460100MADUM7W00R,206,A 核心赛道-优先访谈,南繁种业,独立法人,海口登记,省内迁入/外设,MAD,农业科技,,,,,,,,60
9436,海南弱水农业科技开发有限公司,91460100MADFKQLY6A,210,A 核心赛道-优先访谈,南繁种业,独立法人,海口登记,省内迁入/外设,MAD,农业科技,,,,,,,,60
9455,海南润仁中宝种业科技有限公司,91469031MACB884T7C,211,A 核心赛道-优先访谈,南繁种业,独立法人,海南其他市县登记,省内迁入/外设,MAC,种业,,,,,,,,60
9459,海南润民农业科技发展有限公司,91460106MAA99X440D,211,A 核心赛道-优先访谈,南繁种业,独立法人,海口登记,省内迁入/外设,MAA,农业科技,,,,,,,,60
9521,海南瑞旭丰蓖麻种业科技有限公司,91460108MACT3MT06M,212,A 核心赛道-优先访谈,南繁种业,独立法人,海口登记,省内迁入/外设,MAC,种业,,,,,,,,60
9691,海南庆园农业科技有限公司,91469025MA7MD1WW96,216,A 核心赛道-优先访谈,南繁种业,独立法人,海南其他市县登记,省内迁入/外设,MA7,农业科技,,,,,,,,60
9751,海南勤盛农业科技有限公司,91460108MADFBK6K0E,217,A 核心赛道-优先访谈,南繁种业,独立法人,海口登记,省内迁入/外设,MAD,农业科技,,,,,,,,60
9755,海南乔氏益农科技有限公司,91460108MADL4MT657,217,A 核心赛道-优先访谈,南繁种业,独立法人,海口登记,省内迁入/外设,MAD,农科,,,,,,,,60
10166,海南明安瓜胶农业科技有限公司,91460106MAA95Y900X,226,A 核心赛道-优先访谈,南繁种业,独立法人,海口登记,省内迁入/外设,MAA,农业科技,,,,,,,,60
10302,海南绿种农业科技有限公司,91460106MADXGMMY6X,229,A 核心赛道-优先访谈,南繁种业,独立法人,海口登记,省内迁入/外设,MAD,农业科技,,,,,,,,60
10315,海南绿界农业科技有限公司,91469027MADC4UAP39,230,A 核心赛道-优先访谈,南繁种业,独立法人,海南其他市县登记,省内迁入/外设,MAD,农业科技,,,,,,,,60
10381,海南龙稻农业科技有限公司,91460108MADCJP6P6G,231,A 核心赛道-优先访谈,南繁种业,独立法人,海口登记,省内迁入/外设,MAD,农业科技,,,,,,,,60
10388,海南龙滨鸿农业科技有限公司,91460600MA5T7WQH2U,231,A 核心赛道-优先访谈,南繁种业,独立法人,海南其他市县登记,省内迁入/外设,MA5,农业科技,,,,,,,,60
10393,海南隆业种子有限公司,91469002MADAUTM7X6,231,A 核心赛道-优先访谈,南繁种业,独立法人,海南其他市县登记,省内迁入/外设,MAD,种子,,,,,,,,60
10587,海南乐科种业科技有限公司,91460400MA5TKP026Y,236,A 核心赛道-优先访谈,南繁种业,独立法人,海南其他市县登记,省内迁入/外设,MA5,种业,,,,,,,,60
10772,海南柯普种业有限公司,91460107MADEXYCB28,240,A 核心赛道-优先访谈,南繁种业,独立法人,海口登记,省内迁入/外设,MAD,种业,,,,,,,,60
10962,海南九佑农业科技有限公司,91469033MA5TURDP7J,244,A 核心赛道-优先访谈,南繁种业,独立法人,海南其他市县登记,省内迁入/外设,MA5,农业科技,,,,,,,,60
10980,海南九福农业科技有限公司,91460106MAA9AMJM98,245,A 核心赛道-优先访谈,南繁种业,独立法人,海口登记,省内迁入/外设,MAA,农业科技|福农,,,,,,,,60
11171,海南金裕丰农业科技开发有限公司,91469027MADKD7252D,249,A 核心赛道-优先访谈,南繁种业,独立法人,海南其他市县登记,省内迁入/外设,MAD,农业科技,,,,,,,,60
11206,海南金色蒙龙农业科技有限公司,91460108MAA98R4U1G,250,A 核心赛道-优先访谈,南繁种业,独立法人,海口登记,省内迁入/外设,MAA,农业科技,,,,,,,,60
11254,海南金谷种业有限公司,91469036MADUMPF36Q,251,A 核心赛道-优先访谈,南繁种业,独立法人,海南其他市县登记,省内迁入/外设,MAD,种业,,,,,,,,60
11275,海南金博士种业有限公司,91460107MAA90JL099,251,A 核心赛道-优先访谈,南繁种业,独立法人,海口登记,省内迁入/外设,MAA,种业,,,,,,,,60
11353,海南甲乐茄农业科技有限公司,91460107MADKNNQH1C,253,A 核心赛道-优先访谈,南繁种业,独立法人,海口登记,省内迁入/外设,MAD,农业科技,,,,,,,,60
11376,海南嘉世恒农业科技有限公司,91460100MADH0CP16Q,253,A 核心赛道-优先访谈,南繁种业,独立法人,海口登记,省内迁入/外设,MAD,农业科技,,,,,,,,60
11461,海南吉研农业科技有限责任公司,91460106MAD5KKNR69,255,A 核心赛道-优先访谈,南繁种业,独立法人,海口登记,省内迁入/外设,MAD,农业科技,,,,,,,,60
11469,海南吉内得农业科技发展有限公司,91460108MAA99XDK9Q,255,A 核心赛道-优先访谈,南繁种业,独立法人,海口登记,省内迁入/外设,MAA,农业科技,,,,,,,,60
11499,海南汇鑫淼农业科技有限公司,91460100MAD77MC1XY,256,A 核心赛道-优先访谈,南繁种业,独立法人,海口登记,省内迁入/外设,MAD,农业科技,,,,,,,,60
11512,海南汇尔福农业科技有限责任公司,91469002MAD7WY020W,256,A 核心赛道-优先访谈,南繁种业,独立法人,海南其他市县登记,省内迁入/外设,MAD,农业科技|福农,,,,,,,,60
11551,海南惠林农业科技有限责任公司,91460108MA5TKFXB2T,257,A 核心赛道-优先访谈,南繁种业,独立法人,海口登记,省内迁入/外设,MA5,农业科技,,,,,,,,60
11611,海南华智汇农生物农业科技有限公司,91460100MACX1M135C,259,A 核心赛道-优先访谈,南繁种业,独立法人,海口登记,省内迁入/外设,MAC,农业科技,,,,,,,,60
11702,海南胡香农业科技有限公司,91460106MAD9U8BQ7M,261,A 核心赛道-优先访谈,南繁种业,独立法人,海口登记,省内迁入/外设,MAD,农业科技,,,,,,,,60
11734,海南鸿万兴农业科技有限公司,91460106MAA9A2MDXM,261,A 核心赛道-优先访谈,南繁种业,独立法人,海口登记,省内迁入/外设,MAA,农业科技,,,,,,,,60
11801,海南红乐豆农业科技发展有限公司,91460106MADNYPB64Y,263,A 核心赛道-优先访谈,南繁种业,独立法人,海口登记,省内迁入/外设,MAD,农业科技,,,,,,,,60
11945,海南恒创绿色农业科技有限公司,91460100MA5T6N5A1Q,266,A 核心赛道-优先访谈,南繁种业,独立法人,海口登记,省内迁入/外设,MA5,农业科技,,,,,,,,60
11958,海南黑匣子农业科技有限公司,91460105MAA98N245Q,266,A 核心赛道-优先访谈,南繁种业,独立法人,海口登记,省内迁入/外设,MAA,农业科技,,,,,,,,60
12130,海南汉研种业科技有限公司,91460106MA5U1BDCX2,270,A 核心赛道-优先访谈,南繁种业,独立法人,海口登记,省内迁入/外设,MA5,种业,,,,,,,,60
12141,海南捍丰农业科技有限公司,91460107MADU5RJXX4,270,A 核心赛道-优先访谈,南繁种业,独立法人,海口登记,省内迁入/外设,MAD,农业科技,,,,,,,,60
12179,海南海赢农业科技有限公司,91460100MAA9A6063W,271,A 核心赛道-优先访谈,南繁种业,独立法人,海口登记,省内迁入/外设,MAA,农业科技,,,,,,,,60
12380,海南格耘种业有限公司,91469001MADGXG4717,276,A 核心赛道-优先访谈,南繁种业,独立法人,海南其他市县登记,省内迁入/外设,MAD,种业,,,,,,,,60
12569,海南丰度种业科技有限公司,91460106MAA995JFXL,280,A 核心赛道-优先访谈,南繁种业,独立法人,海口登记,省内迁入/外设,MAA,种业,,,,,,,,60
12787,海南得乐生现代农业科技有限公司,914601005787269671,285,A 核心赛道-优先访谈,南繁种业,独立法人,海口登记,省内迁入/外设,旧版(2015前),农业科技,,,,,,,,60
12798,海南稻之源种业有限公司,91460105MADMKG5X5Y,285,A 核心赛道-优先访谈,南繁种业,独立法人,海口登记,省内迁入/外设,MAD,种业,,,,,,,,60
12910,海南创丰农业科技研发有限公司,91469025MADXDCRD29,287,A 核心赛道-优先访谈,南繁种业,独立法人,海南其他市县登记,省内迁入/外设,MAD,农业科技,,,,,,,,60
12959,海南诚勤农业科技有限公司,91460108MADRXFGC6T,289,A 核心赛道-优先访谈,南繁种业,独立法人,海口登记,省内迁入/外设,MAD,农业科技,,,,,,,,60
13101,海南辰耕农业科技有限公司,91460108MADMHLKD4K,292,A 核心赛道-优先访谈,南繁种业,独立法人,海口登记,省内迁入/外设,MAD,农业科技,,,,,,,,60
13298,海南伯特生态休闲农业科技有限公司,91460100397981889A,296,A 核心赛道-优先访谈,南繁种业,独立法人,海口登记,省内迁入/外设,旧版(2015前),农业科技,,,,,,,,60
13398,海南斑王渔业种苗有限公司,91460100MADH458R3F,298,A 核心赛道-优先访谈,南繁种业,独立法人,海口登记,省内迁入/外设,MAD,种苗,渔业,,,,,,,60
13436,海南八闽农业科技有限公司,91469033MA5TRKK287,299,A 核心赛道-优先访谈,南繁种业,独立法人,海南其他市县登记,省内迁入/外设,MA5,农业科技,,,,,,,,60
13574,海禾种业（海南）有限公司,91460108MACAGWX7X3,302,A 核心赛道-优先访谈,南繁种业,独立法人,海口登记,省内迁入/外设,MAC,种业,,,,,,,,60
13850,赤子芯（海南）种业科技有限公司,91469033MADP4NXJ3X,308,A 核心赛道-优先访谈,南繁种业,独立法人,海南其他市县登记,省内迁入/外设,MAD,种业,,,,,,,,60
1327,三亚友谊康诺医学检验实验室有限公司,91460000MABQL4JK0X,30,C 支撑/泛赛道-备选,科技配套,独立法人,海南省级登记,本地(省级),MA其他,,,检验,,,实验室,,,59
4521,三亚珈和遥感科技有限公司,91460000MA5TGQK165,101,C 支撑/泛赛道-备选,科技配套,独立法人,海南省级登记,本地(省级),MA5,,,遥感,,,遥感,,,59
8699,海南省众邑新材料研究院有限公司,91460200MA5RCEA24D,194,C 支撑/泛赛道-备选,科技配套,独立法人,三亚市/区登记,本地(三亚),MA5,,,新材料,,,研究院,,,59
12464,海南辐探遥感科技有限公司,91460000MA7HF3670L,278,C 支撑/泛赛道-备选,科技配套,独立法人,海南省级登记,本地(省级),MA7,,,遥感,,,遥感,,,59
13429,海南巴斯德遥感科技有限责任公司,91460000MAETRN3X8C,299,C 支撑/泛赛道-备选,科技配套,独立法人,海南省级登记,本地(省级),MAE,,,遥感,,,遥感,,,59
21,舟恒海洋科技（海南）有限公司,91460106MAA9AKLD27,1,A 核心赛道-优先访谈,深海海洋,独立法人,海口登记,省内迁入/外设,MAA,,海洋,,,,,,,58
23,周唐蓝晟海洋能源开发（海南）集团有限公司,91460108MAA9AABJ0Y,1,A 核心赛道-优先访谈,深海海洋,独立法人,海口登记,省内迁入/外设,MAA,,海洋,,,,,,,58
570,亚丰渔业科技（海南）有限责任公司,91460106MA5TQGGQ2F,13,A 核心赛道-优先访谈,深海海洋,独立法人,海口登记,省内迁入/外设,MA5,,渔业,,,,,,,58
601,星融（海南）海事科技有限公司,91460108MADAER624Y,14,A 核心赛道-优先访谈,深海海洋,独立法人,海口登记,省内迁入/外设,MAD,,海事,,,,,,,58
1483,三亚宜诚水产有限公司,91460108MAD0L4EU0N,33,A 核心赛道-优先访谈,深海海洋,独立法人,海口登记,省内迁入/外设,MAD,,水产,,,,,,,58
1732,三亚信天翁海洋科技有限公司,91460100MACUT18T5P,39,A 核心赛道-优先访谈,深海海洋,独立法人,海口登记,省内迁入/外设,MAC,,海洋,,,,,,,58
2972,三亚市零陆捌渔业有限公司,91469027MA7H4L856R,67,A 核心赛道-优先访谈,深海海洋,独立法人,海南其他市县登记,省内迁入/外设,MA7,,渔业,,,,,,,58
4880,三亚海宇水产有限公司,91460106MADW3JAW37,109,A 核心赛道-优先访谈,深海海洋,独立法人,海口登记,省内迁入/外设,MAD,,水产,,,,,,,58
4915,三亚海慧海洋科技有限公司,91460108MACXUPGK6G,110,A 核心赛道-优先访谈,深海海洋,独立法人,海口登记,省内迁入/外设,MAC,,海洋,,,,,,,58
6281,合裕（三亚）海洋技术有限公司,91460106MADY022L1M,140,A 核心赛道-优先访谈,深海海洋,独立法人,海口登记,省内迁入/外设,MAD,,海洋,,,,,,,58
6318,海永盛（海南）海洋工程技术有限公司,91460108MAA9A2QA0N,141,A 核心赛道-优先访谈,深海海洋,独立法人,海口登记,省内迁入/外设,MAA,,海洋|海洋工程,,,,,,,58
6891,海南云尚海洋环境科技有限公司,91460106MAA96N8R00,154,A 核心赛道-优先访谈,深海海洋,独立法人,海口登记,省内迁入/外设,MAA,,海洋,,,,,,,58
8531,海南顺洋船舶管理有限公司,91460106MACYB0H67F,190,A 核心赛道-优先访谈,深海海洋,独立法人,海口登记,省内迁入/外设,MAC,,船舶,,,,,,,58
8555,海南水之声海洋科技有限公司,91460106MADP2J5D4R,191,A 核心赛道-优先访谈,深海海洋,独立法人,海口登记,省内迁入/外设,MAD,,海洋,,,,,,,58
8811,海南省天牧海洋科技投资有限公司,91469002MA5TMA6912,196,A 核心赛道-优先访谈,深海海洋,独立法人,海南其他市县登记,省内迁入/外设,MA5,,海洋,,,投资,,,,58
9194,海南声科深蓝海洋技术有限公司,91460108MACBY3B7X7,205,A 核心赛道-优先访谈,深海海洋,独立法人,海口登记,省内迁入/外设,MAC,,海洋,,,,,,,58
9195,海南声科海洋科技有限公司,91460106MADWRGDA5P,205,A 核心赛道-优先访谈,深海海洋,独立法人,海口登记,省内迁入/外设,MAD,,海洋,,,,,,,58
9235,海南深澜海洋科技有限责任公司,91460108MADW2G1E5J,206,A 核心赛道-优先访谈,深海海洋,独立法人,海口登记,省内迁入/外设,MAD,,海洋,,,,,,,58
9328,海南森迪海洋科技有限公司,91460108MACH20KH19,208,A 核心赛道-优先访谈,深海海洋,独立法人,海口登记,省内迁入/外设,MAC,,海洋,,,,,,,58
9498,海南睿海海洋科技有限公司,91469031MADTUNFK29,212,A 核心赛道-优先访谈,深海海洋,独立法人,海南其他市县登记,省内迁入/外设,MAD,,海洋,,,,,,,58
9526,海南瑞祥船务有限公司,91460106MAA8Y5YLXX,212,A 核心赛道-优先访谈,深海海洋,独立法人,海口登记,省内迁入/外设,MAA,,船务,,,,,,,58
10145,海南明泰海洋仪器有限公司,91469025MADQFU3A9X,226,A 核心赛道-优先访谈,深海海洋,独立法人,海南其他市县登记,省内迁入/外设,MAD,,海洋,仪器,,,,,,58
10641,海南蓝科海洋科技有限公司,91460106MAD3F6W212,237,A 核心赛道-优先访谈,深海海洋,独立法人,海口登记,省内迁入/外设,MAD,,海洋,,,,,,,58
10645,海南蓝盾海洋科技有限公司,91469002MADE9E9K10,237,A 核心赛道-优先访谈,深海海洋,独立法人,海南其他市县登记,省内迁入/外设,MAD,,海洋,,,,,,,58
11701,海南胡渔海洋科技有限公司,91460106MADPD6342D,261,A 核心赛道-优先访谈,深海海洋,独立法人,海口登记,省内迁入/外设,MAD,,海洋,,,,,,,58
12203,海南海事环保科技有限公司,91460100MA5TR1LB6R,272,A 核心赛道-优先访谈,深海海洋,独立法人,海口登记,省内迁入/外设,MA5,,海事,环保科技,,,,,,58
12207,海南海声海洋科技有限公司,91460107MADXL7GG7E,272,A 核心赛道-优先访谈,深海海洋,独立法人,海口登记,省内迁入/外设,MAD,,海洋,,,,,,,58
12410,海南高大尚国际海洋种质资源开发有限公司,91469033MA5TKRTE4U,276,A 核心赛道-优先访谈,深海海洋,独立法人,海南其他市县登记,省内迁入/外设,MA5,,海洋,,,,,,,58
12778,海南得意船务有限公司,91460100MAA9G9N01H,284,A 核心赛道-优先访谈,深海海洋,独立法人,海口登记,省内迁入/外设,MAA,,船务,,,,,,,58
12827,海南大海湾水产养殖有限公司,91460100MA5RC1FW6P,286,A 核心赛道-优先访谈,深海海洋,独立法人,海口登记,省内迁入/外设,MA5,,水产,,,,,,,58
12879,海南春蕾海洋水产有限公司,91469036MA5TJ041XX,287,A 核心赛道-优先访谈,深海海洋,独立法人,海南其他市县登记,省内迁入/外设,MA5,,海洋|水产,,,,,,,58
13452,海南奥纳西斯船舶有限公司,91469001MADH92JR2Y,299,A 核心赛道-优先访谈,深海海洋,独立法人,海南其他市县登记,省内迁入/外设,MAD,,船舶,,,,,,,58
13539,海南埃菲船舶工程有限公司,91460100MA5RDE2W4D,301,A 核心赛道-优先访谈,深海海洋,独立法人,海口登记,省内迁入/外设,MA5,,船舶,,,,,,,58
13576,海斗量（海南）海洋技术工程有限公司,91469034MABPFLC13L,302,A 核心赛道-优先访谈,深海海洋,独立法人,海南其他市县登记,省内迁入/外设,MA其他,,海洋,,,,,,,58
13741,法丝特船舶科技发展有限公司,91469033MA5TYJ5H0X,306,A 核心赛道-优先访谈,深海海洋,独立法人,海南其他市县登记,省内迁入/外设,MA5,,船舶,,,,,,,58
14638,海南归拾船务有限公司,91469033MA5TMYWY7L,326,A 核心赛道-优先访谈,深海海洋,独立法人,海南其他市县登记,省内迁入/外设,MA5,,船务,,,,,,,58
14722,晟舶海洋科技（海南）有限公司,91460300MACTA2YG24,328,A 核心赛道-优先访谈,深海海洋,独立法人,海南其他市县登记,省内迁入/外设,MAC,,海洋,,,,,,,58
5167,三亚德祥堂南繁大药房（个人独资）,91469006MACR2P221H,115,B 核心赛道-需核实,南繁种业,个人独资,海南其他市县登记,省内迁入/外设,MAC,南繁,,,,,南繁,,个人独资(常为持股/通道载体),56
5138,三亚鼎晶医学检验实验室有限公司,91460106MAA93G8C26,115,C 支撑/泛赛道-备选,科技配套,独立法人,海口登记,省内迁入/外设,MAA,,,检验,,,实验室,,,53
4893,三亚海上丝路农业研究院有限公司,91460000MA5TDRJ918,109,C 支撑/泛赛道-备选,泛农业经营,独立法人,海南省级登记,本地(省级),MA5,,,,,,研究院,,,52
10208,海南梦卓农业科学技术研究院有限公司,91460000MA5TXEH76C,227,C 支撑/泛赛道-备选,泛农业经营,独立法人,海南省级登记,本地(省级),MA5,,,,,,研究院,,,52
157,中科通用（三亚）医疗科技有限公司,91460000MADACY585E,4,C 支撑/泛赛道-备选,科技配套,独立法人,海南省级登记,本地(省级),MAD,,,医疗科技,,,,中科,,49
3796,三亚劝农科技有限公司,91510100MADT6W1545,85,B 核心赛道-需核实,南繁种业,独立法人,省外登记(510100),省外迁入/外设,MAD,农科,,,,,,,首次登记在省外(迁入或外地主体设点),48
7548,海南崖农科技有限公司,91610131MA6UPRW84A,168,B 核心赛道-需核实,南繁种业,独立法人,省外登记(610131),省外迁入/外设,MA其他,农科,,,,,,,首次登记在省外(迁入或外地主体设点),48
7563,海南寻果岛农业科技有限公司,91140109MA0L62P70F,169,B 核心赛道-需核实,南繁种业,独立法人,省外登记(140109),省外迁入/外设,MA其他,农业科技,,,,,,,首次登记在省外(迁入或外地主体设点),48
9065,海南省华勤种业有限公司,91220184MAD7HEYQ7B,202,B 核心赛道-需核实,南繁种业,独立法人,省外登记(220184),省外迁入/外设,MAD,种业,,,,,,,首次登记在省外(迁入或外地主体设点),48
9067,海南省花千树农业科技有限公司,91350623MA31WMKG6D,202,B 核心赛道-需核实,南繁种业,独立法人,省外登记(350623),省外迁入/外设,MA其他,农业科技,,,,,,,首次登记在省外(迁入或外地主体设点),48
9184,海南生亿种业有限公司,91130101MA0FHX1429,205,B 核心赛道-需核实,南繁种业,独立法人,省外登记(130101),省外迁入/外设,MA其他,种业,,,,,,,首次登记在省外(迁入或外地主体设点),48
9644,海南荃香种业科技有限公司,91340100MAD6E8L24N,215,B 核心赛道-需核实,南繁种业,独立法人,省外登记(340100),省外迁入/外设,MAD,种业,,,,,,,首次登记在省外(迁入或外地主体设点),48
9645,海南荃创种业科技有限公司,91341302MA8N2M4173,215,B 核心赛道-需核实,南繁种业,独立法人,省外登记(341302),省外迁入/外设,MA其他,种业,,,,,,,首次登记在省外(迁入或外地主体设点),48
9752,海南钦佑农业科技有限公司,91450702MA5Q3Y4Y20,217,B 核心赛道-需核实,南繁种业,独立法人,省外登记(450702),省外迁入/外设,MA5,农业科技,,,,,,,首次登记在省外(迁入或外地主体设点),48
9983,海南农乐丰农业科技有限公司,91659002MA77N7H84F,222,B 核心赛道-需核实,南繁种业,独立法人,省外登记(659002),省外迁入/外设,MA7,农业科技,,,,,,,首次登记在省外(迁入或外地主体设点),48
10367,海南龙投农业科技有限公司,91140100MA0KRC806C,231,B 核心赛道-需核实,南繁种业,独立法人,省外登记(140100),省外迁入/外设,MA其他,农业科技,,,,,,,首次登记在省外(迁入或外地主体设点),48
13948,贝纳基因科技（三亚）有限公司,91420100303546182U,310,B 核心赛道-需核实,南繁种业,独立法人,省外登记(420100),省外迁入/外设,旧版(2015前),基因,,,,,,,首次登记在省外(迁入或外地主体设点),48
386,云养鱼海洋科技有限公司,91370100MA3QQBAT96,9,B 核心赛道-需核实,深海海洋,独立法人,省外登记(370100),省外迁入/外设,MA其他,,海洋,,,,,,首次登记在省外(迁入或外地主体设点),46
2011,三亚天工定海工程管理有限公司,91110105318052425Y,45,B 核心赛道-需核实,深海海洋,独立法人,省外登记(110105),省外迁入/外设,旧版(2015前),,海工,,,,,,首次登记在省外(迁入或外地主体设点),46
3979,三亚南鹿热带果树研究院有限公司,91460100MA5TMM3P67,89,C 支撑/泛赛道-备选,泛农业经营,独立法人,海口登记,省内迁入/外设,MA5,,,,,,研究院,,,46
5635,磐索海洋科技（三亚）有限公司,913710003491668124,126,B 核心赛道-需核实,深海海洋,独立法人,省外登记(371000),省外迁入/外设,旧版(2015前),,海洋,,,,,,首次登记在省外(迁入或外地主体设点),46
9958,海南欧特海洋科技有限公司,91320200MA1MRNQN2F,222,B 核心赛道-需核实,深海海洋,独立法人,省外登记(320200),省外迁入/外设,MA其他,,海洋,,,,,,首次登记在省外(迁入或外地主体设点),46
13595,哈船水下机器人（三亚）有限公司,91230109MA1BT3HA5K,303,B 核心赛道-需核实,深海海洋,独立法人,省外登记(230109),省外迁入/外设,MA其他,,水下,机器人,,,,,首次登记在省外(迁入或外地主体设点),46
793,铁岭先锋种子研究有限公司三亚分公司,914602005730540302,18,B 核心赛道-需核实,南繁种业,分支机构,三亚市/区登记,本地(三亚),旧版(2015前),种子,,,,,,,分支机构(非独立法人),44
974,山西君实种业科技有限公司三亚分公司,91460000MACB1NCC1B,22,B 核心赛道-需核实,南繁种业,分支机构,海南省级登记,本地(省级),MAC,种业,,,,,,,分支机构(非独立法人),44
983,山东绿色果园果蔬股份有限公司海南分公司,91460000MAA91Y4M72,22,B 核心赛道-需核实,南繁种业,分支机构,海南省级登记,本地(省级),MAA,果蔬,,,,,,,分支机构(非独立法人),44
985,山东金来种业有限公司海南分公司,91460000MAEQ6M4123,22,B 核心赛道-需核实,南繁种业,分支机构,海南省级登记,本地(省级),MAE,种业,,,,,,,分支机构(非独立法人),44
3737,三亚睿耕田农业科技合伙企业（有限合伙）,91460000MAC4G63T28,84,B 核心赛道-需核实,南繁种业,合伙企业,海南省级登记,本地(省级),MAC,农业科技,,,,,,,合伙企业(常为持股/通道载体),44
4503,三亚江淮园艺研究所（普通合伙）,91340100737334670K,101,B 核心赛道-需核实,南繁种业,合伙企业,省外登记(340100),省外迁入/外设,旧版(2015前),园艺,,,,,研究所,,合伙企业(常为持股/通道载体); 首次登记在省外(迁入或外地主体设点),44
13000,海南盛世金丰农业科技合伙企业（有限合伙）,91460000MAE3WLDT7C,289,B 核心赛道-需核实,南繁种业,合伙企业,海南省级登记,本地(省级),MAE,农业科技,,,,,,,合伙企业(常为持股/通道载体),44
13274,海南博蕊农业科技合伙企业（有限合伙）,91460204MA7M288030,296,B 核心赛道-需核实,南繁种业,合伙企业,三亚市/区登记,本地(三亚),MA7,农业科技,,,,,,,合伙企业(常为持股/通道载体),44
14086,三亚芯科农业科技投资合伙企业（有限合伙）,91460000MAK4111G2M,314,B 核心赛道-需核实,南繁种业,合伙企业,海南省级登记,本地(省级),MAK,农业科技,,,,投资,,,合伙企业(常为持股/通道载体),44
14497,海南鼎农科技合伙企业（有限合伙）,91460000MAK2X7YU61,323,B 核心赛道-需核实,南繁种业,合伙企业,海南省级登记,本地(省级),MAK,农科,,,,,,,合伙企业(常为持股/通道载体),44
807,天津智汇海洋科技有限公司海南分公司,91460000MAEWW4UJ34,18,B 核心赛道-需核实,深海海洋,分支机构,海南省级登记,本地(省级),MAE,,海洋,,,,,,分支机构(非独立法人),42
948,上海远上船舶科技有限公司三亚分公司,91460200MA5TPAE3XD,22,B 核心赛道-需核实,深海海洋,分支机构,三亚市/区登记,本地(三亚),MA5,,船舶,,,,,,分支机构(非独立法人),42
987,山东创乾海洋科技有限公司三亚分公司,91460000MAA98BH3XA,22,B 核心赛道-需核实,深海海洋,分支机构,海南省级登记,本地(省级),MAA,,海洋,,,,,,分支机构(非独立法人),42
6061,江门广发渔业光伏有限公司三亚分公司,91460000MAE7E62A63,135,B 核心赛道-需核实,深海海洋,分支机构,海南省级登记,本地(省级),MAE,,渔业,,,,,,分支机构(非独立法人),42
6155,环球金枪渔业（大连）有限公司海南分公司,91460000MAC8BNQ47F,137,B 核心赛道-需核实,深海海洋,分支机构,海南省级登记,本地(省级),MAC,,渔业,,,,,,分支机构(非独立法人),42
13594,哈尔滨电气集团海洋智能装备有限公司海南分公司,91460000MABNT9KU3J,303,B 核心赛道-需核实,深海海洋,分支机构,海南省级登记,本地(省级),MA其他,,海洋,装备|智能装备,,,,,分支机构(非独立法人),42
13960,北京中农大农业规划设计院有限公司海南分院,91460000MAE746YJ96,311,C 支撑/泛赛道-备选,泛农业经营,独立法人,海南省级登记,本地(省级),MAE,,,,,,,中农,,42
56,中油伊尔曼新能源（海南）有限公司,91460000MAA8YJDR34,2,C 支撑/泛赛道-备选,科技配套,独立法人,海南省级登记,本地(省级),MAA,,,新能源,,,,,,41
61,中瀛检验技术服务（海南）有限公司,91460000MACLCPFR83,2,C 支撑/泛赛道-备选,科技配套,独立法人,海南省级登记,本地(省级),MAC,,,检验,,,,,,41
71,中研环能能源科技（海南）有限公司,91460000MA5U043704,2,C 支撑/泛赛道-备选,科技配套,独立法人,海南省级登记,本地(省级),MA5,,,能源科技,,,,,,41
183,中洁（海南）新能源有限公司,91460000MACDJ5BR9R,5,C 支撑/泛赛道-备选,科技配套,独立法人,海南省级登记,本地(省级),MAC,,,新能源,,,,,,41
209,中宏勘探装备科技（海南）有限公司,91460000MAA96LMQ61,5,C 支撑/泛赛道-备选,科技配套,独立法人,海南省级登记,本地(省级),MAA,,,装备,,,,,,41
221,中哈（海南）能源科技有限公司,91460000MAEU00130F,5,C 支撑/泛赛道-备选,科技配套,独立法人,海南省级登记,本地(省级),MAE,,,能源科技,,,,,,41
256,中发投医疗器械（海南）有限公司,91460000MA7J01DX29,6,C 支撑/泛赛道-备选,科技配套,独立法人,海南省级登记,本地(省级),MA7,,,医疗器械,,,,,,41
257,中发投新能源（海南）有限公司,91460000MA7H9ARY1F,6,C 支撑/泛赛道-备选,科技配套,独立法人,海南省级登记,本地(省级),MA7,,,新能源,,,,,,41
268,中创启投（海南）医疗科技集团有限公司,91460000MACHEKDC6Y,6,C 支撑/泛赛道-备选,科技配套,独立法人,海南省级登记,本地(省级),MAC,,,医疗科技,,,,,,41
269,中创嘉能（海南）新能源科技有限公司,91460000MA5TRTC48T,7,C 支撑/泛赛道-备选,科技配套,独立法人,海南省级登记,本地(省级),MA5,,,能源科技|新能源,,,,,,41
289,中测智能（海南）装备制造有限公司,91460000MAA93MR87A,7,C 支撑/泛赛道-备选,科技配套,独立法人,海南省级登记,本地(省级),MAA,,,装备,,,,,,41
378,韵畅（海南省）医疗器械有限公司,91460000MA5TJMXM6C,9,C 支撑/泛赛道-备选,科技配套,独立法人,海南省级登记,本地(省级),MA5,,,医疗器械,,,,,,41
396,云海熙（海南）新能源科技有限公司,91460200MA5T30G78Q,9,C 支撑/泛赛道-备选,科技配套,独立法人,三亚市/区登记,本地(三亚),MA5,,,能源科技|新能源,,,,,,41
447,佑康达（海南）医疗器械有限公司,91460000MACGL6YE5C,10,C 支撑/泛赛道-备选,科技配套,独立法人,海南省级登记,本地(省级),MAC,,,医疗器械,,,,,,41
458,永联仪器（海南）有限公司,91460000MAA8YY3MXE,11,C 支撑/泛赛道-备选,科技配套,独立法人,海南省级登记,本地(省级),MAA,,,仪器,,,,,,41
473,翼能（海南）无人机科技有限公司,91460000MAEMFW79XG,11,C 支撑/泛赛道-备选,科技配套,独立法人,海南省级登记,本地(省级),MAE,,,无人机,,,,,,41
478,益明康（海南）医疗科技有限公司,91460000MAK0CLE805,11,C 支撑/泛赛道-备选,科技配套,独立法人,海南省级登记,本地(省级),MAK,,,医疗科技,,,,,,41
489,易能智丰机器人科技（海南）有限公司,91460000MAK2G6818K,11,C 支撑/泛赛道-备选,科技配套,独立法人,海南省级登记,本地(省级),MAK,,,机器人,,,,,,41
550,焱垚创科（海南）新能源科技有限公司,91460000MAK14CPP2Q,13,C 支撑/泛赛道-备选,科技配套,独立法人,海南省级登记,本地(省级),MAK,,,能源科技|新能源,,,,,,41
556,炎垚创科新能源（海南）有限公司,91460000MAENXM6D8A,13,C 支撑/泛赛道-备选,科技配套,独立法人,海南省级登记,本地(省级),MAE,,,新能源,,,,,,41
568,亚联美愈（海南）医疗科技有限公司,91460000MA5TM85X6M,13,C 支撑/泛赛道-备选,科技配套,独立法人,海南省级登记,本地(省级),MA5,,,医疗科技,,,,,,41
589,旭化研（海南）新材料有限公司,91460000MAE0A8WU8U,14,C 支撑/泛赛道-备选,科技配套,独立法人,海南省级登记,本地(省级),MAE,,,新材料,,,,,,41
639,鑫博海（海南）生物医疗科技有限公司,91460000MABN09W9XA,15,C 支撑/泛赛道-备选,科技配套,独立法人,海南省级登记,本地(省级),MA其他,,,医疗科技,,,,,,41
702,武理创（海南）新材料科技有限公司,91460000MAEJB2GY5C,16,C 支撑/泛赛道-备选,科技配套,独立法人,海南省级登记,本地(省级),MAE,,,新材料,,,,,,41
711,武风新能源（海南）有限公司,91460000MA5TW7T78B,16,C 支撑/泛赛道-备选,科技配套,独立法人,海南省级登记,本地(省级),MA5,,,新能源,,,,,,41
766,万加乐杰（海南）干细胞有限公司,91460000MAE7PWBK64,18,C 支撑/泛赛道-备选,科技配套,独立法人,海南省级登记,本地(省级),MAE,,,细胞,,,,,,41
817,天珩星（三亚）医疗科技有限公司,91460000MAEJGXLR1B,19,C 支撑/泛赛道-备选,科技配套,独立法人,海南省级登记,本地(省级),MAE,,,医疗科技,,,,,,41
818,天贺（海南省）环保科技有限责任公司,91460000MA5TMHHC56,19,C 支撑/泛赛道-备选,科技配套,独立法人,海南省级登记,本地(省级),MA5,,,环保科技,,,,,,41
825,腾狮软件（海南）有限公司,91460000MAD6DKRE8D,19,C 支撑/泛赛道-备选,科技配套,独立法人,海南省级登记,本地(省级),MAD,,,软件,,,,,,41
827,腾晟富维汽车电子科技（三亚）有限公司,91460000MAD70XTT9Q,19,C 支撑/泛赛道-备选,科技配套,独立法人,海南省级登记,本地(省级),MAD,,,电子科技,,,,,,41
868,硕通新能源科技（海南）有限公司,91460000MAD72J43X2,20,C 支撑/泛赛道-备选,科技配套,独立法人,海南省级登记,本地(省级),MAD,,,能源科技|新能源,,,,,,41
874,水燃宝（海南）新能源有限公司,91460200MADQ58GA7E,20,C 支撑/泛赛道-备选,科技配套,独立法人,三亚市/区登记,本地(三亚),MAD,,,新能源,,,,,,41
890,视康明医疗科技（海南）有限公司,91460000MAE69TLG04,20,C 支撑/泛赛道-备选,科技配套,独立法人,海南省级登记,本地(省级),MAE,,,医疗科技,,,,,,41
907,时代骐骥新能源科技（三亚）有限公司,91460000MAEW72GC5L,21,C 支撑/泛赛道-备选,科技配套,独立法人,海南省级登记,本地(省级),MAE,,,能源科技|新能源,,,,,,41
1055,三亚中兴软件有限责任公司,91460200687270102Q,24,C 支撑/泛赛道-备选,科技配套,独立法人,三亚市/区登记,本地(三亚),旧版(2015前),,,软件,,,,,,41
1064,三亚中凯能源科技发展有限公司,91460000MAA9568590,24,C 支撑/泛赛道-备选,科技配套,独立法人,海南省级登记,本地(省级),MAA,,,能源科技,,,,,,41
1085,三亚智赛能源科技有限公司,91460000MAE9T7XAXW,25,C 支撑/泛赛道-备选,科技配套,独立法人,海南省级登记,本地(省级),MAE,,,能源科技,,,,,,41
1087,三亚智谱仪器有限公司,91460000MABY4CAR7R,25,C 支撑/泛赛道-备选,科技配套,独立法人,海南省级登记,本地(省级),MA其他,,,仪器,,,,,,41
1368,三亚用友软件科技有限公司,91460200698941370F,31,C 支撑/泛赛道-备选,科技配套,独立法人,三亚市/区登记,本地(三亚),旧版(2015前),,,软件,,,,,,41
1424,三亚益美环保科技有限公司,91460000MADYMQJ465,32,C 支撑/泛赛道-备选,科技配套,独立法人,海南省级登记,本地(省级),MAD,,,环保科技,,,,,,41
1523,三亚阳数医疗科技有限公司,91460000MAC4FLWY3T,34,C 支撑/泛赛道-备选,科技配套,独立法人,海南省级登记,本地(省级),MAC,,,医疗科技,,,,,,41
1526,三亚阳霖医疗科技发展有限公司,91460200557362711G,34,C 支撑/泛赛道-备选,科技配套,独立法人,三亚市/区登记,本地(三亚),旧版(2015前),,,医疗科技,,,,,,41
1548,三亚炎日暖环保科技有限公司,91460000MA5TPXU851,35,C 支撑/泛赛道-备选,科技配套,独立法人,海南省级登记,本地(省级),MA5,,,环保科技,,,,,,41
1612,三亚崖州山野医疗科技有限公司,91460000MAETEEXY1C,36,C 支撑/泛赛道-备选,科技配套,独立法人,海南省级登记,本地(省级),MAE,,,医疗科技,,,,,,41
1617,三亚崖州区昶新能源有限公司,91460000MAEKQLGW3D,36,C 支撑/泛赛道-备选,科技配套,独立法人,海南省级登记,本地(省级),MAE,,,新能源,,,,,,41
1661,三亚崖海能源科技有限公司,91460000MACUW60P19,37,C 支撑/泛赛道-备选,科技配套,独立法人,海南省级登记,本地(省级),MAC,,,能源科技,,,,,,41
1759,三亚鑫马机动车检测有限公司,91460000MAEUU2HG80,40,C 支撑/泛赛道-备选,科技配套,独立法人,海南省级登记,本地(省级),MAE,,,检测,,,,,,41
1913,三亚蔚来智行新能源汽车科技有限公司,91460000MA5THFEU0P,43,C 支撑/泛赛道-备选,科技配套,独立法人,海南省级登记,本地(省级),MA5,,,新能源,,,,,,41
2002,三亚天润环保新材料科技有限公司,91460000MAE7RCBL0E,45,C 支撑/泛赛道-备选,科技配套,独立法人,海南省级登记,本地(省级),MAE,,,新材料,,,,,,41
2294,三亚市迎松环保科技有限公司,91460000MADEC30L92,52,C 支撑/泛赛道-备选,科技配套,独立法人,海南省级登记,本地(省级),MAD,,,环保科技,,,,,,41
2344,三亚市瑶忆新能源科技有限公司,91460000MADDAFQ2XA,53,C 支撑/泛赛道-备选,科技配套,独立法人,海南省级登记,本地(省级),MAD,,,能源科技|新能源,,,,,,41
2483,三亚市鑫烽颂新能源科技有限公司,91460000MADKEM62XX,56,C 支撑/泛赛道-备选,科技配套,独立法人,海南省级登记,本地(省级),MAD,,,能源科技|新能源,,,,,,41
2484,三亚市鑫烽崧新能源科技有限公司,91460000MADMDBK418,56,C 支撑/泛赛道-备选,科技配套,独立法人,海南省级登记,本地(省级),MAD,,,能源科技|新能源,,,,,,41
2485,三亚市鑫烽森新能源科技有限公司,91460000MADL9KY85F,56,C 支撑/泛赛道-备选,科技配套,独立法人,海南省级登记,本地(省级),MAD,,,能源科技|新能源,,,,,,41
2627,三亚市泰杭新能源有限公司,91460000MAEX4FQR1C,59,C 支撑/泛赛道-备选,科技配套,独立法人,海南省级登记,本地(省级),MAE,,,新能源,,,,,,41
2810,三亚市启佳医疗器械有限公司,91460000MADHGW2L5C,63,C 支撑/泛赛道-备选,科技配套,独立法人,海南省级登记,本地(省级),MAD,,,医疗器械,,,,,,41
2882,三亚市沐忆环保科技有限公司,91460000MADEP2CD8R,65,C 支撑/泛赛道-备选,科技配套,独立法人,海南省级登记,本地(省级),MAD,,,环保科技,,,,,,41
3000,三亚市立康权机动车检测有限责任公司,91460000MA7KGNEM7C,67,C 支撑/泛赛道-备选,科技配套,独立法人,海南省级登记,本地(省级),MA7,,,检测,,,,,,41
3026,三亚市乐萱崧环保科技有限公司,91460000MADEYWJY56,68,C 支撑/泛赛道-备选,科技配套,独立法人,海南省级登记,本地(省级),MAD,,,环保科技,,,,,,41
3070,三亚市筠觅倾环保科技有限公司,91460000MADDY71A5N,69,C 支撑/泛赛道-备选,科技配套,独立法人,海南省级登记,本地(省级),MAD,,,环保科技,,,,,,41
3071,三亚市筠觅绮电子科技有限公司,91460000MADDAFDG1K,69,C 支撑/泛赛道-备选,科技配套,独立法人,海南省级登记,本地(省级),MAD,,,电子科技,,,,,,41
3105,三亚市金弘润新材料科技有限公司,91460000MAEPF44898,70,C 支撑/泛赛道-备选,科技配套,独立法人,海南省级登记,本地(省级),MAE,,,新材料,,,,,,41
3242,三亚市浩森能源科技有限公司,91460000MAE5WNX399,73,C 支撑/泛赛道-备选,科技配套,独立法人,海南省级登记,本地(省级),MAE,,,能源科技,,,,,,41
3631,三亚胜奥新能源材料有限公司,91460000MAE7ERBA0W,81,C 支撑/泛赛道-备选,科技配套,独立法人,海南省级登记,本地(省级),MAE,,,新能源,,,,,,41
3652,三亚深蓝软件科技有限公司,91460000MA5TLTMC43,82,C 支撑/泛赛道-备选,科技配套,独立法人,海南省级登记,本地(省级),MA5,,,软件,,,,,,41
3653,三亚深科新材料科技有限公司,91460000MAETMD08XN,82,C 支撑/泛赛道-备选,科技配套,独立法人,海南省级登记,本地(省级),MAE,,,新材料,,,,,,41
3704,三亚三才地质工程有限公司,91460000MAC8LED44K,83,C 支撑/泛赛道-备选,科技配套,独立法人,海南省级登记,本地(省级),MAC,,,地质,,,,,,41
3833,三亚轻颜医疗器械有限公司,91460000MAEB4RC47Y,86,C 支撑/泛赛道-备选,科技配套,独立法人,海南省级登记,本地(省级),MAE,,,医疗器械,,,,,,41
3911,三亚菩林环保科技有限公司,91460000MAA94XEP93,87,C 支撑/泛赛道-备选,科技配套,独立法人,海南省级登记,本地(省级),MAA,,,环保科技,,,,,,41
3945,三亚欧海能源科技有限公司,91460000MACTC2MR7R,88,C 支撑/泛赛道-备选,科技配套,独立法人,海南省级登记,本地(省级),MAC,,,能源科技,,,,,,41
3954,三亚暖骄阳环保科技有限公司,91460000MA5TPPW431,88,C 支撑/泛赛道-备选,科技配套,独立法人,海南省级登记,本地(省级),MA5,,,环保科技,,,,,,41
3985,三亚南硅科技有限公司,91460000MAEWGQNJ15,89,C 支撑/泛赛道-备选,科技配套,独立法人,海南省级登记,本地(省级),MAE,,,硅,,,,,,41
4118,三亚麓禾检测技术有限公司,91460000MAEQNQ395G,92,C 支撑/泛赛道-备选,科技配套,独立法人,海南省级登记,本地(省级),MAE,,,检测,,,,,,41
4127,三亚鲁梁自动化设备有限公司,91460000MAELFDM25F,92,C 支撑/泛赛道-备选,科技配套,独立法人,海南省级登记,本地(省级),MAE,,,自动化,,,,,,41
4324,三亚康嘉医疗科技有限公司,91460000MADFBUBU17,97,C 支撑/泛赛道-备选,科技配套,独立法人,海南省级登记,本地(省级),MAD,,,医疗科技,,,,,,41
4364,三亚军博新能源科技有限公司,91460000MAEH9X0N5A,98,C 支撑/泛赛道-备选,科技配套,独立法人,海南省级登记,本地(省级),MAE,,,能源科技|新能源,,,,,,41
4502,三亚江寰新能源科技有限公司,91460000MAERCBGL60,101,C 支撑/泛赛道-备选,科技配套,独立法人,海南省级登记,本地(省级),MAE,,,能源科技|新能源,,,,,,41
4617,三亚慧宜环保科技有限公司,91460000MA5TKCTX9K,103,C 支撑/泛赛道-备选,科技配套,独立法人,海南省级登记,本地(省级),MA5,,,环保科技,,,,,,41
4618,三亚慧洋智能装备有限公司,91460200MADPT1NR1T,103,C 支撑/泛赛道-备选,科技配套,独立法人,三亚市/区登记,本地(三亚),MAD,,,装备|智能装备,,,,,,41
4638,三亚焕新材料有限公司,91460000MAERHB8L2W,104,C 支撑/泛赛道-备选,科技配套,独立法人,海南省级登记,本地(省级),MAE,,,新材料,,,,,,41
4741,三亚宏天盛精密塑胶有限公司,9146020078661568X6,106,C 支撑/泛赛道-备选,科技配套,独立法人,三亚市/区登记,本地(三亚),旧版(2015前),,,精密,,,,,,41
4755,三亚恒歆鋆电子科技有限公司,91460000MAEC9FAM76,106,C 支撑/泛赛道-备选,科技配套,独立法人,海南省级登记,本地(省级),MAE,,,电子科技,,,,,,41
4824,三亚昊旻新能源科技有限公司,91460000MAD2F21C41,108,C 支撑/泛赛道-备选,科技配套,独立法人,海南省级登记,本地(省级),MAD,,,能源科技|新能源,,,,,,41
4932,三亚哈船智能装备技术有限公司,91460000MAEPHMXQ05,110,C 支撑/泛赛道-备选,科技配套,独立法人,海南省级登记,本地(省级),MAE,,,装备|智能装备,,,,,,41
4954,三亚国电新能源水力发电有限公司,91460200MA5RE0NL5H,111,C 支撑/泛赛道-备选,科技配套,独立法人,三亚市/区登记,本地(三亚),MA5,,,新能源,,,,,,41
5037,三亚福满溢硅科技有限公司,91460000MAA97HD78A,112,C 支撑/泛赛道-备选,科技配套,独立法人,海南省级登记,本地(省级),MAA,,,硅,,,,,,41
5129,三亚东晟洁净新能源科技有限公司,91460000MAA94J6W75,115,C 支撑/泛赛道-备选,科技配套,独立法人,海南省级登记,本地(省级),MAA,,,能源科技|新能源,,,,,,41
5137,三亚鼎润机动车检测有限公司,91460000MAEWBLYU05,115,C 支撑/泛赛道-备选,科技配套,独立法人,海南省级登记,本地(省级),MAE,,,检测,,,,,,41
5191,三亚导控科技有限公司,91460000MAEW241778,116,C 支撑/泛赛道-备选,科技配套,独立法人,海南省级登记,本地(省级),MAE,,,导控,,,,,,41
5219,三亚慈康医疗科技有限公司,91460000MADF1QDE8P,117,C 支撑/泛赛道-备选,科技配套,独立法人,海南省级登记,本地(省级),MAD,,,医疗科技,,,,,,41
5248,三亚驰能新能源有限公司,91460000MAC94FRNXM,117,C 支撑/泛赛道-备选,科技配套,独立法人,海南省级登记,本地(省级),MAC,,,新能源,,,,,,41
5270,三亚盛骏新能源材料有限公司,91460000MAE8N7E54K,118,C 支撑/泛赛道-备选,科技配套,独立法人,海南省级登记,本地(省级),MAE,,,新能源,,,,,,41
5300,三亚辰新仪器有限公司,91460000MAEK7QN30M,118,C 支撑/泛赛道-备选,科技配套,独立法人,海南省级登记,本地(省级),MAE,,,仪器,,,,,,41
5408,三亚北科舒欣环保科技有限公司,91460000MA5U1M5D7X,121,C 支撑/泛赛道-备选,科技配套,独立法人,海南省级登记,本地(省级),MA5,,,环保科技,,,,,,41
5495,三峡（三亚）梅东新能源发电有限公司,91460000MA7H6FXRXL,123,C 支撑/泛赛道-备选,科技配套,独立法人,海南省级登记,本地(省级),MA7,,,新能源,,,,,,41
5533,瑞拓（海南）科技新材料有限公司,91460000MACENM4E7M,123,C 支撑/泛赛道-备选,科技配套,独立法人,海南省级登记,本地(省级),MAC,,,新材料,,,,,,41
5535,瑞派尔干细胞（海南）有限公司,91460000MAE9A0WP3M,124,C 支撑/泛赛道-备选,科技配套,独立法人,海南省级登记,本地(省级),MAE,,,细胞,,,,,,41
5555,融晟祥（海南）医疗科技有限公司,91460000MAE7UUKNXK,124,C 支撑/泛赛道-备选,科技配套,独立法人,海南省级登记,本地(省级),MAE,,,医疗科技,,,,,,41
5568,仁鸟能源科技（三亚）有限责任公司,91460000MAE9T4YW8E,124,C 支撑/泛赛道-备选,科技配套,独立法人,海南省级登记,本地(省级),MAE,,,能源科技,,,,,,41
5584,青云端（海南）环保科技有限公司,91460000MABQ6HBJ56,125,C 支撑/泛赛道-备选,科技配套,独立法人,海南省级登记,本地(省级),MA其他,,,环保科技,,,,,,41
5592,清之源（海南）环保科技有限公司,91460000MAK2MNB75U,125,C 支撑/泛赛道-备选,科技配套,独立法人,海南省级登记,本地(省级),MAK,,,环保科技,,,,,,41
5606,千尧（三亚）新能源科技有限公司,91460000MAE424RC8T,125,C 支撑/泛赛道-备选,科技配套,独立法人,海南省级登记,本地(省级),MAE,,,能源科技|新能源,,,,,,41
5712,明图（海南）能源科技有限公司,91460000MAA9152649,127,C 支撑/泛赛道-备选,科技配套,独立法人,海南省级登记,本地(省级),MAA,,,能源科技,,,,,,41
5729,幂次人工智能科技（海南）有限公司,91460000MABWNRT42K,128,C 支撑/泛赛道-备选,科技配套,独立法人,海南省级登记,本地(省级),MA其他,,,人工智能,,,,,,41
5732,米可维（海南）大数据科技有限公司,91460000MACW8ETT1H,128,C 支撑/泛赛道-备选,科技配套,独立法人,海南省级登记,本地(省级),MAC,,,大数据,,,,,,41
5775,路城新材料（海南）有限公司,91460000MAK12JTB16,129,C 支撑/泛赛道-备选,科技配套,独立法人,海南省级登记,本地(省级),MAK,,,新材料,,,,,,41
5799,领睿医疗科技（海南）有限公司,91460000MAA94JH809,129,C 支撑/泛赛道-备选,科技配套,独立法人,海南省级登记,本地(省级),MAA,,,医疗科技,,,,,,41
5810,琳克普（海南）新材料有限公司,91460000MADG1K62X3,130,C 支撑/泛赛道-备选,科技配套,独立法人,海南省级登记,本地(省级),MAD,,,新材料,,,,,,41
5856,乐杰健联（三亚）干细胞科技有限公司,91460000MAE6F7092N,131,C 支撑/泛赛道-备选,科技配套,独立法人,海南省级登记,本地(省级),MAE,,,细胞,,,,,,41
5858,乐杰（海南三亚）细胞库生物科技有限公司,91460000MADYX4CN76,131,C 支撑/泛赛道-备选,科技配套,独立法人,海南省级登记,本地(省级),MAD,,,细胞,,,,,,41
5872,澜起电子科技（海南）有限公司,91460000MA5TY7E49N,131,C 支撑/泛赛道-备选,科技配套,独立法人,海南省级登记,本地(省级),MA5,,,电子科技,,,,,,41
5878,莱帮医疗科技（海南）有限公司,91460000MAC396D93R,131,C 支撑/泛赛道-备选,科技配套,独立法人,海南省级登记,本地(省级),MAC,,,医疗科技,,,,,,41
5887,昆仑海优能源科技（海南）有限责任公司,91460000MAK01R539P,131,C 支撑/泛赛道-备选,科技配套,独立法人,海南省级登记,本地(省级),MAK,,,能源科技,,,,,,41
5888,昆仑晟鑫环保科技（海南）有限公司,91460000MA5U2GT88N,131,C 支撑/泛赛道-备选,科技配套,独立法人,海南省级登记,本地(省级),MA5,,,环保科技,,,,,,41
5942,聚远新能源（海南）有限公司,91460000MA5TYC2T0H,133,C 支撑/泛赛道-备选,科技配套,独立法人,海南省级登记,本地(省级),MA5,,,新能源,,,,,,41
5979,精微视达医疗科技（三亚）有限公司,91460000MA5TWRGR3P,133,C 支撑/泛赛道-备选,科技配套,独立法人,海南省级登记,本地(省级),MA5,,,医疗科技,,,,,,41
6005,金誉（海南）新能源科技有限公司,91460000MA7FFMK292,134,C 支撑/泛赛道-备选,科技配套,独立法人,海南省级登记,本地(省级),MA7,,,能源科技|新能源,,,,,,41
6006,金易达能源科技（三亚）有限公司,91460000MA5U2ABX16,134,C 支撑/泛赛道-备选,科技配套,独立法人,海南省级登记,本地(省级),MA5,,,能源科技,,,,,,41
6029,金丰（海南）新能源有限公司,91460000MA5TUEKK5H,135,C 支撑/泛赛道-备选,科技配套,独立法人,海南省级登记,本地(省级),MA5,,,新能源,,,,,,41
6048,焦点新能源（海南）有限公司,91460000MAC30DPH5X,135,C 支撑/泛赛道-备选,科技配套,独立法人,海南省级登记,本地(省级),MAC,,,新能源,,,,,,41
6085,加基森（三亚市）软件和信息技术服务业有限公司,91460000MADLPXF44P,136,C 支撑/泛赛道-备选,科技配套,独立法人,海南省级登记,本地(省级),MAD,,,软件,,,,,,41
6088,佳科软件（海南）有限公司,91460000MADHE8UEXE,136,C 支撑/泛赛道-备选,科技配套,独立法人,海南省级登记,本地(省级),MAD,,,软件,,,,,,41
6117,荟健医疗科技（海南）有限公司,91460000MAC6ACB447,136,C 支撑/泛赛道-备选,科技配套,独立法人,海南省级登记,本地(省级),MAC,,,医疗科技,,,,,,41
6119,荟邦（海南）新材料有限公司,91460000MAK0HMR40D,137,C 支撑/泛赛道-备选,科技配套,独立法人,海南省级登记,本地(省级),MAK,,,新材料,,,,,,41
6195,华海新材料（海南）有限公司,91460000MAA9065W3D,138,C 支撑/泛赛道-备选,科技配套,独立法人,海南省级登记,本地(省级),MAA,,,新材料,,,,,,41
6197,华电（三亚）新能源有限公司,91460000MACEQQLE26,138,C 支撑/泛赛道-备选,科技配套,独立法人,海南省级登记,本地(省级),MAC,,,新能源,,,,,,41
6214,鸿杉（海南）能源科技有限公司,91460000MAD66M5Y9P,139,C 支撑/泛赛道-备选,科技配套,独立法人,海南省级登记,本地(省级),MAD,,,能源科技,,,,,,41
6356,海南宗贡软件科技有限公司,91460000MA5U0G20XP,142,C 支撑/泛赛道-备选,科技配套,独立法人,海南省级登记,本地(省级),MA5,,,软件,,,,,,41
6431,海南洲亚致卓储能科技有限公司,91460000MAD79Y1H4Y,143,C 支撑/泛赛道-备选,科技配套,独立法人,海南省级登记,本地(省级),MAD,,,储能,,,,,,41
6458,海南众思瑞医疗科技有限公司,91460000MABYQT6E15,144,C 支撑/泛赛道-备选,科技配套,独立法人,海南省级登记,本地(省级),MA其他,,,医疗科技,,,,,,41
6481,海南仲德医疗器械有限公司,91460000MAA96FQK6Q,145,C 支撑/泛赛道-备选,科技配套,独立法人,海南省级登记,本地(省级),MAA,,,医疗器械,,,,,,41
6501,海南中园新能源有限公司,91460000MA5U1F4059,145,C 支撑/泛赛道-备选,科技配套,独立法人,海南省级登记,本地(省级),MA5,,,新能源,,,,,,41
6526,海南中同新能源科技有限公司,91460000MA5TXLG79B,146,C 支撑/泛赛道-备选,科技配套,独立法人,海南省级登记,本地(省级),MA5,,,能源科技|新能源,,,,,,41
6530,海南中泰新材料有限公司,91460000MAA8Y0CQ7P,146,C 支撑/泛赛道-备选,科技配套,独立法人,海南省级登记,本地(省级),MAA,,,新材料,,,,,,41
6546,海南中能旭力新能源科技有限公司,91460000MA5TKHG18Y,146,C 支撑/泛赛道-备选,科技配套,独立法人,海南省级登记,本地(省级),MA5,,,能源科技|新能源,,,,,,41
6578,海南中谷云创新材料有限公司,91460000MADAC0TU5G,147,C 支撑/泛赛道-备选,科技配套,独立法人,海南省级登记,本地(省级),MAD,,,新材料,,,,,,41
6637,海南智守医疗科技有限公司,91460000MAE2G7A20F,148,C 支撑/泛赛道-备选,科技配套,独立法人,海南省级登记,本地(省级),MAE,,,医疗科技,,,,,,41
6657,海南智会环保科技有限公司,91460000MA5TXH0L0C,148,C 支撑/泛赛道-备选,科技配套,独立法人,海南省级登记,本地(省级),MA5,,,环保科技,,,,,,41
6690,海南祉猷软件开发有限公司,91460000MACLP9PAX2,149,C 支撑/泛赛道-备选,科技配套,独立法人,海南省级登记,本地(省级),MAC,,,软件,,,,,,41
6709,海南正中和新能源科技有限公司,91460000MACAP7E61U,150,C 支撑/泛赛道-备选,科技配套,独立法人,海南省级登记,本地(省级),MAC,,,能源科技|新能源,,,,,,41
6718,海南正宇软件技术开发有限公司,91460000MA5TYBEE15,150,C 支撑/泛赛道-备选,科技配套,独立法人,海南省级登记,本地(省级),MA5,,,软件,,,,,,41
6806,海南展悦新能源有限公司,91460000MAENMXYK35,152,C 支撑/泛赛道-备选,科技配套,独立法人,海南省级登记,本地(省级),MAE,,,新能源,,,,,,41
6820,海南宅急民康医疗科技有限公司,91460000MABY0CKX85,152,C 支撑/泛赛道-备选,科技配套,独立法人,海南省级登记,本地(省级),MA其他,,,医疗科技,,,,,,41
6828,海南泽遇能源科技有限公司,91460000MAG0986Q8G,152,C 支撑/泛赛道-备选,科技配套,独立法人,海南省级登记,本地(省级),MAG,,,能源科技,,,,,,41
6934,海南跃泓新能源有限公司,91460000MA5TXW7H3R,155,C 支撑/泛赛道-备选,科技配套,独立法人,海南省级登记,本地(省级),MA5,,,新能源,,,,,,41
6948,海南悦源医疗科技有限公司,91460000MAC9FE1P8B,155,C 支撑/泛赛道-备选,科技配套,独立法人,海南省级登记,本地(省级),MAC,,,医疗科技,,,,,,41
6964,海南悦潮新能源科技有限责任公司,91460000MAC1K9484N,155,C 支撑/泛赛道-备选,科技配套,独立法人,海南省级登记,本地(省级),MAC,,,能源科技|新能源,,,,,,41
7015,海南沅泽能源科技有限公司,91460200MADNAK1588,156,C 支撑/泛赛道-备选,科技配套,独立法人,三亚市/区登记,本地(三亚),MAD,,,能源科技,,,,,,41
7025,海南元毅成人工智能科技有限公司,91460000MAA91GKJ5Q,157,C 支撑/泛赛道-备选,科技配套,独立法人,海南省级登记,本地(省级),MAA,,,人工智能,,,,,,41
7038,海南元亨信泰电子科技有限责任公司,91460000MA5TKNAM8M,157,C 支撑/泛赛道-备选,科技配套,独立法人,海南省级登记,本地(省级),MA5,,,电子科技,,,,,,41
7125,海南宇航医疗科技有限公司,91460000MABMDK1Y7W,159,C 支撑/泛赛道-备选,科技配套,独立法人,海南省级登记,本地(省级),MA其他,,,医疗科技,,,,,,41
7181,海南优尼克新材料科技有限公司,91460000MACHUCDM31,160,C 支撑/泛赛道-备选,科技配套,独立法人,海南省级登记,本地(省级),MAC,,,新材料,,,,,,41
7206,海南永利环保科技有限公司,91460000MA5TXNA256,161,C 支撑/泛赛道-备选,科技配套,独立法人,海南省级登记,本地(省级),MA5,,,环保科技,,,,,,41
7247,海南印三川新能源有限公司,91460000MA5U21EY4G,162,C 支撑/泛赛道-备选,科技配套,独立法人,海南省级登记,本地(省级),MA5,,,新能源,,,,,,41
7310,海南易维医疗器械有限公司,91460000MAEK6C41XQ,163,C 支撑/泛赛道-备选,科技配套,独立法人,海南省级登记,本地(省级),MAE,,,医疗器械,,,,,,41
7321,海南易行新能源网络科技有限公司,91460000MA5U1MMC7P,163,C 支撑/泛赛道-备选,科技配套,独立法人,海南省级登记,本地(省级),MA5,,,新能源,,,,,,41
7358,海南亿储新能源科技有限公司,91460000MAE1W0M40P,164,C 支撑/泛赛道-备选,科技配套,独立法人,海南省级登记,本地(省级),MAE,,,能源科技|新能源,,,,,,41
7420,海南伊茗能源科技有限公司,91460000MA5TYMP82D,165,C 支撑/泛赛道-备选,科技配套,独立法人,海南省级登记,本地(省级),MA5,,,能源科技,,,,,,41
7424,海南伊和新材料科技有限公司,91460000MA5U0G3J19,166,C 支撑/泛赛道-备选,科技配套,独立法人,海南省级登记,本地(省级),MA5,,,新材料,,,,,,41
7508,海南炎发祥能源科技投资有限责任公司,91460000MADBWJGN79,167,C 支撑/泛赛道-备选,科技配套,独立法人,海南省级登记,本地(省级),MAD,,,能源科技,,投资,,,,41
7562,海南循环岛能源科技有限公司,91460000MAG075H22G,169,C 支撑/泛赛道-备选,科技配套,独立法人,海南省级登记,本地(省级),MAG,,,能源科技,,,,,,41
7583,海南萱爱医疗科技有限公司,91460000MACA4M3P37,169,C 支撑/泛赛道-备选,科技配套,独立法人,海南省级登记,本地(省级),MAC,,,医疗科技,,,,,,41
7600,海南旭创医疗科技有限公司,91460000MAC6H96XXJ,169,C 支撑/泛赛道-备选,科技配套,独立法人,海南省级登记,本地(省级),MAC,,,医疗科技,,,,,,41
7634,海南星能汇创环保科技有限公司,91460000MAEXLMC544,170,C 支撑/泛赛道-备选,科技配套,独立法人,海南省级登记,本地(省级),MAE,,,环保科技,,,,,,41
7661,海南兴艳廷能源科技有限公司,91460000MAD9LBUY2T,171,C 支撑/泛赛道-备选,科技配套,独立法人,海南省级登记,本地(省级),MAD,,,能源科技,,,,,,41
7732,海南鑫炜环保科技有限公司,91460000MAC6HHMX31,172,C 支撑/泛赛道-备选,科技配套,独立法人,海南省级登记,本地(省级),MAC,,,环保科技,,,,,,41
7758,海南鑫锰钛医疗科技有限公司,91460000MAA963C6XP,173,C 支撑/泛赛道-备选,科技配套,独立法人,海南省级登记,本地(省级),MAA,,,医疗科技,,,,,,41
7787,海南鑫瀚环保科技有限公司,91460000MA5TKUAE1W,174,C 支撑/泛赛道-备选,科技配套,独立法人,海南省级登记,本地(省级),MA5,,,环保科技,,,,,,41
7790,海南鑫格绿建新材料科技有限公司,91460000MAEW9PUA1U,174,C 支撑/泛赛道-备选,科技配套,独立法人,海南省级登记,本地(省级),MAE,,,新材料,,,,,,41
7820,海南芯澜电子科技有限公司,91460000MAK0MKFG4X,174,C 支撑/泛赛道-备选,科技配套,独立法人,海南省级登记,本地(省级),MAK,,,电子科技,,,,,,41
7831,海南欣阳新能源有限公司,91460000MAA9405G84,175,C 支撑/泛赛道-备选,科技配套,独立法人,海南省级登记,本地(省级),MAA,,,新能源,,,,,,41
7873,海南新时达新能源有限公司,91460000MAA938NY6Y,175,C 支撑/泛赛道-备选,科技配套,独立法人,海南省级登记,本地(省级),MAA,,,新能源,,,,,,41
7884,海南新秋振荣新能源有限公司,91460000MAA97GJ30J,176,C 支撑/泛赛道-备选,科技配套,独立法人,海南省级登记,本地(省级),MAA,,,新能源,,,,,,41
7889,海南新美达半导体材料有限公司,91460000MACDF77L82,176,C 支撑/泛赛道-备选,科技配套,独立法人,海南省级登记,本地(省级),MAC,,,半导体,,,,,,41
7938,海南小浪麦新材料科技有限公司,91460000MAEMTMUE6J,177,C 支撑/泛赛道-备选,科技配套,独立法人,海南省级登记,本地(省级),MAE,,,新材料,,,,,,41
8051,海南溪树环保科技有限公司,91460200MA5T6KLK79,179,C 支撑/泛赛道-备选,科技配套,独立法人,三亚市/区登记,本地(三亚),MA5,,,环保科技,,,,,,41
8059,海南希路新能源科技有限公司,91460000MAA97BJF5A,180,C 支撑/泛赛道-备选,科技配套,独立法人,海南省级登记,本地(省级),MAA,,,能源科技|新能源,,,,,,41
8103,海南沃德能源科技有限公司,91460000MA7GDPDD27,181,C 支撑/泛赛道-备选,科技配套,独立法人,海南省级登记,本地(省级),MA7,,,能源科技,,,,,,41
8130,海南蔚蓝时空新材料科技有限公司,91460000MAD0NLXU92,181,C 支撑/泛赛道-备选,科技配套,独立法人,海南省级登记,本地(省级),MAD,,,新材料,,,,,,41
8145,海南位姿导控技术有限公司,91460203MAD01HD05C,182,C 支撑/泛赛道-备选,科技配套,独立法人,三亚市/区登记,本地(三亚),MAD,,,导控,,,,,,41
8148,海南玮盛新能源科技有限公司,91460000MAA95T2451,182,C 支撑/泛赛道-备选,科技配套,独立法人,海南省级登记,本地(省级),MAA,,,能源科技|新能源,,,,,,41
8198,海南万丈立能源科技有限公司,91460000MA5U1H4P5F,183,C 支撑/泛赛道-备选,科技配套,独立法人,海南省级登记,本地(省级),MA5,,,能源科技,,,,,,41
8209,海南万橡新材料有限公司,91460000MA5TTFQB7B,183,C 支撑/泛赛道-备选,科技配套,独立法人,海南省级登记,本地(省级),MA5,,,新材料,,,,,,41
8278,海南涂森新能源汽车有限责任公司,91460200MA5T5XY30C,184,C 支撑/泛赛道-备选,科技配套,独立法人,三亚市/区登记,本地(三亚),MA5,,,新能源,,,,,,41
8282,海南图柏仪器设备有限公司,91460000MAE78UYF37,185,C 支撑/泛赛道-备选,科技配套,独立法人,海南省级登记,本地(省级),MAE,,,仪器,,,,,,41
8315,海南通达峰新能源科技有限公司,91460000MABPHR4524,185,C 支撑/泛赛道-备选,科技配套,独立法人,海南省级登记,本地(省级),MA其他,,,能源科技|新能源,,,,,,41
8384,海南特瑞宝新材料技术有限公司,91460000MAEAH0EE85,187,C 支撑/泛赛道-备选,科技配套,独立法人,海南省级登记,本地(省级),MAE,,,新材料,,,,,,41
8420,海南泰瑞环保科技有限公司,91460200MA5T5MPF1A,188,C 支撑/泛赛道-备选,科技配套,独立法人,三亚市/区登记,本地(三亚),MA5,,,环保科技,,,,,,41
8445,海南拓维环保科技有限公司,91460000MAEL6KDCXC,188,C 支撑/泛赛道-备选,科技配套,独立法人,海南省级登记,本地(省级),MAE,,,环保科技,,,,,,41
8519,海南硕清技术检测有限公司,91460200MA5RCL142H,190,C 支撑/泛赛道-备选,科技配套,独立法人,三亚市/区登记,本地(三亚),MA5,,,检测,,,,,,41
8556,海南水喜生物环保科技有限公司,91460000MA5U00U04L,191,C 支撑/泛赛道-备选,科技配套,独立法人,海南省级登记,本地(省级),MA5,,,环保科技,,,,,,41
8563,海南双卓锐悦电子科技有限公司,91460000MAC9JH074M,191,C 支撑/泛赛道-备选,科技配套,独立法人,海南省级登记,本地(省级),MAC,,,电子科技,,,,,,41
8603,海南蜀通新能源环保科技有限公司,91460204MACEC9NG94,192,C 支撑/泛赛道-备选,科技配套,独立法人,三亚市/区登记,本地(三亚),MAC,,,环保科技|新能源,,,,,,41
8615,海南首勤新材料科技有限公司,91460000MA5TY4PP22,192,C 支撑/泛赛道-备选,科技配套,独立法人,海南省级登记,本地(省级),MA5,,,新材料,,,,,,41
8666,海南十通机器人科技有限公司,91460200MADQLK2P0A,193,C 支撑/泛赛道-备选,科技配套,独立法人,三亚市/区登记,本地(三亚),MAD,,,机器人,,,,,,41
8741,海南省雍盛医疗科技有限公司,91460000MAA911RU94,195,C 支撑/泛赛道-备选,科技配套,独立法人,海南省级登记,本地(省级),MAA,,,医疗科技,,,,,,41
8777,海南省鑫旺电子科技有限公司,91460000MAE4EJ696P,196,C 支撑/泛赛道-备选,科技配套,独立法人,海南省级登记,本地(省级),MAE,,,电子科技,,,,,,41
8831,海南省圣泰新能源有限公司,91460000MA5U2UGN6M,197,C 支撑/泛赛道-备选,科技配套,独立法人,海南省级登记,本地(省级),MA5,,,新能源,,,,,,41
8854,海南省三亚市羊医道医疗科技有限责任公司,91460000MACEPR8Y0U,197,C 支撑/泛赛道-备选,科技配套,独立法人,海南省级登记,本地(省级),MAC,,,医疗科技,,,,,,41
8883,海南省三亚市辉途医疗器械有限公司,91460000MA5U0HQT23,198,C 支撑/泛赛道-备选,科技配套,独立法人,海南省级登记,本地(省级),MA5,,,医疗器械,,,,,,41
8900,海南省三亚骏丹医疗器械有限公司,91460000MA5TKK8C52,198,C 支撑/泛赛道-备选,科技配套,独立法人,海南省级登记,本地(省级),MA5,,,医疗器械,,,,,,41
8954,海南省明合未来环保科技有限公司,91460000MA5T9PXH9A,200,C 支撑/泛赛道-备选,科技配套,独立法人,海南省级登记,本地(省级),MA5,,,环保科技,,,,,,41
8959,海南省敏协皆医疗器械有限公司,91460000MA7MYM6L52,200,C 支撑/泛赛道-备选,科技配套,独立法人,海南省级登记,本地(省级),MA7,,,医疗器械,,,,,,41
8974,海南省陆跨埕医疗器械有限公司,91460000MA5TMUU64X,200,C 支撑/泛赛道-备选,科技配套,独立法人,海南省级登记,本地(省级),MA5,,,医疗器械,,,,,,41
9002,海南省坤锐环保科技有限公司,91460000MAK1AAWMXN,201,C 支撑/泛赛道-备选,科技配套,独立法人,海南省级登记,本地(省级),MAK,,,环保科技,,,,,,41
9090,海南省海缔医疗科技有限公司,91460000MAA8YP6C20,203,C 支撑/泛赛道-备选,科技配套,独立法人,海南省级登记,本地(省级),MAA,,,医疗科技,,,,,,41
9109,海南省福电弧医疗器械有限公司,91460000MA5TL73T2U,203,C 支撑/泛赛道-备选,科技配套,独立法人,海南省级登记,本地(省级),MA5,,,医疗器械,,,,,,41
9161,海南省沧利医疗器械有限公司,91460000MA5TW7508W,204,C 支撑/泛赛道-备选,科技配套,独立法人,海南省级登记,本地(省级),MA5,,,医疗器械,,,,,,41
9191,海南昇辰新材料有限公司,91460000MAK22C2T9D,205,C 支撑/泛赛道-备选,科技配套,独立法人,海南省级登记,本地(省级),MAK,,,新材料,,,,,,41
9205,海南神州泰岳软件有限公司,91460000MA5TT2XM61,205,C 支撑/泛赛道-备选,科技配套,独立法人,海南省级登记,本地(省级),MA5,,,软件,,,,,,41
9224,海南深远海新能源科技有限公司,91460000MA5TUNPD4Q,206,C 支撑/泛赛道-备选,科技配套,独立法人,海南省级登记,本地(省级),MA5,,,能源科技|新能源,,,,,,41
9263,海南上交卫安环保科技有限公司,91460000MAEJ6LJ6XL,206,C 支撑/泛赛道-备选,科技配套,独立法人,海南省级登记,本地(省级),MAE,,,环保科技,,,,,,41
9302,海南森宇环保科技有限公司,91460000MAA8Y5W3X5,207,C 支撑/泛赛道-备选,科技配套,独立法人,海南省级登记,本地(省级),MAA,,,环保科技,,,,,,41
9303,海南森予电子科技有限公司,91460000MA7HDH5Q7U,207,C 支撑/泛赛道-备选,科技配套,独立法人,海南省级登记,本地(省级),MA7,,,电子科技,,,,,,41
9319,海南森隆汇鑫环保科技有限公司,91460000MAC2HCX06B,208,C 支撑/泛赛道-备选,科技配套,独立法人,海南省级登记,本地(省级),MAC,,,环保科技,,,,,,41
9373,海南三亚洁盛康医疗科技有限公司,91460000MACQPE1E8N,209,C 支撑/泛赛道-备选,科技配套,独立法人,海南省级登记,本地(省级),MAC,,,医疗科技,,,,,,41
9434,海南若氢新能源科技有限公司,91460000MABUM9X25X,210,C 支撑/泛赛道-备选,科技配套,独立法人,海南省级登记,本地(省级),MA其他,,,能源科技|新能源,,,,,,41
9458,海南润璞能源科技有限公司,91460000MA5TYG0951,211,C 支撑/泛赛道-备选,科技配套,独立法人,海南省级登记,本地(省级),MA5,,,能源科技,,,,,,41
9462,海南润科医疗器械有限公司,91460000MA7GQFKUXN,211,C 支撑/泛赛道-备选,科技配套,独立法人,海南省级登记,本地(省级),MA7,,,医疗器械,,,,,,41
9501,海南睿峰硅材料有限公司,91460000MACGGA155C,212,C 支撑/泛赛道-备选,科技配套,独立法人,海南省级登记,本地(省级),MAC,,,硅,,,,,,41
9530,海南瑞顺新能源有限公司,91460000MA5U20XR5C,212,C 支撑/泛赛道-备选,科技配套,独立法人,海南省级登记,本地(省级),MA5,,,新能源,,,,,,41
9554,海南瑞初环保科技有限公司,91460000MA5TQYML9N,213,C 支撑/泛赛道-备选,科技配套,独立法人,海南省级登记,本地(省级),MA5,,,环保科技,,,,,,41
9590,海南荣辉新能源有限公司,91460000MABT7MJL4N,214,C 支撑/泛赛道-备选,科技配套,独立法人,海南省级登记,本地(省级),MA其他,,,新能源,,,,,,41
9593,海南荣富新能源有限公司,91460000MACC4H1L6A,214,C 支撑/泛赛道-备选,科技配套,独立法人,海南省级登记,本地(省级),MAC,,,新能源,,,,,,41
9693,海南庆享电子科技有限公司,91460200MA5T69WQ6G,216,C 支撑/泛赛道-备选,科技配套,独立法人,三亚市/区登记,本地(三亚),MA5,,,电子科技,,,,,,41
9704,海南擎霄环境检测有限公司,91460000MA5TXBYY7B,216,C 支撑/泛赛道-备选,科技配套,独立法人,海南省级登记,本地(省级),MA5,,,检测,,,,,,41
9796,海南千艺虹新材料科技有限公司,91460000MAE0QXD82L,218,C 支撑/泛赛道-备选,科技配套,独立法人,海南省级登记,本地(省级),MAE,,,新材料,,,,,,41
9807,海南千霖能源科技有限公司,91460000MAC7QU164U,218,C 支撑/泛赛道-备选,科技配套,独立法人,海南省级登记,本地(省级),MAC,,,能源科技,,,,,,41
9885,海南普瑞赛司仪器有限公司,91460000MAEQ953Q0J,220,C 支撑/泛赛道-备选,科技配套,独立法人,海南省级登记,本地(省级),MAE,,,仪器,,,,,,41
9912,海南品和新材料科技有限公司,91460000MAC7UEA27D,221,C 支撑/泛赛道-备选,科技配套,独立法人,海南省级登记,本地(省级),MAC,,,新材料,,,,,,41
9945,海南磐基泰和能源科技有限公司,91460000MAEAXL682C,222,C 支撑/泛赛道-备选,科技配套,独立法人,海南省级登记,本地(省级),MAE,,,能源科技,,,,,,41
9971,海南诺理医疗科技有限公司,91460000MAE2MEPR2G,222,C 支撑/泛赛道-备选,科技配套,独立法人,海南省级登记,本地(省级),MAE,,,医疗科技,,,,,,41
10062,海南耐美特新能源科技有限公司,91460000MA7HHW0W72,224,C 支撑/泛赛道-备选,科技配套,独立法人,海南省级登记,本地(省级),MA7,,,能源科技|新能源,,,,,,41
10131,海南明悦医疗科技有限公司,91460000MAD96F1T60,226,C 支撑/泛赛道-备选,科技配套,独立法人,海南省级登记,本地(省级),MAD,,,医疗科技,,,,,,41
10137,海南明阳智慧能源有限公司,91460000MA5TUX7T8A,226,C 支撑/泛赛道-备选,科技配套,独立法人,海南省级登记,本地(省级),MA5,,,智慧能源,,,,,,41
10149,海南明润新材料科技有限公司,91460000MA5TWFFL5T,226,C 支撑/泛赛道-备选,科技配套,独立法人,海南省级登记,本地(省级),MA5,,,新材料,,,,,,41
10201,海南米多多医疗科技有限公司,91460000MACECYDJ8K,227,C 支撑/泛赛道-备选,科技配套,独立法人,海南省级登记,本地(省级),MAC,,,医疗科技,,,,,,41
10247,海南美利安新能源科技有限公司,91460000MABW6TWG2N,228,C 支撑/泛赛道-备选,科技配套,独立法人,海南省级登记,本地(省级),MA其他,,,能源科技|新能源,,,,,,41
10310,海南绿擎环保科技有限公司,91460000MA5T9R5N59,230,C 支撑/泛赛道-备选,科技配套,独立法人,海南省级登记,本地(省级),MA5,,,环保科技,,,,,,41
10320,海南绿耕新能源科技有限公司,91460000MAE0GGTR9R,230,C 支撑/泛赛道-备选,科技配套,独立法人,海南省级登记,本地(省级),MAE,,,能源科技|新能源,,,,,,41
10445,海南灵境算法科技有限公司,91460000MAEJPKMY9W,233,C 支撑/泛赛道-备选,科技配套,独立法人,海南省级登记,本地(省级),MAE,,,算法,,,,,,41
10484,海南量子医疗科技有限公司,91460200MA5TMLDA4A,234,C 支撑/泛赛道-备选,科技配套,独立法人,三亚市/区登记,本地(三亚),MA5,,,医疗科技,,,,,,41
10492,海南良辉新能源开发有限公司,91460000MAEWDE9M8L,234,C 支撑/泛赛道-备选,科技配套,独立法人,海南省级登记,本地(省级),MAE,,,新能源,,,,,,41
10532,海南利泰能源科技发展有限公司,91460000MAG1GDB0X2,235,C 支撑/泛赛道-备选,科技配套,独立法人,海南省级登记,本地(省级),MAG,,,能源科技,,,,,,41
10563,海南类脑人工智能科技有限公司,91460000MAD097UMXU,235,C 支撑/泛赛道-备选,科技配套,独立法人,海南省级登记,本地(省级),MAD,,,人工智能,,,,,,41
10634,海南蓝杉环保科技有限公司,91460000MA5TMYWGX1,237,C 支撑/泛赛道-备选,科技配套,独立法人,海南省级登记,本地(省级),MA5,,,环保科技,,,,,,41
10640,海南蓝阔能源科技有限公司,91460000MAD74K8X4W,237,C 支撑/泛赛道-备选,科技配套,独立法人,海南省级登记,本地(省级),MAD,,,能源科技,,,,,,41
10671,海南来英电子科技有限公司,91460000MAC7W1WA8Q,238,C 支撑/泛赛道-备选,科技配套,独立法人,海南省级登记,本地(省级),MAC,,,电子科技,,,,,,41
10703,海南坤安储能科技有限公司,91460000MAEPN3FP95,238,C 支撑/泛赛道-备选,科技配套,独立法人,海南省级登记,本地(省级),MAE,,,储能,,,,,,41
10728,海南壳木软件有限责任公司,91460000MA5TTC8E94,239,C 支撑/泛赛道-备选,科技配套,独立法人,海南省级登记,本地(省级),MA5,,,软件,,,,,,41
10736,海南科耀达检测鉴定有限公司,91460000MACPD7X527,239,C 支撑/泛赛道-备选,科技配套,独立法人,海南省级登记,本地(省级),MAC,,,检测,,,,,,41
10760,海南科慧医疗科技有限公司,91460000MAA8YU229H,240,C 支撑/泛赛道-备选,科技配套,独立法人,海南省级登记,本地(省级),MAA,,,医疗科技,,,,,,41
10781,海南康希诺医疗器械有限公司,91460000MACTKWN67X,240,C 支撑/泛赛道-备选,科技配套,独立法人,海南省级登记,本地(省级),MAC,,,医疗器械,,,,,,41
10797,海南康达必欣医疗科技有限公司,91460000MAA99A8A2B,240,C 支撑/泛赛道-备选,科技配套,独立法人,海南省级登记,本地(省级),MAA,,,医疗科技,,,,,,41
10816,海南凯迈新能源有限公司,91460000MAEMGR6M1J,241,C 支撑/泛赛道-备选,科技配套,独立法人,海南省级登记,本地(省级),MAE,,,新能源,,,,,,41
10889,海南卷积科技有限公司,91460000MA5TULUQ7M,243,C 支撑/泛赛道-备选,科技配套,独立法人,海南省级登记,本地(省级),MA5,,,卷积,,,,,,41
10916,海南聚弘通新能源科技有限公司,91460200397983526D,243,C 支撑/泛赛道-备选,科技配套,独立法人,三亚市/区登记,本地(三亚),旧版(2015前),,,能源科技|新能源,,,,,,41
10929,海南巨圣新能源科技有限公司,91460000MACC0H0W84,243,C 支撑/泛赛道-备选,科技配套,独立法人,海南省级登记,本地(省级),MAC,,,能源科技|新能源,,,,,,41
10932,海南巨牛新能源科技有限公司,91460000MAD9Q3D79E,243,C 支撑/泛赛道-备选,科技配套,独立法人,海南省级登记,本地(省级),MAD,,,能源科技|新能源,,,,,,41
10938,海南巨大的数据技术有限公司,91460000MAE5CRXR7K,244,C 支撑/泛赛道-备选,科技配套,独立法人,海南省级登记,本地(省级),MAE,,,数据技术,,,,,,41
10972,海南九鲸医疗器械有限公司,91460000MA7LGDQP16,244,C 支撑/泛赛道-备选,科技配套,独立法人,海南省级登记,本地(省级),MA7,,,医疗器械,,,,,,41
11001,海南竞众衡能源科技有限公司,91460000MACXGC4X43,245,C 支撑/泛赛道-备选,科技配套,独立法人,海南省级登记,本地(省级),MAC,,,能源科技,,,,,,41
11034,海南憬城智能新能源设备有限公司,91460000MAEWTCQN6T,246,C 支撑/泛赛道-备选,科技配套,独立法人,海南省级登记,本地(省级),MAE,,,新能源,,,,,,41
11079,海南精卫微碳环保科技有限公司,91460000MACEPW902E,247,C 支撑/泛赛道-备选,科技配套,独立法人,海南省级登记,本地(省级),MAC,,,环保科技,,,,,,41
11263,海南金丰平能源科技有限公司,91460000MACD16EH0A,251,C 支撑/泛赛道-备选,科技配套,独立法人,海南省级登记,本地(省级),MAC,,,能源科技,,,,,,41
11281,海南津源新能源材料有限公司,91460000MACXCHNC50,251,C 支撑/泛赛道-备选,科技配套,独立法人,海南省级登记,本地(省级),MAC,,,新能源,,,,,,41
11301,海南捷铖电子科技有限公司,91460000MAE0RGLG81,252,C 支撑/泛赛道-备选,科技配套,独立法人,海南省级登记,本地(省级),MAE,,,电子科技,,,,,,41
11302,海南捷宝新能源科技有限公司,91460000MAA94G9D2Q,252,C 支撑/泛赛道-备选,科技配套,独立法人,海南省级登记,本地(省级),MAA,,,能源科技|新能源,,,,,,41
11348,海南健达电子科技有限公司,91460000MA5U2KL297,253,C 支撑/泛赛道-备选,科技配套,独立法人,海南省级登记,本地(省级),MA5,,,电子科技,,,,,,41
11456,海南极创机器人股份有限公司,91460200MA5T2EM95B,255,C 支撑/泛赛道-备选,科技配套,独立法人,三亚市/区登记,本地(三亚),MA5,,,机器人,,,,,,41
11462,海南吉亚医疗科技有限公司,91460000MAD9956T7E,255,C 支撑/泛赛道-备选,科技配套,独立法人,海南省级登记,本地(省级),MAD,,,医疗科技,,,,,,41
11465,海南吉事能源科技有限公司,91460000MADA6N2F0W,255,C 支撑/泛赛道-备选,科技配套,独立法人,海南省级登记,本地(省级),MAD,,,能源科技,,,,,,41
11492,海南绘光医疗科技有限公司,91460000MAG195HU3F,256,C 支撑/泛赛道-备选,科技配套,独立法人,海南省级登记,本地(省级),MAG,,,医疗科技,,,,,,41
11514,海南汇鼎盛新材料科技有限公司,91460000MAG1W9XL8U,256,C 支撑/泛赛道-备选,科技配套,独立法人,海南省级登记,本地(省级),MAG,,,新材料,,,,,,41
11546,海南惠泰新能源科技有限公司,91460000MA5T9UAP1Q,257,C 支撑/泛赛道-备选,科技配套,独立法人,海南省级登记,本地(省级),MA5,,,能源科技|新能源,,,,,,41
11621,海南华赢新材料有限公司,91460000MA5U2BD66G,259,C 支撑/泛赛道-备选,科技配套,独立法人,海南省级登记,本地(省级),MA5,,,新材料,,,,,,41
11632,海南华祥空天科技有限公司,91460000MAEPP3MQ2A,259,C 支撑/泛赛道-备选,科技配套,独立法人,海南省级登记,本地(省级),MAE,,,空天,,,,,,41
11651,海南华茂能源科技有限责任公司,91460000MAD9AN25XQ,259,C 支撑/泛赛道-备选,科技配套,独立法人,海南省级登记,本地(省级),MAD,,,能源科技,,,,,,41
11652,海南华劢检测技术有限公司,91460000MADA8G1F6X,259,C 支撑/泛赛道-备选,科技配套,独立法人,海南省级登记,本地(省级),MAD,,,检测,,,,,,41
11657,海南华金宝软件科技有限公司,91460200MA5RGG6MX5,260,C 支撑/泛赛道-备选,科技配套,独立法人,三亚市/区登记,本地(三亚),MA5,,,软件,,,,,,41
11662,海南华洪新能源投资集团有限公司,91460000MA5TGN8W51,260,C 支撑/泛赛道-备选,科技配套,独立法人,海南省级登记,本地(省级),MA5,,,新能源,,投资,,,,41
11723,海南鸿越环保科技有限公司,91460000MA7MAQA41N,261,C 支撑/泛赛道-备选,科技配套,独立法人,海南省级登记,本地(省级),MA7,,,环保科技,,,,,,41
11923,海南恒泰福海能源科技有限公司,91460000MAEK6NYE7X,265,C 支撑/泛赛道-备选,科技配套,独立法人,海南省级登记,本地(省级),MAE,,,能源科技,,,,,,41
11938,海南恒军能源科技有限公司,91460000MACHAQBP4X,266,C 支撑/泛赛道-备选,科技配套,独立法人,海南省级登记,本地(省级),MAC,,,能源科技,,,,,,41
11967,海南赫泰佳颜医疗器械有限公司,91460000MAEGD7M827,266,C 支撑/泛赛道-备选,科技配套,独立法人,海南省级登记,本地(省级),MAE,,,医疗器械,,,,,,41
11987,海南和筑新能源科技有限公司,91460000MAEU9U5G3M,267,C 支撑/泛赛道-备选,科技配套,独立法人,海南省级登记,本地(省级),MAE,,,能源科技|新能源,,,,,,41
11998,海南和其新能源科技有限公司,91460000MA5TYN9C6M,267,C 支撑/泛赛道-备选,科技配套,独立法人,海南省级登记,本地(省级),MA5,,,能源科技|新能源,,,,,,41
12075,海南昊昶新能源有限公司,91460200MADWK22D31,269,C 支撑/泛赛道-备选,科技配套,独立法人,三亚市/区登记,本地(三亚),MAD,,,新能源,,,,,,41
12094,海南豪锋测绘科技有限公司,91460200324072764F,269,C 支撑/泛赛道-备选,科技配套,独立法人,三亚市/区登记,本地(三亚),旧版(2015前),,,测绘,,,,,,41
12103,海南航天宏图信息技术有限公司,91460200MA5RHGWU6Q,269,C 支撑/泛赛道-备选,科技配套,独立法人,三亚市/区登记,本地(三亚),MA5,,,航天,,,,,,41
12231,海南海劢医疗科技有限公司,91460000MAD98D2E57,272,C 支撑/泛赛道-备选,科技配套,独立法人,海南省级登记,本地(省级),MAD,,,医疗科技,,,,,,41
12241,海南海科清洁能源科技有限公司,91460000MA5TTT8P56,273,C 支撑/泛赛道-备选,科技配套,独立法人,海南省级登记,本地(省级),MA5,,,能源科技,,,,,,41
12278,海南果与诺环保科技有限公司,91460200MA5T70QM6D,273,C 支撑/泛赛道-备选,科技配套,独立法人,三亚市/区登记,本地(三亚),MA5,,,环保科技,,,,,,41
12291,海南国钰生物环保科技有限公司,91460000MAC5TFG129,274,C 支撑/泛赛道-备选,科技配套,独立法人,海南省级登记,本地(省级),MAC,,,环保科技,,,,,,41
12308,海南国井新材料科技有限公司,91460000MABUJMTQ53,274,C 支撑/泛赛道-备选,科技配套,独立法人,海南省级登记,本地(省级),MA其他,,,新材料,,,,,,41
12342,海南广翰新能源有限公司,91460000MAD39DU41N,275,C 支撑/泛赛道-备选,科技配套,独立法人,海南省级登记,本地(省级),MAD,,,新能源,,,,,,41
12351,海南光伏宝新能源科技有限公司,91460200MA5T3MUW1Y,275,C 支撑/泛赛道-备选,科技配套,独立法人,三亚市/区登记,本地(三亚),MA5,,,能源科技|新能源,,,,,,41
12436,海南富烯新材料科技有限公司,91460000MAE8A5CD0Q,277,C 支撑/泛赛道-备选,科技配套,独立法人,海南省级登记,本地(省级),MAE,,,新材料,,,,,,41
12481,海南福瑞达隆新材料有限公司,91460000MAEF9DDQ6G,278,C 支撑/泛赛道-备选,科技配套,独立法人,海南省级登记,本地(省级),MAE,,,新材料,,,,,,41
12607,海南范瑞新材料科技有限公司,91460000MADECPUU3G,281,C 支撑/泛赛道-备选,科技配套,独立法人,海南省级登记,本地(省级),MAD,,,新材料,,,,,,41
12612,海南梵翩医疗科技有限公司,91460000MA5TGQX35W,281,C 支撑/泛赛道-备选,科技配套,独立法人,海南省级登记,本地(省级),MA5,,,医疗科技,,,,,,41
12687,海南东方宁达新能源技术有限公司,91460000MABNJN5M66,282,C 支撑/泛赛道-备选,科技配套,独立法人,海南省级登记,本地(省级),MA其他,,,新能源,,,,,,41
12700,海南鼎文能源科技有限公司,91460000MA5TYDKQ3G,283,C 支撑/泛赛道-备选,科技配套,独立法人,海南省级登记,本地(省级),MA5,,,能源科技,,,,,,41
12706,海南鼎明新能源科技有限公司,91460000MAD3QEL66U,283,C 支撑/泛赛道-备选,科技配套,独立法人,海南省级登记,本地(省级),MAD,,,能源科技|新能源,,,,,,41
12782,海南得一环保科技有限公司,91460000MACH8F2G2W,285,C 支撑/泛赛道-备选,科技配套,独立法人,海南省级登记,本地(省级),MAC,,,环保科技,,,,,,41
12783,海南得一福宇新能源科技有限公司,91460000MAE6TQKF78,285,C 支撑/泛赛道-备选,科技配套,独立法人,海南省级登记,本地(省级),MAE,,,能源科技|新能源,,,,,,41
12805,海南丹正半导体科技有限公司,91460000MACDQ3T64U,285,C 支撑/泛赛道-备选,科技配套,独立法人,海南省级登记,本地(省级),MAC,,,半导体,,,,,,41
12841,海南达圣润丰医疗科技有限公司,91460000MAC3FYQT98,286,C 支撑/泛赛道-备选,科技配套,独立法人,海南省级登记,本地(省级),MAC,,,医疗科技,,,,,,41
12848,海南达电新能源发展有限公司,91460000MAD9RKFH53,286,C 支撑/泛赛道-备选,科技配套,独立法人,海南省级登记,本地(省级),MAD,,,新能源,,,,,,41
12871,海南春讯能源科技有限公司,91460000MAG0DP9D9L,287,C 支撑/泛赛道-备选,科技配套,独立法人,海南省级登记,本地(省级),MAG,,,能源科技,,,,,,41
12915,海南传棋电子科技有限公司,91460000MAA8Y4RM0M,288,C 支撑/泛赛道-备选,科技配套,独立法人,海南省级登记,本地(省级),MAA,,,电子科技,,,,,,41
12918,海南川旗医疗器械有限公司,91460000MABYQJWK96,288,C 支撑/泛赛道-备选,科技配套,独立法人,海南省级登记,本地(省级),MA其他,,,医疗器械,,,,,,41
12968,海南诚汇新能源有限公司,91460204MACTFHQGXD,289,C 支撑/泛赛道-备选,科技配套,独立法人,三亚市/区登记,本地(三亚),MAC,,,新能源,,,,,,41
12989,海南盛泰能源科技有限公司,91460000MA5TW34947,289,C 支撑/泛赛道-备选,科技配套,独立法人,海南省级登记,本地(省级),MA5,,,能源科技,,,,,,41
12997,海南盛世康涂新材料科技发展有限公司,91460000MACQE5WT36,289,C 支撑/泛赛道-备选,科技配套,独立法人,海南省级登记,本地(省级),MAC,,,新材料,,,,,,41
13064,海南承远新能源科技有限公司,91460000MAEMGQQD2C,291,C 支撑/泛赛道-备选,科技配套,独立法人,海南省级登记,本地(省级),MAE,,,能源科技|新能源,,,,,,41
13066,海南承鑫能源科技有限公司,91460000MADENFHB8A,291,C 支撑/泛赛道-备选,科技配套,独立法人,海南省级登记,本地(省级),MAD,,,能源科技,,,,,,41
13136,海南潮伏新能源有限公司,91460000MA5TXGLF2P,292,C 支撑/泛赛道-备选,科技配套,独立法人,海南省级登记,本地(省级),MA5,,,新能源,,,,,,41
13168,海南长存电子科技有限公司,91460000MABQH1GU37,293,C 支撑/泛赛道-备选,科技配套,独立法人,海南省级登记,本地(省级),MA其他,,,电子科技,,,,,,41
13246,海南博医腾医疗科技有限责任公司,91460000MAA969YD30,295,C 支撑/泛赛道-备选,科技配套,独立法人,海南省级登记,本地(省级),MAA,,,医疗科技,,,,,,41
13313,海南槟瑀新能源科技有限公司,91460000MAD81DLQ5Y,296,C 支撑/泛赛道-备选,科技配套,独立法人,海南省级登记,本地(省级),MAD,,,能源科技|新能源,,,,,,41
13354,海南贝朗医疗科技有限公司,91460000MACN0APU17,297,C 支撑/泛赛道-备选,科技配套,独立法人,海南省级登记,本地(省级),MAC,,,医疗科技,,,,,,41
13385,海南宝晟新材料科技有限公司,91460000MA5TFXPH2C,298,C 支撑/泛赛道-备选,科技配套,独立法人,海南省级登记,本地(省级),MA5,,,新材料,,,,,,41
13462,海南翱熠电子科技有限公司,91460000MAET9R9Q1D,300,C 支撑/泛赛道-备选,科技配套,独立法人,海南省级登记,本地(省级),MAE,,,电子科技,,,,,,41
13517,海南爱芯医疗科技股份公司,91460000MAA97GQE5F,301,C 支撑/泛赛道-备选,科技配套,独立法人,海南省级登记,本地(省级),MAA,,,医疗科技,,,,,,41
13568,海鲸智探能源装备（三亚）有限公司,91460000MAG27H9E4H,302,C 支撑/泛赛道-备选,科技配套,独立法人,海南省级登记,本地(省级),MAG,,,装备,,,,,,41
13570,海津新能源（海南）有限公司,91460000MA5TW1KL9Q,302,C 支撑/泛赛道-备选,科技配套,独立法人,海南省级登记,本地(省级),MA5,,,新能源,,,,,,41
13583,海辰新能源（海南）有限公司,91460000MAA8YA3X4Q,302,C 支撑/泛赛道-备选,科技配套,独立法人,海南省级登记,本地(省级),MAA,,,新能源,,,,,,41
13603,国祥新能源（海南）有限公司,91460000MA5TRYW65B,303,C 支撑/泛赛道-备选,科技配套,独立法人,海南省级登记,本地(省级),MA5,,,新能源,,,,,,41
13611,国然能源科技（海南）有限公司,91460000MAEULBYF34,303,C 支撑/泛赛道-备选,科技配套,独立法人,海南省级登记,本地(省级),MAE,,,能源科技,,,,,,41
13674,格沃斯新材料科技（海南）有限公司,91460000MACRUN4U0P,304,C 支撑/泛赛道-备选,科技配套,独立法人,海南省级登记,本地(省级),MAC,,,新材料,,,,,,41
13691,赴来（海南）人工智能科技有限公司,91460000MAEXA5FW88,305,C 支撑/泛赛道-备选,科技配套,独立法人,海南省级登记,本地(省级),MAE,,,人工智能,,,,,,41
13704,福科斯（海南）新能源科技有限公司,91460200MA5T411P83,305,C 支撑/泛赛道-备选,科技配套,独立法人,三亚市/区登记,本地(三亚),MA5,,,能源科技|新能源,,,,,,41
13735,方兴瑞康（海南）医疗科技有限公司,91460000MA7H4JDX1D,306,C 支撑/泛赛道-备选,科技配套,独立法人,海南省级登记,本地(省级),MA7,,,医疗科技,,,,,,41
13745,俄联中新能源科技发展（海南）有限公司,91460000MAE22JG254,306,C 支撑/泛赛道-备选,科技配套,独立法人,海南省级登记,本地(省级),MAE,,,能源科技|新能源,,,,,,41
13807,大云圣融大数据产业（海南）股份有限公司,91460000MAERNM9K3K,307,C 支撑/泛赛道-备选,科技配套,独立法人,海南省级登记,本地(省级),MAE,,,大数据,,,,,,41
13840,创翔新材料（海南）有限公司,91460000MA5U2JKW5Q,308,C 支撑/泛赛道-备选,科技配套,独立法人,海南省级登记,本地(省级),MA5,,,新材料,,,,,,41
13854,齿创（海南）医疗科技有限公司,91460000MAEM70Q30Q,308,C 支撑/泛赛道-备选,科技配套,独立法人,海南省级登记,本地(省级),MAE,,,医疗科技,,,,,,41
13916,苍穹新能源科技（海南）有限责任公司,91460000MAEF4R5X3Y,310,C 支撑/泛赛道-备选,科技配套,独立法人,海南省级登记,本地(省级),MAE,,,能源科技|新能源,,,,,,41
13930,柏创（海南）环保科技有限公司,91460000MACQMXD3XD,310,C 支撑/泛赛道-备选,科技配套,独立法人,海南省级登记,本地(省级),MAC,,,环保科技,,,,,,41
13932,博睿特（海南）环保科技有限公司,91460000MACHDETY6F,310,C 支撑/泛赛道-备选,科技配套,独立法人,海南省级登记,本地(省级),MAC,,,环保科技,,,,,,41
13940,骉马（海南）芯片技术有限公司,91460000MADXJ2B18P,310,C 支撑/泛赛道-备选,科技配套,独立法人,海南省级登记,本地(省级),MAD,,,芯片,,,,,,41
14005,佰航（三亚）人工智能科技有限责任公司,91460000MAEEE12X7P,312,C 支撑/泛赛道-备选,科技配套,独立法人,海南省级登记,本地(省级),MAE,,,人工智能,,,,,,41
14069,海南神远海智能装备科技有限公司,91460000MAK43GY38B,313,C 支撑/泛赛道-备选,科技配套,独立法人,海南省级登记,本地(省级),MAK,,,装备|智能装备,,,,,,41
14092,拓疆（海南）智能装备有限公司,91460000MAK3731T6N,314,C 支撑/泛赛道-备选,科技配套,独立法人,海南省级登记,本地(省级),MAK,,,装备|智能装备,,,,,,41
14216,海南时位通仪器有限公司,91460000MAK3F5P948,316,C 支撑/泛赛道-备选,科技配套,独立法人,海南省级登记,本地(省级),MAK,,,仪器,,,,,,41
14239,三亚域安新能源有限公司,91460000MAK3GQ3B3N,317,C 支撑/泛赛道-备选,科技配套,独立法人,海南省级登记,本地(省级),MAK,,,新能源,,,,,,41
14241,海南空天智投管理有限公司,91460000MAK4EJQT8L,317,C 支撑/泛赛道-备选,科技配套,独立法人,海南省级登记,本地(省级),MAK,,,空天,,,,,,41
14318,三亚文健珀安医疗科技有限公司,91460000MAK50DMF64,319,C 支撑/泛赛道-备选,科技配套,独立法人,海南省级登记,本地(省级),MAK,,,医疗科技,,,,,,41
14327,海南宇海电子科技有限公司,91460000MAK3MMQ285,319,C 支撑/泛赛道-备选,科技配套,独立法人,海南省级登记,本地(省级),MAK,,,电子科技,,,,,,41
14345,海南明豪新能源科技有限公司,91460000MAK2KDYH5H,319,C 支撑/泛赛道-备选,科技配套,独立法人,海南省级登记,本地(省级),MAK,,,能源科技|新能源,,,,,,41
14494,海南鲸曦医疗科技有限公司,91460000MAK4H1W73L,323,C 支撑/泛赛道-备选,科技配套,独立法人,海南省级登记,本地(省级),MAK,,,医疗科技,,,,,,41
14499,海南宇顺安环保科技有限公司,91460000MAK4HD0J0E,323,C 支撑/泛赛道-备选,科技配套,独立法人,海南省级登记,本地(省级),MAK,,,环保科技,,,,,,41
14528,海南热核新材料科技有限公司,91460000MAK4P1H393,323,C 支撑/泛赛道-备选,科技配套,独立法人,海南省级登记,本地(省级),MAK,,,新材料,,,,,,41
14566,景溪（海南）环保科技有限公司,91460000MAK39D1J2R,324,C 支撑/泛赛道-备选,科技配套,独立法人,海南省级登记,本地(省级),MAK,,,环保科技,,,,,,41
14660,海南景科源新能源有限公司,91460000MAD05CY66B,326,C 支撑/泛赛道-备选,科技配套,独立法人,海南省级登记,本地(省级),MAD,,,新能源,,,,,,41
14663,海南省鑫顺新能源电力开发有限公司,91460000MADBB37L5X,326,C 支撑/泛赛道-备选,科技配套,独立法人,海南省级登记,本地(省级),MAD,,,新能源,,,,,,41
14725,海南十六进制电子科技有限公司,91460000MAD1J50GX7,328,C 支撑/泛赛道-备选,科技配套,独立法人,海南省级登记,本地(省级),MAD,,,电子科技,,,,,,41
14738,海南坦思环保科技有限公司,91460000MAK3MU892A,328,C 支撑/泛赛道-备选,科技配套,独立法人,海南省级登记,本地(省级),MAK,,,环保科技,,,,,,41
14753,海南深蓝探索新能源装备有限公司,91460000MAK631FG40,328,C 支撑/泛赛道-备选,科技配套,独立法人,海南省级登记,本地(省级),MAK,,,装备|新能源,,,,,,41
14765,海南东方安达链生态环保科技有限责任公司,91460000MAK47F700L,329,C 支撑/泛赛道-备选,科技配套,独立法人,海南省级登记,本地(省级),MAK,,,环保科技,,,,,,41
14770,时代昱晟新材料科技（海南）有限公司,91460000MAK68M5E9U,329,C 支撑/泛赛道-备选,科技配套,独立法人,海南省级登记,本地(省级),MAK,,,新材料,,,,,,41
14813,海南省神瞳大数据科技有限公司,91460000MAK5HH146P,330,C 支撑/泛赛道-备选,科技配套,独立法人,海南省级登记,本地(省级),MAK,,,大数据,,,,,,41
14843,海南致远新创机器人有限公司,91460000MAK5U25K2J,330,C 支撑/泛赛道-备选,科技配套,独立法人,海南省级登记,本地(省级),MAK,,,机器人,,,,,,41
14897,万泰天成（海南）能源科技有限公司,91460000MAK5AGHR5P,332,C 支撑/泛赛道-备选,科技配套,独立法人,海南省级登记,本地(省级),MAK,,,能源科技,,,,,,41
14903,三亚崖州罗武斌医疗科技有限责任公司,91460000MAK3LDRF0X,332,C 支撑/泛赛道-备选,科技配套,独立法人,海南省级登记,本地(省级),MAK,,,医疗科技,,,,,,41
14942,海南贝斯德能源科技有限责任公司,91460000MAK67L5G7Q,333,C 支撑/泛赛道-备选,科技配套,独立法人,海南省级登记,本地(省级),MAK,,,能源科技,,,,,,41
14955,海南润达医疗科技有限公司,91460000MA5U1419XC,333,C 支撑/泛赛道-备选,科技配套,独立法人,海南省级登记,本地(省级),MA5,,,医疗科技,,,,,,41
3816,三亚琼琚种业科技合伙企业（有限合伙）,91469036MADR1CBT0P,85,B 核心赛道-需核实,南繁种业,合伙企业,海南其他市县登记,省内迁入/外设,MAD,种业,,,,,,,合伙企业(常为持股/通道载体),38
4464,三亚金色丰农科技投资合伙企业（有限合伙）,91469005MA5TUWKB0N,100,B 核心赛道-需核实,南繁种业,合伙企业,海南其他市县登记,省内迁入/外设,MA5,农科,,,,投资,,,合伙企业(常为持股/通道载体),38
6963,海南悦诚农业科技合伙企业（有限合伙）,91469006MADJNHQN3W,155,B 核心赛道-需核实,南繁种业,合伙企业,海南其他市县登记,省内迁入/外设,MAD,农业科技,,,,,,,合伙企业(常为持股/通道载体),38
10682,海南鲲信油料种业合伙企业（有限合伙）,91469006MAA8YKC17F,238,B 核心赛道-需核实,南繁种业,合伙企业,海南其他市县登记,省内迁入/外设,MAA,种业,,,,,,,合伙企业(常为持股/通道载体),38
11207,海南金色华欣共创种业合伙企业（有限合伙）,91469006MA7GUK3CXN,250,B 核心赛道-需核实,南繁种业,合伙企业,海南其他市县登记,省内迁入/外设,MA7,种业,,,,,,,合伙企业(常为持股/通道载体),38
11208,海南金色福农种业合伙企业（有限合伙）,91469030MA7FBG2Y86,250,B 核心赛道-需核实,南繁种业,合伙企业,海南其他市县登记,省内迁入/外设,MA7,种业|福农,,,,,,,合伙企业(常为持股/通道载体),38
13900,超级植物（北京）科技有限公司三亚分公司,91460108MACG0T7588,309,B 核心赛道-需核实,南繁种业,分支机构,海口登记,省内迁入/外设,MAC,植物,,,,,,,分支机构(非独立法人),38
85,中通服海洋科技（上海）有限公司海南分公司,91469027MADT22X380,2,B 核心赛道-需核实,深海海洋,分支机构,海南其他市县登记,省内迁入/外设,MAD,,海洋,,,,,,分支机构(非独立法人),36
131,中璞软件（海南）有限公司,91460100348098686L,3,C 支撑/泛赛道-备选,科技配套,独立法人,海口登记,省内迁入/外设,旧版(2015前),,,软件,,,,,,35
643,芯纪时代（三亚）电子科技有限公司,91469005MADW4G8L88,15,C 支撑/泛赛道-备选,科技配套,独立法人,海南其他市县登记,省内迁入/外设,MAD,,,电子科技,,,,,,35
732,蔚蓝时空新材料（海南）有限公司,91460106MAA9A6JN3A,17,C 支撑/泛赛道-备选,科技配套,独立法人,海口登记,省内迁入/外设,MAA,,,新材料,,,,,,35
757,望村（三亚市）飞行器有限责任公司,91469001MADFW59T70,17,C 支撑/泛赛道-备选,科技配套,独立法人,海南其他市县登记,省内迁入/外设,MAD,,,飞行器,,,,,,35
894,世汗国际新能源（海南）有限公司,91460106MADFXDT63Y,20,C 支撑/泛赛道-备选,科技配套,独立法人,海口登记,省内迁入/外设,MAD,,,新能源,,,,,,35
1432,三亚毅华电子科技有限公司,91460106MADA208288,32,C 支撑/泛赛道-备选,科技配套,独立法人,海口登记,省内迁入/外设,MAD,,,电子科技,,,,,,35
1779,三亚欣兴新能源有限责任公司,91460106MAA9AFAD97,40,C 支撑/泛赛道-备选,科技配套,独立法人,海口登记,省内迁入/外设,MAA,,,新能源,,,,,,35
1868,三亚熙禾君健医疗科技有限公司,91469031MADNX2W00X,42,C 支撑/泛赛道-备选,科技配套,独立法人,海南其他市县登记,省内迁入/外设,MAD,,,医疗科技,,,,,,35
1879,三亚嬉戏环保科技有限公司,91460106MADUPDKU2A,42,C 支撑/泛赛道-备选,科技配套,独立法人,海口登记,省内迁入/外设,MAD,,,环保科技,,,,,,35
2878,三亚市纳偲机械制造有限公司,91460108MADT9L5N39,64,C 支撑/泛赛道-备选,科技配套,独立法人,海口登记,省内迁入/外设,MAD,,,机械制造,,,,,,35
2904,三亚市名诺机械制造有限公司,91469005MADW4C8A7X,65,C 支撑/泛赛道-备选,科技配套,独立法人,海南其他市县登记,省内迁入/外设,MAD,,,机械制造,,,,,,35
2908,三亚市妙燕倾机械制造有限公司,91460106MADUMC422L,65,C 支撑/泛赛道-备选,科技配套,独立法人,海口登记,省内迁入/外设,MAD,,,机械制造,,,,,,35
2971,三亚市领媚慧机械制造有限公司,91469033MADUKFWK5B,67,C 支撑/泛赛道-备选,科技配套,独立法人,海南其他市县登记,省内迁入/外设,MAD,,,机械制造,,,,,,35
3476,三亚市川磊欣自动化设备有限公司,91460105MADUM8G280,78,C 支撑/泛赛道-备选,科技配套,独立法人,海口登记,省内迁入/外设,MAD,,,自动化,,,,,,35
3505,三亚市成浩机械制造有限公司,91469028MADT9G931J,78,C 支撑/泛赛道-备选,科技配套,独立法人,海南其他市县登记,省内迁入/外设,MAD,,,机械制造,,,,,,35
3573,三亚市倍驰机械制造有限公司,91460100MADW48NK3T,80,C 支撑/泛赛道-备选,科技配套,独立法人,海口登记,省内迁入/外设,MAD,,,机械制造,,,,,,35
3819,三亚琼岛相约露营装备科技有限公司,91469025MAC53GD06F,85,C 支撑/泛赛道-备选,科技配套,独立法人,海南其他市县登记,省内迁入/外设,MAC,,,装备,,,,,,35
4818,三亚浩天能环保科技有限公司,91460108MADNB66L8C,108,C 支撑/泛赛道-备选,科技配套,独立法人,海口登记,省内迁入/外设,MAD,,,环保科技,,,,,,35
4879,三亚海屿爱人工智能应用有限责任公司,91460106MADQ5Q8Y18,109,C 支撑/泛赛道-备选,科技配套,独立法人,海口登记,省内迁入/外设,MAD,,,人工智能,,,,,,35
5252,三亚诚宁特种设备检测有限公司,91460108MAD2WE0U0J,117,C 支撑/泛赛道-备选,科技配套,独立法人,海口登记,省内迁入/外设,MAD,,,检测,,,,,,35
5532,瑞阳液压设备（海南）有限公司,91460107MACGTNGG7H,123,C 支撑/泛赛道-备选,科技配套,独立法人,海口登记,省内迁入/外设,MAC,,,液压,,,,,,35
5558,荣新（海南省）电子科技有限公司,91469006MADPXC3Q86,124,C 支撑/泛赛道-备选,科技配套,独立法人,海南其他市县登记,省内迁入/外设,MAD,,,电子科技,,,,,,35
5714,明朗医疗科技（海南）有限公司,91460105MADNH47J5B,128,C 支撑/泛赛道-备选,科技配套,独立法人,海口登记,省内迁入/外设,MAD,,,医疗科技,,,,,,35
5751,美东汇成医疗科技（海南）有限公司,91460107MACQ12J20B,128,C 支撑/泛赛道-备选,科技配套,独立法人,海口登记,省内迁入/外设,MAC,,,医疗科技,,,,,,35
5783,龙兴集团新能源（海南）有限公司,91460100MA5TRCHQ3C,129,C 支撑/泛赛道-备选,科技配套,独立法人,海口登记,省内迁入/外设,MA5,,,新能源,,,,,,35
6038,杰夫（海南）环保科技有限公司,91460108MACQQD3B9B,135,C 支撑/泛赛道-备选,科技配套,独立法人,海口登记,省内迁入/外设,MAC,,,环保科技,,,,,,35
6631,海南智晓新能源开发有限公司,91469001MAA8YMXJ3B,148,C 支撑/泛赛道-备选,科技配套,独立法人,海南其他市县登记,省内迁入/外设,MAA,,,新能源,,,,,,35
6645,海南智欧新能源科技有限公司,91460107MADKF84B8Y,148,C 支撑/泛赛道-备选,科技配套,独立法人,海口登记,省内迁入/外设,MAD,,,能源科技|新能源,,,,,,35
6702,海南知遂环保科技有限公司,91460106MAD9236Q9R,149,C 支撑/泛赛道-备选,科技配套,独立法人,海口登记,省内迁入/外设,MAD,,,环保科技,,,,,,35
6719,海南正弦大数据有限公司,91460100MA5TXYUF9F,150,C 支撑/泛赛道-备选,科技配套,独立法人,海口登记,省内迁入/外设,MA5,,,大数据,,,,,,35
6854,海南韵洋能源科技有限公司,91469001MA5U18E77T,153,C 支撑/泛赛道-备选,科技配套,独立法人,海南其他市县登记,省内迁入/外设,MA5,,,能源科技,,,,,,35
6858,海南运红医疗科技有限责任公司,91469001MACYCNA79P,153,C 支撑/泛赛道-备选,科技配套,独立法人,海南其他市县登记,省内迁入/外设,MAC,,,医疗科技,,,,,,35
7047,海南钰和得环保科技有限公司,91460100MA5T20K86P,157,C 支撑/泛赛道-备选,科技配套,独立法人,海口登记,省内迁入/外设,MA5,,,环保科技,,,,,,35
7131,海南宇驰特装新能源有限公司,91469001MAC8JY3YX5,159,C 支撑/泛赛道-备选,科技配套,独立法人,海南其他市县登记,省内迁入/外设,MAC,,,新能源,,,,,,35
7288,海南益文环保科技有限公司,91460105MAA9A5F822,162,C 支撑/泛赛道-备选,科技配套,独立法人,海口登记,省内迁入/外设,MAA,,,环保科技,,,,,,35
7495,海南晏晟环保科技有限公司,91460108MACTQFUGXA,167,C 支撑/泛赛道-备选,科技配套,独立法人,海口登记,省内迁入/外设,MAC,,,环保科技,,,,,,35
7521,海南亚科自动化工程有限公司,91460100MAD5B6G70F,168,C 支撑/泛赛道-备选,科技配套,独立法人,海口登记,省内迁入/外设,MAD,,,自动化,,,,,,35
7698,海南信行新能源科技有限公司,91469005MACD666Q0J,172,C 支撑/泛赛道-备选,科技配套,独立法人,海南其他市县登记,省内迁入/外设,MAC,,,能源科技|新能源,,,,,,35
7816,海南芯未来机器人科技有限公司,91469031MADWHE3F2Y,174,C 支撑/泛赛道-备选,科技配套,独立法人,海南其他市县登记,省内迁入/外设,MAD,,,机器人,,,,,,35
7893,海南新雷宾医疗科技有限公司,91469002MAA98FN205,176,C 支撑/泛赛道-备选,科技配套,独立法人,海南其他市县登记,省内迁入/外设,MAA,,,医疗科技,,,,,,35
8133,海南未莱新能源科技有限公司,91469027MACR6JXB82,181,C 支撑/泛赛道-备选,科技配套,独立法人,海南其他市县登记,省内迁入/外设,MAC,,,能源科技|新能源,,,,,,35
8305,海南同保新材料科技有限公司,91460106MAC5KD34XD,185,C 支撑/泛赛道-备选,科技配套,独立法人,海口登记,省内迁入/外设,MAC,,,新材料,,,,,,35
8443,海南拓鑫能源科技有限公司,91460108MAD69XUM6U,188,C 支撑/泛赛道-备选,科技配套,独立法人,海口登记,省内迁入/外设,MAD,,,能源科技,,,,,,35
8572,海南双生莲医疗科技有限公司,91460100MABMPBKT8T,191,C 支撑/泛赛道-备选,科技配套,独立法人,海口登记,省内迁入/外设,MA其他,,,医疗科技,,,,,,35
8986,海南省荔添环保科技有限公司,91460106MA5TR7XA0B,200,C 支撑/泛赛道-备选,科技配套,独立法人,海口登记,省内迁入/外设,MA5,,,环保科技,,,,,,35
9249,海南绍铭能源科技有限公司,91460108MAA9A6KM1M,206,C 支撑/泛赛道-备选,科技配套,独立法人,海口登记,省内迁入/外设,MAA,,,能源科技,,,,,,35
9304,海南森亿新能源科技有限公司,91469033MA5TL6XL5L,207,C 支撑/泛赛道-备选,科技配套,独立法人,海南其他市县登记,省内迁入/外设,MA5,,,能源科技|新能源,,,,,,35
9962,海南欧力乐环保科技有限公司,91460100MA5T19LH5W,222,C 支撑/泛赛道-备选,科技配套,独立法人,海口登记,省内迁入/外设,MA5,,,环保科技,,,,,,35
10136,海南明奕能源科技有限公司,91460107MAA99Y961L,226,C 支撑/泛赛道-备选,科技配套,独立法人,海口登记,省内迁入/外设,MAA,,,能源科技,,,,,,35
10281,海南麦子智创医疗科技有限公司,91460106MAA99WQU0F,229,C 支撑/泛赛道-备选,科技配套,独立法人,海口登记,省内迁入/外设,MAA,,,医疗科技,,,,,,35
10409,海南六月环保科技有限公司,91460107MADWNCU17E,232,C 支撑/泛赛道-备选,科技配套,独立法人,海口登记,省内迁入/外设,MAD,,,环保科技,,,,,,35
10588,海南乐杰干细胞医院有限公司,91460106MAA98DDEX9,236,C 支撑/泛赛道-备选,科技配套,独立法人,海口登记,省内迁入/外设,MAA,,,细胞,,,,,,35
10662,海南莱瑞康医疗科技有限公司,91460100MACW1L537F,237,C 支撑/泛赛道-备选,科技配套,独立法人,海口登记,省内迁入/外设,MAC,,,医疗科技,,,,,,35
10672,海南来亚新能源有限公司,91469030MA5TA06Q8B,238,C 支撑/泛赛道-备选,科技配套,独立法人,海南其他市县登记,省内迁入/外设,MA5,,,新能源,,,,,,35
10762,海南科寰半导体有限公司,91460106MADPBQJC3G,240,C 支撑/泛赛道-备选,科技配套,独立法人,海口登记,省内迁入/外设,MAD,,,半导体,,,,,,35
10793,海南康华新材料有限公司,91460108MAA92AG2XN,240,C 支撑/泛赛道-备选,科技配套,独立法人,海口登记,省内迁入/外设,MAA,,,新材料,,,,,,35
10832,海南开利能源环保科技有限公司,91469027MA5T5TCH4L,241,C 支撑/泛赛道-备选,科技配套,独立法人,海南其他市县登记,省内迁入/外设,MA5,,,环保科技,,,,,,35
10959,海南九州云箭航天技术有限公司,91460108MAD9Q6381C,244,C 支撑/泛赛道-备选,科技配套,独立法人,海口登记,省内迁入/外设,MAD,,,航天,,,,,,35
11032,海南景创环保科技有限公司,91460105MAA9854D29,246,C 支撑/泛赛道-备选,科技配套,独立法人,海口登记,省内迁入/外设,MAA,,,环保科技,,,,,,35
11446,海南集思仪器设备有限公司,91460108MADEA4XE3E,255,C 支撑/泛赛道-备选,科技配套,独立法人,海口登记,省内迁入/外设,MAD,,,仪器,,,,,,35
11852,海南弘开传感科技有限公司,91469002MA5TW1Y65Q,264,C 支撑/泛赛道-备选,科技配套,独立法人,海南其他市县登记,省内迁入/外设,MA5,,,传感,,,,,,35
11974,海南禾下有熊能源科技有限公司,91469031MADN1HXM36,267,C 支撑/泛赛道-备选,科技配套,独立法人,海南其他市县登记,省内迁入/外设,MAD,,,能源科技,,,,,,35
12679,海南东劢医疗科技有限公司,91460105MAD8RH212U,282,C 支撑/泛赛道-备选,科技配套,独立法人,海口登记,省内迁入/外设,MAD,,,医疗科技,,,,,,35
12781,海南得一新能源产业有限公司,91460108MACGKA8J6L,285,C 支撑/泛赛道-备选,科技配套,独立法人,海口登记,省内迁入/外设,MAC,,,新能源,,,,,,35
13109,海南晨龙环保科技有限公司,91460106MAA8Y53L21,292,C 支撑/泛赛道-备选,科技配套,独立法人,海口登记,省内迁入/外设,MAA,,,环保科技,,,,,,35
13333,海南标度医疗科技有限公司,91460107MADL0RM03X,297,C 支撑/泛赛道-备选,科技配套,独立法人,海口登记,省内迁入/外设,MAD,,,医疗科技,,,,,,35
13622,国电投源烨（三亚）新能源有限公司,91460107MAA93G5D1H,303,C 支撑/泛赛道-备选,科技配套,独立法人,海口登记,省内迁入/外设,MAA,,,新能源,,,,,,35
13623,国电投（三亚）综合智慧能源有限公司,91469006MA5TR5BL5T,303,C 支撑/泛赛道-备选,科技配套,独立法人,海南其他市县登记,省内迁入/外设,MA5,,,智慧能源,,,,,,35
13653,广诚（海南）新能源有限公司,91460108MADH0KF819,304,C 支撑/泛赛道-备选,科技配套,独立法人,海口登记,省内迁入/外设,MAD,,,新能源,,,,,,35
13811,大唐三亚新能源有限公司,91460108MA5U0RCQ6U,307,C 支撑/泛赛道-备选,科技配套,独立法人,海口登记,省内迁入/外设,MA5,,,新能源,,,,,,35
13824,大才智能（三亚）医疗科技有限公司,91460100MAD9CT4Y7B,308,C 支撑/泛赛道-备选,科技配套,独立法人,海口登记,省内迁入/外设,MAD,,,医疗科技,,,,,,35
13834,创智盈辉（海南省）电子科技有限公司,91469027MADPM3DN2Q,308,C 支撑/泛赛道-备选,科技配套,独立法人,海南其他市县登记,省内迁入/外设,MAD,,,电子科技,,,,,,35
202,中化（海南）农业生态有限公司,91460200MA5U2X899W,5,C 支撑/泛赛道-备选,泛农业经营,独立法人,三亚市/区登记,本地(三亚),MA5,,,,,,,,,34
215,中禾耀（海南）农业集团有限公司,91460000MACD7HYD8P,5,C 支撑/泛赛道-备选,泛农业经营,独立法人,海南省级登记,本地(省级),MAC,,,,,,,,,34
373,泽润斯特农业科学研究（海南）有限公司,91460000MAEWHXBD0A,9,C 支撑/泛赛道-备选,泛农业经营,独立法人,海南省级登记,本地(省级),MAE,,,,,,,,,34
400,越程茂嘉（海南）农业发展有限公司,91460000MACLKEDF0R,9,C 支撑/泛赛道-备选,泛农业经营,独立法人,海南省级登记,本地(省级),MAC,,,,,,,,,34
462,映山湖（海南）农业有限公司,91460000MAK0NE5GX6,11,C 支撑/泛赛道-备选,泛农业经营,独立法人,海南省级登记,本地(省级),MAK,,,,,,,,,34
638,鑫柏穗（海南）农业发展有限公司,91460000MAECY5R98C,15,C 支撑/泛赛道-备选,泛农业经营,独立法人,海南省级登记,本地(省级),MAE,,,,,,,,,34
895,食叶草灵芝饲料（海南）集团有限公司,91460000MACAXA1U7E,20,C 支撑/泛赛道-备选,泛农业经营,独立法人,海南省级登记,本地(省级),MAC,,,,,,,,,34
1130,三亚振新农业有限公司,91460000MACWKQKC3Y,26,C 支撑/泛赛道-备选,泛农业经营,独立法人,海南省级登记,本地(省级),MAC,,,,,,,,,34
1137,三亚臻礼农业发展有限公司,91460000MAE5JM975T,26,C 支撑/泛赛道-备选,泛农业经营,独立法人,海南省级登记,本地(省级),MAE,,,,,,,,,34
1171,三亚展丰农业开发有限公司,91460000MAD5H5JN0C,27,C 支撑/泛赛道-备选,泛农业经营,独立法人,海南省级登记,本地(省级),MAD,,,,,,,,,34
1181,三亚泽瀚农业开发有限公司,91460000MAEMW9BD8M,27,C 支撑/泛赛道-备选,泛农业经营,独立法人,海南省级登记,本地(省级),MAE,,,,,,,,,34
1211,三亚云海农业开发有限公司,914602006872699372,27,C 支撑/泛赛道-备选,泛农业经营,独立法人,三亚市/区登记,本地(三亚),旧版(2015前),,,,,,,,,34
1323,三亚佑泽锦瑞农业有限公司,91460000MAEMN3XH5W,30,C 支撑/泛赛道-备选,泛农业经营,独立法人,海南省级登记,本地(省级),MAE,,,,,,,,,34
1337,三亚优旗永盛柒号农业有限公司,91460000MAK18PPN39,30,C 支撑/泛赛道-备选,泛农业经营,独立法人,海南省级登记,本地(省级),MAK,,,,,,,,,34
1338,三亚优旗永盛陆号农业有限公司,91460000MAK0R8QE28,30,C 支撑/泛赛道-备选,泛农业经营,独立法人,海南省级登记,本地(省级),MAK,,,,,,,,,34
1339,三亚优旗壹号农业有限公司,91460000MAK18RFB7B,30,C 支撑/泛赛道-备选,泛农业经营,独立法人,海南省级登记,本地(省级),MAK,,,,,,,,,34
1340,三亚优旗拾柒号农业有限公司,91460000MAK2BDKT5E,30,C 支撑/泛赛道-备选,泛农业经营,独立法人,海南省级登记,本地(省级),MAK,,,,,,,,,34
1341,三亚优旗拾陆号农业有限公司,91460000MAK1Y0DH19,30,C 支撑/泛赛道-备选,泛农业经营,独立法人,海南省级登记,本地(省级),MAK,,,,,,,,,34
1342,三亚优旗拾玖号农业有限公司,91460000MAK0L45191,30,C 支撑/泛赛道-备选,泛农业经营,独立法人,海南省级登记,本地(省级),MAK,,,,,,,,,34
1343,三亚优旗拾捌号农业有限公司,91460000MAK2RJGJ19,30,C 支撑/泛赛道-备选,泛农业经营,独立法人,海南省级登记,本地(省级),MAK,,,,,,,,,34
1344,三亚优旗叁号农业有限公司,91460000MAK1QN3WX3,30,C 支撑/泛赛道-备选,泛农业经营,独立法人,海南省级登记,本地(省级),MAK,,,,,,,,,34
1345,三亚优旗二号农业有限公司,91460000MAK1RLYJ0H,30,C 支撑/泛赛道-备选,泛农业经营,独立法人,海南省级登记,本地(省级),MAK,,,,,,,,,34
1350,三亚优谷粒农业开发有限公司,91460200MA5RHFXL60,31,C 支撑/泛赛道-备选,泛农业经营,独立法人,三亚市/区登记,本地(三亚),MA5,,,,,,,,,34
1352,三亚优迪永晟一号农业有限公司,91460000MAK2CP0D55,31,C 支撑/泛赛道-备选,泛农业经营,独立法人,海南省级登记,本地(省级),MAK,,,,,,,,,34
1353,三亚优迪永晟三号农业有限公司,91460000MAK0JELU4A,31,C 支撑/泛赛道-备选,泛农业经营,独立法人,海南省级登记,本地(省级),MAK,,,,,,,,,34
1354,三亚优迪永晟二号农业有限公司,91460000MAK1JFX25G,31,C 支撑/泛赛道-备选,泛农业经营,独立法人,海南省级登记,本地(省级),MAK,,,,,,,,,34
1355,三亚优迪一号农业有限公司,91460000MAK2FUBC7W,31,C 支撑/泛赛道-备选,泛农业经营,独立法人,海南省级登记,本地(省级),MAK,,,,,,,,,34
1356,三亚优迪兴佳一号农业有限公司,91460000MAK0JNL035,31,C 支撑/泛赛道-备选,泛农业经营,独立法人,海南省级登记,本地(省级),MAK,,,,,,,,,34
1357,三亚优迪叁号农业有限公司,91460000MAK2G48N28,31,C 支撑/泛赛道-备选,泛农业经营,独立法人,海南省级登记,本地(省级),MAK,,,,,,,,,34
1358,三亚优迪柒号农业有限公司,91460000MAK223X47Q,31,C 支撑/泛赛道-备选,泛农业经营,独立法人,海南省级登记,本地(省级),MAK,,,,,,,,,34
1359,三亚优迪陆号农业有限公司,91460000MAK1NNKU53,31,C 支撑/泛赛道-备选,泛农业经营,独立法人,海南省级登记,本地(省级),MAK,,,,,,,,,34
1360,三亚优迪玖号农业有限公司,91460000MAK2BH7300,31,C 支撑/泛赛道-备选,泛农业经营,独立法人,海南省级登记,本地(省级),MAK,,,,,,,,,34
1361,三亚优迪二号农业有限公司,91460000MAK0MRD693,31,C 支撑/泛赛道-备选,泛农业经营,独立法人,海南省级登记,本地(省级),MAK,,,,,,,,,34
1362,三亚优迪捌号农业有限公司,91460000MAK1NGC937,31,C 支撑/泛赛道-备选,泛农业经营,独立法人,海南省级登记,本地(省级),MAK,,,,,,,,,34
1364,三亚优邦农业有限公司,91460000MAD7N6FN2L,31,C 支撑/泛赛道-备选,泛农业经营,独立法人,海南省级登记,本地(省级),MAD,,,,,,,,,34
1365,三亚优昂农业发展有限公司,91460000MAC57JGJ07,31,C 支撑/泛赛道-备选,泛农业经营,独立法人,海南省级登记,本地(省级),MAC,,,,,,,,,34
1421,三亚益农裕丰农业发展有限公司,91460000MAELHC701R,32,C 支撑/泛赛道-备选,泛农业经营,独立法人,海南省级登记,本地(省级),MAE,,,,,,,,,34
1429,三亚益妃果业有限责任公司,91460000MADADAR34Y,32,C 支撑/泛赛道-备选,泛农业经营,独立法人,海南省级登记,本地(省级),MAD,,,,,,,,,34
1436,三亚易阔农业信息科技有限公司,91460000MACTT3458B,32,C 支撑/泛赛道-备选,泛农业经营,独立法人,海南省级登记,本地(省级),MAC,,,,,,,,,34
1451,三亚弈彩多农业发展有限公司,91460200MA5T22WF5J,33,C 支撑/泛赛道-备选,泛农业经营,独立法人,三亚市/区登记,本地(三亚),MA5,,,,,,,,,34
1499,三亚一统农业有限责任公司,91460000MADJ68379M,34,C 支撑/泛赛道-备选,泛农业经营,独立法人,海南省级登记,本地(省级),MAD,,,,,,,,,34
1540,三亚颜源农业有限公司,91460000MACT0GPR9K,35,C 支撑/泛赛道-备选,泛农业经营,独立法人,海南省级登记,本地(省级),MAC,,,,,,,,,34
1586,三亚崖州鑫繁农业有限公司,91460000MAE3971A14,36,C 支撑/泛赛道-备选,泛农业经营,独立法人,海南省级登记,本地(省级),MAE,,,,,,,,,34
1730,三亚信源农业开发有限公司,91460000MA5T7UYC72,39,C 支撑/泛赛道-备选,泛农业经营,独立法人,海南省级登记,本地(省级),MA5,,,,,,,,,34
1790,三亚新正科农业发展有限公司,91460000MAA994C85X,40,C 支撑/泛赛道-备选,泛农业经营,独立法人,海南省级登记,本地(省级),MAA,,,,,,,,,34
1852,三亚乡然农业开发有限公司,91460000MAD52NXD5P,42,C 支撑/泛赛道-备选,泛农业经营,独立法人,海南省级登记,本地(省级),MAD,,,,,,,,,34
1965,三亚婉晴农产品开发有限公司,91460200MA5REG8M1A,44,C 支撑/泛赛道-备选,泛农业经营,独立法人,三亚市/区登记,本地(三亚),MA5,,,,,,,,,34
1978,三亚庭硕农业有限公司,91460000MACMTNC65W,44,C 支撑/泛赛道-备选,泛农业经营,独立法人,海南省级登记,本地(省级),MAC,,,,,,,,,34
2008,三亚天合众众现代农业发展有限公司,91460000MA5TPHN874,45,C 支撑/泛赛道-备选,泛农业经营,独立法人,海南省级登记,本地(省级),MA5,,,,,,,,,34
2012,三亚天枫农业发展有限公司,91460000MA5U1KKC94,45,C 支撑/泛赛道-备选,泛农业经营,独立法人,海南省级登记,本地(省级),MA5,,,,,,,,,34
2039,三亚苔藓生态农业开发有限公司,91460000MAC8Y5275P,46,C 支撑/泛赛道-备选,泛农业经营,独立法人,海南省级登记,本地(省级),MAC,,,,,,,,,34
2059,三亚四相农业信息科技有限公司,91460000MACQUC0A0L,46,C 支撑/泛赛道-备选,泛农业经营,独立法人,海南省级登记,本地(省级),MAC,,,,,,,,,34
2073,三亚思诺农业发展有限公司,91460000MACQPD6E7Q,47,C 支撑/泛赛道-备选,泛农业经营,独立法人,海南省级登记,本地(省级),MAC,,,,,,,,,34
2098,三亚水之缘农业有限公司,91460200MA5RCY4E9T,47,C 支撑/泛赛道-备选,泛农业经营,独立法人,三亚市/区登记,本地(三亚),MA5,,,,,,,,,34
2104,三亚双农农资有限公司,91460200687275018T,47,C 支撑/泛赛道-备选,泛农业经营,独立法人,三亚市/区登记,本地(三亚),旧版(2015前),,,,,,,,,34
2250,三亚市育芯农业有限公司,91460000MAK1G2CT0U,51,C 支撑/泛赛道-备选,泛农业经营,独立法人,海南省级登记,本地(省级),MAK,,,,,,,,,34
2284,三亚市优迪良禾农业有限公司,91460000MAC1379U8Q,51,C 支撑/泛赛道-备选,泛农业经营,独立法人,海南省级登记,本地(省级),MAC,,,,,,,,,34
2412,三亚市崖州区金芒果业有限公司,91460000MACDK6EN34,54,C 支撑/泛赛道-备选,泛农业经营,独立法人,海南省级登记,本地(省级),MAC,,,,,,,,,34
2419,三亚市崖州区福坦农业有限责任公司,91460000MACXPDK16Y,54,C 支撑/泛赛道-备选,泛农业经营,独立法人,海南省级登记,本地(省级),MAC,,,,,,,,,34
2581,三亚市万禾汇农业发展有限公司,91460000MAEK5YGU81,58,C 支撑/泛赛道-备选,泛农业经营,独立法人,海南省级登记,本地(省级),MAE,,,,,,,,,34
2590,三亚市托哥优品农业有限公司,91460000MAK12FA93R,58,C 支撑/泛赛道-备选,泛农业经营,独立法人,海南省级登记,本地(省级),MAK,,,,,,,,,34
2885,三亚市沐丰农业有限公司,91460000MAK0G0BK4A,65,C 支撑/泛赛道-备选,泛农业经营,独立法人,海南省级登记,本地(省级),MAK,,,,,,,,,34
2939,三亚市绿耀农业有限公司,91460000MAK1JHBG57,66,C 支撑/泛赛道-备选,泛农业经营,独立法人,海南省级登记,本地(省级),MAK,,,,,,,,,34
2940,三亚市绿沃农业有限公司,91460000MAK1EPH31U,66,C 支撑/泛赛道-备选,泛农业经营,独立法人,海南省级登记,本地(省级),MAK,,,,,,,,,34
2941,三亚市绿禾农业有限公司,91460000MAK2FUBH85,66,C 支撑/泛赛道-备选,泛农业经营,独立法人,海南省级登记,本地(省级),MAK,,,,,,,,,34
3150,三亚市嘉禾天成农业有限公司,91460000MAEKD6M675,71,C 支撑/泛赛道-备选,泛农业经营,独立法人,海南省级登记,本地(省级),MAE,,,,,,,,,34
3232,三亚市禾源农业有限公司,91460000MAK1JM3A9W,72,C 支撑/泛赛道-备选,泛农业经营,独立法人,海南省级登记,本地(省级),MAK,,,,,,,,,34
3461,三亚市纯信顺泽农业有限公司,91460000MAD9A9TW4D,77,C 支撑/泛赛道-备选,泛农业经营,独立法人,海南省级登记,本地(省级),MAD,,,,,,,,,34
3465,三亚市春豇农业发展有限公司,91460000MADBQ48K8P,78,C 支撑/泛赛道-备选,泛农业经营,独立法人,海南省级登记,本地(省级),MAD,,,,,,,,,34
3495,三亚市盛邺农业有限公司,91460000MAK0MRAG1K,78,C 支撑/泛赛道-备选,泛农业经营,独立法人,海南省级登记,本地(省级),MAK,,,,,,,,,34
3625,三亚施顿农业综合开发有限公司,91460200780727744X,81,C 支撑/泛赛道-备选,泛农业经营,独立法人,三亚市/区登记,本地(三亚),旧版(2015前),,,,,,,,,34
3654,三亚邵港农业有限公司,91460000MAC5RL0P2H,82,C 支撑/泛赛道-备选,泛农业经营,独立法人,海南省级登记,本地(省级),MAC,,,,,,,,,34
3676,三亚山林丰农业开发有限公司,91460000MA5TFWHP4F,82,C 支撑/泛赛道-备选,泛农业经营,独立法人,海南省级登记,本地(省级),MA5,,,,,,,,,34
3677,三亚山海云雾农业发展有限公司,91460000MAE23LHD22,82,C 支撑/泛赛道-备选,泛农业经营,独立法人,海南省级登记,本地(省级),MAE,,,,,,,,,34
3698,三亚三界农业有限公司,91460000MAEPRF185P,83,C 支撑/泛赛道-备选,泛农业经营,独立法人,海南省级登记,本地(省级),MAE,,,,,,,,,34
3757,三亚瑞盛禾农业有限公司,91460203MADUQFF49H,84,C 支撑/泛赛道-备选,泛农业经营,独立法人,三亚市/区登记,本地(三亚),MAD,,,,,,,,,34
3763,三亚儒生农业发展有限责任公司,91460000MAE45QXD0H,84,C 支撑/泛赛道-备选,泛农业经营,独立法人,海南省级登记,本地(省级),MAE,,,,,,,,,34
3813,三亚琼崖农业发展有限公司,91460000MA7LBTGXXW,85,C 支撑/泛赛道-备选,泛农业经营,独立法人,海南省级登记,本地(省级),MA7,,,,,,,,,34
3826,三亚青振农业开发有限公司,91460000MAER4TEG85,86,C 支撑/泛赛道-备选,泛农业经营,独立法人,海南省级登记,本地(省级),MAE,,,,,,,,,34
3831,三亚青禾农产品有限公司,91460000MACTQY042L,86,C 支撑/泛赛道-备选,泛农业经营,独立法人,海南省级登记,本地(省级),MAC,,,,,,,,,34
3852,三亚乔森农业有限公司,91460000MA5TU69W1U,86,C 支撑/泛赛道-备选,泛农业经营,独立法人,海南省级登记,本地(省级),MA5,,,,,,,,,34
3873,三亚千里宏农业综合开发有限公司,91460000MA5T9M7C4A,87,C 支撑/泛赛道-备选,泛农业经营,独立法人,海南省级登记,本地(省级),MA5,,,,,,,,,34
3930,三亚蓬莱农业开发有限公司,91460200620111932P,88,C 支撑/泛赛道-备选,泛农业经营,独立法人,三亚市/区登记,本地(三亚),旧版(2015前),,,,,,,,,34
3931,三亚芃麦生态农业有限责任公司,91460000MAERAAJ187,88,C 支撑/泛赛道-备选,泛农业经营,独立法人,海南省级登记,本地(省级),MAE,,,,,,,,,34
3955,三亚农之梦农业开发有限公司,91460000MACF6TJ136,88,C 支撑/泛赛道-备选,泛农业经营,独立法人,海南省级登记,本地(省级),MAC,,,,,,,,,34
3994,三亚南滨现代农业工贸有限公司,9146020067608526XN,89,C 支撑/泛赛道-备选,泛农业经营,独立法人,三亚市/区登记,本地(三亚),旧版(2015前),,,,,,,,,34
3996,三亚南滨垦地发展有限公司,91460000MAC6FFCJ97,89,C 支撑/泛赛道-备选,泛农业经营,独立法人,海南省级登记,本地(省级),MAC,,,,,,,,,34
4046,三亚闽东建农农业发展有限公司,91460000MABNJAAD9W,90,C 支撑/泛赛道-备选,泛农业经营,独立法人,海南省级登记,本地(省级),MA其他,,,,,,,,,34
4084,三亚芒小甜生态农业有限公司,91460000MA5T911L2R,91,C 支撑/泛赛道-备选,泛农业经营,独立法人,海南省级登记,本地(省级),MA5,,,,,,,,,34
4089,三亚满春晖农业开发有限公司,91460200MA5RJD0F23,91,C 支撑/泛赛道-备选,泛农业经营,独立法人,三亚市/区登记,本地(三亚),MA5,,,,,,,,,34
4097,三亚绿杉林业有限公司,91460200MA5REUX687,92,C 支撑/泛赛道-备选,泛农业经营,独立法人,三亚市/区登记,本地(三亚),MA5,,,,,,,,,34
4102,三亚绿康农业开发有限公司,91460000MA5TAMCJ94,92,C 支撑/泛赛道-备选,泛农业经营,独立法人,海南省级登记,本地(省级),MA5,,,,,,,,,34
4104,三亚绿奥农资科技发展有限公司,9146020006969184XD,92,C 支撑/泛赛道-备选,泛农业经营,独立法人,三亚市/区登记,本地(三亚),旧版(2015前),,,,,,,,,34
4200,三亚李氏农业开发有限公司,91460200735846197R,94,C 支撑/泛赛道-备选,泛农业经营,独立法人,三亚市/区登记,本地(三亚),旧版(2015前),,,,,,,,,34
4220,三亚浪漫海角农产品开发有限公司,91460200MA5RE4D35R,94,C 支撑/泛赛道-备选,泛农业经营,独立法人,三亚市/区登记,本地(三亚),MA5,,,,,,,,,34
4374,三亚聚阳农业有限公司,91460000MAE935U44D,98,C 支撑/泛赛道-备选,泛农业经营,独立法人,海南省级登记,本地(省级),MAE,,,,,,,,,34
4505,三亚江皓生态农业发展有限公司,91460000MAE424H81K,101,C 支撑/泛赛道-备选,泛农业经营,独立法人,海南省级登记,本地(省级),MAE,,,,,,,,,34
4585,三亚吉鲜衡农业有限公司,91460000MAK147QG10,102,C 支撑/泛赛道-备选,泛农业经营,独立法人,海南省级登记,本地(省级),MAK,,,,,,,,,34
4586,三亚吉鲜广衡农业有限公司,91460000MAK1XQ3N2E,102,C 支撑/泛赛道-备选,泛农业经营,独立法人,海南省级登记,本地(省级),MAK,,,,,,,,,34
4589,三亚吉莲四季农业有限公司,91460000MAK0GW3Y5M,103,C 支撑/泛赛道-备选,泛农业经营,独立法人,海南省级登记,本地(省级),MAK,,,,,,,,,34
4666,三亚华鑫农业有限公司,91460000MA5TFPQN68,104,C 支撑/泛赛道-备选,泛农业经营,独立法人,海南省级登记,本地(省级),MA5,,,,,,,,,34
4684,三亚华都农业发展有限公司,91460000MA5U0KJK28,105,C 支撑/泛赛道-备选,泛农业经营,独立法人,海南省级登记,本地(省级),MA5,,,,,,,,,34
4698,三亚湖林农业开发有限公司,91460200MA5T7J0M2T,105,C 支撑/泛赛道-备选,泛农业经营,独立法人,三亚市/区登记,本地(三亚),MA5,,,,,,,,,34
4699,三亚后土农业发展有限公司,91460000MA7FDRD00F,105,C 支撑/泛赛道-备选,泛农业经营,独立法人,海南省级登记,本地(省级),MA7,,,,,,,,,34
4723,三亚虹火农业发展有限公司,91460000MAE473TW9K,105,C 支撑/泛赛道-备选,泛农业经营,独立法人,海南省级登记,本地(省级),MAE,,,,,,,,,34
4775,三亚禾下田庄农业有限公司,91460000MAK0GMGM2A,107,C 支撑/泛赛道-备选,泛农业经营,独立法人,海南省级登记,本地(省级),MAK,,,,,,,,,34
4912,三亚海角乐丰农业发展有限公司,91460000MAC4H0NU71,110,C 支撑/泛赛道-备选,泛农业经营,独立法人,海南省级登记,本地(省级),MAC,,,,,,,,,34
4936,三亚果甜农业有限公司,91460000MACCW4K961,110,C 支撑/泛赛道-备选,泛农业经营,独立法人,海南省级登记,本地(省级),MAC,,,,,,,,,34
4937,三亚果燃有货农业有限公司,91460000MAD8523G06,110,C 支撑/泛赛道-备选,泛农业经营,独立法人,海南省级登记,本地(省级),MAD,,,,,,,,,34
4940,三亚果礼园农业有限公司,91460000MAK1UKR715,110,C 支撑/泛赛道-备选,泛农业经营,独立法人,海南省级登记,本地(省级),MAK,,,,,,,,,34
4955,三亚国大园野高科技农业开发有限公司,91460200594911513J,111,C 支撑/泛赛道-备选,泛农业经营,独立法人,三亚市/区登记,本地(三亚),旧版(2015前),,,,,,,,,34
4959,三亚广臻农业有限公司,91460000MAK1XW3B0R,111,C 支撑/泛赛道-备选,泛农业经营,独立法人,海南省级登记,本地(省级),MAK,,,,,,,,,34
5026,三亚付氏硕果农资有限公司,91460200399799423Q,112,C 支撑/泛赛道-备选,泛农业经营,独立法人,三亚市/区登记,本地(三亚),旧版(2015前),,,,,,,,,34
5031,三亚福媛家庭农场有限公司,91460200395797746X,112,C 支撑/泛赛道-备选,泛农业经营,独立法人,三亚市/区登记,本地(三亚),旧版(2015前),,,,,,,,,34
5036,三亚福闽农业发展有限公司,91460200MA5T618411,112,C 支撑/泛赛道-备选,泛农业经营,独立法人,三亚市/区登记,本地(三亚),MA5,,,,,,,,,34
5067,三亚丰鲜果业有限公司,91460000MAEK6WKJ3J,113,C 支撑/泛赛道-备选,泛农业经营,独立法人,海南省级登记,本地(省级),MAE,,,,,,,,,34
5072,三亚丰牧农业发展有限公司,91460000MA5TRQJ367,113,C 支撑/泛赛道-备选,泛农业经营,独立法人,海南省级登记,本地(省级),MA5,,,,,,,,,34
5122,三亚东玺农业有限公司,91460000MAK15HC63P,114,C 支撑/泛赛道-备选,泛农业经营,独立法人,海南省级登记,本地(省级),MAK,,,,,,,,,34
5123,三亚东睿农业发展有限公司,91460000MAK0MRTD81,114,C 支撑/泛赛道-备选,泛农业经营,独立法人,海南省级登记,本地(省级),MAK,,,,,,,,,34
5125,三亚东瑾农业发展有限公司,91460000MAK1K5XK02,114,C 支撑/泛赛道-备选,泛农业经营,独立法人,海南省级登记,本地(省级),MAK,,,,,,,,,34
5126,三亚东衡农业发展有限公司,91460000MAK0J90362,114,C 支撑/泛赛道-备选,泛农业经营,独立法人,海南省级登记,本地(省级),MAK,,,,,,,,,34
5127,三亚东珩农业发展有限公司,91460000MAK1489C34,114,C 支撑/泛赛道-备选,泛农业经营,独立法人,海南省级登记,本地(省级),MAK,,,,,,,,,34
5208,三亚大吉珩农业有限公司,91460000MAK0GJ3X10,116,C 支撑/泛赛道-备选,泛农业经营,独立法人,海南省级登记,本地(省级),MAK,,,,,,,,,34
5261,三亚程发农业有限公司,91460000MAEDTRG16Y,117,C 支撑/泛赛道-备选,泛农业经营,独立法人,海南省级登记,本地(省级),MAE,,,,,,,,,34
5289,三亚成田生态农业有限公司,91460000MAE7AL1U2Q,118,C 支撑/泛赛道-备选,泛农业经营,独立法人,海南省级登记,本地(省级),MAE,,,,,,,,,34
5388,三亚滨福源生态农业有限公司,91460200397427853R,120,C 支撑/泛赛道-备选,泛农业经营,独立法人,三亚市/区登记,本地(三亚),旧版(2015前),,,,,,,,,34
5468,三亚安格瑞农业发展有限公司,91460200MA5T47H524,122,C 支撑/泛赛道-备选,泛农业经营,独立法人,三亚市/区登记,本地(三亚),MA5,,,,,,,,,34
5763,迈胜农资集团（海南）有限公司,91460000MACUWMTU0A,129,C 支撑/泛赛道-备选,泛农业经营,独立法人,海南省级登记,本地(省级),MAC,,,,,,,,,34
5826,粮易科技（海南）有限公司,91460204MAC80BG40U,130,C 支撑/泛赛道-备选,泛农业经营,独立法人,三亚市/区登记,本地(三亚),MAC,,,,,,,,,34
5943,聚沃（海南）谷子农业科学研究有限公司,91460000MAA995N45R,133,C 支撑/泛赛道-备选,泛农业经营,独立法人,海南省级登记,本地(省级),MAA,,,,,,,,,34
5958,九泰众和（三亚）农业有限公司,91460000MAC70NKX5Y,133,C 支撑/泛赛道-备选,泛农业经营,独立法人,海南省级登记,本地(省级),MAC,,,,,,,,,34
6276,和平智慧（海南）农业综合开发有限公司,91460000MACFD17B0A,140,C 支撑/泛赛道-备选,泛农业经营,独立法人,海南省级登记,本地(省级),MAC,,,,,,,,,34
6359,海南自贸区鑫锋农业开发有限公司,91460000MA5TB07E1T,142,C 支撑/泛赛道-备选,泛农业经营,独立法人,海南省级登记,本地(省级),MA5,,,,,,,,,34
6393,海南卓誉农业有限公司,91460000MAEHWQPK6U,143,C 支撑/泛赛道-备选,泛农业经营,独立法人,海南省级登记,本地(省级),MAE,,,,,,,,,34
6430,海南洲洋农业发展有限公司,91460000MA5TUGTT1J,143,C 支撑/泛赛道-备选,泛农业经营,独立法人,海南省级登记,本地(省级),MA5,,,,,,,,,34
6475,海南众丰生态农业发展有限公司,91460000MA7DP43X8X,144,C 支撑/泛赛道-备选,泛农业经营,独立法人,海南省级登记,本地(省级),MA7,,,,,,,,,34
6781,海南赵胜农业有限公司,91460000MAA947YE59,151,C 支撑/泛赛道-备选,泛农业经营,独立法人,海南省级登记,本地(省级),MAA,,,,,,,,,34
6849,海南造种地带农业发展有限公司,91460000MACJG6H67N,153,C 支撑/泛赛道-备选,泛农业经营,独立法人,海南省级登记,本地(省级),MAC,,,,,,,,,34
6984,海南袁创农业有限公司,91460000MACEEQBRXL,156,C 支撑/泛赛道-备选,泛农业经营,独立法人,海南省级登记,本地(省级),MAC,,,,,,,,,34
6999,海南源茂林业科技发展有限公司,91460000MAE19T3C9E,156,C 支撑/泛赛道-备选,泛农业经营,独立法人,海南省级登记,本地(省级),MAE,,,,,,,,,34
7001,海南源粮科技集团有限公司,91460000MA5T9GUA82,156,C 支撑/泛赛道-备选,泛农业经营,独立法人,海南省级登记,本地(省级),MA5,,,,,,,,,34
7002,海南源丽农业发展有限公司,91460000MAD235HU6A,156,C 支撑/泛赛道-备选,泛农业经营,独立法人,海南省级登记,本地(省级),MAD,,,,,,,,,34
7020,海南园野农业有限公司,91460000MABR4E9N7J,157,C 支撑/泛赛道-备选,泛农业经营,独立法人,海南省级登记,本地(省级),MA其他,,,,,,,,,34
7041,海南元罡农业开发有限公司,91460000MAA91AX14H,157,C 支撑/泛赛道-备选,泛农业经营,独立法人,海南省级登记,本地(省级),MAA,,,,,,,,,34
7056,海南誉森生态农业开发有限公司,91460200676057955A,157,C 支撑/泛赛道-备选,泛农业经营,独立法人,三亚市/区登记,本地(三亚),旧版(2015前),,,,,,,,,34
7083,海南玉莲生态农业有限公司,91460000MA5TX0E01F,158,C 支撑/泛赛道-备选,泛农业经营,独立法人,海南省级登记,本地(省级),MA5,,,,,,,,,34
7149,海南佑晟农业生态科技有限公司,91460000MAC4CQK570,159,C 支撑/泛赛道-备选,泛农业经营,独立法人,海南省级登记,本地(省级),MAC,,,,,,,,,34
7168,海南优源达农业发展有限公司,91460000MA5TXMKL18,160,C 支撑/泛赛道-备选,泛农业经营,独立法人,海南省级登记,本地(省级),MA5,,,,,,,,,34
7287,海南益鑫现代农业发展有限公司,91460000MADBTEHX5K,162,C 支撑/泛赛道-备选,泛农业经营,独立法人,海南省级登记,本地(省级),MAD,,,,,,,,,34
7294,海南益丰源农业发展有限公司,91460000MA7KHPM334,163,C 支撑/泛赛道-备选,泛农业经营,独立法人,海南省级登记,本地(省级),MA7,,,,,,,,,34
7295,海南益顶丰农资有限公司,91460000MAC84XND04,163,C 支撑/泛赛道-备选,泛农业经营,独立法人,海南省级登记,本地(省级),MAC,,,,,,,,,34
7378,海南移崖农业开发有限公司,91460200676091352J,164,C 支撑/泛赛道-备选,泛农业经营,独立法人,三亚市/区登记,本地(三亚),旧版(2015前),,,,,,,,,34
7419,海南伊诺农业发展有限公司,91460000MACLNR736L,165,C 支撑/泛赛道-备选,泛农业经营,独立法人,海南省级登记,本地(省级),MAC,,,,,,,,,34
7450,海南叶迅农业发展有限公司,91460000MACLACAQ11,166,C 支撑/泛赛道-备选,泛农业经营,独立法人,海南省级登记,本地(省级),MAC,,,,,,,,,34
7488,海南艳奇果业有限公司,91460000MAEDQWJF72,167,C 支撑/泛赛道-备选,泛农业经营,独立法人,海南省级登记,本地(省级),MAE,,,,,,,,,34
7518,海南亚芒精准农业开发有限公司,91460200MA5T78TM7M,168,C 支撑/泛赛道-备选,泛农业经营,独立法人,三亚市/区登记,本地(三亚),MA5,,,,,,,,,34
7541,海南涯洲农业有限公司,91460000MA5U2M8H4H,168,C 支撑/泛赛道-备选,泛农业经营,独立法人,海南省级登记,本地(省级),MA5,,,,,,,,,34
7599,海南旭耕农业有限公司,91460000MAEJ6N8X6T,169,C 支撑/泛赛道-备选,泛农业经营,独立法人,海南省级登记,本地(省级),MAE,,,,,,,,,34
7652,海南星歌农业发展有限公司,91460000MAEBDNLR0C,171,C 支撑/泛赛道-备选,泛农业经营,独立法人,海南省级登记,本地(省级),MAE,,,,,,,,,34
7709,海南馨美果业有限公司,91460000MA5TYP4K5L,172,C 支撑/泛赛道-备选,泛农业经营,独立法人,海南省级登记,本地(省级),MA5,,,,,,,,,34
7815,海南芯业达农业发展有限公司,91460000MA7GQGC063,174,C 支撑/泛赛道-备选,泛农业经营,独立法人,海南省级登记,本地(省级),MA7,,,,,,,,,34
7833,海南欣享农业有限公司,91460000MADYNPD759,175,C 支撑/泛赛道-备选,泛农业经营,独立法人,海南省级登记,本地(省级),MAD,,,,,,,,,34
7842,海南欣飞农业发展有限公司,91460000MA5TWJLE7W,175,C 支撑/泛赛道-备选,泛农业经营,独立法人,海南省级登记,本地(省级),MA5,,,,,,,,,34
7993,海南湘济农资有限公司,91460000MAE1G9FP5W,178,C 支撑/泛赛道-备选,泛农业经营,独立法人,海南省级登记,本地(省级),MAE,,,,,,,,,34
8026,海南习华农业发展有限公司,91460000MAE6FJ2129,179,C 支撑/泛赛道-备选,泛农业经营,独立法人,海南省级登记,本地(省级),MAE,,,,,,,,,34
8095,海南沃野农业发展有限责任公司,91460000MAEJNM9P72,180,C 支撑/泛赛道-备选,泛农业经营,独立法人,海南省级登记,本地(省级),MAE,,,,,,,,,34
8327,海南田农农产品有限公司,91460000MAC419CH86,186,C 支撑/泛赛道-备选,泛农业经营,独立法人,海南省级登记,本地(省级),MAC,,,,,,,,,34
8391,海南桃果鲜生农产品有限公司,91460000MA5TC5WC32,187,C 支撑/泛赛道-备选,泛农业经营,独立法人,海南省级登记,本地(省级),MA5,,,,,,,,,34
8468,海南速果农业有限公司,91460000MAA93HEPXJ,189,C 支撑/泛赛道-备选,泛农业经营,独立法人,海南省级登记,本地(省级),MAA,,,,,,,,,34
8628,海南仕鑫农业发展有限公司,91460000MA5T884B3F,192,C 支撑/泛赛道-备选,泛农业经营,独立法人,海南省级登记,本地(省级),MA5,,,,,,,,,34
8667,海南十方农产品科技有限公司,91460000MABWY4KQ2N,193,C 支撑/泛赛道-备选,泛农业经营,独立法人,海南省级登记,本地(省级),MA其他,,,,,,,,,34
8731,海南省豫煌农业研究有限公司,91460000MADJU3AJ97,195,C 支撑/泛赛道-备选,泛农业经营,独立法人,海南省级登记,本地(省级),MAD,,,,,,,,,34
8751,海南省亿果农业有限公司,91460000MAEJBBME46,195,C 支撑/泛赛道-备选,泛农业经营,独立法人,海南省级登记,本地(省级),MAE,,,,,,,,,34
8792,海南省西蒙农业科学技术研究发展有限公司,91460000MAA917CD0B,196,C 支撑/泛赛道-备选,泛农业经营,独立法人,海南省级登记,本地(省级),MAA,,,,,,,,,34
8805,海南省万果丰生态农业发展有限公司,91460000MAEFU0A70Q,196,C 支撑/泛赛道-备选,泛农业经营,独立法人,海南省级登记,本地(省级),MAE,,,,,,,,,34
8833,海南省圣洁森生态林业开发有限公司,91460200MA5T1QJ694,197,C 支撑/泛赛道-备选,泛农业经营,独立法人,三亚市/区登记,本地(三亚),MA5,,,,,,,,,34
8868,海南省三亚市青岭农业开发有限公司,91460000MACEYLDA9H,198,C 支撑/泛赛道-备选,泛农业经营,独立法人,海南省级登记,本地(省级),MAC,,,,,,,,,34
8869,海南省三亚市清涟生态养殖科技有限公司,91460000MAEW11M77C,198,C 支撑/泛赛道-备选,泛农业经营,独立法人,海南省级登记,本地(省级),MAE,,,,,,,,,34
8871,海南省三亚市闽欣农业发展有限公司,91460000MA5TL2YJ4Y,198,C 支撑/泛赛道-备选,泛农业经营,独立法人,海南省级登记,本地(省级),MA5,,,,,,,,,34
8876,海南省三亚市立禾农业有限责任公司,91460000MAET2F4M6Y,198,C 支撑/泛赛道-备选,泛农业经营,独立法人,海南省级登记,本地(省级),MAE,,,,,,,,,34
8909,海南省润咫农业开发有限公司,91460000MADAHTU10E,199,C 支撑/泛赛道-备选,泛农业经营,独立法人,海南省级登记,本地(省级),MAD,,,,,,,,,34
8937,海南省农大科茂农业研究有限公司,91460000MA5TYMDU6L,199,C 支撑/泛赛道-备选,泛农业经营,独立法人,海南省级登记,本地(省级),MA5,,,,,,,,,34
8971,海南省马萨杜尔农业科研有限公司,91460000MAA91WF79R,200,C 支撑/泛赛道-备选,泛农业经营,独立法人,海南省级登记,本地(省级),MAA,,,,,,,,,34
9012,海南省凯隆农业发展有限公司,91460000MACG8QQU99,201,C 支撑/泛赛道-备选,泛农业经营,独立法人,海南省级登记,本地(省级),MAC,,,,,,,,,34
9030,海南省锦裕生态养殖有限公司,91460000MACGB60T7Y,201,C 支撑/泛赛道-备选,泛农业经营,独立法人,海南省级登记,本地(省级),MAC,,,,,,,,,34
9092,海南省国营南滨农场南滨生猪屠宰厂,91460200665112349T,203,C 支撑/泛赛道-备选,泛农业经营,独立法人,三亚市/区登记,本地(三亚),旧版(2015前),,,,,,,,,34
9117,海南省发旺农业发展有限公司,91460000MAA96XYE7X,203,C 支撑/泛赛道-备选,泛农业经营,独立法人,海南省级登记,本地(省级),MAA,,,,,,,,,34
9280,海南善粮科技有限公司,91460000MA5T9EJ51M,207,C 支撑/泛赛道-备选,泛农业经营,独立法人,海南省级登记,本地(省级),MA5,,,,,,,,,34
9336,海南叁丰人农业研究有限公司,91460000MA5TY6215U,208,C 支撑/泛赛道-备选,泛农业经营,独立法人,海南省级登记,本地(省级),MA5,,,,,,,,,34
9348,海南三亚轩诺科技农业有限公司,91460000MA7HR1144G,208,C 支撑/泛赛道-备选,泛农业经营,独立法人,海南省级登记,本地(省级),MA7,,,,,,,,,34
9394,海南三四粒农业发展有限公司,91460000MA5TUMKW5D,209,C 支撑/泛赛道-备选,泛农业经营,独立法人,海南省级登记,本地(省级),MA5,,,,,,,,,34
9608,海南容卉生态农业有限公司,91460000MA5TWKB28P,214,C 支撑/泛赛道-备选,泛农业经营,独立法人,海南省级登记,本地(省级),MA5,,,,,,,,,34
9616,海南日升农业有限公司,91460000MADM939N3F,214,C 支撑/泛赛道-备选,泛农业经营,独立法人,海南省级登记,本地(省级),MAD,,,,,,,,,34
9631,海南仁德农业开发有限公司,91460200MA5T4FF007,215,C 支撑/泛赛道-备选,泛农业经营,独立法人,三亚市/区登记,本地(三亚),MA5,,,,,,,,,34
9675,海南秋丰生态农业发展有限公司,91460000MAD6BH7H66,216,C 支撑/泛赛道-备选,泛农业经营,独立法人,海南省级登记,本地(省级),MAD,,,,,,,,,34
9703,海南晴湖农业有限公司,91460000MAK1G18W7M,216,C 支撑/泛赛道-备选,泛农业经营,独立法人,海南省级登记,本地(省级),MAK,,,,,,,,,34
9753,海南钦丰农业开发有限公司,91460000MAEH82GQ10,217,C 支撑/泛赛道-备选,泛农业经营,独立法人,海南省级登记,本地(省级),MAE,,,,,,,,,34
9762,海南倩礼农业有限公司,91460000MADK5UD43W,217,C 支撑/泛赛道-备选,泛农业经营,独立法人,海南省级登记,本地(省级),MAD,,,,,,,,,34
9782,海南乾丞农业有限公司,91460000MAEBLCEA0Q,218,C 支撑/泛赛道-备选,泛农业经营,独立法人,海南省级登记,本地(省级),MAE,,,,,,,,,34
9809,海南千垓农业发展有限公司,91460000MABLUGX462,219,C 支撑/泛赛道-备选,泛农业经营,独立法人,海南省级登记,本地(省级),MA其他,,,,,,,,,34
9841,海南齐鲁热带景观设计有限公司,91460200394550573F,219,C 支撑/泛赛道-备选,泛农业经营,独立法人,三亚市/区登记,本地(三亚),旧版(2015前),,,,,,,,,34
9852,海南琦晟农业有限公司,91460000MACHGDXJ2P,219,C 支撑/泛赛道-备选,泛农业经营,独立法人,海南省级登记,本地(省级),MAC,,,,,,,,,34
9863,海南栖山农业发展有限公司,91460000MAE75PAX8F,220,C 支撑/泛赛道-备选,泛农业经营,独立法人,海南省级登记,本地(省级),MAE,,,,,,,,,34
9981,海南农芒鲜生农业有限公司,91460000MA5U13ME15,222,C 支撑/泛赛道-备选,泛农业经营,独立法人,海南省级登记,本地(省级),MA5,,,,,,,,,34
10020,海南楠阳农业援助科技有限公司,91460000MA5THELC5J,223,C 支撑/泛赛道-备选,泛农业经营,独立法人,海南省级登记,本地(省级),MA5,,,,,,,,,34
10077,海南沐泽农业研究有限公司,91460000MAC545FR53,224,C 支撑/泛赛道-备选,泛农业经营,独立法人,海南省级登记,本地(省级),MAC,,,,,,,,,34
10172,海南闽润辉农业发展有限公司,91460000MABRAUAP6J,227,C 支撑/泛赛道-备选,泛农业经营,独立法人,海南省级登记,本地(省级),MA其他,,,,,,,,,34
10184,海南民禾农业开发有限公司,91460000MAD9GBGU3D,227,C 支撑/泛赛道-备选,泛农业经营,独立法人,海南省级登记,本地(省级),MAD,,,,,,,,,34
10189,海南苗歌农业有限公司,91460000MACW0JEH8Q,227,C 支撑/泛赛道-备选,泛农业经营,独立法人,海南省级登记,本地(省级),MAC,,,,,,,,,34
10227,海南蒙大农牧业养殖有限公司,91460000MAC2EAM98P,228,C 支撑/泛赛道-备选,泛农业经营,独立法人,海南省级登记,本地(省级),MAC,,,,,,,,,34
10273,海南曼顿农业发展有限公司,91460000MAC6Q2HJ5Y,229,C 支撑/泛赛道-备选,泛农业经营,独立法人,海南省级登记,本地(省级),MAC,,,,,,,,,34
10276,海南满树红农业有限公司,91460000MAA97M239P,229,C 支撑/泛赛道-备选,泛农业经营,独立法人,海南省级登记,本地(省级),MAA,,,,,,,,,34
10379,海南龙殿生态农业有限公司,91460000MADJ7C6U2A,231,C 支撑/泛赛道-备选,泛农业经营,独立法人,海南省级登记,本地(省级),MAD,,,,,,,,,34
10467,海南林延农业有限公司,91460000MA7FM1CP7P,233,C 支撑/泛赛道-备选,泛农业经营,独立法人,海南省级登记,本地(省级),MA7,,,,,,,,,34
10507,海南联普人农业发展有限公司,91460000MAEX140L05,234,C 支撑/泛赛道-备选,泛农业经营,独立法人,海南省级登记,本地(省级),MAE,,,,,,,,,34
10589,海南乐锴农业生态发展有限公司,91460000MAC36PTX78,236,C 支撑/泛赛道-备选,泛农业经营,独立法人,海南省级登记,本地(省级),MAC,,,,,,,,,34
10592,海南乐果源果业有限公司,91460000MAD838JL97,236,C 支撑/泛赛道-备选,泛农业经营,独立法人,海南省级登记,本地(省级),MAD,,,,,,,,,34
10619,海南榔兆沣农业有限公司,91460000MAEXX7HK3C,237,C 支撑/泛赛道-备选,泛农业经营,独立法人,海南省级登记,本地(省级),MAE,,,,,,,,,34
10639,海南蓝粮科技有限公司,91460000MA5TP93X2L,237,C 支撑/泛赛道-备选,泛农业经营,独立法人,海南省级登记,本地(省级),MA5,,,,,,,,,34
10644,海南蓝海新农农业集团有限公司,91460000MA5TL4R18U,237,C 支撑/泛赛道-备选,泛农业经营,独立法人,海南省级登记,本地(省级),MA5,,,,,,,,,34
10701,海南坤艮农业有限公司,91460000MA5TKTXG1K,238,C 支撑/泛赛道-备选,泛农业经营,独立法人,海南省级登记,本地(省级),MA5,,,,,,,,,34
10765,海南科辅农农业网络科技有限公司,91460000MA5T9FR04Q,240,C 支撑/泛赛道-备选,泛农业经营,独立法人,海南省级登记,本地(省级),MA5,,,,,,,,,34
10827,海南凯霸农业发展有限公司,91460200MA5T58DA6X,241,C 支撑/泛赛道-备选,泛农业经营,独立法人,三亚市/区登记,本地(三亚),MA5,,,,,,,,,34
10930,海南巨森农业有限公司,91460000MA5TFMR22E,243,C 支撑/泛赛道-备选,泛农业经营,独立法人,海南省级登记,本地(省级),MA5,,,,,,,,,34
10974,海南九甲农业有限公司,91460000MADGURYW01,244,C 支撑/泛赛道-备选,泛农业经营,独立法人,海南省级登记,本地(省级),MAD,,,,,,,,,34
10978,海南九海农业开发有限公司,91460000MACHJCEL1R,244,C 支撑/泛赛道-备选,泛农业经营,独立法人,海南省级登记,本地(省级),MAC,,,,,,,,,34
11088,海南晶湖农业有限公司,91460000MAK15TM942,247,C 支撑/泛赛道-备选,泛农业经营,独立法人,海南省级登记,本地(省级),MAK,,,,,,,,,34
11117,海南进田农资有限公司,91460000MAC2HE7U19,248,C 支撑/泛赛道-备选,泛农业经营,独立法人,海南省级登记,本地(省级),MAC,,,,,,,,,34
11261,海南金沣宸农业发展有限公司,91460000MACYQMGA58,251,C 支撑/泛赛道-备选,泛农业经营,独立法人,海南省级登记,本地(省级),MAC,,,,,,,,,34
11280,海南金岙农业有限公司,91460000MAEG0WJL75,251,C 支撑/泛赛道-备选,泛农业经营,独立法人,海南省级登记,本地(省级),MAE,,,,,,,,,34
11335,海南建璟农业发展有限公司,91460000MAEHXCTB5J,252,C 支撑/泛赛道-备选,泛农业经营,独立法人,海南省级登记,本地(省级),MAE,,,,,,,,,34
11409,海南佳沛农业发展有限公司,91460000MACEBRGQX0,254,C 支撑/泛赛道-备选,泛农业经营,独立法人,海南省级登记,本地(省级),MAC,,,,,,,,,34
11410,海南佳铭农业有限公司,91460000MA5U2D1Y4D,254,C 支撑/泛赛道-备选,泛农业经营,独立法人,海南省级登记,本地(省级),MA5,,,,,,,,,34
11468,海南吉宁农业机械有限公司,91460200MA5RJQN44A,255,C 支撑/泛赛道-备选,泛农业经营,独立法人,三亚市/区登记,本地(三亚),MA5,,,,,,,,,34
11475,海南吉海农创农业有限公司,91460000MAE70E621F,256,C 支撑/泛赛道-备选,泛农业经营,独立法人,海南省级登记,本地(省级),MAE,,,,,,,,,34
11561,海南会众农业有限公司,91460204MAC978PH5K,257,C 支撑/泛赛道-备选,泛农业经营,独立法人,三亚市/区登记,本地(三亚),MAC,,,,,,,,,34
11630,海南华欣洋生态农业发展有限公司,91460000MA5TXH471Q,259,C 支撑/泛赛道-备选,泛农业经营,独立法人,海南省级登记,本地(省级),MA5,,,,,,,,,34
11837,海南泓晟通达农业发展有限公司,91460000MABQ901Y43,264,C 支撑/泛赛道-备选,泛农业经营,独立法人,海南省级登记,本地(省级),MA其他,,,,,,,,,34
11864,海南宏泽现代农业有限公司,91460000MA5TWT1L4P,264,C 支撑/泛赛道-备选,泛农业经营,独立法人,海南省级登记,本地(省级),MA5,,,,,,,,,34
11895,海南宏德芒果农业开发有限公司,91460000MA7KA5PW7D,265,C 支撑/泛赛道-备选,泛农业经营,独立法人,海南省级登记,本地(省级),MA7,,,,,,,,,34
11986,海南和卓农业发展有限公司,91460000MAC3JJ8R9W,267,C 支撑/泛赛道-备选,泛农业经营,独立法人,海南省级登记,本地(省级),MAC,,,,,,,,,34
12068,海南昊蔬农业开发有限公司,91460000MAD7MJG00C,269,C 支撑/泛赛道-备选,泛农业经营,独立法人,海南省级登记,本地(省级),MAD,,,,,,,,,34
12085,海南好好农业开发有限公司,91460000MAD2TQCAXY,269,C 支撑/泛赛道-备选,泛农业经营,独立法人,海南省级登记,本地(省级),MAD,,,,,,,,,34
12331,海南广为农业有限公司,91460000MAA963RB6F,275,C 支撑/泛赛道-备选,泛农业经营,独立法人,海南省级登记,本地(省级),MAA,,,,,,,,,34
12338,海南广凌农业集团有限公司,91460000MA5THFH63C,275,C 支撑/泛赛道-备选,泛农业经营,独立法人,海南省级登记,本地(省级),MA5,,,,,,,,,34
12431,海南伽夏生态农业开发有限公司,91460000MACGJBPC44,277,C 支撑/泛赛道-备选,泛农业经营,独立法人,海南省级登记,本地(省级),MAC,,,,,,,,,34
12475,海南福欣农业发展有限公司,91460000MA5TAYXK34,278,C 支撑/泛赛道-备选,泛农业经营,独立法人,海南省级登记,本地(省级),MA5,,,,,,,,,34
12509,海南奉天承运农业开发有限公司,91460200MA5RHTKBXL,279,C 支撑/泛赛道-备选,泛农业经营,独立法人,三亚市/区登记,本地(三亚),MA5,,,,,,,,,34
12549,海南丰晓农业发展有限公司,91460000MA5TEPLJ6M,279,C 支撑/泛赛道-备选,泛农业经营,独立法人,海南省级登记,本地(省级),MA5,,,,,,,,,34
12597,海南芳洲甜源农业有限公司,91460200MA5RH7WF9L,280,C 支撑/泛赛道-备选,泛农业经营,独立法人,三亚市/区登记,本地(三亚),MA5,,,,,,,,,34
12604,海南方胜农业开发有限公司,91460000MAEGWU45XU,281,C 支撑/泛赛道-备选,泛农业经营,独立法人,海南省级登记,本地(省级),MAE,,,,,,,,,34
12647,海南哆亨果业有限公司,91460000MA5TYT0X74,282,C 支撑/泛赛道-备选,泛农业经营,独立法人,海南省级登记,本地(省级),MA5,,,,,,,,,34
12743,海南登丰畅农资有限公司,91460000MAEEHK6B0F,284,C 支撑/泛赛道-备选,泛农业经营,独立法人,海南省级登记,本地(省级),MAE,,,,,,,,,34
12832,海南大道至简畜牧业有限公司,91460000MACA2CQN53,286,C 支撑/泛赛道-备选,泛农业经营,独立法人,海南省级登记,本地(省级),MAC,,,,,,,,,34
12851,海南催化农业发展科技有限公司,91460000MA5TPA7944,286,C 支撑/泛赛道-备选,泛农业经营,独立法人,海南省级登记,本地(省级),MA5,,,,,,,,,34
12866,海南椿渊农业发展有限公司,91460000MA5U2BW08M,286,C 支撑/泛赛道-备选,泛农业经营,独立法人,海南省级登记,本地(省级),MA5,,,,,,,,,34
12878,海南春蕾农业发展有限公司,91460000MAETW0T67C,287,C 支撑/泛赛道-备选,泛农业经营,独立法人,海南省级登记,本地(省级),MAE,,,,,,,,,34
12892,海南创耀农业有限公司,91460000MAD5F5YX7X,287,C 支撑/泛赛道-备选,泛农业经营,独立法人,海南省级登记,本地(省级),MAD,,,,,,,,,34
12919,海南川茂农业发展有限公司,91460000MA5TY8DQ5G,288,C 支撑/泛赛道-备选,泛农业经营,独立法人,海南省级登记,本地(省级),MA5,,,,,,,,,34
13095,海南辰兄凯弟农业发展有限公司,91460200MA5T45841E,292,C 支撑/泛赛道-备选,泛农业经营,独立法人,三亚市/区登记,本地(三亚),MA5,,,,,,,,,34
13107,海南晨希农业发展有限责任公司,91460000MA5TGURC1Q,292,C 支撑/泛赛道-备选,泛农业经营,独立法人,海南省级登记,本地(省级),MA5,,,,,,,,,34
13110,海南晨湖一号农业有限公司,91460000MAK1UMJ76B,292,C 支撑/泛赛道-备选,泛农业经营,独立法人,海南省级登记,本地(省级),MAK,,,,,,,,,34
13111,海南晨湖三号农业有限公司,91460000MAK20MU496,292,C 支撑/泛赛道-备选,泛农业经营,独立法人,海南省级登记,本地(省级),MAK,,,,,,,,,34
13112,海南晨湖二号农业有限公司,91460000MAK1UG984Y,292,C 支撑/泛赛道-备选,泛农业经营,独立法人,海南省级登记,本地(省级),MAK,,,,,,,,,34
13364,海南北祥智慧农业发展有限公司,91460000MAEBW2U97W,298,C 支撑/泛赛道-备选,泛农业经营,独立法人,海南省级登记,本地(省级),MAE,,,,,,,,,34
13403,海南百世新农业有限公司,91460000MAEFQ35LX2,298,C 支撑/泛赛道-备选,泛农业经营,独立法人,海南省级登记,本地(省级),MAE,,,,,,,,,34
13727,丰果仓（海南）农产品有限公司,91460000MACEQQM8X9,306,C 支撑/泛赛道-备选,泛农业经营,独立法人,海南省级登记,本地(省级),MAC,,,,,,,,,34
13822,大哥农业（海南）有限公司,91460000MAEAA3J13E,308,C 支撑/泛赛道-备选,泛农业经营,独立法人,海南省级登记,本地(省级),MAE,,,,,,,,,34
13915,草根创新农业（海南）有限公司,91460000MAC9WR5B7N,310,C 支撑/泛赛道-备选,泛农业经营,独立法人,海南省级登记,本地(省级),MAC,,,,,,,,,34
13985,半草半木（海南）农业有限公司,91460000MAE24C0T69,311,C 支撑/泛赛道-备选,泛农业经营,独立法人,海南省级登记,本地(省级),MAE,,,,,,,,,34
14058,三亚罗牛山畜牧有限公司,914602005624397363,313,C 支撑/泛赛道-备选,泛农业经营,独立法人,三亚市/区登记,本地(三亚),旧版(2015前),,,,,,,,,34
14079,丰原农业（海南）有限公司,91460000MAK4604Y3P,313,C 支撑/泛赛道-备选,泛农业经营,独立法人,海南省级登记,本地(省级),MAK,,,,,,,,,34
14090,鲜斑（海南）农业发展有限公司,91460000MAK2KEH6XX,314,C 支撑/泛赛道-备选,泛农业经营,独立法人,海南省级登记,本地(省级),MAK,,,,,,,,,34
14150,海南沣合智联农业有限公司,91460000MAK38TWM2C,315,C 支撑/泛赛道-备选,泛农业经营,独立法人,海南省级登记,本地(省级),MAK,,,,,,,,,34
14156,三亚乐龟生态农业发展有限公司,91460000MAK2FAMX43,315,C 支撑/泛赛道-备选,泛农业经营,独立法人,海南省级登记,本地(省级),MAK,,,,,,,,,34
14187,琼东生态农业发展（三亚）有限公司,91460000MAK3UYWR70,316,C 支撑/泛赛道-备选,泛农业经营,独立法人,海南省级登记,本地(省级),MAK,,,,,,,,,34
14467,三亚崖州春容农业有限公司,91460000MAE9AFYC0Q,322,C 支撑/泛赛道-备选,泛农业经营,独立法人,海南省级登记,本地(省级),MAE,,,,,,,,,34
14518,海南植益源农业发展有限公司,91460000MAK3032FX2,323,C 支撑/泛赛道-备选,泛农业经营,独立法人,海南省级登记,本地(省级),MAK,,,,,,,,,34
14533,海南禾善美农业发展有限公司,91460000MAK3TM4T70,323,C 支撑/泛赛道-备选,泛农业经营,独立法人,海南省级登记,本地(省级),MAK,,,,,,,,,34
14544,三亚金榴园农业有限公司,91460000MAK4JB9M8N,324,C 支撑/泛赛道-备选,泛农业经营,独立法人,海南省级登记,本地(省级),MAK,,,,,,,,,34
14620,库克汉姆农业（海南）有限公司,91460000MAK4HXXQ23,325,C 支撑/泛赛道-备选,泛农业经营,独立法人,海南省级登记,本地(省级),MAK,,,,,,,,,34
14712,大多喜（海南）农业发展有限公司,91460000MA7LDCL22E,327,C 支撑/泛赛道-备选,泛农业经营,独立法人,海南省级登记,本地(省级),MA7,,,,,,,,,34
14717,三亚果信农业发展有限公司,91460000MAC7R87F1C,328,C 支撑/泛赛道-备选,泛农业经营,独立法人,海南省级登记,本地(省级),MAC,,,,,,,,,34
14718,海南博华农业发展有限公司,91460000MAC6KL6E3H,328,C 支撑/泛赛道-备选,泛农业经营,独立法人,海南省级登记,本地(省级),MAC,,,,,,,,,34
14731,海南省园丰农业有限责任公司,91460000MAEBL4Q2X9,328,C 支撑/泛赛道-备选,泛农业经营,独立法人,海南省级登记,本地(省级),MAE,,,,,,,,,34
14732,三亚绿之峰林业有害生物防治有限公司,91460000MAEDG05034,328,C 支撑/泛赛道-备选,泛农业经营,独立法人,海南省级登记,本地(省级),MAE,,,,,,,,,34
14822,三亚优净园农业有限公司,91460000MAK4TDXM0U,330,C 支撑/泛赛道-备选,泛农业经营,独立法人,海南省级登记,本地(省级),MAK,,,,,,,,,34
433,雨燕（海南）热作农业科学有限公司,91469005MADLNC5N83,10,C 支撑/泛赛道-备选,泛农业经营,独立法人,海南其他市县登记,省内迁入/外设,MAD,,,,,,,,,28
724,我的田（海南）农业信息科技有限公司,91460100MA5RJ7505Q,17,C 支撑/泛赛道-备选,泛农业经营,独立法人,海口登记,省内迁入/外设,MA5,,,,,,,,,28
1309,三亚宇涵农业有限公司,91460106MADDEQG95M,30,C 支撑/泛赛道-备选,泛农业经营,独立法人,海口登记,省内迁入/外设,MAD,,,,,,,,,28
1351,三亚优服农业有限公司,91469031MADT2YP26R,31,C 支撑/泛赛道-备选,泛农业经营,独立法人,海南其他市县登记,省内迁入/外设,MAD,,,,,,,,,28
1390,三亚盈果农业有限公司,91460108MAC664GXXT,31,C 支撑/泛赛道-备选,泛农业经营,独立法人,海口登记,省内迁入/外设,MAC,,,,,,,,,28
1826,三亚小蛮芒农业有限公司,91469001MAA99KYDXX,41,C 支撑/泛赛道-备选,泛农业经营,独立法人,海南其他市县登记,省内迁入/外设,MAA,,,,,,,,,28
2120,三亚首衡农产品有限公司,91469036MA5TH4AH9P,48,C 支撑/泛赛道-备选,泛农业经营,独立法人,海南其他市县登记,省内迁入/外设,MA5,,,,,,,,,28
3613,三亚石头山农业有限责任公司,91460108MADB3FE4X1,81,C 支撑/泛赛道-备选,泛农业经营,独立法人,海口登记,省内迁入/外设,MAD,,,,,,,,,28
3673,三亚山止农业有限公司,91469034MADQW3189Q,82,C 支撑/泛赛道-备选,泛农业经营,独立法人,海南其他市县登记,省内迁入/外设,MAD,,,,,,,,,28
3699,三亚三江兴雨一亩田农业有限公司,91460100MADEKLY9X5,83,C 支撑/泛赛道-备选,泛农业经营,独立法人,海口登记,省内迁入/外设,MAD,,,,,,,,,28
3957,三亚农丰绿泉农业发展有限公司,91460108MADQ5A3H7Q,88,C 支撑/泛赛道-备选,泛农业经营,独立法人,海口登记,省内迁入/外设,MAD,,,,,,,,,28
4175,三亚粮芯科技有限公司,91460108MADATDAT4L,93,C 支撑/泛赛道-备选,泛农业经营,独立法人,海口登记,省内迁入/外设,MAD,,,,,,,,,28
4724,三亚虹彩农业发展有限公司,91460100MAA9A8T554,106,C 支撑/泛赛道-备选,泛农业经营,独立法人,海口登记,省内迁入/外设,MAA,,,,,,,,,28
4804,三亚合信众诚农业有限公司,91469001MAD5BLAU13,107,C 支撑/泛赛道-备选,泛农业经营,独立法人,海南其他市县登记,省内迁入/外设,MAD,,,,,,,,,28
4945,三亚国玺农业发展有限公司,91460106MADLNE636H,110,C 支撑/泛赛道-备选,泛农业经营,独立法人,海口登记,省内迁入/外设,MAD,,,,,,,,,28
5019,三亚富水养殖科技有限公司,91460108MA5U18H5XQ,112,C 支撑/泛赛道-备选,泛农业经营,独立法人,海口登记,省内迁入/外设,MA5,,,,,,,,,28
5073,三亚丰贸农业发展有限公司,91460107MADMR0JK2W,113,C 支撑/泛赛道-备选,泛农业经营,独立法人,海口登记,省内迁入/外设,MAD,,,,,,,,,28
5390,三亚槟果众鑫农业有限公司,91460108MADQLJEU59,120,C 支撑/泛赛道-备选,泛农业经营,独立法人,海口登记,省内迁入/外设,MAD,,,,,,,,,28
5497,三十亩地（海南）农业发展有限公司,91460100MA5TWF542D,123,C 支撑/泛赛道-备选,泛农业经营,独立法人,海口登记,省内迁入/外设,MA5,,,,,,,,,28
5560,荣程启耀（海南）生态农业开发有限公司,91460100MA5TUM604Q,124,C 支撑/泛赛道-备选,泛农业经营,独立法人,海口登记,省内迁入/外设,MA5,,,,,,,,,28
5685,南凡农业科学研发中心（三亚）有限公司,91460108MAD79P8H4W,127,C 支撑/泛赛道-备选,泛农业经营,独立法人,海口登记,省内迁入/外设,MAD,,,,,,,,,28
5798,领鲜（三亚）农业开发有限公司,91469001MA5TK7JK59,129,C 支撑/泛赛道-备选,泛农业经营,独立法人,海南其他市县登记,省内迁入/外设,MA5,,,,,,,,,28
5827,粮创生物科技（三亚）有限责任公司,91460105MADKDM6U3W,130,C 支撑/泛赛道-备选,泛农业经营,独立法人,海口登记,省内迁入/外设,MAD,,,,,,,,,28
6118,荟锋农业发展（海南）有限公司,91460108MABW30H6X7,136,C 支撑/泛赛道-备选,泛农业经营,独立法人,海口登记,省内迁入/外设,MA其他,,,,,,,,,28
6765,海南真顺农业开发有限公司,91460105MAA99XYK28,151,C 支撑/泛赛道-备选,泛农业经营,独立法人,海口登记,省内迁入/外设,MAA,,,,,,,,,28
6768,海南真的好家庭农场有限公司,91469001MADC12CP33,151,C 支撑/泛赛道-备选,泛农业经营,独立法人,海南其他市县登记,省内迁入/外设,MAD,,,,,,,,,28
7048,海南钰富源农业发展有限公司,91469025MABYAF3K6K,157,C 支撑/泛赛道-备选,泛农业经营,独立法人,海南其他市县登记,省内迁入/外设,MA其他,,,,,,,,,28
7154,海南有态度农业有限公司,91460108MACD2P9R8A,160,C 支撑/泛赛道-备选,泛农业经营,独立法人,海口登记,省内迁入/外设,MAC,,,,,,,,,28
7292,海南益盟生态农业有限公司,91460108MACUT0F50N,163,C 支撑/泛赛道-备选,泛农业经营,独立法人,海口登记,省内迁入/外设,MAC,,,,,,,,,28
7688,海南信众农业有限公司,91460108MACQM9CH2T,171,C 支撑/泛赛道-备选,泛农业经营,独立法人,海口登记,省内迁入/外设,MAC,,,,,,,,,28
8013,海南先尔农业现代科技有限公司,91460100MAD19NDE0F,179,C 支撑/泛赛道-备选,泛农业经营,独立法人,海口登记,省内迁入/外设,MAD,,,,,,,,,28
8613,海南首杨农业发展有限公司,91460106MA7FY8FM6P,192,C 支撑/泛赛道-备选,泛农业经营,独立法人,海口登记,省内迁入/外设,MA7,,,,,,,,,28
8819,海南省硕谱农业发展有限公司,91460106MAA9ABKF8C,197,C 支撑/泛赛道-备选,泛农业经营,独立法人,海口登记,省内迁入/外设,MAA,,,,,,,,,28
9131,海南省丹若农业有限责任公司,91460400MA5TAFAL3H,203,C 支撑/泛赛道-备选,泛农业经营,独立法人,海南其他市县登记,省内迁入/外设,MA5,,,,,,,,,28
9148,海南省盛世海农业发展科技有限公司,91460108MACPQEWQ88,204,C 支撑/泛赛道-备选,泛农业经营,独立法人,海口登记,省内迁入/外设,MAC,,,,,,,,,28
9324,海南森汇林业建设有限公司,91460106MADK2AK98D,208,C 支撑/泛赛道-备选,泛农业经营,独立法人,海口登记,省内迁入/外设,MAD,,,,,,,,,28
9673,海南秋烁农业发展有限公司,91460106MAD4MBWF0H,215,C 支撑/泛赛道-备选,泛农业经营,独立法人,海口登记,省内迁入/外设,MAD,,,,,,,,,28
9674,海南秋收农业开发有限公司,91469007MAA95Y8G51,216,C 支撑/泛赛道-备选,泛农业经营,独立法人,海南其他市县登记,省内迁入/外设,MAA,,,,,,,,,28
9783,海南阡陌纵横农业开发有限公司,91460107MADE755U22,218,C 支撑/泛赛道-备选,泛农业经营,独立法人,海口登记,省内迁入/外设,MAD,,,,,,,,,28
9993,海南农得闲农业开发有限公司,91460107MAC49U3104,223,C 支撑/泛赛道-备选,泛农业经营,独立法人,海口登记,省内迁入/外设,MAC,,,,,,,,,28
10270,海南芒主果业有限公司,91460100MAA8YGU02D,229,C 支撑/泛赛道-备选,泛农业经营,独立法人,海口登记,省内迁入/外设,MAA,,,,,,,,,28
10497,海南镰仓农业开发有限公司,91469033MA5RJQK02X,234,C 支撑/泛赛道-备选,泛农业经营,独立法人,海南其他市县登记,省内迁入/外设,MA5,,,,,,,,,28
10516,海南荔兴农业开发有限公司,91460106MADKD86A1M,234,C 支撑/泛赛道-备选,泛农业经营,独立法人,海口登记,省内迁入/外设,MAD,,,,,,,,,28
10711,海南酷珍控芒农业发展有限公司,91469026MADNJM9TXK,239,C 支撑/泛赛道-备选,泛农业经营,独立法人,海南其他市县登记,省内迁入/外设,MAD,,,,,,,,,28
10718,海南垦为农业有限公司,91469028MA5TFBRD2K,239,C 支撑/泛赛道-备选,泛农业经营,独立法人,海南其他市县登记,省内迁入/外设,MA5,,,,,,,,,28
11318,海南江晨农业开发有限公司,91460108MAD4XCDQ2X,252,C 支撑/泛赛道-备选,泛农业经营,独立法人,海口登记,省内迁入/外设,MAD,,,,,,,,,28
11490,海南绘甜农业有限公司,91460100MA5T89XU6K,256,C 支撑/泛赛道-备选,泛农业经营,独立法人,海口登记,省内迁入/外设,MA5,,,,,,,,,28
11744,海南鸿森芒果农业发展有限公司,91460108MACF9U1R0C,262,C 支撑/泛赛道-备选,泛农业经营,独立法人,海口登记,省内迁入/外设,MAC,,,,,,,,,28
11789,海南红燕农业发展有限公司,91460108MA5TQAXT9J,263,C 支撑/泛赛道-备选,泛农业经营,独立法人,海口登记,省内迁入/外设,MA5,,,,,,,,,28
11790,海南红芯椰子研究开发有限公司,91460106MA5THUX747,263,C 支撑/泛赛道-备选,泛农业经营,独立法人,海口登记,省内迁入/外设,MA5,,,,,,,,,28
11928,海南恒农达农业有限公司,91460108MADL7FQQ7G,266,C 支撑/泛赛道-备选,泛农业经营,独立法人,海口登记,省内迁入/外设,MAD,,,,,,,,,28
11944,海南恒达丰农业开发股份有限公司,91460100MA5T7H2G0E,266,C 支撑/泛赛道-备选,泛农业经营,独立法人,海口登记,省内迁入/外设,MA5,,,,,,,,,28
11982,海南禾稼欢农业开发有限公司,91460100MA5TKA1X50,267,C 支撑/泛赛道-备选,泛农业经营,独立法人,海口登记,省内迁入/外设,MA5,,,,,,,,,28
11984,海南河洲农业发展有限公司,91460106MAA9A7Y38H,267,C 支撑/泛赛道-备选,泛农业经营,独立法人,海口登记,省内迁入/外设,MAA,,,,,,,,,28
12137,海南汉科农业开发有限公司,91460100MAA92K7DXC,270,C 支撑/泛赛道-备选,泛农业经营,独立法人,海口登记,省内迁入/外设,MAA,,,,,,,,,28
12205,海南海胜坤农业开发有限公司,91460108MA7N0Y6795,272,C 支撑/泛赛道-备选,泛农业经营,独立法人,海口登记,省内迁入/外设,MA7,,,,,,,,,28
12378,海南更铁农业有限公司,91460107MADM7CY834,276,C 支撑/泛赛道-备选,泛农业经营,独立法人,海口登记,省内迁入/外设,MAD,,,,,,,,,28
12506,海南孚惠养殖有限公司,91460107MACYTFJY80,278,C 支撑/泛赛道-备选,泛农业经营,独立法人,海口登记,省内迁入/外设,MAC,,,,,,,,,28
12547,海南丰野果业有限公司,91460106MAD1Q9NG51,279,C 支撑/泛赛道-备选,泛农业经营,独立法人,海口登记,省内迁入/外设,MAD,,,,,,,,,28
12574,海南芬农农业发展有限公司,91460108MA5TQ9Y21F,280,C 支撑/泛赛道-备选,泛农业经营,独立法人,海口登记,省内迁入/外设,MA5,,,,,,,,,28
12684,海南东晖农业有限公司,91460100MA5U0J0L7G,282,C 支撑/泛赛道-备选,泛农业经营,独立法人,海口登记,省内迁入/外设,MA5,,,,,,,,,28
12801,海南稻仁农业开发有限公司,91460108MAA9A4C21U,285,C 支撑/泛赛道-备选,泛农业经营,独立法人,海口登记,省内迁入/外设,MAA,,,,,,,,,28
12818,海南大项生态农业有限公司,91460105MAA9A17486,285,C 支撑/泛赛道-备选,泛农业经营,独立法人,海口登记,省内迁入/外设,MAA,,,,,,,,,28
12821,海南大鹏农业有限公司,91460108MACRQC403E,285,C 支撑/泛赛道-备选,泛农业经营,独立法人,海口登记,省内迁入/外设,MAC,,,,,,,,,28
13328,海南彬悦农业有限公司,91460107MAA9AB630U,297,C 支撑/泛赛道-备选,泛农业经营,独立法人,海口登记,省内迁入/外设,MAA,,,,,,,,,28
13338,海南碧芳农业开发有限公司,91469027MADWQXA728,297,C 支撑/泛赛道-备选,泛农业经营,独立法人,海南其他市县登记,省内迁入/外设,MAD,,,,,,,,,28
13373,海南葆岛农业开发有限公司,91469001MA7K9WNJ6N,298,C 支撑/泛赛道-备选,泛农业经营,独立法人,海南其他市县登记,省内迁入/外设,MA7,,,,,,,,,28
13580,海岛光年（海南）农业发展有限公司,91460106MADXCK8W3B,302,C 支撑/泛赛道-备选,泛农业经营,独立法人,海口登记,省内迁入/外设,MAD,,,,,,,,,28
14479,海南禾禾缘农业发展有限公司,91460100MAA9102R2P,322,C 支撑/泛赛道-备选,泛农业经营,独立法人,海口登记,省内迁入/外设,MAA,,,,,,,,,28
14680,海南闽田农业发展有限公司,91460108MADRCFYF07,327,C 支撑/泛赛道-备选,泛农业经营,独立法人,海口登记,省内迁入/外设,MAD,,,,,,,,,28
324,智海（三亚）软件有限公司,91510124MADR0TNU6J,8,C 支撑/泛赛道-备选,科技配套,独立法人,省外登记(510124),省外迁入/外设,MAD,,,软件,,,,,首次登记在省外(迁入或外地主体设点),23
1381,三亚勇轩软件科技有限公司,91210112MACJR8UE0M,31,C 支撑/泛赛道-备选,科技配套,独立法人,省外登记(210112),省外迁入/外设,MAC,,,软件,,,,,首次登记在省外(迁入或外地主体设点),23
3635,三亚圣龙新材料开发有限公司,912301037813178431,81,C 支撑/泛赛道-备选,科技配套,独立法人,省外登记(230103),省外迁入/外设,旧版(2015前),,,新材料,,,,,首次登记在省外(迁入或外地主体设点),23
5421,三亚百讯世大数据科技有限公司,9113102334758755XU,121,C 支撑/泛赛道-备选,科技配套,独立法人,省外登记(131023),省外迁入/外设,旧版(2015前),,,大数据,,,,,首次登记在省外(迁入或外地主体设点),23
5638,派路博新材料科技（海南）有限公司,91370700MA3MGDM48J,126,C 支撑/泛赛道-备选,科技配套,独立法人,省外登记(370700),省外迁入/外设,MA其他,,,新材料,,,,,首次登记在省外(迁入或外地主体设点),23
6540,海南中趣智发人工智能有限公司,91611104MAB2R2JU8J,146,C 支撑/泛赛道-备选,科技配套,独立法人,省外登记(611104),省外迁入/外设,MA其他,,,人工智能,,,,,首次登记在省外(迁入或外地主体设点),23
6582,海南中浮环保科技有限公司,91410182MA9FTH4K0G,147,C 支撑/泛赛道-备选,科技配套,独立法人,省外登记(410182),省外迁入/外设,MA9,,,环保科技,,,,,首次登记在省外(迁入或外地主体设点),23
6897,海南云桥环保科技有限公司,91410100MA477BCL7R,154,C 支撑/泛赛道-备选,科技配套,独立法人,省外登记(410100),省外迁入/外设,MA其他,,,环保科技,,,,,首次登记在省外(迁入或外地主体设点),23
7376,海南颐光能源科技有限公司,91120116MA05R0P406,164,C 支撑/泛赛道-备选,科技配套,独立法人,省外登记(120116),省外迁入/外设,MA其他,,,能源科技,,,,,首次登记在省外(迁入或外地主体设点),23
7483,海南洋洺能源科技有限公司,91370211MABTXKXQ0E,167,C 支撑/泛赛道-备选,科技配套,独立法人,省外登记(370211),省外迁入/外设,MA其他,,,能源科技,,,,,首次登记在省外(迁入或外地主体设点),23
8610,海南舒飞环保科技有限公司,91410100MA9GNA4F9G,192,C 支撑/泛赛道-备选,科技配套,独立法人,省外登记(410100),省外迁入/外设,MA9,,,环保科技,,,,,首次登记在省外(迁入或外地主体设点),23
9236,海南深阔网图电子科技有限公司,91210103MA10185K1K,206,C 支撑/泛赛道-备选,科技配套,独立法人,省外登记(210103),省外迁入/外设,MA其他,,,电子科技,,,,,首次登记在省外(迁入或外地主体设点),23
9321,海南森蓝能源科技有限公司,91220201MA150P4A9B,208,C 支撑/泛赛道-备选,科技配套,独立法人,省外登记(220201),省外迁入/外设,MA其他,,,能源科技,,,,,首次登记在省外(迁入或外地主体设点),23
9944,海南培创新材料科技有限公司,91360982MACR0KGN89,222,C 支撑/泛赛道-备选,科技配套,独立法人,省外登记(360982),省外迁入/外设,MAC,,,新材料,,,,,首次登记在省外(迁入或外地主体设点),23
10283,海南麦谷软件技术有限公司,91610131333794312R,229,C 支撑/泛赛道-备选,科技配套,独立法人,省外登记(610131),省外迁入/外设,旧版(2015前),,,软件,,,,,首次登记在省外(迁入或外地主体设点),23
10780,海南康新能源设备有限公司,914406065974265212,240,C 支撑/泛赛道-备选,科技配套,独立法人,省外登记(440606),省外迁入/外设,旧版(2015前),,,新能源,,,,,首次登记在省外(迁入或外地主体设点),23
11036,海南鲸跃环保科技有限公司,91430102MA4QTE7F1F,246,C 支撑/泛赛道-备选,科技配套,独立法人,省外登记(430102),省外迁入/外设,MA其他,,,环保科技,,,,,首次登记在省外(迁入或外地主体设点),23
11210,海南金赛斯医疗科技有限公司,91230109MA1CBPBWXD,250,C 支撑/泛赛道-备选,科技配套,独立法人,省外登记(230109),省外迁入/外设,MA其他,,,医疗科技,,,,,首次登记在省外(迁入或外地主体设点),23
11387,海南嘉科新能源有限公司,91320214MA1NXW779B,254,C 支撑/泛赛道-备选,科技配套,独立法人,省外登记(320214),省外迁入/外设,MA其他,,,新能源,,,,,首次登记在省外(迁入或外地主体设点),23
11485,海南火眼人工智能有限公司,91410100MA9FTLJ11D,256,C 支撑/泛赛道-备选,科技配套,独立法人,省外登记(410100),省外迁入/外设,MA9,,,人工智能,,,,,首次登记在省外(迁入或外地主体设点),23
11645,海南华谱智能装备有限公司,91320192302551625A,259,C 支撑/泛赛道-备选,科技配套,独立法人,省外登记(320192),省外迁入/外设,旧版(2015前),,,装备|智能装备,,,,,首次登记在省外(迁入或外地主体设点),23
11848,海南弘琪新材料科技有限公司,91360982MADA1XC52X,264,C 支撑/泛赛道-备选,科技配套,独立法人,省外登记(360982),省外迁入/外设,MAD,,,新材料,,,,,首次登记在省外(迁入或外地主体设点),23
12343,海南广沣软件有限公司,91340200336808038A,275,C 支撑/泛赛道-备选,科技配套,独立法人,省外登记(340200),省外迁入/外设,旧版(2015前),,,软件,,,,,首次登记在省外(迁入或外地主体设点),23
12403,海南高算软件开发有限公司,911401053170521166,276,C 支撑/泛赛道-备选,科技配套,独立法人,省外登记(140105),省外迁入/外设,旧版(2015前),,,软件,,,,,首次登记在省外(迁入或外地主体设点),23
13608,国泰新能源科技有限公司,91110101344274494R,303,C 支撑/泛赛道-备选,科技配套,独立法人,省外登记(110101),省外迁入/外设,旧版(2015前),,,能源科技|新能源,,,,,首次登记在省外(迁入或外地主体设点),23
13673,格远人工智能科技（海南）有限公司,91220214584645370R,304,C 支撑/泛赛道-备选,科技配套,独立法人,省外登记(220214),省外迁入/外设,旧版(2015前),,,人工智能,,,,,首次登记在省外(迁入或外地主体设点),23
13788,德龙新能源技术开发有限公司,91110101MA008TRP67,307,C 支撑/泛赛道-备选,科技配套,独立法人,省外登记(110101),省外迁入/外设,MA其他,,,新能源,,,,,首次登记在省外(迁入或外地主体设点),23
14737,海南领航光慧新能源科技有限公司,91510108MA639G0C1T,328,C 支撑/泛赛道-备选,科技配套,独立法人,省外登记(510108),省外迁入/外设,MA其他,,,能源科技|新能源,,,,,首次登记在省外(迁入或外地主体设点),23
496,懿华（三亚）农业投资有限公司,91460000MADAGLP2XF,12,C 支撑/泛赛道-备选,泛农业经营,独立法人,海南省级登记,本地(省级),MAD,,,,,投资,,,纯投资/控股载体,22
8485,海南驷玛农业投资有限公司,91460000MA7H6Y1M7R,189,C 支撑/泛赛道-备选,泛农业经营,独立法人,海南省级登记,本地(省级),MA7,,,,,投资,,,纯投资/控股载体,22
9765,海南前景农业投资有限公司,91460200MA5T4LP00Q,218,C 支撑/泛赛道-备选,泛农业经营,独立法人,三亚市/区登记,本地(三亚),MA5,,,,,投资,,,纯投资/控股载体,22
11650,海南华名大为农业投资有限公司,91460000MAE0N1JD8Y,259,C 支撑/泛赛道-备选,泛农业经营,独立法人,海南省级登记,本地(省级),MAE,,,,,投资,,,纯投资/控股载体,22
12287,海南国智农业投资有限公司,91460000MA5U0JED0X,274,C 支撑/泛赛道-备选,泛农业经营,独立法人,海南省级登记,本地(省级),MA5,,,,,投资,,,纯投资/控股载体,22
12556,海南丰连丰农业投资有限公司,91460000MAE0T36A98,280,C 支撑/泛赛道-备选,泛农业经营,独立法人,海南省级登记,本地(省级),MAE,,,,,投资,,,纯投资/控股载体,22
13703,福粮（海南）投资有限公司,91460000MAE8FC0H3B,305,C 支撑/泛赛道-备选,泛农业经营,独立法人,海南省级登记,本地(省级),MAE,,,,,投资,,,纯投资/控股载体,22
14623,苍禾（三亚）农业投资有限公司,91460000MAK4WPJB0T,325,C 支撑/泛赛道-备选,泛农业经营,独立法人,海南省级登记,本地(省级),MAK,,,,,投资,,,纯投资/控股载体,22
5716,明安天胶（海南）农业投资集团有限公司,91460106MAA96BND9F,128,C 支撑/泛赛道-备选,泛农业经营,独立法人,海口登记,省内迁入/外设,MAA,,,,,投资,,,纯投资/控股载体,16
8951,海南省默航农业投资有限公司,91460108MADXELNF31,199,C 支撑/泛赛道-备选,泛农业经营,独立法人,海口登记,省内迁入/外设,MAD,,,,,投资,,,纯投资/控股载体,16
10011,海南年成农业投资有限公司,91460107MADUQTNA7D,223,C 支撑/泛赛道-备选,泛农业经营,独立法人,海口登记,省内迁入/外设,MAD,,,,,投资,,,纯投资/控股载体,16
11372,海南嘉信众合农业投资有限公司,91460106MAA96K7L75,253,C 支撑/泛赛道-备选,泛农业经营,独立法人,海口登记,省内迁入/外设,MAA,,,,,投资,,,纯投资/控股载体,16
12450,海南富东粮科技有限责任公司,91210211MAC5UDCX9L,277,C 支撑/泛赛道-备选,泛农业经营,独立法人,省外登记(210211),省外迁入/外设,MAC,,,,,,,,首次登记在省外(迁入或外地主体设点),16
